AgeMonths,RelativeDeviation,FeedsStdDev,PctDaysOutOfRange,Label
18,-1.46724,0.924143,0.48183,Warning
18,-0.644919,0.909854,0.431883,Normal
1,0.788786,1.2017,0,Normal
22,-3,1.31862,1,Critical
0,0.225166,0.543734,0.0077461,Normal
15,0.958834,0.40853,0.108214,Normal
15,-1.98342,0.90935,0.174955,Normal
14,3.04337,0.266566,1,Critical
19,-0.336936,0.788729,0.19079,Normal
18,-0.292798,0.70871,0.0419664,Normal
15,0.905248,0.340242,0.469131,Normal
8,0.0109289,0.15212,0.208624,Normal
21,2.68787,0.25634,0.609888,Warning
21,1.04152,1.14694,1,Warning
5,0.375156,0.857225,0.601596,Normal
20,-1.08278,0.726546,0.721588,Warning
9,-3,0.653712,0.727221,Warning
15,0.112785,0.288807,0.734823,Normal
18,-0.0329902,0.241631,0,Normal
5,2.32487,0.247,1,Critical
16,-0.398255,0.258695,0.18094,Normal
13,1.42203,1.45516,0.962431,Critical
21,0.116104,1.35882,0,Normal
4,-3.35145,0.656386,0.802502,Warning
12,2.69019,0.395601,0.353422,Warning
16,0.732199,1.18446,0.460304,Normal
13,1.57941,0.763393,0.600414,Warning
10,0.638355,0,0.286892,Normal
10,-2.35348,0.751478,0.829543,Warning
11,2.0071,0.642987,1,Critical
0,0.497252,0.358039,0.352691,Normal
7,-0.22271,1.06935,0,Normal
1,3.03273,0.726489,0.431827,Normal
23,0.210907,0.372686,0.407074,Normal
17,0.56771,0.390764,0.0945727,Normal
7,1.22178,0.647994,0.892556,Normal
14,-3,0.140895,1,Critical
4,0.23271,0.934921,0.44112,Normal
1,0.378642,0.699534,0.404454,Normal
3,3.10937,0.217635,0.884444,Warning
21,-0.22316,0.607448,0.345215,Normal
19,-1.07893,0.287408,0.870702,Warning
21,-0.653586,0.889232,0.419644,Normal
23,-0.358565,0.715384,0.14151,Normal
12,3.72522,0,0.92824,Critical
8,0.0722732,0.537258,0.41163,Normal
1,1.39412,0.384524,0.538293,Normal
23,-1.34375,0.612722,0.881767,Warning
1,2.7114,0.0493811,0.790338,Warning
9,-0.05254,0.230101,0.197997,Normal
17,2.76048,0.0966563,1,Critical
4,3.935,0.844053,0.829502,Warning
19,0.859354,0.529941,1,Warning
20,0.0674185,0.311501,0.466888,Normal
17,-2.10862,0.664629,0.524283,Normal
5,0.985485,0.532873,0.55375,Normal
12,0.931466,0.724266,0.405759,Normal
22,-0.414839,1.58234,0.295316,Normal
5,-1.06344,0.345714,0.45138,Normal
17,-1.41354,0.37448,0.815701,Warning
13,-2.81257,1.33482,0.301547,Normal
18,0.39171,0.325253,0,Normal
23,1.53977,0.954777,1,Critical
22,0.914989,0.998626,0.237085,Normal
14,-0.888441,0.795344,0,Normal
6,0.00199581,0.415172,0.500762,Normal
2,-2.95498,1.07047,0.32787,Normal
15,0.393586,0.104991,0.827881,Normal
10,-1.40368,1.20787,0.840628,Warning
0,-0.756177,0,0.504955,Normal
11,-2.07013,0.0982082,0.572768,Normal
1,-0.477031,0.581599,0.147141,Normal
0,-0.965394,0.266481,0.27063,Normal
9,-0.206163,0.567001,0.422483,Normal
7,0.975874,0.780636,0,Normal
20,-0.136235,0.473719,0.634396,Normal
18,0.387479,0.23103,0,Normal
20,1.82171,0.139731,0.868463,Warning
20,-0.550537,0.645363,0.636477,Warning
22,0.972006,0.322392,0.753592,Warning
9,-0.414901,0.561992,0.381378,Normal
20,-0.0900979,0.245842,0,Normal
21,0.317378,0.123639,0,Normal
6,-1.08942,0.965809,0.484948,Normal
19,-1.08282,0.580239,1,Warning
1,2.11542,0.813477,0.895404,Warning
10,0.27128,1.05768,0.374542,Normal
21,1.46707,0.265966,0.423009,Normal
0,0.141356,1.07644,0.026811,Normal
4,0.00312243,0.683967,0,Normal
2,-0.690125,0.487824,0,Normal
13,-2.7224,0.399058,0.784147,Warning
19,-0.892655,1.08342,0.725099,Warning
23,-0.253323,0,0.423564,Normal
2,2.75265,0.702073,0.766487,Warning
23,-3,0,0.526267,Normal
12,1.01743,0.406957,0.574834,Normal
20,-0.347985,0,0.458513,Normal
17,0.265531,0.692273,0.618347,Normal
11,2.68909,0.901722,0.733823,Warning
6,-0.182059,0.019674,0.334401,Normal
8,0.801556,0.49271,0.179657,Normal
7,0.284298,0.669667,0.439484,Normal
1,-0.176711,0.722333,0.616525,Normal
20,2.6184,0,0.942953,Critical
7,1.62717,0,1,Critical
3,-3.83274,0.60955,0.792208,Warning
11,0.173956,1.03288,0,Normal
16,-0.423458,0.61488,0,Normal
3,-3.24267,0,0.502246,Normal
7,-0.403802,0.775714,0.44135,Normal
3,-1.57465,0.506657,0.627729,Warning
13,-0.524976,0.426973,0.453005,Normal
4,-0.05008,0.996796,0.200243,Normal
12,-0.160182,0.347483,0.228259,Normal
12,-0.96209,0.277144,0.121296,Normal
1,-0.190089,0.91538,0.243209,Normal
8,-0.710877,0.2407,0.443139,Normal
17,2.36938,0.718289,0.808435,Warning
4,-0.454073,0.790802,0.151871,Normal
6,-1.01357,0.93142,0.840779,Warning
1,-3.96624,0.757078,0.656214,Warning
1,0.659341,0.60573,0.381817,Normal
15,-0.255341,0.496321,0.411036,Normal
5,-1.41186,0.309815,0.626627,Warning
12,-0.386437,0,0.447918,Normal
11,-0.854866,0.709809,0.975442,Warning
2,-2.09364,1.12297,0.49085,Normal
14,-2.18602,0.804515,0.989025,Critical
20,-2.6152,0.280734,1,Critical
12,1.08478,0.838967,0.768724,Warning
3,-2.69365,0.620617,0.52798,Normal
3,1.06642,0.6451,0.633386,Warning
12,2.33341,0.430768,0.414061,Normal
13,-2.08995,0.587812,0.750714,Warning
20,2.48597,0.394451,0.95108,Critical
4,-0.371811,0.982137,0.166057,Normal
5,0.0769709,0.222127,0.353881,Normal
20,3.25435,0.729643,0.572656,Normal
6,-0.935014,0.799054,0.550273,Normal
8,0.222698,1.15776,0.172651,Normal
2,-3.29814,0.735922,0.970446,Critical
10,-1.28972,0.257557,0.765045,Warning
10,-2.44624,0.266167,1,Critical
0,0.370675,0.800922,0.217785,Normal
1,-0.173462,0,0.706515,Normal
5,1.8467,0.221302,0.651321,Warning
19,0.429147,0.488666,0.00036067,Normal
22,2.28115,0,1,Critical
5,0.677194,0.264447,0.0263811,Normal
21,-0.284472,0.764122,0.221406,Normal
20,1.21733,0.239545,0.682636,Warning
11,-3,0.584598,0.628354,Warning
1,0.0278386,0.775539,0.250566,Normal
20,-2.71623,0.937544,0.236323,Normal
2,-0.284723,0.509088,0.516533,Normal
6,-2.54365,1.15562,0.869068,Warning
18,-0.0544215,1.01744,0.166782,Normal
11,-1.48623,0.0776876,0.752205,Warning
6,-0.198875,0.632052,0.372763,Normal
13,-0.0713499,0.090638,0.438897,Normal
4,-0.854607,0.538853,0.169301,Normal
7,-2.28763,0.570928,1,Critical
16,1.25871,1.23065,0.679134,Warning
8,-2.6133,0.28248,0.902532,Critical
23,-0.715316,0.0576782,0.246113,Normal
20,2.09601,0.412099,0.944302,Critical
1,1.41493,0.689364,0.614153,Warning
13,-0.015037,0,0,Normal
18,-0.725187,0.145122,0.215154,Normal
11,-2.95525,0.625971,0.737647,Warning
4,-0.408162,0.771108,0.488466,Normal
20,0.284847,0.305572,0.213182,Normal
8,-0.530265,0,0.161177,Normal
23,0.530541,1.29227,0.163686,Normal
16,1.58061,0.714031,0.641009,Warning
21,-3,1.12455,0.933793,Critical
9,-1.81683,0.985189,1,Critical
18,-0.206344,1.30054,0.423135,Normal
23,-2.0038,0.601384,1,Warning
21,-1.55354,0.0244084,0.881935,Warning
8,-0.219921,0,0,Normal
3,-0.096094,1.16891,0.226339,Normal
9,2.91345,0.924726,0.380824,Normal
9,-0.183503,0.192876,0.673883,Normal
19,0.187066,0.495443,0.231256,Normal
3,0.18362,0.301604,0.0476737,Normal
23,-1.11569,0.499207,0.135107,Normal
13,-2.60761,0.372201,1,Critical
5,-0.439083,0.620012,0.245762,Normal
9,0.846628,0.922763,0.63908,Warning
5,-1.24743,0.458826,0.445303,Normal
4,0.651148,0.245193,0,Normal
0,-1.32889,0.908271,1,Warning
10,-0.81427,0.822779,0.10995,Normal
22,2.48313,0.371221,0.960134,Critical
23,-1.80194,0.79008,0.743634,Warning
13,-0.488098,1.00787,0.274083,Normal
15,-2.11239,0.476922,0.620457,Warning
7,-0.313096,0.0850341,0,Normal
12,1.0491,0.127442,0.502793,Normal
2,1.25189,0.47846,0.698459,Warning
23,1.96245,0.23609,0.638942,Warning
9,-0.816552,1.06267,0.0104836,Normal
17,-2.12698,0,0.829143,Warning
4,3.20609,0.327921,0.696118,Warning
6,-0.890189,0.442868,0.420471,Normal
4,0.00621318,0.410657,0.117819,Normal
3,0.244147,0.399404,0.0520026,Normal
20,2.32689,0.542494,0.429155,Normal
15,0.552201,0.277139,0.285348,Normal
7,-0.892506,0.521238,0.249893,Normal
15,-2.42367,0.850027,1,Critical
17,0.105879,0.432471,0.117402,Normal
8,-0.80894,0.0533373,0.296268,Normal
10,0.919083,0.267187,0.0437841,Normal
19,-0.748904,1.2872,0.44457,Normal
17,0.0698443,0.205214,0.713577,Normal
22,2.41917,0.84389,0.232922,Normal
1,1.80684,0.603284,0.570913,Normal
23,-2.47998,0.822157,0.809979,Warning
15,0.222771,0.620976,0.256802,Normal
4,-2.69955,0.8734,0.647512,Warning
1,2.82129,0.401461,1,Critical
9,-2.4221,0.466798,0.61793,Warning
11,-0.833802,0.918418,0.301678,Normal
19,-0.41343,0.699377,0.0975221,Normal
19,-2.98324,0.929543,1,Critical
20,-0.018966,1.18142,0.141368,Normal
9,-0.32674,0.448934,0,Normal
12,-1.87082,0.679247,0.806032,Warning
13,-2.82225,0.362877,0.650454,Warning
1,-2.19163,0.631519,0.683958,Warning
3,0.17473,0.504584,0.411,Normal
18,-0.484591,0.452814,0.0117434,Normal
0,1.43562,0.0544256,1,Critical
13,2.97241,0.303111,0.857903,Warning
11,2.99941,1.01966,0.806655,Warning
12,-0.962664,0.308436,0,Normal
21,0.301156,0,0.0535259,Normal
10,2.37822,0.839189,0.639918,Warning
2,-0.4285,0.654742,0.0108665,Normal
7,1.62771,0.467311,0.590546,Normal
12,-0.10088,1.05257,0.154879,Normal
0,3.74149,0.512989,0.259895,Normal
1,-2.46098,0.512095,0.516567,Normal
18,-0.277708,0.620318,0.197637,Normal
5,-2.10184,0.765824,0.508544,Normal
9,0.170298,1.15412,0.192063,Normal
13,-0.613829,0.742288,0.274552,Normal
3,3.97972,0.848983,0.628235,Warning
14,0.00545509,0.812096,0,Normal
9,0.368832,0.713241,0.619605,Normal
8,0.709795,0.961101,0.476365,Normal
20,-0.574325,0.626655,0.596046,Normal
7,-2.34729,0.544063,0.936656,Critical
7,1.72641,0.690733,0.595712,Normal
10,-2.59341,1.25797,0.597753,Normal
13,0.925105,0.815859,0,Normal
23,-0.0840627,0,0.110859,Normal
11,0.970184,0.656107,0.203808,Normal
5,0.189921,0.273723,0.0342537,Normal
9,-1.86286,1.41452,0.885178,Warning
15,-1.27249,0.434331,0.700145,Warning
4,0.360159,0.373583,0.203289,Normal
13,0.890924,0.0597608,0.352667,Normal
18,-3,0.0787579,0.809822,Warning
21,-0.0992151,0.300828,0.344221,Normal
10,0.98509,0.556339,0.245613,Normal
22,0.432901,0.591315,0.657712,Warning
16,0.38711,0.365657,0,Normal
13,-2.79639,0.848327,0.424616,Normal
6,-4,1.13723,0.641344,Warning
20,0.16978,0.683685,0.286996,Normal
21,-3,0.0303055,0.73002,Warning
16,0.158487,0.784637,0.0938618,Normal
13,-3,0.378244,0.888233,Warning
6,2.39974,0.831141,0.920544,Critical
12,-1.80701,0.928399,0.624372,Warning
6,1.10431,1.49963,1,Warning
14,-2.19445,1.37044,0.519514,Normal
21,-2.96435,1.18654,1,Critical
18,4.35811,0.555988,0.36775,Normal
14,-1.92868,0.321671,0.843799,Warning
16,0.0310182,0.381705,0.398343,Normal
1,-0.00894129,0.0188724,0.0866906,Normal
9,-2.61849,0,0.61177,Warning
10,0.170999,0.865292,0.471722,Normal
0,0.723959,1.00876,0.302191,Normal
9,-2.67269,0.654613,0.636636,Warning
4,-2.7243,0.204794,0.6553,Warning
2,-0.432012,1.04983,0,Normal
5,1.23765,0.924262,0.748139,Warning
15,-0.943365,0.439409,0.129797,Normal
4,0.129235,0.275991,0.25024,Normal
23,0.261558,1.37544,0.209887,Normal
18,-2.63698,0.104746,1,Critical
13,-0.889018,0.456486,0,Warning
0,-0.738523,0.730948,0.215715,Normal
10,0.500568,0.710148,0.522106,Normal
10,2.85999,0.677164,0.761687,Warning
11,3.34146,0.642878,0.594422,Normal
2,-0.0111207,0.654618,0.133415,Normal
1,2.49668,0.875212,0.96799,Critical
6,1.49837,1.02916,0.605017,Warning
8,0.77802,0.519833,0.240806,Normal
17,-0.398003,0.14099,0.179639,Normal
12,-0.547811,0.882533,0.701227,Warning
10,-0.756257,0.57678,0.385492,Normal
6,-2.12542,1.00903,0.819174,Warning
6,0.951352,0.0586878,0.0697314,Normal
9,-0.135304,0.949381,0.397604,Normal
5,2.04725,0.286773,0.511636,Normal
21,-3,1.32786,0.892924,Warning
16,0.446711,0.729971,0.328562,Normal
21,0.603614,1.01934,0,Normal
6,-1.68797,0.420408,0.444967,Normal
16,-0.0910313,0.537609,0.0367645,Normal
0,0.739992,0.887266,0.570977,Normal
1,-0.547938,0.80009,0.119704,Normal
0,-0.384273,0.11096,0.15388,Normal
2,-0.238226,0.531182,0.543876,Normal
21,-0.316602,0.0681117,0.516771,Normal
3,-1.28484,0,0.680585,Warning
5,-0.921703,1.04468,0.487613,Normal
21,-0.0670312,0.247586,0,Normal
7,0.75394,0.244313,0.490681,Normal
22,1.00697,0.506747,0.7012,Warning
18,0.502361,0.761027,0.191315,Normal
12,1.39268,0.755354,0.399965,Normal
4,-0.368305,1.41576,0.270337,Warning
11,0.956232,0.666651,0.267865,Normal
9,0.377607,0.109462,0.4062,Warning
11,0.268957,0.361719,0.410603,Normal
4,2.7412,0.0841483,0.658807,Warning
23,1.60673,0,0.752166,Warning
12,0.257837,0.257025,0.170976,Normal
22,-2.20417,1.01498,0.995612,Critical
5,-0.0914704,0.0183289,0.282984,Normal
1,-0.469038,0.732817,0.290806,Normal
16,-3,0.673528,0.393494,Normal
6,0.222059,0.925645,0.134178,Normal
0,-0.774961,1.22489,0.234023,Normal
15,-2.03459,0.196606,0.461433,Normal
3,-0.357408,0.948506,0.50966,Normal
7,3.06355,0.403613,1,Critical
11,-1.53234,1.09385,0.699848,Warning
1,0.977026,0.336971,0.0390778,Normal
1,-0.167459,0,0.0336697,Normal
4,-0.331096,0.385773,0.45496,Normal
14,0.776528,0.530591,0,Normal
23,-3,0.385606,1,Critical
10,-3,0.61783,0.543237,Normal
6,-0.717804,0.898482,0,Normal
18,-0.511479,0.237857,0.059675,Normal
13,-0.972701,0.559892,0.445495,Normal
13,-0.543104,0.221077,0.317214,Normal
14,0.667142,0.330741,0,Normal
6,2.27858,1.2291,0.682432,Warning
22,-0.853566,0.416443,0.0238356,Normal
5,-1.66533,0.241376,0.755208,Warning
7,-2.18257,1.18443,1,Critical
16,-0.0122659,0.967176,0.0854524,Normal
22,-2.49232,0.788831,0.796705,Warning
9,-2.02348,0.729533,0.945188,Critical
11,2.32069,0.401705,0.705526,Warning
12,3.05911,0.379499,1,Critical
23,-1.07226,0.530846,0.480151,Normal
20,0.538624,0.359465,0.593321,Normal
22,0.832889,0.249925,0.04911,Normal
17,2.82033,1.05682,0.744497,Warning
2,-0.036463,0,0.462092,Normal
23,-0.47654,0.281485,0.0606323,Normal
18,0.559864,0.545782,0,Normal
7,-0.41599,1.02601,0.362339,Normal
5,0.488525,0.625786,0.711152,Warning
19,-1.10285,1.10571,0.644222,Warning
21,0.0635618,0.207284,0.278033,Normal
0,-0.0344948,0.347864,0.100715,Normal
14,-0.683584,0.416519,0,Normal
14,0.160847,1.60923,0.546379,Normal
0,-3.63857,0.423698,0.486399,Normal
6,-1.47047,0.960682,0.527552,Normal
6,-0.127148,0.807951,0.784074,Normal
18,2.27684,1.18752,0.674141,Warning
3,2.97596,0.758009,0.898541,Warning
1,0.33075,0.111204,0.316708,Normal
14,-0.732685,0.889268,0.011666,Normal
3,-0.258667,0.955037,0.225434,Normal
20,-0.449325,0.894766,0.144109,Normal
10,0.0101471,0,0,Normal
5,3.63497,0.52283,0.685474,Warning
21,-0.00784164,0.546263,0,Normal
18,-1.8039,0,1,Critical
3,2.71107,1.09886,0.683506,Warning
22,0.586254,0.470001,0.393929,Normal
21,0.337179,0.811264,0.238383,Normal
7,-0.143173,0.554877,0,Normal
14,3.74159,0.389465,1,Critical
16,-1.88657,0,0.600253,Warning
7,0.50519,0.599726,0.00567028,Normal
19,2.18314,1.3303,1,Critical
8,2.1295,0.583453,0.827331,Warning
19,-0.319966,0.698426,0.352367,Normal
6,-1.05466,1.11878,0.871212,Warning
3,2.80252,0.97728,0.810671,Warning
18,2.007,0.859953,1,Critical
22,-0.321392,0.0189742,0.47241,Normal
17,0.21987,0.644053,0,Normal
8,-3.87055,0.252934,0.839383,Warning
0,2.23384,1.38329,0.569341,Normal
6,-0.12588,0.165586,0.25849,Normal
4,-1.16847,2.07414,0.809073,Warning
12,0.800889,1.49177,0.185655,Normal
5,1.06308,0.812992,0.842332,Warning
3,-1.10807,0.470947,0.801191,Warning
5,0.641139,0.65349,0.527168,Normal
17,2.78579,0.142504,0.32849,Normal
2,0.490985,0.485636,0.0294621,Normal
20,-0.780084,1.14112,0.0387645,Normal
8,0.227778,0.361732,0.432372,Normal
5,-0.339288,1.14362,0.150031,Normal
1,0.686333,0.373049,0.234646,Normal
7,-2.38418,0.347617,0.950186,Critical
5,-0.169669,0.666719,0.0374349,Normal
5,-1.35963,0.0392093,0.859871,Warning
19,2.32537,0.995968,1,Critical
14,-0.704211,0.440315,0.110854,Normal
4,0.357625,0.718937,0.0832882,Normal
14,4.50061,0.915308,0.631377,Warning
17,2.04578,0.0726374,0.780078,Warning
18,3.80703,0.815369,0.762118,Warning
12,0.369711,1.21808,0.000589606,Normal
3,-0.608559,0.458845,0,Normal
18,2.55298,0.60412,0.604426,Warning
22,-0.420859,0.685558,0.651812,Warning
3,-0.00795671,0.689636,0.116514,Normal
5,-0.516799,1.055,0.350641,Normal
17,1.46156,1.46369,0.624804,Warning
20,0.612139,0.673481,0.0319804,Normal
16,2.14837,0,0.642671,Warning
19,0.536411,1.02214,0.84311,Warning
9,-0.262243,0.121303,0.0877932,Normal
16,0.327867,0.604601,0,Normal
18,-1.78529,1.32368,0.45935,Normal
9,-0.51542,1.11607,0.562308,Normal
18,3.8585,1.04543,1,Critical
2,0.226032,0.546037,0.305839,Normal
19,-0.444208,1.17264,0.546396,Normal
6,0.823744,1.38784,0.101666,Normal
1,0.906218,0.338795,0.470078,Normal
2,2.26573,0.570044,0.71005,Warning
18,-1.02143,0.21342,0.352853,Normal
23,0.0701588,1.16567,0.163613,Normal
10,0.0257943,0.944845,0.227487,Normal
20,1.27547,0.454954,0.645067,Warning
1,1.77,0.0867031,0.773263,Warning
6,-3.23018,0.774003,0.786166,Warning
19,-0.405552,0.359947,0,Normal
16,-0.150834,0.827557,0,Normal
6,0.444114,0.597384,0.0196541,Normal
6,0.264538,1.43582,0.363109,Normal
18,-0.173671,0.448366,0.379216,Normal
21,2.76955,1.06922,1,Critical
17,-0.114211,0.360717,0.230974,Normal
8,-0.615635,1.47296,0.613366,Warning
22,2.95944,0.21024,0.826215,Warning
7,-1.15036,0.69888,0.649631,Warning
13,1.72835,0.753112,0.600828,Warning
0,-2.41457,0.39862,0.978471,Critical
8,0.73433,0.27658,0.104559,Normal
0,-0.638449,0.306855,0.273993,Normal
12,0.347877,0.673719,0.428394,Normal
0,0.150318,0.0866481,0.570761,Normal
2,-3.26134,0.933909,0.720384,Warning
13,-2.06419,0.428269,0.735521,Warning
8,-1.75874,0.990945,0.447967,Normal
0,-0.286478,0.448381,0.180052,Normal
18,1.21682,0.647389,0.734428,Warning
11,2.3851,0.171636,0.825331,Warning
13,-2.77725,0.370647,0.576146,Normal
6,1.35406,0.66962,0.341234,Normal
21,1.52453,0.520365,0.654165,Warning
13,-3,0.934064,0.975747,Critical
19,-0.411381,1.03532,0.125446,Normal
21,-0.00375967,0.799707,0.100125,Normal
18,1.67528,0.711868,0.591825,Normal
2,-1.02273,0.680079,0.487228,Normal
9,0.967862,0.666278,0.211895,Normal
0,0.322325,1.26089,0,Normal
22,-0.686912,0.0103078,0.029666,Normal
20,-0.994701,1.04143,0,Normal
9,0.569271,0,0.268922,Normal
15,0.363611,0.378556,0,Warning
23,0.032637,0.369502,0.468607,Normal
4,2.71604,0.259479,1,Critical
8,0.958553,0,0.30884,Normal
4,0.148996,1.20663,0.154954,Normal
16,-2.56754,0,0.961727,Critical
22,0.909534,0.234107,0,Normal
7,-0.653143,0.491382,0.0227264,Normal
12,0.462016,0.589866,0.557436,Normal
14,-0.442393,0,0.177407,Normal
16,2.36507,0.176362,0.595459,Normal
14,-0.449069,1.18273,0.463722,Normal
17,1.03283,1.2719,0.525057,Normal
20,-2.91386,0.122359,0.851766,Warning
0,0.240395,0.740429,0.0275297,Normal
21,2.30131,0.504878,0.736434,Warning
1,-3.04825,0,0.619984,Warning
15,-0.787635,0.783799,0,Normal
4,-1.86071,0.486898,0.869064,Warning
4,-1.07487,0.55438,0.5177,Normal
19,1.16861,0.756856,0.835847,Warning
23,1.8915,0.636172,0.94443,Critical
7,-1.25053,0.108671,0.588955,Normal
7,0.965111,0.0523088,0,Normal
2,1.00587,0.574553,0.842914,Warning
14,0.24781,1.14136,0.0353716,Normal
7,3.11988,1.34971,0.644588,Critical
18,-0.235609,0.169226,0.61034,Warning
3,0.867818,0.885803,0.249832,Normal
14,-0.568213,0.517332,0.544008,Normal
9,3.41709,0.55215,0.440237,Normal
17,1.99254,0.97109,0.618035,Warning
20,-0.340208,0.15152,0.427741,Normal
10,0.82365,0.608137,0.459548,Normal
7,2.98804,0.577256,0.397067,Normal
11,-0.400543,0.90649,0.504691,Normal
4,-1.86492,0.90896,0.813805,Warning
20,-1.73072,0.220029,0.7619,Warning
23,-0.491581,0.876398,0.351128,Normal
14,2.19576,1.08857,0.873937,Warning
6,-0.751421,0.725183,0.0186114,Normal
22,-0.33803,1.11909,0.138507,Normal
17,1.99125,0.76296,0.859794,Warning
2,-0.57583,0.101714,0.123344,Normal
13,2.87331,0.58837,0.750887,Warning
17,0.000670124,0.918931,0.174752,Normal
8,-0.442411,0.257495,0.339733,Normal
7,0.48802,0,0.346398,Normal
1,0.0487735,0,0,Normal
0,-0.114485,0.518361,0.0509282,Normal
13,-0.225129,0.353625,0.0585001,Normal
4,-0.253612,0.393739,0.113398,Normal
10,-2.5415,1.40628,1,Critical
15,-3,0.817006,0.57412,Normal
18,-2.34692,0.507609,0.241329,Normal
16,2.1669,0,0.950299,Critical
15,0.592054,0.295714,0.625562,Warning
14,-0.703044,0.642888,0.254415,Normal
9,3.15809,0.274113,0.765861,Warning
9,0.311133,0.466776,0.0466286,Normal
10,-1.34547,0.85516,0.793762,Warning
4,4.1418,1.27696,1,Critical
4,-0.493747,0.123983,0.433107,Normal
15,2.38465,1.13082,0.917869,Critical
2,0.269654,0.275683,0.207023,Normal
17,-1.21783,0.711212,0.983763,Critical
23,0.330831,0.3132,0,Normal
22,0.338533,0.833573,0.504846,Normal
8,-1.29868,1.02652,0.797951,Warning
17,0.930072,1.10075,0.0667219,Normal
7,-0.752849,1.17853,0,Warning
10,-0.305137,0.627924,0.21917,Normal
14,-0.980671,0.213016,0.471568,Normal
6,-0.457163,0.487763,0.385908,Normal
17,0.882955,0.811563,0.17515,Normal
22,0.955904,0.41237,0.240713,Normal
11,0.883992,0.721609,0.490397,Normal
4,1.75916,0.442898,1,Critical
14,0.744022,1.22241,0.244882,Normal
15,-0.566106,0.442456,0.0170017,Normal
15,-0.298569,1.26514,0.0246089,Normal
5,-1.15426,0.412558,1,Warning
14,0.995979,0.112696,0.264253,Normal
10,-0.0202127,0.438024,0,Warning
23,1.19308,0.541282,1,Warning
6,0.152637,0.499432,0.267704,Normal
8,-2.25728,0.786824,0.468887,Warning
18,-0.633591,0.819246,0.407086,Normal
7,0.876746,0.764444,0,Normal
17,1.28175,0.674224,1,Critical
16,1.60602,1.37609,0.744785,Warning
6,-0.0390362,0.0574158,0,Normal
21,-1.04942,0.753769,0.594966,Normal
5,1.06826,1.01161,1,Warning
5,-0.626656,0.685241,0.360162,Normal
19,-1.52439,1.06237,0.479638,Normal
0,0.128126,0.804789,0.0144638,Normal
3,2.62858,0.531641,1,Critical
4,2.18921,1.20293,0.48836,Normal
21,0.178965,1.3652,0.111165,Normal
18,0.171629,0.645899,0.106362,Normal
20,2.50453,0.87104,0.52293,Normal
11,0.99721,0.158875,0,Normal
13,-0.194024,0.931837,0.404975,Normal
6,0.371762,0.114034,0.294864,Normal
6,-0.00291221,0.184776,0.398024,Normal
15,-3,0.282046,0.964622,Critical
9,-0.145824,0.817352,0.424083,Normal
13,2.58728,0.733741,0.642469,Warning
9,-0.638673,0.241612,0.390801,Normal
13,-0.608581,0,0.389075,Normal
19,-3,0,1,Critical
11,-0.309083,1.22762,0.442439,Normal
21,-0.538897,1.11358,0.0368519,Normal
3,0.191341,0.164749,0,Normal
0,-2.38972,0.389215,0.79252,Warning
4,-3.21438,0.642479,0.90721,Warning
9,-3,1.35461,0.65454,Warning
11,-0.625337,0.457087,0,Normal
21,-0.0601152,0.315605,0.353581,Normal
22,0.15246,0.678898,0.29747,Normal
15,-0.0338594,0.785227,0.722131,Normal
1,3.15699,0.558749,0.833871,Warning
15,0.365501,0.210955,0.510976,Normal
12,2.17078,0.764059,1,Critical
12,-0.349493,0,0,Normal
13,-0.0754872,1.02333,0.188514,Normal
21,-2.77604,0.248107,0.793208,Warning
23,-0.19842,0.228068,0.512118,Normal
6,-0.0221713,0.817303,0.409694,Normal
11,-0.0403017,0.890995,0.0423536,Warning
16,-0.417053,0.71907,0,Normal
3,-0.179591,0.820574,0,Normal
11,-0.532823,0.95401,0.573576,Normal
10,-2.51227,0.8212,0.501177,Normal
17,-0.0219647,0.211084,0.47031,Normal
19,0.536485,0.0222397,0.446799,Normal
22,4.95279,0.796902,1,Critical
23,0.370877,0.411309,0.508135,Normal
8,-0.0829734,0.98426,0.207726,Normal
14,-0.458379,0,0.628513,Warning
18,2.41896,0.805667,0.818264,Warning
13,1.65621,0.694278,0.756003,Warning
8,-3.56916,1.25664,0.560513,Warning
1,-0.920702,0.898643,0.633941,Warning
19,1.9686,0.168863,1,Critical
20,-3,0.622965,0.51784,Warning
20,2.12531,0.46138,0.878218,Warning
2,-0.182127,0.210224,0.0587033,Normal
12,1.60966,0.750844,0.769961,Warning
23,-1.04691,1.34009,0.445777,Normal
20,-0.505354,0.74476,0,Normal
16,-2.22378,0.485861,0.915047,Critical
16,0.600275,1.40291,0.0108109,Normal
21,-0.512995,0.894677,0.264538,Normal
12,2.6596,0.813175,0.70588,Warning
14,-0.0393043,1.32347,0.2689,Normal
19,2.89225,0.770974,0.10932,Normal
6,0.441852,0.0994902,0.347433,Normal
3,-2.17286,0.894545,0.708749,Warning
12,-3,0.055452,0.975555,Critical
14,2.51693,1.5133,0.787404,Warning
17,-2.08148,1.53522,0.684609,Critical
12,-1.12433,0.677951,0.642096,Warning
16,-1.8325,0.469221,0.610805,Warning
18,-0.94282,0.18016,0.934603,Warning
23,3.01212,0.907274,0.713112,Warning
7,-0.23392,1.23614,0.286468,Normal
10,-2.58509,0.4929,0.744999,Warning
10,0.313946,1.24253,0.605107,Normal
7,-1.57945,0.609937,0.733508,Warning
22,0.217895,0.758589,0.359405,Warning
22,0.20114,0.826883,0.483794,Normal
1,-4.06431,1.18563,0.359301,Normal
1,0.270784,0.539038,0.475402,Normal
3,-0.880966,0.685008,0.352735,Normal
4,-0.469023,1.12552,0.0869135,Normal
11,-2.42615,0.199615,0.319864,Normal
6,-0.666003,1.10354,0.461317,Normal
18,1.12044,0.756376,1,Warning
10,0.0647187,0.415774,0.46108,Normal
18,-0.245136,0.799196,0.241618,Normal
7,-0.632218,1.21476,0.113118,Normal
20,-0.9942,0.52653,0.149421,Normal
6,0.326489,1.13053,0.776406,Normal
16,3.03793,1.28551,0.806738,Warning
9,0.671008,0.437785,0.346957,Normal
18,-0.169833,0.389863,0.448752,Normal
0,2.87829,1.4806,0.262123,Normal
4,0.11629,0.76295,0.149774,Normal
14,0.925045,0.68763,0.643203,Warning
15,-0.44806,0.846234,0.26812,Normal
13,0.363472,0.249621,0.271789,Normal
8,0.614325,0.959506,0.335119,Normal
6,-3.55511,0.331635,0.702529,Critical
0,-1.62972,0.756444,0.438201,Normal
14,0.320306,0.78387,0.472538,Normal
11,2.57047,0.74597,0.280315,Normal
19,-1.33254,1.08711,0.66974,Warning
5,1.58643,1.32375,0.586039,Normal
3,-3.25005,0.763263,0.563849,Normal
0,-0.649653,1.01674,0.277182,Normal
15,0.0278254,0,0.360831,Normal
7,-1.48312,1.35986,0.937943,Critical
15,3.39377,0.10122,1,Critical
3,0.468321,0.62589,0.874054,Warning
20,0.0516702,0.678431,0.402483,Normal
17,-0.639768,1.19034,0.695975,Warning
17,0.936178,0.829413,0.0538171,Normal
21,1.54653,0.109052,0.618684,Warning
14,-0.69329,0.166072,0.471485,Normal
19,-1.09108,0.292046,0.52006,Normal
17,-1.54634,1.21174,0.726302,Warning
11,-0.973175,0.522309,0.168771,Normal
18,0.153354,1.05315,0,Normal
9,-0.585595,0.365608,0.126687,Normal
21,0.114097,0.596548,0.180538,Normal
22,3.10045,0.977704,0.840171,Warning
5,-0.22941,0.359851,0.0319443,Normal
18,0.720042,0.598311,0.263825,Normal
5,-0.0301182,1.06146,0,Normal
10,-2.20841,1.0698,0.948501,Critical
23,0.222343,0.303108,0,Normal
8,-0.653054,0.755538,0.148834,Normal
11,0.758893,1.33157,0.634793,Warning
19,2.51257,0.791939,0.626185,Warning
10,0.618545,0.415789,0.263749,Normal
20,-3,0.780628,0.845947,Warning
4,0.361799,0.11669,0.613149,Normal
9,-2.8671,0.994946,1,Critical
18,-0.83789,0.402717,0.144652,Normal
4,-2.45301,0.490676,1,Critical
4,0.681662,1.50813,0.0935847,Normal
19,0.131037,0.878349,0.548474,Normal
4,-0.290504,0.597328,0.380819,Normal
8,-1.45669,0.289228,0.887901,Warning
3,-1.62561,1.34646,0.952021,Critical
18,1.37754,0.503796,0.391408,Normal
10,-0.437381,0.542904,0.395403,Normal
4,0.821427,0.446441,0.0934857,Normal
18,-0.845828,0.993386,0.209365,Normal
6,0.381864,1.32785,0.508247,Normal
8,-0.55058,0.790413,0.291791,Normal
19,-0.160074,0.818395,0.241443,Normal
23,-1.25697,0.872669,0.773336,Warning
10,3.96468,0.963254,0.50278,Normal
7,-0.785718,0.34273,0,Normal
6,-2.93351,0,0.980266,Critical
17,-0.21611,1.10718,0,Normal
12,0.0664307,0.050309,0.269733,Normal
1,-3.12303,0.583229,0.797767,Warning
3,-0.819544,0.613463,0.160981,Normal
18,2.11395,0.655496,0.952586,Critical
16,0.564326,0,0,Normal
9,2.5182,0.957701,0.982976,Critical
23,0.265566,0.339213,0.315582,Normal
18,-1.45779,0.805732,0.954219,Critical
19,2.39907,0.514928,0.556797,Normal
9,-1.13731,0.884999,0.713064,Warning
16,1.33812,0.254435,0.631243,Warning
10,-0.352606,0.513871,0.162622,Normal
22,2.05847,0.477525,1,Critical
6,3.65974,0.791813,1,Critical
18,-0.370305,0.638373,0.433965,Normal
1,0.382232,0,0.289285,Normal
21,0.663519,0.331764,0.500042,Normal
15,-0.460876,0.935308,0.451135,Normal
6,0.977564,0.310497,0.452183,Normal
10,0.701129,0.277247,0,Normal
14,-0.597508,0.0790511,0.0978364,Normal
3,-0.707294,0.136136,0.50137,Normal
10,3.82504,0.517115,1,Critical
4,0.690007,0.597803,0,Normal
10,1.00236,0.352015,0.705166,Critical
19,0.701834,1.08646,0.400864,Normal
9,-0.247625,0.619663,0.164009,Normal
13,1.09908,0,0.773385,Warning
21,1.53576,0.208385,0.919484,Critical
15,-0.345196,0.597113,0,Normal
11,-1.09097,1.13096,0.95611,Warning
8,-3.20942,0.623852,0.844025,Warning
19,0.423603,0.792093,0.289858,Normal
8,-0.0207837,0.100206,0.284381,Normal
17,0.208195,0.616904,0.500538,Normal
0,-2.10597,0.698479,0.592004,Normal
1,-0.17689,0.510271,0.168919,Normal
7,-1.46669,0.901113,0.777489,Warning
3,0.255189,0.671235,0.419016,Normal
0,3.60332,0.586022,0.996058,Critical
20,-1.22164,0.336475,0.886325,Warning
5,-0.196479,0,0.213841,Normal
4,-0.84701,0.226185,0,Normal
18,-2.60196,0.48333,0.981351,Critical
4,-0.293967,0.270408,0,Normal
22,0.949233,0.395767,0.381089,Normal
17,-0.613825,0.406158,0.239795,Normal
21,-2.58868,1.47039,0.934287,Critical
4,1.64429,0.888717,0.870674,Warning
11,2.24728,0.107698,0.780274,Warning
21,3.19512,0.356565,0.528302,Normal
16,1.54452,1.23054,0.803797,Warning
15,3.53486,0.653606,0.613146,Warning
13,-3,0.761865,1,Warning
0,0.986275,0,0,Normal
19,-0.413061,0.0451393,0.749591,Warning
6,-0.323785,0,0.0903351,Normal
22,0.96953,0.577663,0.119086,Normal
16,3.1777,0.117223,0.91433,Critical
5,-3.55173,0.995416,0.572501,Normal
14,-0.155433,0.778455,0.127322,Normal
12,2.98428,0.347481,0.665068,Warning
15,-0.313681,0.69778,0.495627,Normal
11,0.156901,0.512405,0.641749,Normal
0,-1.67502,0.234824,0.709094,Warning
11,-0.757757,0.907171,0.425703,Normal
19,-1.04364,0.675608,0.53068,Normal
5,1.12168,0.272012,0.80991,Warning
17,-0.458682,0.142484,0.109185,Normal
11,-0.156092,0,0.403396,Normal
9,-2.15152,0,0.790488,Warning
8,0.199517,0.855021,0,Normal
3,-0.0713998,1.32625,0,Normal
1,-0.925551,0.271828,0.0374616,Normal
17,0.247157,1.18513,0.344039,Normal
2,0.127983,0,0.624546,Normal
2,0.685917,0.294834,0.350198,Normal
17,0.926416,0.222023,0.373078,Normal
5,0.0210621,0.32755,0.873116,Normal
13,-0.618711,0.861493,0,Normal
16,0.20121,0.792642,0.475353,Normal
16,-0.161279,0,0.350162,Normal
3,-0.390503,0.927595,0,Normal
20,-2.62364,0,0.646463,Warning
15,-2.65235,0.423472,1,Critical
8,-1.7726,0.208539,0.471053,Normal
22,0.944935,0.066154,0.133901,Normal
17,0.727347,0.501612,0.353798,Normal
5,1.30701,0.663847,0.707877,Warning
11,-2.00691,0.782591,0.899771,Warning
7,3.80266,1.3263,0.483665,Normal
8,-0.201346,0.0344877,0.416463,Normal
20,0.403339,0.0459402,0.122385,Normal
20,-1.29523,0.650484,0.67717,Warning
13,-0.297828,0.56716,0,Normal
23,0.00518551,0.733762,0,Normal
18,1.20229,1.20988,0.20053,Normal
8,-2.42578,0.256258,1,Critical
23,-0.809376,1.06135,0.400818,Normal
8,-2.12658,0.374741,0.61063,Warning
18,-0.393303,0.826989,0.416519,Normal
22,1.38639,0.343309,0.92687,Critical
8,-0.246166,0.756487,0.269884,Normal
4,1.02732,1.36255,0.922287,Warning
20,2.96371,0.784833,0.810049,Warning
2,0.575024,0.511178,0.244989,Normal
15,2.29078,0.571209,0.78165,Warning
19,-0.565068,0.993404,0.309439,Normal
20,-0.401489,0,0.266594,Normal
19,0.129878,0.439936,0.57534,Normal
2,1.11059,0,1,Warning
17,0.857696,0.114052,0.40654,Normal
5,-0.480711,0.218977,0.366631,Normal
6,-0.610747,0.969161,0.761535,Warning
11,0.811725,1.03493,0.196094,Warning
21,2.13403,0.723862,0.933843,Critical
12,-0.561728,0.759674,0.239124,Warning
22,-0.335288,1.248,0.303139,Normal
15,-0.937598,0.399398,0.434948,Normal
23,-2.25825,0.236716,0.582085,Warning
17,1.93492,0.114013,1,Critical
5,0.115334,0.540594,0.032938,Normal
13,-2.25894,0.630153,0.692954,Warning
15,1.50431,0.687932,0.890354,Warning
5,0.331726,1.04304,0.277317,Normal
20,-3,0.528473,0.651178,Warning
14,0.516647,1.45658,0.249971,Normal
19,-0.35806,0.320088,0.222277,Normal
9,-2.09921,0.672939,0.509963,Normal
14,-1.23102,0.390258,0.279605,Normal
16,2.67357,0.0412096,0.236795,Normal
21,0.588918,0.919103,0.493266,Normal
22,2.2467,0.372404,0.104782,Normal
1,0.819546,0.183344,0.35046,Normal
11,0.766017,0.292141,0,Normal
5,-2.24346,0,0.402281,Normal
4,4.80173E-05,0.0825428,0.145797,Normal
15,0.586787,0,0.129991,Normal
6,-0.272538,0.413405,0.0445774,Normal
11,-0.666262,0.340109,0.00556832,Normal
2,0.518665,0.627411,0,Normal
16,3.35331,0.315491,0.742927,Warning
11,-0.0802808,0.953237,0.281903,Normal
13,0.226719,0.877123,0.420596,Normal
5,-0.603622,0.929972,0,Normal
18,0.788953,0.344778,0.643626,Warning
8,0.857382,0.519529,0,Normal
23,-2.41073,0.707378,1,Critical
17,0.81321,0.542875,0.0772103,Normal
4,3.6432,0,1,Critical
11,-3,0,0.815849,Warning
16,1.43515,0.500906,0.723414,Warning
1,-2.50176,0.628242,0.716349,Warning
0,-0.175743,1.19872,0.643969,Normal
2,-2.41182,0.0681967,0.835826,Warning
19,2.10748,0.759675,0.759403,Warning
1,-0.473667,0.22818,0.145315,Normal
15,-0.58934,0.387761,0.0885148,Normal
20,-2.42312,0.456582,1,Critical
6,0.489644,0.701468,0.349025,Normal
10,1.12376,0.587524,0.545823,Normal
6,0.508054,0.611883,0,Normal
1,0.959754,0.619426,0.411126,Normal
0,-0.565237,0.196373,0.246197,Normal
6,3.35023,0.721712,0.743551,Warning
2,2.88475,0.954861,0.758207,Warning
23,0.137958,0.263027,0.549543,Normal
3,1.55641,0.552856,0.729639,Warning
10,-3,0.569468,0.882805,Warning
6,-1.93612,0.453934,0.802836,Warning
15,-1.09801,0,1,Warning
18,-0.755674,0.582466,0.116807,Normal
11,0.426833,0.799518,0.116658,Normal
2,3.44577,0.244012,0.900163,Critical
22,0.431602,1.80203,0.725083,Warning
7,-0.535616,0.270994,0.278521,Normal
0,2.95035,0.755047,0.537758,Normal
20,-0.890732,0.798491,0.0467693,Normal
14,3.41494,0.740619,0.544676,Normal
4,0.78941,0.617584,0.552351,Normal
11,3.58064,0.52837,0.54791,Normal
9,-0.420842,0.53647,0.0435032,Normal
19,0.983097,0.827341,0.599562,Normal
23,-0.683196,0.410106,0.162145,Normal
8,-0.441193,0.759079,0.251936,Normal
22,-0.300998,0.584128,0,Normal
13,-1.5693,0.563057,0.38033,Normal
14,-1.09555,0.647458,0.82601,Warning
15,-0.738231,0.535904,0,Normal
3,2.50325,1.29917,0.843709,Warning
5,2.64876,0.172117,1,Critical
6,0.607584,0,0.347748,Normal
22,0.311892,0,0.759227,Normal
14,0.51189,1.37726,0.10151,Normal
2,0.503256,1.06163,0.212678,Normal
16,-0.431568,0.0716579,0,Normal
12,-0.600255,1.10423,0.705142,Warning
6,0.209047,0.338033,0.399739,Normal
7,-3.32561,0.714437,0.829229,Warning
16,0.406477,0.121977,0.200461,Normal
3,0.723668,0.882053,0.551621,Normal
5,-2.93337,0.2639,0.724026,Warning
18,-1.86204,0.71094,0.471925,Normal
7,-0.180349,0.425789,0,Normal
9,0.48302,0.349641,0.610931,Warning
12,-1.45121,0.979906,0.817288,Warning
7,-0.682326,0.717198,0.125524,Normal
15,1.6042,0.100691,1,Critical
3,2.99106,0.57251,0.577716,Normal
22,-1.97545,0.818597,1,Critical
7,0.529532,0.685052,0.215678,Normal
4,-1.85839,0.297596,0.502851,Normal
16,-0.218878,0,0.658646,Normal
16,0.59847,0.254307,0.0881181,Normal
11,0.967757,0.768958,0.688119,Warning
20,-0.535167,0.873689,0,Normal
22,2.38941,1.21451,0.597221,Normal
5,-3.96992,0.680929,0.57107,Normal
0,1.41747,0.763905,0.676593,Warning
20,-0.561162,0.877205,0.355271,Normal
7,1.95954,0.148681,0.699834,Warning
17,0.322403,1.00297,0.32382,Normal
18,0.983038,1.45969,0.212765,Normal
15,0.12132,0.730713,0.151755,Normal
20,0.335806,0.980806,0.295061,Normal
1,-0.189157,0.420434,0,Normal
3,-2.43603,0.847602,0.472709,Normal
13,1.15615,0.934484,1,Warning
5,1.76787,0.605804,0.957732,Critical
7,0.767521,0.438811,0.813201,Warning
14,-0.892219,0.676251,0,Normal
8,2.40881,0.556047,0.492045,Normal
6,1.29497,0.635413,0.718472,Warning
12,3.67248,0.492448,0.530431,Normal
14,-1.35913,0.363388,0.915318,Critical
22,-0.532107,0.557266,0.658723,Warning
0,2.75327,0.871304,0.904334,Critical
8,0.971744,0.567163,0.363598,Normal
20,0.609991,0.442358,0.543053,Normal
4,0.374092,0.832202,0.298286,Normal
16,-2.40116,0.269567,0.799079,Warning
1,-1.94233,0,0.735618,Warning
4,-0.501022,0.756495,0.420505,Normal
10,0.924763,0.746002,0.406106,Normal
21,-3,0.673077,0.521999,Normal
11,0.388446,0.836701,0,Normal
10,0.422597,0.018187,0.507454,Warning
22,-1.49213,0.293491,0.945285,Critical
4,0.35421,1.31352,0.0141211,Normal
5,1.52587,1.04834,0.833183,Warning
4,0.356141,0.174448,0.230688,Normal
1,1.02197,0.902571,0.880636,Critical
18,-0.344088,0.417826,0.59745,Normal
16,-2.72996,0.748732,0.557632,Normal
6,0.515152,0.304351,0.0856002,Normal
12,1.88573,0.421694,0.965696,Critical
20,-1.69179,0.635143,0.715633,Normal
20,-0.523199,0.307258,0.175145,Normal
4,0.192686,0.350134,0.118401,Normal
2,-0.784279,0.533512,0,Normal
22,0.216862,0.412393,0.256611,Normal
17,1.69309,0.949624,0.620619,Warning
14,3.52798,0.698334,0.417482,Normal
2,-0.998308,0,0.212762,Normal
5,-0.265511,1.03488,0.170345,Normal
6,-1.13532,0.0324418,0.243394,Normal
15,0.176445,0.439183,0.262139,Normal
22,-0.594471,0.865475,0.0261574,Normal
13,-0.442747,0.331247,0.167747,Normal
14,-0.274041,0.648262,0,Normal
8,-1.8536,0.609446,1,Critical
2,2.36411,0.537052,0.581517,Normal
3,-0.370973,0.939034,0.606823,Normal
19,0.625227,0.608809,0.230216,Normal
22,-1.01302,1.03651,0.903482,Warning
15,-3,0.441025,0.681531,Warning
3,-0.210704,0.330676,0,Warning
5,3.42599,1.12564,0.692768,Warning
21,1.42138,0,0.966506,Critical
8,3.33802,0.364693,0.758631,Warning
8,0.680989,0.135814,0,Normal
5,0.284327,0.537592,0.371151,Normal
15,2.72857,0.27665,0.596369,Normal
8,2.55457,0.0695102,0.433069,Normal
12,-0.0764709,0.57225,0.453337,Normal
18,0.724854,0.266664,0.295092,Normal
9,0.73308,1.02897,0.139069,Normal
6,-2.81839,0.243498,0.740923,Warning
6,-0.00224477,0.310465,0.308724,Normal
17,3.22487,0.939755,0.579919,Warning
9,1.88804,0.305392,1,Critical
5,2.17083,0.95333,0.536885,Normal
3,-1.28296,0.110726,0.859049,Warning
16,-1.60825,0.24691,1,Critical
4,-0.804871,0.134499,0.364325,Normal
17,0.866505,0.897751,0.0124601,Normal
15,-2.76981,0.928817,0.516203,Normal
13,-0.884913,0.442248,0.436316,Normal
10,0.700605,0.864329,0.126951,Normal
21,0.140205,0.324985,0.353461,Normal
6,-0.406159,0.427933,0.462586,Normal
20,-2.16785,0.746956,0.864951,Warning
22,0.472751,0.399793,0.521944,Normal
9,2.61739,0.562962,0.767844,Warning
10,-1.43871,0.492671,0.541398,Normal
18,1.39401,0.723686,0.90225,Critical
23,1.67865,0.794337,0.77874,Warning
3,0.536401,0.400625,0.572752,Normal
1,-0.0338248,0.765129,0.147429,Warning
4,-2.33723,1.16766,0.299251,Normal
2,-2.23948,0.871746,0.239958,Warning
14,-1.27761,0.265225,0.846026,Warning
6,-2.64511,0.615203,0.91,Critical
1,0.208357,0.362245,0.109337,Normal
11,-0.277326,0.114338,0,Normal
11,-0.846903,0.877679,0.151135,Normal
7,0.141406,0.69161,0.119268,Normal
2,-2.11406,0.824396,0.935134,Critical
6,-0.636521,0.910986,0,Normal
10,-0.228987,0.650937,0,Normal
6,-2.05701,0.445351,0.670887,Warning
6,2.48282,0.241754,0.971355,Critical
10,-2.27637,0.615405,1,Warning
1,0.461566,0.128764,0.302169,Normal
2,-2.08865,1.06236,0.718405,Warning
15,0.377151,0.876729,0.32213,Normal
2,-0.178805,0.543198,0,Normal
12,2.11875,0.227392,0.69441,Warning
19,-0.382509,0.578019,0,Normal
22,1.48714,1.09944,0.0631693,Warning
11,2.19849,0.314307,0.616426,Warning
2,1.86687,0.100918,0.504756,Normal
13,-0.405442,0.73962,0.204766,Normal
21,-0.0469482,0,0.170091,Normal
23,-1.52288,0,0.43345,Normal
10,2.11641,0.296876,0.371618,Normal
23,-3,0.501368,0.7551,Warning
12,-0.205494,1.31579,0.151116,Normal
1,-0.902391,0.603821,0.314863,Normal
15,-0.0494299,0.241176,0.0695683,Normal
17,-0.609002,0.25707,0.069375,Normal
13,1.44871,0.579236,0.403599,Normal
4,-0.687079,0,0.0937541,Normal
8,-2.86213,1.3085,0.49602,Normal
20,1.23191,0.600182,0.812868,Warning
23,2.2756,0.765967,0.738261,Warning
5,-1.37164,0.0831302,0.667937,Warning
5,0.362303,1.15475,0.572332,Normal
20,-0.119588,0.17516,0.0675464,Normal
1,2.62125,0.566935,0.838055,Warning
17,2.44978,0.840928,0.668567,Warning
11,0.362505,0.422073,0.00355883,Normal
7,0.960837,0.947687,0.392549,Normal
20,-0.993407,0,0,Normal
23,-1.12468,0.0859468,0.668794,Warning
19,1.2139,0.0999272,0.790264,Warning
1,-0.179945,0.452242,0.40904,Normal
20,1.05757,0.345403,0.714215,Warning
3,3.43943,0.766654,0.666678,Warning
18,3.8457,0.853346,0.635724,Critical
20,-0.271684,0.432228,0.232756,Normal
8,-1.62979,0.722458,0.683714,Warning
0,0.963589,0.564538,0,Normal
6,-0.492737,0.959443,0.0567612,Normal
8,-0.228691,0.806593,0.304043,Normal
0,-2.87984,0.202884,0.812722,Normal
7,3.29438,0.845356,0.568233,Normal
6,2.49775,1.207,0.991115,Critical
7,-0.781077,0.736856,0.433478,Normal
20,-0.0365619,0.847896,0.217189,Normal
22,1.00733,0.670124,0.939035,Warning
13,0.753655,0.734258,0.425207,Normal
8,1.47507,0.805253,0.468403,Normal
1,1.65977,0.452978,0.975502,Critical
9,0.08483,0.354893,0.195238,Normal
4,-0.150299,1.07654,0.462332,Normal
12,0.0513339,1.74173,0.403972,Normal
16,0.82108,1.16966,0.400912,Normal
15,0.0184522,0.231826,0.132829,Normal
8,4.74417,0.616964,1,Critical
10,-1.08327,0.318598,1,Warning
16,-0.566863,0.960905,0.304689,Normal
14,-0.773343,0.801422,0.533117,Normal
4,-1.23743,0.172263,0.950085,Critical
10,-0.156945,0.233492,0.48798,Normal
10,-0.994171,0.314456,0.162188,Normal
16,0.454446,0.405466,0.0911641,Normal
13,0.324896,0,0.250479,Normal
8,1.14433,0.367583,0.662214,Warning
9,-0.437208,1.25963,0.141019,Normal
18,-2.15203,0.0786169,0.617519,Warning
20,-1.94392,0.778753,0.807354,Warning
22,-0.456059,1.47964,0.300477,Normal
7,1.73678,0.0548285,0.754026,Warning
14,-0.113983,0.915749,0.376798,Normal
0,-0.452777,0.747305,0.394989,Normal
22,2.80965,0.409647,0.258206,Normal
20,-0.910802,0.220458,0.186308,Normal
4,-3.90781,0,1,Critical
0,-0.355971,1.15387,0.410423,Normal
5,2.76141,1.24047,0.812036,Warning
4,-1.35289,1.52147,0.811982,Warning
15,0.519096,0,0,Normal
21,1.52558,0.34899,0.283971,Normal
22,1.95162,0.644027,0.789754,Warning
20,0.56959,0.71553,0.777241,Warning
17,0.459831,0,0.163749,Normal
13,3.10033,0,0.524571,Normal
19,0.352602,0.550769,0,Normal
11,-0.312321,1.02919,0.478074,Normal
9,-2.39478,1.36147,0.356401,Normal
17,-3,1.15668,0.835499,Warning
8,-0.301339,0.73827,0,Normal
22,-2.88753,0.557313,0.663802,Warning
10,-2.41591,0.728029,0.581733,Normal
18,-2.95343,1.26066,0.948754,Critical
0,3.80343,1.50225,0.441415,Normal
14,0.514399,0.0655538,0.0877498,Normal
4,-0.603827,0.688914,0.925876,Warning
8,1.54157,0.214175,1,Critical
22,1.32303,0.504197,0.541914,Normal
11,-1.12303,0.235121,0.274783,Normal
6,-0.778826,0.343078,0.538833,Normal
10,0.35483,1.25409,0.383113,Normal
13,-0.51839,0.425919,0.364275,Normal
5,1.41316,0.91178,0.872458,Warning
4,2.59858,0.350195,1,Critical
14,-1.3033,0.510676,0.64442,Warning
1,-0.570098,0.754758,0.357214,Normal
0,-0.568596,1.11793,0,Normal
20,0.127207,0.0186064,0.496953,Normal
6,-0.0306889,0.536144,0.468868,Normal
13,0.140519,0.432508,0.0183436,Normal
6,-1.64581,1.19252,0.448363,Normal
19,-1.69861,1.24878,1,Critical
13,0.348693,0.0247182,0.221827,Normal
19,1.96799,0.19242,0.444709,Normal
9,-0.574245,1.39872,0.359025,Normal
17,-0.195905,0,0,Normal
11,0.194335,0.127444,0.345866,Normal
16,0.333339,0.500501,0,Normal
23,1.18841,0.102717,1,Warning
14,-1.30965,0.643324,1,Critical
19,-0.488995,1.11901,0,Normal
10,2.70064,0.847972,0.362497,Normal
16,2.0435,0.929392,1,Critical
13,0.092999,1.12899,0.299442,Normal
18,-2.16499,0.146006,0.467112,Normal
3,-0.460911,0.305671,0.19045,Normal
16,2.78139,0,1,Critical
17,-0.229424,0,0.537442,Normal
4,1.84173,1.05024,0.845257,Warning
14,-0.224698,0,0.605772,Normal
10,-0.838086,0.859781,0.64428,Warning
23,-0.398213,0.324606,0.522204,Normal
5,-2.08118,0.933993,0.817055,Warning
18,1.10876,0.379602,0.89824,Warning
13,3.3708,0.562626,0.826325,Warning
9,0.239315,0.336962,0,Normal
13,0.764483,1.1293,0.920421,Warning
23,-0.519583,0.778235,0.323409,Normal
7,0.0427701,0.455771,0.592371,Normal
2,2.60463,1.29338,0.477089,Warning
5,-0.465211,0.682222,0,Normal
19,-0.565499,0.578723,0.00049727,Normal
12,1.28464,0.423579,1,Critical
9,0.730192,1.37238,0,Normal
17,-0.2981,1.39396,0.331579,Normal
20,0.20444,0.444434,0.610452,Normal
19,-1.3661,0.237427,0.514618,Normal
4,0.989067,0.821892,0.304067,Normal
10,2.24689,0.41412,0.737341,Warning
17,-2.27489,1.132,1,Critical
13,-0.270913,0.664766,0.374663,Normal
11,-1.30428,0.60518,0.724375,Warning
23,0.318757,0.693577,0.392684,Normal
11,-1.58797,0.643039,0.789104,Warning
5,-1.36594,0.649308,0.651671,Warning
22,1.1824,1.04843,0.499688,Normal
20,0.239374,1.12716,0.508394,Normal
12,3.06793,0.782499,0.391729,Normal
19,-2.48671,1.24018,0.795264,Warning
12,-2.76405,0.867873,0.604949,Warning
21,-3,0.638797,0.936136,Critical
16,-0.452317,0.618976,0.12223,Normal
22,1.1987,1.09324,0.537737,Warning
3,0.0919597,0.125084,0.0732636,Normal
20,-0.608273,0.484083,0.165144,Normal
23,0.592566,0.014295,0,Normal
5,0.297723,0.659303,0,Normal
14,-0.164754,0.366691,0.355402,Normal
4,-0.303969,0.355211,0.436912,Normal
13,-2.63041,0.358872,1,Critical
21,-0.516096,0.193086,0,Normal
6,-3.49823,0.432829,1,Critical
16,1.0142,0,0.977264,Warning
5,-0.84522,0.691471,0.155928,Normal
5,0.0259601,0.923738,0.322888,Normal
19,-1.72718,1.01266,0.973007,Critical
7,-0.0385143,0.135749,0.589045,Normal
15,0.640684,0.333914,0.292061,Normal
6,-0.0922492,0.17602,0,Normal
21,-2.90686,0.120325,0.872866,Warning
4,-3.97292,0.834643,0.663251,Warning
9,0.346722,0.489021,0.0508065,Normal
13,-0.257055,0.772444,0,Normal
2,-1.06609,0.804052,0.338194,Normal
16,-1.6929,0.180824,0.383037,Warning
17,-3,0.587907,0.647316,Warning
14,3.16641,0,0.383318,Normal
5,0.495217,0.869814,0.572702,Normal
6,-2.07599,0.437855,0.215448,Normal
19,-0.334936,0.662919,0.575943,Normal
10,1.28476,0.993607,0.736091,Warning
19,-3,0.76738,1,Critical
19,1.00586,0.598606,0.267456,Normal
17,0.112764,0.319863,0,Normal
12,1.44182,0,0.516063,Normal
4,2.37359,0.58647,0.779897,Warning
9,3.19563,0.0193298,0.755033,Warning
19,-2.16572,0.547063,1,Critical
8,0.000571454,0,0.617373,Normal
16,-0.161683,0.00678012,0,Normal
15,0.0736009,0.421869,0.672684,Normal
15,1.6897,0.372044,0.833452,Warning
9,0.0800364,0.454739,0.367288,Normal
12,-1.47029,0.247993,0.427692,Normal
11,-1.41704,0.774533,0.285478,Normal
15,0.674924,0.730745,0.230756,Normal
7,-0.23083,0.692308,0.401755,Normal
12,-0.598071,0.619308,0.462481,Normal
19,0.239072,0.466592,0.0755692,Normal
17,-0.583221,0.273218,0,Normal
20,-1.23616,0.422362,0.376522,Normal
15,-3,0.391143,0.631835,Warning
15,0.910646,0.423169,0.453105,Normal
13,-1.3596,0.645488,0.896822,Warning
8,-0.015625,1.20783,0,Normal
2,-0.155707,0.85622,0.217174,Normal
6,-0.511733,0.733796,0,Normal
3,0.362021,0.497894,0.26621,Normal
20,1.16918,1.07601,0.349374,Normal
13,-0.22835,1.63097,0,Normal
2,-0.15988,0.655376,0.368246,Normal
6,3.41405,0.631645,0.658644,Warning
6,-2.68809,1.09172,0.654938,Warning
7,0.644399,0.693522,0.320961,Normal
22,-0.765625,0.642385,0.122719,Normal
0,-0.883006,0.811807,0.191085,Normal
3,-0.463342,0.882673,0.136714,Normal
12,4.1394,0.187452,0.661068,Warning
9,-2.72013,1.02198,0.495881,Normal
21,0.616307,0.0874869,0.554159,Normal
1,0.494919,0.626016,0.539591,Normal
1,0.707017,0.517444,0.570562,Normal
0,1.84813,0.728929,0.535692,Normal
17,0.781816,0.748487,0.474789,Normal
20,0.299222,0.195268,0.512644,Normal
18,0.0309157,0.745312,0.22213,Normal
4,0.937501,1.07934,0.57786,Normal
13,-0.216736,1.32675,0.617461,Normal
1,-1.22294,0.835808,0.70751,Warning
12,-0.679235,0,0.384112,Normal
17,0.505231,0.819983,0.217512,Normal
11,3.37878,0.9347,1,Critical
17,-0.556207,0.278487,0.34897,Normal
13,-3,0.229746,0.344315,Normal
5,0.656883,0.245549,0.53428,Normal
21,-0.272207,0.590023,0.041712,Normal
12,-0.160116,1.09848,0.128107,Normal
12,-0.659938,0.260718,0.261837,Normal
23,0.890132,0.815853,0,Normal
11,2.4162,0.874556,0.521321,Normal
19,0.805965,1.1516,0.384788,Normal
18,-1.69801,0,0.885392,Warning
17,2.56287,0.0809159,0.313639,Normal
22,0.529205,0,0.39611,Normal
12,-0.0864196,1.13046,0.287568,Warning
6,0.389048,0.502838,0,Normal
10,-2.42041,0.360191,1,Critical
15,-1.05015,1.22545,0.836612,Warning
23,-0.550281,0.584516,0.368522,Normal
12,-0.197137,1.09951,0.0399751,Normal
9,-3,1.07452,0.553997,Normal
6,-0.556285,0.361048,0.282203,Normal
16,-0.0249608,0,0.100927,Normal
1,0.614493,0.664244,0.357628,Normal
15,-0.838645,0.613517,0.119271,Normal
10,-1.38631,0.993171,0.751052,Warning
8,1.07192,0.635171,0.978972,Warning
7,-3.6899,0.553016,1,Critical
11,-0.267739,0.102979,0.343926,Normal
7,-1.81801,0,0.737955,Warning
7,0.224759,0.280989,0.0222993,Normal
8,0.79381,0.873902,0.142416,Normal
1,0.88098,0.927997,0.505935,Normal
8,1.05965,0.958118,0.265539,Normal
4,2.2927,0.605711,0.940495,Critical
7,-0.499874,0.502326,0,Normal
19,1.88483,0.929366,0.71538,Warning
13,2.03108,0.211878,1,Critical
23,0.217696,0.800895,0.47378,Normal
3,1.1081,0.634142,1,Warning
2,2.36301,0.674126,0.887773,Warning
19,-0.468981,1.19495,0.808128,Warning
1,-0.440337,0,0.504645,Normal
9,0.997775,0.700211,0,Warning
14,0.208621,0.119089,0.200169,Normal
18,-0.0338145,1.19878,0.4568,Normal
5,-0.425418,0.292076,0.600964,Warning
3,2.20651,0.326805,0.641636,Warning
12,1.22678,0.406165,0.881801,Warning
6,0.95752,0,0.623617,Warning
8,0.000389309,0.549876,0.0567719,Normal
9,-2.10593,0.544832,0.497657,Normal
23,-2.8575,0.876256,0.812569,Warning
4,-1.14118,0.633286,1,Warning
23,-2.23546E-05,0.12069,0.193768,Normal
21,-2.86124,0.595989,0.724167,Warning
10,-1.16506,0.0265863,0.958726,Warning
0,0.23298,1.36689,0.222664,Normal
14,0.260599,0.295664,0.200622,Normal
9,-1.7715,1.27568,1,Critical
4,-2.57392,0.295826,1,Critical
14,0.395408,0.361205,0.142348,Warning
13,1.50722,0.260698,0.713839,Warning
1,-0.941055,0,0.0752982,Normal
0,-0.610048,1.19632,0.0488177,Normal
7,-1.26788,0.42751,0.562259,Normal
0,0.978279,0.263175,0.15189,Normal
17,2.3865,0.967696,0.886326,Warning
10,0.79684,0.830171,0.245183,Normal
7,-2.29631,0.0446502,0.837038,Warning
17,2.61434,1.02435,1,Critical
18,0.0262332,0,0.368065,Normal
9,2.29141,0.635504,0.63607,Warning
23,-1.46067,0.376115,0.574995,Normal
17,-0.561844,0.597527,0.251594,Normal
13,0.120371,0.571009,0.562102,Normal
22,-3,0.940385,0.634876,Warning
7,-0.254035,0.594161,0,Normal
5,1.24539,1.17039,0.599062,Normal
14,2.34213,0.0216966,0.859903,Warning
6,-1.56333,0.523003,0.798526,Warning
0,0.596,0.186811,0.262675,Normal
11,1.40923,0.728052,1,Critical
22,-2.69261,0.425316,0.866996,Warning
13,-1.55345,0.775754,0.583885,Normal
14,-2.44377,0.18681,0.760086,Warning
11,0.0361508,0.714991,0.0516221,Normal
1,0.345974,0.527284,0.415831,Normal
20,-1.93145,1.75157,0.521917,Normal
1,-1.40149,0.910342,0.300311,Normal
14,0.0296682,0.40099,0.0136139,Normal
9,2.82854,1.14847,0.735124,Warning
7,-1.04968,0.811911,0.432594,Normal
5,0.433643,0.359172,0.448348,Normal
13,-0.877902,0.793193,0.179995,Normal
11,3.11315,0.81423,0.789603,Warning
13,-2.14554,1.26657,0.609172,Warning
11,0.273435,0.724259,0.222203,Warning
4,1.19041,1.04997,0.922498,Warning
8,-0.0473327,1.00857,0.559057,Normal
14,0.00850631,0.269172,0.301221,Normal
7,3.45101,0,0.845401,Warning
4,-1.42667,0.370399,1,Critical
14,-0.304917,0.6656,0.380035,Normal
0,2.30243,0.599817,0.79161,Warning
7,3.38577,0.74087,0.709974,Warning
21,-0.02358,0.674415,0.236273,Normal
9,0.104979,1.03885,0.441043,Normal
21,0.172291,1.00092,0,Normal
18,0.126485,0.254763,0.208113,Normal
12,0.5339,0.557048,0.570266,Normal
15,0.31053,0.345787,0.545348,Normal
10,-0.131645,0.43665,0,Normal
3,1.9793,1.07903,0.7838,Warning
14,-0.389218,0.709684,0.243781,Normal
0,0.322225,0.286269,0.565999,Normal
22,-0.757366,0.992738,0.428742,Normal
14,1.22597,0.635978,0.769551,Warning
4,-0.666854,0.422293,0,Warning
6,0.0808944,0.845957,0.23307,Normal
10,-0.489788,0.884854,0.357276,Normal
10,-0.905502,0.182587,0,Normal
9,1.06818,0.363948,1,Warning
17,0.600793,1.15652,0,Normal
1,2.44679,0.317249,0.747154,Warning
4,-1.33436,0.671517,1,Critical
15,-0.293433,1.68104,0.222059,Normal
1,2.18596,0.104538,0.657834,Warning
1,-0.984623,0.491519,0,Normal
2,-4.27973,0.664917,0.989846,Critical
2,-0.447401,0.366529,0.179455,Normal
4,2.36137,0.555446,0.507329,Normal
14,1.03633,0.46905,0.287077,Normal
15,-2.83976,0.664083,0.630153,Warning
0,-0.621487,0.242889,0.00621066,Normal
14,0.177299,0.65129,0.542453,Warning
18,0.0812602,0.91534,0.164666,Normal
2,-1.27511,0.335381,1,Critical
22,2.19962,0.801663,0.713879,Warning
23,0.349293,0,0.225638,Normal
16,-2.63926,0.760216,0.749228,Warning
16,-0.364553,0.668732,0.189873,Normal
14,3.70186,0.493881,0.463273,Normal
0,0.60073,0.538241,0.497315,Normal
13,0.483507,0.683064,0.0338294,Normal
5,2.5915,0.394948,0.562352,Normal
22,3.65735,0.747417,0.99182,Warning
15,-1.48795,0.423419,0.601488,Warning
22,-1.36687,0.585767,1,Critical
0,0.576932,1.021,0.0794042,Normal
19,0.377297,0.510941,0,Normal
10,0.503562,1.28876,0.175749,Normal
0,-0.361128,0.780978,0.102436,Normal
10,-0.0183214,0.737323,0.257998,Normal
14,-0.539388,0.199973,0.471581,Normal
21,-0.51369,0.927841,0,Normal
18,0.662921,0.515527,0.0112757,Normal
5,-2.50422,0.697533,0.760969,Warning
0,0.588183,0.545674,0.462115,Normal
11,3.37204,0.707843,0.776974,Warning
10,0.444597,0.493657,0.564974,Normal
13,-2.53048,1.14882,0.984417,Critical
8,0.899841,0.72566,0.231545,Normal
10,0.845902,0.911132,0.454411,Normal
10,0.222992,1.22076,0,Normal
14,0.608563,1.35985,0,Normal
5,0.326859,0.853936,0.0018134,Normal
23,-0.321933,0.829908,0.467376,Normal
13,-0.0821854,0,0.750325,Normal
14,2.07837,0.483986,0.996566,Critical
2,-1.81086,0.713364,0.895958,Warning
7,0.62674,1.50898,0.182277,Normal
3,2.89063,0.575058,0.911553,Critical
19,-0.0990533,0.549875,0.620886,Normal
22,0.751411,0.82872,0.538078,Normal
8,-0.0469831,0.345978,0,Normal
17,0.294227,0.611799,0.166188,Normal
22,-3,1.30369,0.766839,Warning
11,2.50861,0.578338,0.858486,Warning
7,-0.636801,0.54521,0.263172,Normal
4,0.221891,0.835949,0.0497686,Normal
12,0.822484,0.286278,0.34168,Normal
14,-2.40629,0.207987,0.437296,Normal
19,-0.0632627,0.1984,0.391796,Normal
18,-1.66403,0.536246,0.575359,Normal
4,-2.46555,0.226346,0.363439,Normal
0,1.14985,0.295092,0.396442,Normal
11,-2.37969,1.53451,0.515375,Normal
4,-0.148943,0,0.465576,Normal
17,-0.42777,0.876408,0.122331,Normal
4,0.618695,0.576531,0.203716,Normal
16,1.04698,1.06524,0.740743,Warning
16,-2.17149,1.1487,0.962353,Critical
7,0.129222,0.742372,0.0811577,Warning
9,-0.675319,0.639494,0.178402,Normal
13,0.0959353,0.837658,0,Normal
11,-2.24087,0.387829,0.60771,Warning
2,0.301676,0.693315,0.511546,Warning
0,0.122517,1.08432,0.347323,Normal
22,-2.50074,0.302863,0.619114,Warning
19,1.69376,0.974988,0.949042,Warning
22,2.62121,0.0531479,0.748159,Warning
11,-0.137421,0.668193,0.379425,Normal
9,-1.2625,0.614538,0.445198,Normal
18,-0.759949,0.457787,0.744057,Warning
11,1.44933,1.23593,0.870237,Warning
10,2.82405,0.111027,0.754129,Warning
7,0.955628,0.404953,0.385691,Normal
1,0.246284,0.952732,0.0764903,Normal
18,-1.32921,0,1,Critical
20,-0.398264,0.527494,0,Normal
7,-0.345169,0.460517,0,Normal
18,0.119196,0,0.701117,Normal
8,-0.65551,1.67162,0.463752,Normal
21,-1.14908,0.374975,0.568853,Normal
11,0.976428,0.373281,0.302954,Normal
18,0.922653,0.229874,0,Normal
22,-0.639642,0.00503693,0.211777,Normal
20,-1.92367,0.640629,0.648003,Warning
19,0.288691,0.506916,0.1707,Normal
6,-0.456285,0.950884,0.0809313,Normal
21,1.1018,0,0.737255,Warning
8,0.474283,1.04361,0.238071,Normal
16,0.351765,0.859076,0.466791,Normal
3,-0.681018,0.742312,0.210954,Normal
1,0.473128,1.24858,0,Normal
4,-2.20037,0.428638,0.959314,Critical
10,2.51688,0.714305,0.695331,Warning
23,-0.286872,0.51516,0,Normal
2,-0.957223,0.330298,0.336069,Normal
14,-1.69387,0.747362,1,Critical
3,0.0112067,0.867778,0.228957,Normal
18,1.96511,0.811973,0.376121,Normal
22,-0.366739,0.458957,0.145764,Normal
17,0.943254,1.09954,0.527674,Normal
12,-1.22899,0.455852,0.913279,Critical
18,0.638668,0,0.229205,Normal
4,-0.473768,0.269534,0,Normal
3,0.702659,1.07774,0.272823,Normal
17,0.359506,0.730948,0.482066,Normal
8,2.13722,0.338291,0.7278,Warning
23,-0.941772,0.74436,0.350813,Normal
23,2.32684,0.55205,0.641442,Warning
15,0.565301,0.859356,0,Normal
6,-0.191035,0.378743,0.204756,Normal
10,0.192947,0.374617,0.475521,Normal
19,-0.5084,0.261074,0.620709,Warning
5,2.4536,0.533064,1,Critical
20,0.665713,0.579309,0,Normal
4,-3.4092,1.44681,0.947295,Critical
21,0.607179,0.762117,0.302613,Normal
10,-1.487,1.17557,0.521304,Warning
7,0.681537,0.913741,0,Warning
12,-0.0837552,0.900459,0.410711,Normal
16,0.475418,1.04324,0.295096,Normal
6,-0.436984,0.654593,0.334594,Normal
0,-1.78077,0.737094,0.914189,Critical
3,-0.436571,0,0,Warning
9,0.413189,0.617584,0.617319,Warning
11,-0.683787,0,0.192846,Normal
3,-3.45914,1.32877,0.827481,Warning
5,0.568792,0.768016,0.364542,Normal
2,-2.31171,1.08668,0.721031,Warning
11,0.704669,0.880347,0.0274342,Normal
7,-1.46675,0.858832,1,Critical
8,0.847322,0.838957,0,Normal
0,-1.9932,1.16294,0.89207,Warning
17,1.72997,0.67599,0.808904,Warning
18,-3,0.554995,1,Critical
20,-2.98688,1.04824,0.843748,Warning
10,-0.0816424,0.302142,0.330899,Normal
18,1.25476,0.398909,0.290576,Normal
7,-3.54615,1.13585,0.710419,Warning
15,0.732958,0.743054,0.0221747,Normal
1,0.721423,0.211976,0.0621471,Normal
7,1.2888,0.203485,0.904175,Critical
8,0.837111,0.906204,0.0151062,Normal
8,3.89483,1.43507,0.739417,Warning
17,0.459419,0.985014,0.09714,Normal
17,2.18674,0.589231,0.775484,Warning
22,-1.82008,0.231396,0.60612,Warning
17,-0.361996,0.150132,0.514765,Warning
17,-3,0.270971,0.704628,Warning
11,-0.0900851,0.605327,0.355387,Normal
15,0.567128,0.418697,0.388488,Normal
21,0.911004,0,0.375222,Normal
6,0.311125,1.21415,0.21266,Normal
5,2.12954,0.177479,0.389551,Normal
1,2.53325,0.898199,0.707991,Warning
14,-0.153583,1.62789,0.47139,Normal
15,-0.202096,0.687456,0,Normal
14,2.80359,0.990555,0.683627,Warning
18,-2.71566,0.135026,1,Critical
21,0.814043,0.53932,0.407465,Normal
21,3.33097,0.242978,0.225528,Normal
5,-0.683733,0.798611,0.0539706,Normal
15,-1.20548,1.11364,1,Critical
6,-0.908711,1.15646,0.635513,Warning
10,-0.132891,0.465551,0.0443653,Normal
1,-1.82438,1.1864,0.724602,Warning
2,-3.60197,0.621747,0.596345,Normal
0,-0.529244,0.611842,0.279435,Normal
11,2.02849,1.04358,0.345266,Normal
23,1.60797,0.182861,0.676131,Warning
18,0.176945,0,0,Normal
7,2.22406,1.19458,0.873356,Critical
18,-0.580618,0.864547,0.460682,Normal
6,0.319606,0.212665,0.398536,Normal
17,-0.350404,0.730463,0.0356938,Normal
3,0.0573693,0.818614,0.116371,Normal
12,-0.0423447,0.545976,0.435774,Normal
15,0.94192,0.734515,0,Normal
13,1.57219,0,0.601383,Warning
14,0.199577,0.972041,0.208833,Normal
0,1.43337,0.804852,0.969325,Critical
11,-0.217944,0.875583,0.221235,Normal
21,2.36106,0.349819,1,Critical
11,2.18372,0,1,Critical
23,0.230339,1.04089,0.13003,Normal
12,-1.34957,0.484225,0.585005,Normal
20,-0.450768,0.0907564,0.484509,Normal
1,-1.51756,0.145557,0.611454,Warning
8,2.4171,0.21124,0.815113,Warning
16,1.5895,0,0.473733,Normal
9,0.348665,0.57959,0.131766,Normal
21,2.5674,0.45301,0.630556,Warning
6,1.00018,0.125412,0.627896,Warning
5,2.44097,0.590181,0.81536,Warning
10,-0.330664,1.34531,0,Normal
14,-0.316702,0.68306,0,Normal
20,-2.29058,0.73622,0.832763,Warning
2,-0.830559,0.78397,0.251863,Normal
20,2.8925,0.715417,1,Critical
12,0.700275,0.120527,0.414558,Normal
22,2.4094,0.643772,0.474306,Normal
17,-2.05087,0.602367,0.136318,Normal
12,-0.113355,0.721175,0.274341,Normal
10,0.616607,0,0.239479,Normal
14,-3,0.862848,0.715168,Warning
13,0.38404,1.1197,0.735879,Normal
11,-0.0513914,1.16905,0.210642,Normal
19,2.95289,0.525927,0.304378,Normal
11,-1.39582,0.862416,1,Critical
5,-0.99327,0.637869,0,Normal
19,-0.0942735,0.0177028,0.0913939,Normal
13,2.38131,0.594524,0.615801,Warning
21,-3,0.709412,0.584174,Normal
14,0.274851,0.582567,0.406341,Normal
21,1.2082,0.962679,1,Critical
1,2.50213,0,0.466079,Normal
3,-3.01605,0.125327,0.970846,Critical
5,-2.69156,0.72895,0.635601,Warning
17,0.820886,0,0.167609,Normal
20,-0.400693,1.67665,0,Normal
1,1.00546,0.435065,0.806062,Warning
8,1.35103,0.253256,0.697727,Warning
7,-0.2267,0.582898,0.107892,Normal
23,-2.26044,0.293829,0.902848,Critical
10,-0.458494,0.98912,0,Normal
21,0.740765,0.0199349,0.257217,Normal
5,-1.03383,0.3568,0.62768,Warning
5,-2.53232,0.826937,1,Critical
6,-0.211364,0.108124,0,Normal
0,-0.437331,0.407632,0.0495122,Normal
7,0.650814,0.397292,0.180552,Normal
6,-1.04705,0.585894,0.906813,Warning
10,-0.554277,0,0,Normal
2,1.81896,0.723468,0.92473,Critical
21,-2.35392,0.757644,1,Critical
16,-1.64713,0.633421,0.778361,Warning
16,-0.0637599,0.668394,0.043493,Normal
14,-0.761283,0.838063,0.23666,Normal
0,-0.466948,0.412441,0.409516,Normal
0,-2.00317,0,0.709664,Warning
9,0.015912,0.560284,0.121261,Normal
2,0.373827,0.401738,0.255037,Normal
3,1.20872,0.0122671,0.655004,Warning
6,4.21699,1.01858,1,Critical
2,-1.00846,0.47425,1,Warning
15,-2.49405,0.850271,0.824597,Warning
15,0.963759,0.804101,0.57617,Normal
12,-0.190513,1.04816,0.34086,Normal
9,-0.0189247,0.939237,0.0196614,Normal
20,0.362608,0.598053,0.149343,Normal
12,-2.5699,0.606972,0.569101,Normal
13,-0.644335,0.814822,0.551762,Normal
7,-0.633767,0.920626,0.428699,Normal
11,0.866938,0.190604,0.302293,Normal
13,1.70799,0.198639,0.857678,Warning
2,2.07365,0.412794,0.785773,Warning
16,0.118584,0.176079,0.310259,Normal
19,-0.00697658,1.29958,0.113108,Normal
1,-0.0548964,0.476943,0.340777,Normal
2,0.493085,0.546194,0.0325256,Normal
3,0.346868,0.0534901,0.236431,Warning
13,-2.3567,0.665338,0.742646,Warning
3,0.201221,0.51194,0.024811,Normal
18,1.9409,0.428695,0.997409,Critical
15,2.7206,0.486884,0.690687,Warning
14,-2.28562,0.640163,0.693574,Warning
21,-0.496812,0.938439,0.104362,Normal
23,2.89292,0.495353,0.521682,Normal
5,1.09,1.37934,0.954014,Warning
18,-0.489286,0.722347,0,Normal
8,0.580972,0.284848,0.465984,Normal
13,-0.213179,0.845371,0.169464,Normal
14,0.0608724,0.96329,0.465422,Normal
15,-3,0.133561,1,Warning
10,-0.649255,0.138133,0.23665,Normal
5,0.700207,1.10092,0,Normal
1,-0.163276,0.150055,0.267986,Normal
21,0.0970513,0.4366,0.220407,Normal
5,1.09337,0.815573,0.920114,Warning
17,0.145598,0.333384,0.128762,Normal
8,-0.296072,0.549192,0.444537,Normal
19,-1.5801,1.09712,0.687711,Warning
16,4.21963,0.256236,0.708718,Warning
0,-1.06075,0,1,Warning
23,-0.376845,0.550703,0.00367116,Normal
12,0.972649,0.642971,0.404872,Normal
16,-0.0710565,0.374761,0.571008,Normal
6,-3.92125,0.864917,0.594261,Warning
9,2.18737,1.02983,0.739733,Warning
5,-3.15853,0,0.834437,Warning
13,-1.09384,0.737579,1,Warning
19,1.62074,0,0.673919,Warning
12,-0.0999952,0.972338,0.214634,Normal
3,-0.151167,0.0675256,0.297905,Normal
18,0.649289,0.681611,0.55913,Normal
13,1.80981,0.812867,1,Critical
21,-1.0902,0.810958,0.437875,Normal
20,0.187587,0.575164,0,Normal
9,0.148932,0.699156,0.292857,Normal
2,0.365937,0.446581,0,Normal
20,-0.960616,0.62042,0.266709,Normal
6,1.99178,0,0.511947,Normal
13,-1.50458,0.874966,0.693871,Warning
5,0.732808,0.700727,0.324978,Normal
1,0.222249,0.815638,0.478668,Normal
20,-0.142538,0.355077,0.147031,Normal
20,-0.162438,0,0.155679,Normal
5,-0.237098,0.401694,0.218312,Normal
15,-0.0825478,1.13152,0,Normal
0,-0.383039,0,0.187583,Normal
20,0.324286,1.05786,0.491608,Normal
23,-0.850773,0.603734,0.215232,Normal
0,1.66421,0.666403,1,Critical
1,-1.49442,1.62675,0.978035,Critical
23,-0.112842,0.641772,0.520769,Normal
23,-0.428914,0.715112,0.226395,Normal
12,0.945097,0.699343,0,Normal
1,-0.846559,0.612151,0.0436505,Normal
16,-0.862629,0,0.526623,Normal
1,3.22428,1.34253,0.821188,Warning
6,2.54118,0.992206,0.796023,Warning
2,0.298879,0.599451,0.146817,Normal
7,-0.518436,0.760206,0.255492,Normal
21,2.05071,0.160477,0.376867,Normal
6,-3.53832,0.313742,1,Critical
7,0.103829,0.0749582,0.320667,Normal
17,2.29384,0.886277,0.711823,Warning
2,0.51273,0.387084,0.114377,Normal
16,-2.26218,0.330189,0.795971,Warning
13,-1.13956,0.370868,0.721066,Warning
18,-0.932516,0.551664,0.112709,Normal
4,0.810788,0.18307,0.729845,Warning
2,-1.72609,0.501239,0.65025,Normal
2,-0.0773333,0.512418,0.061531,Normal
22,2.25193,0.577079,0.567137,Normal
4,-0.37022,0,0,Normal
5,-1.80735,0.0849688,0.68574,Warning
23,-0.564039,1.35512,0.399475,Warning
15,-2.77852,0.0454454,1,Critical
21,-2.75556,0.830652,0.339956,Normal
15,-1.0523,0.263826,0.699623,Warning
3,-0.111808,0.904296,0.404196,Normal
14,0.833583,0.580407,0.617754,Warning
3,3.03149,0.955121,1,Critical
13,2.34611,0,1,Critical
11,0.384221,0.724581,0.55493,Normal
21,-0.304265,0.473239,0.419349,Normal
12,0.928459,1.08868,0.499948,Normal
22,0.183628,0.355341,0.126039,Normal
9,2.52287,0.767256,0.755866,Warning
19,0.0915373,0.775426,0.290998,Normal
7,-0.0222786,0.202449,0.348451,Normal
2,-2.37539,1.00963,0.283644,Normal
0,-2.02467,0.644336,1,Critical
18,-2.57859,0.362981,0.657673,Warning
18,-0.379871,0.353462,0.47303,Normal
13,3.10163,1.02357,0.832836,Warning
20,0.841407,0.892497,0.765667,Warning
9,1.11011,1.10386,0.643473,Warning
20,0.707195,0.315282,0,Normal
12,2.71714,0.829407,0.718754,Warning
1,0.856282,0.266991,0,Normal
16,0.210219,0.337933,0.457269,Normal
4,3.27733,0.404673,0.278496,Normal
22,-0.754204,0.262849,0.138265,Normal
11,1.12207,0.847994,1,Warning
3,1.2503,0.760104,0.727749,Warning
1,0.608608,0.846302,0.323749,Normal
1,-1.06544,0.580371,0.910244,Warning
14,-0.824878,1.35766,0.274028,Normal
18,-0.383043,0.675868,0.0816984,Normal
0,-0.267276,0.527115,0,Normal
16,1.11509,0.125392,0.531159,Normal
15,2.81344,0,0.343487,Normal
8,-2.55757,0.47979,0.868468,Warning
19,1.32213,0.787269,0.484911,Normal
19,0.670781,0.805764,0,Normal
3,-0.293367,0,0.122633,Normal
10,0.508122,0,0,Normal
23,-0.477279,0.547901,0.669885,Warning
8,0.533534,0.0472852,0.340811,Normal
22,-1.31748,0.103022,0.60977,Warning
19,2.88727,0.548964,1,Critical
10,-1.04395,0.5158,1,Warning
18,-2.68079,0.712499,0.598145,Normal
4,1.62512,0.58513,0.938411,Critical
6,0.215064,0.670161,0.229669,Normal
18,0.0445223,1.49081,0,Normal
13,0.133412,0,0.284717,Normal
16,2.67286,0.258956,1,Critical
22,-3,0.355622,0.799308,Warning
18,0.620364,1.06965,0.2753,Normal
2,-1.77421,0.00720806,0.590351,Normal
20,-2.62855,0.0378292,0.672333,Warning
9,-0.240065,0.834665,0.614463,Normal
15,-0.731184,0.776677,0.200428,Normal
9,0.859369,0,0.420441,Normal
8,-2.77924,1.32032,0.936736,Critical
7,-2.57371,0.687544,1,Critical
20,0.744293,1.22947,0.217017,Normal
22,0.734461,0.126097,0.61477,Warning
9,-3,0.921029,0.93869,Critical
9,-0.653868,1.34835,0.299577,Warning
2,-0.865448,1.37085,0,Normal
5,-0.383534,0,0.401568,Normal
3,0.139402,0.495288,0.021976,Normal
2,-1.5494,0.879741,1,Critical
22,-1.16007,0.60478,0.235083,Normal
11,0.557297,0.22051,0.465358,Normal
18,0.352636,0.352288,0,Normal
4,-0.152726,0,0.466657,Normal
5,0.0399733,1.05533,0.371953,Normal
4,0.33718,0.174837,0.694232,Normal
12,-0.829369,0.298969,0.118304,Normal
9,3.2249,1.01194,0.817367,Warning
9,0.743065,1.11885,0.0217934,Normal
21,-0.775972,0.672555,0.2784,Normal
10,-0.132895,0.968659,0.327448,Normal
4,0.581505,0.545252,0.60004,Warning
6,-0.0575846,0,0.0453545,Normal
1,0.270751,0.114334,0.685426,Normal
0,-0.939104,0.216426,0.146231,Normal
18,-2.12156,0.351361,0.755388,Warning
5,-0.59965,1.08283,0.149321,Normal
21,-0.981554,0,0.373395,Normal
10,3.40786,0.551574,0.846628,Warning
12,2.42549,1.59765,0.629101,Warning
0,-0.0784608,0.897567,0.0993229,Normal
1,-4.29727,0.374265,0.480149,Warning
2,-1.14125,0.742924,1,Warning
2,-0.6918,0.449552,0.32302,Normal
14,1.50847,0.112141,0.804038,Warning
14,-3,0.648769,0.676114,Warning
17,3.46737,0.850779,0.806891,Warning
3,-0.846813,0.436971,0.334593,Normal
19,2.85077,0.418806,0.907195,Critical
11,-2.61979,0.0231616,0.0874347,Normal
16,1.1773,1.1074,0.703305,Warning
16,-3,0.756397,0.907861,Critical
9,-0.774306,0.890349,0.199698,Normal
19,0.466147,0.240092,0.183359,Normal
7,-0.220246,0.9282,0.747034,Normal
18,2.08748,0.328401,1,Critical
21,-2.39388,0.920089,0.705252,Warning
1,-1.91763,1.17732,0.779386,Warning
14,-2.31176,0.257035,0.573575,Normal
10,-0.267482,0.196717,0.229736,Normal
20,0.876926,0,0.373451,Normal
12,0.396841,0.70605,0.123992,Normal
3,0.192061,0.468478,0.25277,Normal
13,1.5448,0.464176,1,Warning
3,-3.08239,0,0.605889,Warning
19,0.667998,0.796729,0,Normal
12,2.14174,0.662206,0.651756,Warning
14,-0.355406,0.837765,0.381427,Normal
17,0.618319,0.795259,0.263876,Normal
11,-3,0.337284,0.905115,Critical
21,0.0449066,1.10742,0.627965,Normal
17,2.47732,0.720625,0.705868,Warning
9,0.11294,0.443709,0.469682,Normal
0,1.03713,0.186973,1,Warning
19,-2.35357,0.242708,0.583448,Normal
7,1.32032,0.636738,0.32499,Normal
13,1.46624,0.473591,0.901845,Critical
20,2.9075,0.256871,0.732152,Warning
14,0.223395,0.772634,0.602705,Normal
16,1.09345,0.970515,0.81278,Warning
6,2.10617,0.893189,0.919553,Critical
13,-1.89577,0.478724,0.434921,Normal
4,-2.75816,0.280101,0.802684,Warning
17,-2.39877,1.23533,0.80437,Warning
11,0.397474,0.334266,0.175542,Normal
6,-0.501863,0.455347,0,Normal
4,2.44997,0.942021,0.706694,Warning
7,2.45719,1.18079,0.314355,Normal
6,-0.10464,0.885386,0.321314,Normal
6,-2.13858,1.14065,0.724252,Warning
14,1.24609,1.03928,0.279696,Normal
20,0.313551,0,0.0968774,Normal
19,-1.64766,0.542291,0.592198,Normal
0,-0.111424,0.596897,0.595338,Normal
19,0.196022,0.879582,0.260503,Normal
10,2.55846,0.0400268,0.818216,Warning
2,3.23883,0.94993,1,Critical
8,-1.05996,0.310974,0.696153,Warning
15,1.68727,0.786827,0.24834,Normal
2,0.413379,0,0.453309,Normal
23,0.995529,0.669849,0.382141,Normal
17,-0.659418,0.130107,0,Normal
12,-1.03315,0.576526,1,Warning
14,1.39831,0.709397,0.671388,Warning
2,0.285795,0,0.188207,Warning
18,0.911078,0.571048,0,Normal
9,0.670153,0.367533,0.0960121,Normal
18,2.56137,1.25854,0.768345,Warning
18,0.73963,0.237433,0,Normal
5,-0.21862,0,0,Normal
16,-0.641883,0.212791,0,Normal
11,0.0419037,0.521703,0.546383,Normal
1,0.444744,0.417411,0.0895915,Normal
12,-2.71199,0.363783,0.821467,Warning
22,-0.151812,0.697887,0.23359,Normal
12,-3,0.454227,0.863042,Warning
17,2.18692,0.20584,0.64307,Warning
16,2.13766,0.125532,1,Critical
8,1.3148,1.21153,0.915623,Critical
14,-0.275879,0.672601,0.0974733,Normal
6,2.39828,0.960058,0.757985,Warning
23,0.956419,1.06709,0,Normal
22,0.89729,0.24803,0.324566,Normal
14,-3,0.114836,0.679645,Warning
19,0.507568,0.623645,0.313363,Normal
9,-0.590788,0.357421,0.0593283,Normal
7,-0.0430435,0.525646,0,Normal
10,0.248669,0.282972,0.262978,Normal
8,0.500206,0.911059,0.291475,Normal
8,2.83506,0.624166,0.641133,Warning
0,0.570631,0,0.894691,Warning
20,0.0399068,0.54254,0,Normal
3,1.21744,0.916881,0.668632,Warning
18,2.58657,0.776662,0.910262,Critical
7,-3.94236,0.525748,0.861658,Warning
4,-3.05164,0.504014,0.015017,Normal
8,-0.705314,0.363452,0,Normal
10,0.456136,0.380445,0.156933,Normal
3,-0.677659,0.0187884,0.0310826,Normal
7,0.350334,0.475464,0.429231,Normal
22,-0.165397,0.786568,0.255894,Normal
15,2.41654,1.24149,0.530714,Normal
19,-0.677732,0.378717,0.643221,Warning
3,0.762675,0.857261,0.373993,Normal
22,-1.55146,1.00372,0.634564,Warning
6,0.305124,0.906499,0.57139,Normal
2,0.015715,0.424197,0.17107,Normal
6,0.121987,0.40455,0,Normal
2,1.6941,1.01961,0.602797,Warning
1,0.378367,0.504146,0.274754,Normal
0,-0.310867,0.651649,0.33207,Normal
11,-0.294129,0.653043,0.477718,Normal
9,-0.0684539,0.461883,0.408289,Normal
10,2.50058,0.849411,0.768132,Warning
13,2.95378,0.950123,1,Critical
4,-0.063167,1.67508,0.138276,Normal
14,1.43606,1.21777,1,Warning
12,0.312524,0,0.221272,Normal
14,0.585817,0,0.459831,Normal
18,0.214335,0.287927,0,Normal
15,0.608377,1.12881,0.408937,Normal
18,0.0323801,0.313814,0,Warning
11,-2.06217,0.399202,0.468261,Normal
6,-0.323755,1.03401,0.174413,Normal
21,3.13554,0.468912,0.811972,Warning
13,-0.180988,0.674781,0.513059,Normal
8,0.166115,1.00984,0.323596,Normal
15,-0.438103,0.780314,0.350407,Warning
19,-0.0832423,0.256162,0,Normal
9,2.29594,0.988294,0.782728,Warning
13,-0.188596,0,0.155282,Normal
17,0.775133,0.679336,0.0971316,Normal
3,-1.79595,1.3788,1,Critical
16,-0.223881,1.03606,0.17212,Normal
13,2.11558,1.53507,0.895294,Warning
19,-0.428856,0.856079,0.324786,Normal
5,-0.791164,0.865641,0,Normal
3,-0.922515,0.307746,0.294584,Normal
4,0.676484,0.211932,0.730381,Warning
18,2.02158,0.499984,0.693973,Normal
22,0.63914,0.831666,0.00212445,Normal
23,0.0165816,0.187528,0.595751,Normal
0,-0.675876,1.0205,0.132868,Normal
22,2.8169,0.662704,0.230527,Normal
14,0.600043,0.0312621,0.164281,Normal
18,-0.208484,1.21087,0.263585,Normal
11,0.10765,0.505146,0.437107,Normal
19,0.594845,0.341455,0.324047,Normal
6,-1.83665,0.905468,0.631555,Warning
2,1.41066,0.479617,1,Critical
14,3.14748,0.421557,0.422009,Normal
11,2.36783,1.46586,0.941169,Critical
9,0.702518,0.482422,0.246969,Normal
10,-3,0.655195,0.753758,Warning
5,1.43486,0.807214,0.94914,Critical
4,2.72309,0.800546,0.813043,Warning
22,0.406981,0.169484,0,Normal
0,0.238391,0.28421,0.34304,Normal
5,1.92445,0.180201,0.785882,Warning
9,3.23161,0.576364,0.805962,Warning
0,0.567964,0.146325,0.334536,Warning
9,-2.17019,0.820756,0.641471,Warning
9,-1.80986,0.530245,1,Critical
19,-0.0440202,0.610336,0.462346,Normal
8,-0.11954,0.500244,0.0907085,Normal
3,0.772133,1.00557,0.232619,Normal
11,-0.736689,0.813729,0.312036,Normal
15,-0.663359,0.537306,0.558013,Normal
14,-0.266855,0.29775,0.356793,Normal
13,-0.22043,0.61166,0.191124,Normal
23,-0.556463,1.09694,0.185354,Normal
12,-2.39635,0,0.565575,Normal
21,1.53732,1.07212,0.438742,Normal
4,0.499294,0.874702,0.419445,Normal
0,-1.20696,1.31825,0.69011,Warning
14,1.14683,0.712174,0.800925,Warning
4,2.44102,0.26015,0.906074,Critical
2,2.53679,0.654406,0.455857,Normal
19,1.60465,0.160631,0.425379,Normal
7,1.11666,0.613467,0.708205,Warning
17,-0.666587,0.449652,0.165651,Normal
14,0.531828,0.545926,0,Normal
4,-0.104709,0.833178,0,Normal
23,0.924222,0.317669,0.332839,Normal
11,2.30407,0.672011,0.535253,Normal
12,-2.80433,0.930083,0.927261,Critical
2,-0.846153,0.256919,0.458674,Normal
10,-0.179746,0.240436,0.101654,Normal
15,1.49241,0.588508,1,Critical
17,-2.32857,0.794314,0.772841,Warning
20,0.617944,0.473151,0.186576,Normal
7,-2.70317,0.966679,0.642007,Warning
10,0.919745,0.717591,0.060279,Normal
13,2.46397,0.732763,0.699702,Warning
20,-3,0.178483,1,Critical
7,-0.196169,0.419417,0.580005,Normal
6,4.43035,0.187025,0.994657,Critical
17,-1.98799,0.239396,1,Critical
7,0.0916917,1.48089,0,Normal
0,1.04638,0.521278,1,Warning
10,0.47514,0.854282,0.343846,Normal
3,0.948817,0.623455,0.475566,Normal
20,-1.91808,0.234596,0.827741,Warning
10,0.420544,0.0105658,0.338603,Normal
9,-0.700331,0.224846,0.112331,Normal
22,0.0159611,0.328395,0.150869,Normal
4,-1.4281,0.436923,0.600533,Warning
23,-0.650984,0.144654,0.435792,Normal
14,-1.79258,1.40826,0.846403,Warning
16,-1.90562,0,0.622163,Warning
18,-0.425118,0.886523,0.428134,Normal
13,0.399032,0.352776,0.385195,Normal
18,3.12749,0.663147,0.415929,Normal
12,-0.0565991,0.358525,0.266345,Normal
6,-0.204767,0.225624,0.644096,Normal
12,0.447223,0.112406,0.366544,Normal
20,-0.458268,0.756248,0.592006,Normal
7,-0.215026,0.740937,0.814181,Normal
21,2.61302,0.447975,0.605701,Warning
20,0.259679,0.698343,0.325594,Normal
11,-0.231062,0.853292,0.0712377,Normal
5,-0.281893,0.514566,0.00391681,Normal
6,-2.37122,1.11635,1,Critical
16,-0.0921654,0.788837,0,Normal
19,-0.62015,0.682166,0,Normal
4,0.625004,0,0.338922,Normal
9,3.83283,0.396209,0.708508,Warning
12,1.05616,1.04111,0.920434,Warning
15,2.32615,0.815084,1,Critical
4,-0.613913,0.167421,0.173464,Normal
22,3.0775,1.34966,0.762158,Warning
2,1.80734,0.337454,1,Critical
5,-2.59941,0.454865,0.693467,Warning
12,-1.65057,0.46507,1,Critical
18,0.678515,0.672948,0.0309124,Normal
10,-0.97858,0.852078,0.000469654,Normal
14,2.89928,0.355539,0.5039,Normal
11,3.23719,0.86479,1,Critical
2,-0.0382808,0.416878,0.46479,Normal
22,-0.59849,0.558157,0.275696,Normal
3,-1.09891,1.07268,0.346675,Normal
15,-1.03797,0.615421,0.615856,Warning
3,0.0319586,1.13718,0.29596,Normal
13,2.77704,0.30512,0.541395,Normal
6,-0.093771,0.942964,0,Normal
4,2.8244,0.687909,0.578996,Normal
22,1.00071,1.22855,0.625983,Warning
21,-0.0920612,0,0.468935,Normal
0,-1.53129,0.211737,0.629153,Warning
2,-0.454128,0,0,Normal
22,-1.36721,1.1223,0.997194,Critical
3,1.9698,0,1,Critical
7,-0.610139,0.334412,0.153544,Normal
14,2.9273,0.976877,0.911929,Critical
22,-3,0.975129,0.803046,Warning
15,-1.17927,0.391459,0.542515,Normal
6,0.616535,0.283453,0.204049,Normal
2,-1.95287,0.400028,0.87316,Warning
12,1.34155,0.501123,0.564785,Normal
23,-0.844874,0.905957,0.166715,Normal
3,2.17515,0.574692,1,Critical
8,-0.501211,0.564403,0.0920135,Normal
5,0.593753,0.0111301,0.351748,Normal
18,-3,0.938757,0.860079,Warning
5,-0.497819,0.557609,0.0098367,Normal
3,-0.965535,0.444672,0.481629,Normal
13,-0.172293,1.0115,0.192162,Normal
21,-0.526432,0.712829,0.444471,Normal
9,0.802116,0.124215,0,Normal
18,1.10918,1.33211,0.576455,Normal
4,1.12094,1.29243,0.552187,Normal
13,2.9881,0,0.710049,Warning
5,1.93763,0.856543,0.876672,Warning
6,0.375393,0.620504,0.0248428,Normal
23,0.336599,0.639542,0.235078,Normal
16,-0.181781,0.621127,0.24998,Normal
7,-3.33145,0.609158,1,Critical
10,1.42119,1.10039,0.660248,Warning
23,1.4818,1.35249,1,Critical
13,-0.546167,0.669131,0.187864,Normal
12,-2.65426,0.563223,1,Critical
6,-3.00051,0,0.613258,Warning
18,-0.15143,0.489789,0.230107,Normal
1,-1.1423,0.576985,0.857386,Warning
9,-0.819328,0.120074,0.107713,Normal
19,0.613998,0.787366,0.217759,Normal
19,0.254471,0.96733,0.330119,Normal
8,0.532268,0.605294,0.400744,Normal
17,4.45259,0.979602,0.699847,Warning
1,0.573706,0,0.203975,Normal
16,-2.20452,1.13189,0.896743,Warning
8,-2.30419,0.274068,0.630863,Warning
2,-0.467631,0,0.404584,Normal
8,0.233197,1.28884,0.53826,Warning
18,-0.705022,0.413432,0.636985,Warning
15,1.22015,0.552478,0.902231,Critical
15,0.203952,1.54165,0.108843,Normal
3,-0.380628,0.754601,0.224195,Normal
20,-1.18774,0.635833,0.682733,Warning
8,2.80969,0.74024,0.36216,Normal
13,2.50426,0.798505,0.866648,Warning
21,-0.197345,0.353928,0.63392,Normal
10,-1.22472,0.837589,0.811992,Warning
0,-1.81279,0.215923,0.844077,Critical
20,-0.87002,0.745069,0.605562,Warning
22,2.15545,0.591179,1,Critical
14,-2.05245,1.15052,0.549397,Normal
7,0.769308,0,0.226878,Normal
7,-0.827976,0,0,Normal
10,-0.238652,0.522826,0.0992802,Normal
18,1.34213,0.488102,0.717916,Warning
20,2.20905,0.985157,1,Critical
12,0.303704,0.745167,0.402304,Normal
12,1.04502,0.698302,0.698281,Warning
22,-0.102893,0.0674879,0.729662,Normal
4,-2.5598,0.214243,0.707575,Warning
1,-2.71611,0.888259,0.629887,Warning
23,-1.92569,0.58785,0.707996,Warning
18,1.99779,0,0.988381,Critical
11,-0.300454,0.593474,0.245541,Normal
19,0.0799898,0.763883,0,Normal
3,-0.276452,0.367531,0.198665,Normal
5,0.0197203,0.187754,0.108383,Warning
5,-0.260451,0,0.501923,Normal
2,0.0159606,0.833597,0.345063,Normal
19,2.58026,0.41636,0.577883,Normal
4,-0.300437,1.2071,0.272987,Normal
20,-2.59438,0,0.439491,Normal
12,-0.637892,0.405202,0.409737,Normal
7,1.14982,0.171012,1,Warning
3,-1.25525,1.41244,1,Critical
3,2.34764,0.730107,0.722624,Warning
9,-0.696642,1.19548,0.0108877,Normal
14,-0.0363779,0.513949,0,Normal
14,-0.0192463,0.496145,0.0733119,Normal
19,0.837557,0,0.192006,Normal
7,0.0113716,1.4596,0.334937,Normal
16,0.47417,1.00796,0.222581,Normal
19,-1.21943,0.120476,0.488348,Normal
22,-2.3979,0.122862,0.674706,Warning
17,0.106135,0.465117,0.354351,Warning
7,-0.410846,1.16587,0,Normal
13,-1.31131,0,0.832771,Critical
14,0.35884,0.648971,0.64811,Normal
3,-3.08449,0.806204,0.649743,Warning
12,0.833349,0.337936,0.195667,Normal
23,0.807731,0.615307,0.461833,Normal
1,2.79732,0.306737,0.828428,Warning
13,-0.14472,0,0.625331,Normal
15,0.294804,1.14808,0,Normal
20,0.362798,0.518516,0.413507,Normal
15,0.77898,0.980049,0,Normal
20,-1.90489,0.478417,0.57536,Normal
14,0.617565,0.742862,0,Normal
22,-1.02034,0.366882,0.81194,Warning
1,0.141147,0.662181,0.321575,Normal
6,-2.06669,0.380673,1,Critical
11,1.41926,0.42768,0.884292,Warning
21,0.3129,0.932746,0.587232,Normal
18,-0.750512,0.411097,0.109332,Normal
20,0.232565,0.536279,0.425637,Normal
19,1.42906,0.405737,0.522048,Normal
20,2.66312,0.822812,0.783522,Warning
1,-1.30796,0.681339,0.630123,Warning
1,-2.82954,0.208784,0.647947,Warning
0,-2.38881,0.678873,0.574907,Normal
5,-1.73392,0.0120499,0.828038,Warning
16,0.805856,1.6712,0.301816,Normal
0,0.644236,0.836821,0.37327,Normal
16,0.00563857,1.12254,0.129244,Normal
1,-1.05793,0.822007,0.465515,Normal
5,-1.19049,0.633634,0.338088,Normal
22,0.891095,0.211577,0.325385,Normal
8,-1.078,0.162449,0.541406,Normal
8,1.577,0.685565,0.86009,Warning
6,2.34653,0.561799,0.729912,Warning
7,0.51487,0.169887,0.365427,Normal
17,0.336468,0.656534,0.344849,Normal
21,-2.98469,0.953271,1,Critical
20,0.337423,0.65587,0.12009,Normal
4,0.172768,0.114906,0.575025,Normal
13,-1.94635,1.02741,0.771148,Warning
16,1.76895,0.891712,0.558802,Normal
4,1.71032,0.166369,0.746569,Warning
7,-0.66266,0.589287,0.275861,Normal
13,0.383301,0.852255,0.0211547,Normal
19,-0.280912,0.295358,0,Normal
4,0.625418,0.228595,0.353074,Normal
19,0.303789,0.0650976,0.401298,Normal
11,-0.931693,0.635784,0,Normal
22,-2.83687,0.496286,0.583883,Normal
17,2.66314,0.753435,0.86141,Warning
14,-1.10303,0.905676,0.707516,Warning
11,0.820504,0,0.368552,Normal
7,-3.08325,1.15512,0.699123,Warning
19,-3,0.388921,0.507899,Normal
12,-3,0.394449,0.733994,Warning
4,-0.00153481,0,0.0640459,Normal
18,-0.303119,0.0410642,0.592539,Normal
9,-2.0104,0.869229,0.721822,Warning
13,0.679553,0.70682,0.257115,Warning
5,0.856767,0.669418,0.314051,Warning
4,-1.01923,0.65391,1,Warning
2,0.313772,0.283251,0.173676,Normal
1,-0.140582,0.199361,0.101709,Normal
17,-0.225813,0.758483,0.330082,Normal
15,0.300014,0.648102,0.578079,Normal
16,0.423698,0.634753,0.398499,Normal
0,0.382714,0.254938,0.487735,Normal
19,-3,1.04074,1,Critical
19,1.76009,0.727995,0.612928,Critical
10,0.358747,0.590559,0.0168248,Normal
7,4.17083,0.824825,0.716098,Warning
1,-1.36278,0.860328,0.962309,Warning
19,-0.101969,0.953411,0.404668,Normal
7,0.01575,1.28394,0.431951,Normal
16,0.964729,1.17041,0.00232529,Normal
9,-0.485469,0.242627,0,Normal
17,-0.0133352,0,0,Normal
12,-0.375948,1.07422,0,Normal
10,-0.372986,0.659256,0.346708,Normal
8,2.44239,0.903086,1,Critical
20,1.24059,0.47967,0.898274,Warning
21,0.510477,0.924188,0.310493,Normal
10,3.00023,0.506355,0.547356,Warning
3,0.684218,0.820071,0.523589,Normal
16,0.86044,0,0.204985,Normal
11,2.12675,0,1,Critical
12,-1.6881,0.237155,0.278517,Normal
15,-1.32363,0.92978,0.972552,Critical
10,0.281547,0.804862,0.281258,Normal
22,0.377656,0.687247,0.0274153,Normal
10,1.24215,0.391421,1,Critical
4,-3.73184,0.437366,0.563754,Warning
23,1.06132,0.512963,0.714631,Warning
7,0.89142,0.716915,0.233743,Normal
2,3.46554,0.332235,0.383478,Normal
5,-0.591445,0.459632,0.270543,Normal
7,0.181244,1.0052,0.394134,Normal
9,0.232432,0.663372,0.106604,Normal
12,-0.98418,0.195139,0,Normal
23,0.838247,0.641412,0.175365,Normal
2,-0.397402,0.401992,0,Normal
18,0.56727,0,0.504861,Normal
9,0.192761,1.16218,0,Normal
11,0.544158,0.505883,0.390828,Normal
13,0.535469,0.365758,0,Normal
18,-0.4888,0,0.244709,Normal
5,0.60425,1.12224,0.515885,Normal
20,-0.82959,1.24417,0.211516,Normal
10,-2.92847,0.440605,0.763797,Warning
18,-0.257524,0.4305,0.64511,Normal
22,-0.350422,0.945265,0.326034,Normal
7,0.235364,0.307673,0.110897,Normal
4,1.33001,1.22983,0.416172,Normal
18,-0.130964,0.775039,0.183777,Normal
18,-0.749979,0.313371,0.329242,Normal
18,2.50693,1.01563,0.847914,Warning
23,1.03749,1.13868,0.736652,Warning
19,0.170554,0.722458,0.375324,Normal
8,0.65744,0.481669,0.136048,Normal
21,-1.47595,0.439188,1,Critical
17,-3,0.821348,1,Critical
22,0.0123193,0.960943,0.260646,Normal
14,-0.527538,1.05145,0.649872,Warning
19,2.93897,0.464073,0.81847,Warning
0,-0.393603,0.268186,0.290783,Warning
9,-1.21996,0.720612,0.974404,Critical
0,-0.364559,0.565617,0.633826,Normal
22,0.287059,0.343858,0,Normal
8,-0.386033,1.0066,0.555998,Normal
12,-3,0.544365,0.300299,Normal
7,-0.413185,1.16137,0,Normal
17,0.332289,0.490125,0,Normal
4,-0.144457,0.478128,0,Normal
22,-0.421655,1.88357,0.279419,Normal
1,1.90341,0.884416,0.83903,Warning
23,2.21081,0,0.431907,Normal
5,2.70737,0.823928,0.95416,Critical
21,-2.05549,0.42247,0.607891,Warning
8,1.74146,0.764645,0.93512,Critical
17,-0.519808,0.365118,0,Normal
11,-1.41607,0.769574,1,Critical
16,1.02737,1.20273,1,Warning
14,-0.100888,0.373346,0.483762,Normal
20,-1.31715,0.582034,0.797555,Warning
3,0.699069,1.02759,0.630444,Warning
8,0.410062,1.17139,0.484472,Normal
12,-0.414792,0.440237,0,Normal
19,-2.79246,0.183101,0.517033,Normal
20,1.02206,0.400387,1,Warning
11,1.67416,0.000176985,1,Critical
13,0.00632797,0.0481773,0.555764,Normal
16,-2.7429,0.75513,0.860544,Warning
8,-1.46677,0.446812,0.938108,Critical
8,0.658669,1.08674,0.0986707,Normal
2,0.944033,0.134564,0,Normal
2,3.12997,0.715525,0.963434,Critical
5,3.40953,0.768187,0.589452,Normal
10,-2.84301,0,0.58669,Normal
20,0.685799,0.349422,0.298103,Normal
0,0.716452,0.734218,0.290335,Normal
16,0.0784034,0.956652,0.24143,Normal
23,0.00625925,1.29742,0.443284,Normal
23,-1.31373,0.811576,0.968916,Critical
7,2.87369,0.819414,0.656884,Warning
16,0.596128,0.948407,0,Normal
7,-1.14311,0.615313,1,Warning
11,0.0690691,0.760709,0.11288,Normal
0,0.611932,1.20364,0,Normal
6,-1.27516,0.45673,0.539003,Normal
16,0.0134475,0.70916,0.222385,Normal
0,-0.615046,0.0815017,0.165768,Normal
21,0.102994,0.740571,0.501722,Normal
17,-3,0,0.561562,Normal
18,0.142865,0.318114,0.501247,Normal
23,-0.764394,0,0.185983,Normal
13,1.27199,0.426523,0.670075,Warning
11,2.6043,0.190828,0.843581,Warning
5,0.727937,0.172762,0.50447,Normal
14,-3,0.899426,1,Critical
16,-3,0.605226,1,Critical
15,0.101512,0.711989,0.254836,Normal
18,-2.26091,0.242215,0.782787,Warning
17,-2.4971,0.386827,0.652628,Warning
23,-0.479167,0.597586,0,Normal
13,0.720489,1.32794,0,Normal
21,-0.212972,0.515976,0.291576,Normal
16,-0.751798,0.255252,0.266861,Normal
23,-0.360738,0.406127,0.578194,Normal
12,3.02903,0.718731,1,Critical
6,-0.688989,1.48624,0.164697,Normal
15,0.287076,0.362436,0.257847,Normal
16,0.907142,1.4629,0.308029,Normal
19,0.365927,0.333867,0.143715,Normal
8,-0.435543,0.854417,0,Normal
4,2.38228,0.747378,0.595764,Normal
5,-2.31919,1.48114,0.607473,Warning
8,0.795509,0.627344,0.143451,Normal
6,2.6387,0,1,Critical
0,0.264332,1.15089,0.457393,Normal
14,2.7723,0,0.349759,Normal
13,0.732987,0.619102,0.611874,Warning
19,2.6482,0.424421,1,Critical
19,0.813538,0.983981,0.435335,Normal
17,-1.69659,0.178806,0.546465,Normal
15,0.381738,0.981566,0.630165,Normal
19,-0.406848,0.760201,0.362775,Normal
16,2.55909,0.282479,0.776399,Warning
19,-0.662369,1.0457,0.176974,Normal
12,0.34704,0.638601,0.426395,Normal
16,1.11103,0,0.70569,Warning
9,2.86274,0.35133,0.792665,Warning
18,-2.46891,0.0769704,0.353697,Normal
19,-0.120193,0.973541,0.366938,Normal
10,1.51086,0.155012,0.157815,Normal
22,-2.93313,0,0.979,Critical
15,-0.788009,0.705783,0,Normal
15,0.181399,0.518233,0.411451,Normal
5,1.38948,1.23864,0.836154,Warning
9,0.712279,0.559804,0.020827,Normal
2,2.37336,0.884878,0.517247,Normal
22,3.31692,0.775303,0.769613,Warning
10,0.994608,0.318107,0.619237,Warning
9,-0.669324,0.543432,0.417251,Normal
22,0.302903,0.978352,0,Normal
1,2.42086,0.520908,0.616417,Warning
13,-0.77538,0,0.0900234,Normal
21,0.73653,0.373575,0.142263,Normal
18,0.580234,0.343433,0,Normal
11,0.298662,0,0.148527,Normal
6,-0.26142,0.396438,0.155521,Normal
8,-3.17094,0.826532,0.838427,Warning
18,-0.075677,0.229772,0,Normal
0,-0.541505,0.8586,0.324053,Normal
2,2.44575,0,1,Critical
21,2.63373,1.49527,1,Critical
12,0.909786,0.918704,0.59283,Normal
8,0.0853842,1.25653,0.149345,Normal
7,1.04155,0.617784,0.706554,Warning
13,3.50669,0.0531347,0.749544,Warning
1,-0.134962,0.108538,0.177383,Normal
3,0.531455,0,0.520388,Normal
19,0.717257,0.810409,0.424065,Normal
13,-1.91755,1.20678,1,Critical
20,-0.25923,0,0.22636,Normal
8,-0.859185,0.106995,0.162516,Normal
1,3.41079,0.704018,0.514679,Normal
2,0.585926,1.05055,0.0893949,Normal
4,0.308115,0.460636,0.10997,Normal
8,-0.700308,1.55591,0.421275,Normal
9,2.95917,0.606022,0.846091,Warning
1,-0.546912,0.787275,0.588073,Normal
21,-3,1.0606,0.616565,Warning
19,0.0900159,0.828308,0.109274,Normal
15,-0.670888,1.07381,0.593947,Normal
0,3.8612,0.448591,0.493949,Normal
4,-3.50368,0.599378,0.740919,Normal
14,0.725375,0.650172,0.588937,Normal
20,0.864872,1.33146,0.0246537,Normal
16,0.698812,0.849298,0.471064,Normal
10,2.85304,0.522505,0.354339,Normal
11,-0.331788,0.767869,0.238473,Normal
21,-0.224481,0.914821,0.298667,Normal
13,0.231819,1.47607,0,Normal
12,2.21547,0.798532,0.716511,Warning
16,-0.430474,0.562878,0,Normal
13,1.55124,0.611682,0.925015,Critical
12,-2.38134,1.53172,0.791709,Warning
9,2.67528,0.665766,0.689039,Warning
21,2.16829,0,0.391857,Normal
20,0.539939,0.151549,0.173289,Normal
12,-3,1.20821,0.597747,Normal
0,0.0612028,0.0280251,0,Normal
20,3.26151,0.343587,0.861014,Warning
6,2.88641,1.08378,0.79757,Warning
0,-2.9168,0.0660379,0.667947,Warning
17,0.324933,0.594818,0.123739,Normal
10,-0.187,0.350823,0.0956645,Normal
1,-0.138052,0.61426,0.311386,Normal
5,0.236138,0.556684,0.142345,Normal
22,0.624241,0.321355,0.596225,Normal
11,2.59571,1.12161,0.343363,Normal
2,3.25189,0.677689,0.928614,Critical
3,0.238347,0.0840063,0.157179,Normal
12,-2.65699,0.345385,0.494586,Normal
7,-0.437227,0.66083,0,Normal
19,-1.2396,1.51508,0.939295,Critical
6,-1.72726,0.979549,0.589878,Normal
20,-3,0.136601,0.707738,Warning
22,0.88461,0.977115,0.050077,Normal
12,-0.521638,1.089,0,Normal
6,0.87038,0.417634,0,Normal
19,3.41489,0.898366,1,Critical
15,-0.584769,0.310428,0,Normal
1,-0.594993,0.375095,0.268809,Warning
8,-1.7081,0.905072,0.603157,Warning
16,-0.365641,0.803305,0.0368914,Normal
13,-0.723808,0.0215919,0.21976,Normal
13,-0.0996316,0.733855,0,Normal
8,-2.25017,0.644149,0.529152,Normal
21,-2.03815,1.20735,1,Critical
8,0.0757501,0.410765,0.542982,Normal
6,-0.641835,0.057968,0.196476,Normal
17,-1.7103,0.385803,0.556974,Normal
22,-2.4439,1.29664,0.814426,Warning
19,-1.22968,0.79993,0.617741,Warning
11,1.04916,0.151554,1,Warning
15,-3,0.343058,0.454112,Normal
22,2.62864,0.254149,0.454527,Normal
4,2.70465,0.334696,0.848419,Warning
16,2.62089,1.10357,0.552247,Normal
23,0.354273,0.933362,0,Normal
2,0.326721,0.133544,0.277503,Normal
20,2.48955,0.516517,0.336552,Normal
13,-3,0.740168,0.754935,Warning
3,-3.01315,0,1,Critical
17,2.18014,0.620578,1,Critical
3,-2.94936,0.348352,0.752287,Warning
2,0.482406,0.420395,0.739419,Warning
16,2.75299,0.208879,0.661236,Warning
13,2.36986,0.284175,0.701257,Warning
17,1.96033,0.390856,0.9208,Critical
20,-0.247383,0.685252,0.298843,Normal
18,-0.611739,0.64262,0.666751,Warning
22,0.549162,0.209159,0.841052,Warning
8,0.593346,1.33439,0.449472,Normal
7,0.216565,0.677247,0.441167,Normal
16,0.146364,0.875582,0,Normal
3,0.390227,1.26691,0.119508,Normal
9,-0.620069,1.10175,0.439157,Normal
21,-2.47376,0.0333826,0.75451,Warning
3,-0.127149,0.708897,0,Normal
19,-0.265223,0.47116,0.161399,Normal
13,-3,0.924263,0.0703634,Normal
9,-1.30425,0.573202,0.751445,Warning
18,-2.26523,0.836193,0.0550899,Normal
12,-0.26639,0.632677,0.203426,Normal
12,3.51867,0.462785,0.68729,Warning
0,2.26366,0.876952,0.669078,Warning
8,1.92718,0.354261,1,Critical
6,-1.30915,0,0.540181,Normal
5,2.74501,0.663563,1,Critical
13,-1.01164,0,0.604448,Warning
23,3.5454,0.554655,0.83963,Warning
9,0.185215,1.04481,0.279613,Normal
16,0.0684845,0.0829676,0.0376935,Normal
13,-1.12913,0.264256,1,Warning
3,0.13208,0.806332,0.609255,Normal
21,3.7509,0.226522,0.704066,Warning
14,2.8445,0.643013,0.449442,Normal
9,-3,0.654079,0.501834,Normal
21,0.730966,0.42653,0.11778,Normal
4,-3.42721,0.443336,0.83054,Warning
21,-0.442418,0.592897,0.412419,Normal
23,1.45169,0.21408,1,Critical
20,2.13599,0.389564,0.892547,Warning
23,1.30795,0.262532,0.498368,Normal
4,0.791098,0.0229849,0.0933321,Normal
21,0.895537,0.765894,0.444809,Normal
14,0.296413,1.43014,0.188453,Normal
23,1.95299,0.0499929,0.795372,Warning
5,2.32451,0.387452,0.803287,Warning
1,-0.0351823,1.455,0.14144,Normal
0,-0.576649,0.603797,0,Normal
20,0.317716,0.650098,0.395724,Normal
10,-0.518759,0,0.00379126,Normal
22,0.408617,0.390546,0.284074,Normal
6,1.256,1.03881,0.846929,Warning
9,-2.84374,0.666823,0.0853578,Normal
17,-1.40489,0.818234,0.620874,Warning
15,-0.0695457,0.461853,0.35092,Normal
3,2.31916,0,1,Critical
3,0.561575,0.816791,0.374716,Normal
21,0.336524,0.969042,0.569793,Normal
2,-0.821061,0,0.361384,Normal
4,-2.12127,1.00469,0.788491,Warning
14,1.36274,1.04323,0.810297,Warning
6,2.12466,0.202813,0.555259,Normal
21,0.208878,0.574647,0.397439,Normal
13,1.75745,0.381685,0.880411,Warning
7,0.192392,0.899716,0,Normal
5,-0.807016,0.826315,0.400097,Normal
16,-2.13256,0.96948,1,Critical
10,2.27865,0.564049,0.748897,Warning
4,0.785629,1.02364,0.224123,Normal
21,-2.66382,0.478505,0.578393,Normal
12,0.0423965,0.323299,0.0875966,Normal
22,2.20183,0.507741,0.844164,Warning
18,-1.8489,0.404086,0.885311,Warning
11,2.26644,1.19257,0.606717,Warning
1,-0.230832,0,0.412731,Normal
12,0.787095,1.00195,0.492599,Normal
21,-1.92777,0.578426,0.412077,Normal
5,0.0290217,0.463609,0.331719,Normal
10,-0.385721,0.487726,0.200966,Normal
22,0.269163,0.322412,0.449266,Normal
23,-0.238634,0.640135,0.147715,Normal
15,0.112717,0.325165,0.229899,Normal
2,-3.40257,1.16743,0.564318,Normal
1,1.66148,0,1,Critical
14,0.227915,0.508351,0.396173,Normal
3,-1.01917,0.435025,0.74305,Warning
8,-1.13356,0.165004,0.457326,Normal
9,0.616929,0.427077,0.164366,Normal
17,-0.62166,0.825647,0.186987,Normal
11,-0.131368,0.343112,0.545443,Normal
6,0.901853,0.768347,0.192132,Normal
19,0.142752,0.495633,0.589525,Normal
7,-0.21182,0.440482,0.691037,Normal
14,-2.92112,0.542107,1,Critical
22,0.933805,0.700203,0.22261,Normal
9,-0.272496,0.622276,0.420754,Normal
8,4.40172,0.554391,0.708016,Warning
1,-0.108582,0.265359,0.456436,Normal
12,1.05012,0.442931,0.711451,Normal
19,0.0453536,1.14835,0.182928,Normal
10,1.93958,0.903042,0.596011,Normal
16,-0.440649,0.331067,0.252318,Normal
23,-0.176329,0.938863,0.242688,Normal
10,-0.937027,0.729803,0.0733796,Normal
9,0.667759,0.527115,0.194418,Normal
14,-0.830121,0.753785,0.62325,Warning
17,-1.09909,0.339474,1,Warning
7,-0.468914,0.755332,0,Normal
11,1.34563,0.72573,1,Critical
10,-0.299551,1.23849,0.2068,Normal
6,-0.529145,0.624175,0.0823859,Normal
10,1.07822,0.479309,1,Warning
23,-0.524206,0.702548,0.0621849,Normal
23,1.33027,0.738685,0.530234,Normal
23,-0.896573,0.847453,0.0650422,Normal
8,-0.951965,1.37838,0.0700597,Normal
10,-0.817127,0.896564,0,Normal
2,-2.31613,1.05736,0.824797,Normal
8,0.531498,0,0.612446,Warning
3,0.354627,0.796288,0.149784,Normal
3,0.789605,0.668811,0.267276,Normal
3,-0.683478,1.09648,0.486286,Normal
9,-2.77391,0.596565,0.954256,Critical
23,-0.772846,0.324044,0.489126,Normal
9,0.302405,0.624287,0.0386614,Normal
9,-0.746583,0.766484,0.412805,Normal
2,-2.22019,1.2255,0.822603,Warning
5,0.210826,0.865864,0.248109,Normal
15,-0.255556,0.553708,0.081862,Normal
16,-0.110601,1.06227,0.636923,Normal
22,1.81775,0.873397,0.960585,Critical
10,-2.77682,0.676295,0.687652,Warning
17,-0.557577,0.505139,0.56317,Normal
12,-2.29278,1.11418,0.526532,Normal
21,2.51179,0.957824,0.459989,Warning
23,0.0505613,0.181916,0.127235,Normal
5,3.19494,0.916721,0.491054,Warning
13,0.403616,0.697298,0.438722,Normal
3,-0.882366,0.254737,0.162923,Normal
13,0.0239595,0.200262,0.698147,Normal
6,-0.165964,0.477185,0.28632,Normal
10,-2.46697,0.802007,0.753876,Warning
10,-0.112843,0,0.366823,Normal
22,0.587429,0.0498075,0.120785,Normal
12,-0.656557,0.223815,0.145643,Normal
9,0.404962,0.00133703,0.824183,Warning
1,0.877029,0.273709,0,Normal
7,0.00659969,0.501135,0.349063,Normal
21,-2.15402,1.37112,0.603586,Warning
8,1.24705,0.852247,0.469721,Normal
10,0.871664,0,0,Normal
16,2.88204,0.432853,1,Critical
12,0.157194,0.371323,0.329086,Normal
5,-1.09634,0.655236,0.591978,Normal
15,-0.0276314,0.274987,0.0468468,Normal
20,-2.58943,1.29812,1,Critical
22,-0.0745319,0.648125,0.3232,Normal
2,-0.360547,0.220106,0.338751,Normal
13,0.170507,0.170128,0,Normal
17,-0.764007,0.202323,0.28688,Normal
23,0.0948494,0.22501,0,Normal
11,-0.463144,0.298455,0.0562706,Warning
3,-1.9225,0.694357,0.815342,Warning
1,-0.355956,0.960682,0.675848,Normal
8,-0.107087,0.878805,0.302871,Normal
7,2.4782,0.226427,1,Critical
20,-1.08182,0.422345,0.52109,Normal
12,0.46414,0.675502,0.555982,Normal
8,-1.49821,0.866782,0.719695,Warning
1,-3.07928,0.471357,1,Critical
2,2.49973,0.749229,0.528804,Normal
9,-0.846293,0.413614,0.209295,Normal
13,0.150931,0.549682,0.687201,Normal
7,-0.0465071,0.425819,0,Normal
11,0.520696,0.549663,0.331533,Normal
21,-2.31869,0.390426,0.52614,Normal
1,0.899254,0.357266,0.179104,Normal
6,-0.392004,0.264532,0.154974,Normal
13,-0.043306,1.50823,0.317988,Normal
1,1.98034,0.739594,0.524689,Normal
6,-0.463744,0.601383,0.347202,Normal
9,-0.171654,0.0271856,0,Normal
16,1.40965,0.582691,0.53358,Normal
19,0.226484,0.447373,0.562861,Normal
11,-0.897461,0.535771,0.38281,Normal
7,0.686091,1.05061,0.430249,Normal
4,-0.808815,0.877659,0.0631797,Normal
17,-0.0973925,0.779701,0.425537,Normal
0,0.725133,0,0.145836,Normal
13,1.75003,0.25612,1,Critical
4,2.31601,0,0.64458,Warning
0,1.24918,0.408335,0.626893,Warning
13,-0.504884,1.46222,0.46395,Normal
21,0.791194,0.32084,0.0254671,Normal
12,-3,0.560929,0.642825,Warning
0,0.73604,0.0608118,0.577049,Normal
22,-0.123699,1.37392,0,Normal
17,-3,0.19866,0.957645,Critical
11,2.7499,0.652581,0.956885,Critical
9,0.267258,0.76888,0.680044,Normal
5,0.692939,0.705889,0.315289,Normal
18,-0.576372,0.638558,0,Normal
8,0.825508,0.768228,0,Normal
22,-0.775876,0.461988,0,Normal
21,0.0870394,1.24815,0,Normal
14,4.41162,1.31952,0.554904,Normal
4,-1.60698,0.227251,0.502746,Normal
2,0.939942,0.708275,0.248977,Normal
18,-0.357915,0.114485,0.299573,Normal
3,2.42763,0.866371,0.341043,Normal
10,1.05848,0,0.580106,Normal
6,-0.802288,0.357847,0.598624,Normal
4,-1.40495,0.617018,0.894737,Warning
7,-0.122966,0.973792,1,Normal
15,-0.0238201,0.641897,0.368061,Normal
7,-0.375742,0.278981,0,Normal
23,-2.1783,0.663199,0.851822,Warning
8,0.932889,0.0319359,0.402214,Normal
8,2.57768,0.528634,0.979057,Critical
8,2.00393,0.928197,0.849385,Warning
5,-0.69334,0.197251,0.222998,Normal
4,0.552596,0.341774,0.279681,Normal
7,1.49237,1.01333,0.934317,Critical
0,-0.781688,0.600651,0.272786,Normal
15,-3,0.891186,0.920326,Critical
16,-3,0.852881,0.513512,Normal
0,-1.22104,0.371349,0.686777,Warning
17,-1.43344,0.480644,0.825871,Warning
17,-0.922904,0.418513,0.254032,Normal
10,0.571263,0.141907,0.141078,Normal
19,-0.888929,1.02555,0.114803,Normal
0,-0.10959,0,0.273447,Normal
13,-0.268108,1.20668,0,Normal
3,1.81172,0.979646,0.858008,Warning
5,1.27328,0.2616,0.265331,Normal
7,0.224523,0.243728,0,Normal
0,0.103179,0.763906,0,Normal
6,0.360578,0.416429,0.392123,Normal
5,2.16132,0.640702,0.546084,Normal
1,2.94034,0.44064,0.474306,Normal
0,-0.0145465,0.856081,0.0890951,Normal
1,-1.14161,0.583839,0.826559,Warning
7,0.509933,0.267039,0.312492,Normal
6,3.289,0.127765,0.798036,Warning
5,0.149892,0.80828,0.265806,Normal
15,-1.21784,0.627383,0.772273,Warning
0,0.748363,0.447433,0,Normal
23,-1.2142,0.882192,0.857164,Warning
9,-2.48429,0.195049,0.82885,Warning
15,-2.34966,0.0595771,0.598662,Normal
11,-0.782679,0.845168,0.274353,Normal
17,0.558941,0.519759,0.253328,Normal
17,0.198103,0.540465,0.232399,Normal
22,-0.905016,0.917984,0.408988,Normal
22,-1.00182,0.860892,0.963202,Warning
4,0.162482,0.710523,0.237568,Normal
19,-1.44231,0.486922,0.868813,Warning
6,-0.973957,0.837015,0.529683,Normal
7,-0.100138,1.13648,0.480707,Normal
9,-1.85525,0.381235,0.66975,Warning
3,3.68128,1.09188,0.888919,Warning
9,1.1411,0.860485,0.657742,Warning
8,-1.82621,0.315168,0.658338,Warning
23,0.574916,0.958672,0,Normal
23,0.475554,1.48209,0.329738,Normal
11,0.0552732,0.836577,0.202839,Normal
3,0.688727,0.403503,0,Normal
13,-0.142598,0.067487,0,Normal
18,2.45743,1.50789,0.796807,Warning
11,1.68543,0.857909,0.964292,Critical
13,-0.230175,0.195073,0.351323,Normal
5,0.591227,0.505178,0.0180869,Normal
14,0.0272203,1.47812,0.648779,Normal
18,0.486631,0.934421,0.17205,Normal
14,-2.5165,1.03565,0.697029,Warning
7,1.6257,0.487903,0.621482,Warning
17,-0.5991,1.36007,0.402522,Normal
15,-0.146109,1.03378,0.227558,Normal
4,2.58192,0.894555,0.896488,Warning
4,-0.815625,0.688963,0.167861,Normal
16,0.305432,0,0.458211,Normal
6,-1.02393,1.7799,0.852257,Warning
0,0.465641,0.254926,0.664967,Warning
4,3.38559,0.222982,0.449022,Warning
1,-0.907467,0.0904145,0,Normal
7,-0.266286,0.256565,0.178646,Normal
13,1.33396,0.999688,0.941799,Critical
14,-0.271583,0.993073,0,Normal
5,0.594412,0.362269,0.483884,Normal
9,-0.482483,1.08812,0.32655,Normal
2,-2.99489,0.710751,0.41936,Normal
10,2.02972,0.660106,0.559187,Normal
0,-0.605676,0.76657,0,Normal
0,0.31083,0.3963,0.659385,Normal
1,-1.99391,0.594254,0.762275,Warning
16,1.07167,0.421131,0.421872,Normal
3,-0.960503,0.414376,0.0534124,Normal
17,-0.73524,0.93817,0,Normal
18,-3,0.415869,0.937366,Critical
20,-0.171896,0.231677,0.0682045,Normal
8,0.466854,1.13287,0.556494,Normal
4,1.26993,0.204311,0.622552,Warning
1,-0.260122,0.705473,0,Normal
2,-0.483838,1.09839,0,Normal
21,1.06148,0.52352,0.629816,Normal
14,1.78945,1.33096,0.721436,Warning
7,-0.16386,0.371745,0.0190198,Normal
6,0.430984,1.12167,0.521231,Normal
20,-3,0.561308,0.698644,Warning
22,0.162774,0.626235,0.489549,Normal
14,0.384416,0.816328,0.0698367,Normal
1,-0.677713,0.585217,0.515239,Normal
5,0.793731,0.215919,0,Normal
14,-0.095004,1.07254,0.729733,Normal
23,3.71505,1.09042,0.79151,Warning
5,-0.309369,0.209898,0.269389,Normal
21,-2.44151,0.996245,0.823376,Warning
15,-0.300556,0.405193,0.678979,Normal
3,3.22169,0.751285,1,Critical
6,-1.64752,0.878937,1,Critical
23,0.53636,0.850569,0.370545,Normal
0,0.396965,1.0235,0.233873,Normal
21,-1.52626,1.01064,0.566704,Normal
10,-1.18132,0.642606,0.614929,Warning
8,-0.431103,1.13038,0.385096,Normal
7,-0.281028,0.0674485,0.130656,Normal
14,1.08383,0.264618,0.680087,Warning
9,-0.392705,0.752057,0.495705,Normal
4,0.743416,1.00479,0.25158,Normal
22,-2.49537,1.39067,0.781121,Warning
11,0.19181,1.2026,0.464009,Normal
4,2.69214,0.704321,1,Critical
10,0.803935,0.533737,0.361078,Normal
13,-0.128149,0.467778,0.441766,Normal
23,-1.11287,0.311684,0.702502,Warning
22,-1.37087,0.403999,0.711369,Warning
19,1.67206,0.519349,0.709391,Warning
20,0.361612,0.504325,0.0137846,Normal
4,-0.869436,0,0.657165,Warning
22,1.84547,0.692752,0.46141,Normal
5,-0.879547,1.09687,0.535025,Normal
3,-1.95559,1.04001,0.665061,Warning
9,0.745751,0.703146,0,Normal
14,-0.674635,1.17027,0.0729484,Normal
4,1.26219,0.529476,0.800051,Warning
14,-1.73034,0.741296,1,Critical
2,-3.34426,1.20127,0.736374,Warning
22,2.58394,0,0.790609,Warning
15,-0.877425,0.556856,0.161152,Normal
21,3.5071,0.359847,0.293493,Warning
10,-2.53983,1.0659,1,Critical
21,0.0763938,0.0827276,0.126456,Normal
15,0.944778,0,0.34769,Normal
18,0.0877382,0.201101,0,Normal
6,-0.0627068,0.369445,0.490266,Normal
3,-0.986228,0.662589,0,Normal
10,0.633199,1.04296,0,Normal
16,-0.870904,0.203574,0.0605104,Normal
18,2.55869,0.73642,0.761942,Warning
8,-0.353859,0,0.110474,Normal
9,-0.215083,0.112708,0.376439,Normal
16,0.807767,1.13313,0.4429,Normal
23,-1.92754,0.412555,0.809869,Warning
8,-0.709887,0.961699,0.213192,Normal
0,-0.205666,0.462008,0.445312,Normal
0,0.121054,1.07534,0.623511,Normal
5,0.0347365,0.496877,0.23256,Normal
17,-0.995015,0.251551,0.644174,Warning
0,-2.13521,0.677129,0.494598,Normal
17,0.0119861,1.22053,0.161583,Normal
15,0.649734,0.602506,0.342179,Normal
5,0.662304,0.456261,0.219098,Normal
15,2.8679,0.252847,1,Critical
19,0.44641,1.32704,0,Normal
12,-0.0574372,0.0683785,0.0682639,Normal
15,0.574799,0.472043,0.413002,Normal
11,-2.35055,0.576187,0.761788,Warning
11,0.402662,0.73725,0,Normal
5,-0.0431102,0.0060646,0.230898,Normal
10,0.0814005,0,0.10793,Normal
3,-0.549138,0.999324,0.54602,Normal
6,2.38485,0.227146,0.71843,Warning
17,0.07092,1.35457,0.342092,Normal
20,1.31998,0.813008,0.896938,Warning
19,-1.80951,1.12106,0.499846,Normal
12,4.06463,1.09917,1,Critical
17,0.808524,1.137,0.315423,Normal
11,-3,0,0.691769,Warning
3,1.88981,1.4611,0.70379,Warning
11,4.05409,0.812159,1,Critical
20,-0.516406,0.756216,0.359764,Normal
3,2.3109,0.994238,0.975544,Critical
21,-1.06898,0.247156,1,Warning
4,2.12997,0.53076,1,Critical
8,-0.407737,0.324882,0,Normal
12,3.57638,1.02151,0.678233,Warning
5,0.818596,0.603443,0.579844,Normal
1,-2.33431,0.0712988,0.656062,Warning
10,-0.715318,0.324237,0.098539,Normal
20,0.552372,1.08568,0.370563,Normal
13,-0.96311,0.97378,0.679509,Warning
11,1.90235,0.069263,0.668352,Warning
3,0.577087,0.211113,0.146972,Normal
23,-2.67132,0.824212,0.507019,Normal
10,0.325962,0.724617,0.127666,Normal
11,0.499548,0.291024,0.634701,Warning
3,-0.357905,0.843618,0.229266,Normal
1,0.50879,0,0.0350774,Normal
0,-1.44519,0.758618,0.690635,Warning
14,-3,0.853843,0.90863,Critical
11,-1.4045,0.661108,0.524573,Normal
3,-1.21863,0.53335,1,Critical
15,0.588558,0.296746,0.620664,Warning
3,-0.338246,0.235518,0.598491,Normal
10,0.276148,0.669797,0.282216,Normal
19,-2.46593,1.32874,0.518229,Normal
20,1.308,0.318133,0.885556,Warning
15,-2.1752,0.519521,1,Critical
17,1.92931,0.157718,0.423619,Normal
15,-1.38902,0.732627,0.674931,Warning
17,-0.713932,0.579633,0.340513,Normal
19,1.40884,0.120529,0.638678,Warning
14,-0.292894,0.363931,0.303324,Normal
15,0.481944,0.938991,0.58149,Normal
23,1.56492,0.00247211,0.977521,Critical
23,2.0738,0.758625,0.671368,Warning
13,0.493503,0.644365,0.036889,Normal
19,-0.692564,0.0951831,0.374398,Normal
10,2.36597,0.555677,0.69313,Warning
17,-0.68278,0,0.191795,Normal
6,1.3457,1.01312,0.746378,Warning
0,2.62632,0.0608999,1,Critical
1,-0.528079,0.625528,0,Normal
7,-0.732936,1.02463,0.00560097,Normal
3,-0.13315,0.912078,0.286071,Normal
16,-0.0938737,1.41681,0.570784,Normal
10,-1.23058,0.594814,0.625478,Warning
21,1.77355,0.524093,0.377374,Normal
5,-2.6706,1.12787,0.539872,Normal
16,-0.0971785,0.725454,0.0657101,Normal
23,2.49366,0.986876,0.559217,Warning
13,-0.72582,0.355926,0,Normal
1,1.18006,0.0734102,0.690455,Warning
5,-2.79963,0.792728,0.866062,Warning
1,0.537451,1.13124,0.186962,Normal
23,0.0681153,0.871878,0.0729359,Normal
5,1.00847,1.20178,0.952788,Warning
14,-1.36736,0.505331,1,Critical
22,0.957375,0.753783,0.0534288,Normal
13,0.0108921,1.14855,0.518016,Normal
21,-0.405969,0.407873,0.381445,Warning
14,-0.0280607,0.164799,0.460797,Normal
0,-0.362788,0.93579,0.413609,Normal
17,-1.05355,1.3088,0.613319,Warning
15,0.285952,0.478219,0.205372,Normal
10,-1.68576,0.877448,1,Critical
6,-1.39283,0.890658,0.823799,Warning
18,-0.0796693,1.07366,0,Normal
20,-0.872179,0.275262,0,Normal
4,-4.47682,1.11089,1,Critical
10,1.20574,0.286631,0.81246,Warning
20,-0.379496,0.404812,0.400449,Warning
1,2.26942,1.25691,0.635057,Warning
20,3.05391,1.20633,1,Critical
21,1.49776,0.299552,0.674131,Warning
14,-3,1.1175,0.889931,Warning
17,0.701501,0.75736,0.700643,Warning
8,-0.746353,1.77353,0.00435089,Warning
7,3.60106,0,0.323815,Normal
0,-1.68731,0.501102,0.645313,Warning
8,-1.22139,0.804873,1,Critical
20,0.335241,0.631954,0,Normal
19,3.07678,0.376771,0.765496,Warning
23,0.891653,0.563561,0,Normal
1,-1.28133,1.4282,0.684068,Warning
4,0.566678,0.628204,0.267763,Normal
17,-2.34451,0.670734,0.628109,Warning
18,1.15004,0.844902,0.643634,Warning
22,-0.44137,0.9082,0.513012,Normal
17,3.1131,0.47897,0.310049,Warning
22,0.514101,0.477131,0.19267,Normal
19,0.0344056,0.475252,0.214736,Normal
14,-0.139958,0.603723,0.104815,Normal
17,3.75212,0.262005,0.80404,Warning
22,-1.8245,0.552611,0.481048,Normal
6,-0.216485,0.267185,0.243355,Normal
3,-0.193591,0.0734104,0.0428706,Normal
7,-2.61623,0.460384,1,Critical
23,-0.0903402,0.261008,0.114172,Normal
4,-0.066227,0.559426,0.415342,Normal
5,2.59608,0.660127,0.796117,Warning
7,1.26117,0.659225,1,Critical
15,-2.33399,0.434093,0.485351,Normal
15,-0.66461,0.358345,0,Normal
8,-0.97697,0.963813,0.0743394,Normal
3,0.550727,0.562486,0,Normal
23,0.573721,0.550694,0.276756,Normal
7,2.25502,0.210339,1,Critical
5,-2.01173,0.575954,0.780659,Warning
18,0.922074,0,0.0865743,Normal
13,2.44869,0.780808,0.804644,Warning
7,-0.1772,0.625961,0.15118,Normal
9,0.395585,1.30228,0.0937372,Normal
8,-3.83517,0.930768,1,Critical
5,0.00345333,0.180423,0.232319,Normal
6,0.927337,0,0.49515,Normal
12,0.496983,0.974497,0.337078,Normal
9,-1.35092,0.136621,0.676577,Warning
12,-1.14777,1.24716,0.974036,Warning
23,-3,0.861468,0.685078,Warning
22,1.59541,1.20786,0.54046,Normal
20,-1.27662,0.440097,0.743773,Warning
15,-0.177341,0.107025,0,Normal
8,2.58127,0.903746,0.798894,Warning
0,-0.328179,0,0.589234,Normal
3,-0.266144,0.994416,0.545146,Normal
11,-2.40524,0.578341,0.883709,Warning
18,-0.531037,0.748302,0.243612,Normal
5,0.713827,1.0563,0.425616,Normal
18,-1.14037,0.395586,0.389554,Normal
7,0.278477,0.691183,0,Normal
18,-0.652741,1.17617,0.260666,Normal
12,1.21392,0.912176,0.41942,Normal
3,-0.0439467,0.742187,0,Normal
7,-1.78486,0.686983,0.82484,Warning
14,-0.101183,0.897386,0.260751,Normal
10,-3,0.993356,0.550615,Normal
23,-1.77152,1.12367,0.421385,Normal
3,-0.380087,0.694133,0.298068,Normal
8,-2.0151,0.259454,1,Critical
11,-0.756502,0,0.168295,Normal
9,1.73152,1.31389,0.643634,Warning
0,0.692041,0.393526,0.191694,Normal
12,-0.677401,0.723705,0.562248,Normal
6,-0.67735,0.500129,0.36549,Normal
10,2.7042,0.398667,0.727721,Warning
12,-0.883514,0.218585,0.457698,Normal
5,-1.0686,0.0297138,0.64075,Warning
2,-2.31986,0.0313891,1,Critical
21,1.14449,0.543678,0.938105,Warning
22,2.90196,0.352921,0.659034,Warning
20,-3,1.18361,0.76664,Warning
3,3.23403,1.02531,1,Critical
10,3.57914,0.294861,0.420754,Normal
7,-0.494887,0.93626,0.492591,Normal
5,0.222822,0.414952,0,Normal
9,1.18373,0.537658,0.52724,Normal
12,-1.35073,0.490019,0.814773,Warning
2,0.459084,0.470544,0,Normal
5,0.203043,1.08182,0.214472,Normal
10,0.466955,0.590263,0.566264,Normal
20,-0.417681,1.86378,0.150969,Normal
11,-0.669594,0.89195,0.371885,Normal
4,-2.98468,0.563677,0.737736,Warning
21,2.71631,0.414792,0.844025,Warning
21,0.637558,0.686579,0.669752,Warning
7,0.456365,0.102089,0.52426,Normal
23,0.43003,0.544933,0.413232,Normal
2,0.328298,0.763984,0.306402,Normal
11,0.641025,0.470196,0.476105,Normal
1,0.465774,1.1273,0.382606,Normal
20,-0.97018,0.597759,0.360848,Normal
10,-1.16008,0,0.757027,Warning
14,-0.443522,0.545185,0.0376103,Normal
8,-2.26519,0,0.575552,Normal
8,-0.304097,0.116572,0.0990499,Warning
13,-0.422764,0.324176,0.0343882,Normal
19,-1.04272,0.475723,0.757541,Warning
16,-0.113764,0.386541,0.379332,Normal
5,-0.464995,0.886037,0.519642,Normal
18,0.286431,0.694899,0.378134,Normal
5,-1.10963,0.916885,0.168932,Normal
8,1.4196,0.445684,0.595357,Normal
14,0.0580785,0.210055,0.45855,Normal
5,-1.36155,0.382711,0.963666,Critical
20,-0.621782,0.457231,0.77272,Warning
5,2.28211,1.11398,0.61134,Warning
5,0.767755,0.798058,0.273991,Normal
11,-3,0,0.934179,Critical
23,-0.595421,0.430121,0,Normal
21,-2.89715,0.694227,0.794261,Normal
8,-1.83335,0.211216,0.806898,Warning
6,1.16373,1.24438,0.60498,Warning
4,0.318842,0.346816,0.0334174,Normal
11,4.2291,0.262622,1,Critical
3,0.504416,0.869784,0.762466,Warning
20,-1.86605,0.889642,0.507509,Normal
0,0.0225494,0.474731,0,Normal
18,0.273986,1.21677,0.316371,Normal
22,0.401211,0.976269,0.567085,Normal
9,-0.109911,0.0438172,0,Normal
2,3.08793,0.854231,1,Critical
18,0.574788,0.158749,0.274671,Normal
10,-2.56031,0.55582,0.310723,Normal
13,0.0141385,0.715487,0,Normal
15,-0.628985,0.891635,0,Normal
12,0.867393,0.825994,0.15956,Normal
15,1.79699,0.941462,0.347937,Normal
14,1.31124,0.501049,0.352705,Normal
11,-1.36584,0.445131,0.549893,Normal
13,-1.69386,1.07939,1,Critical
9,3.6499,0.413063,0.537495,Normal
3,2.71932,0.543582,0.978016,Critical
12,-0.36883,0,0.323753,Normal
9,0.859757,0.485803,0.677743,Warning
19,-2.72921,0.647931,0.741935,Warning
2,-0.0353608,0.596195,0.345758,Normal
14,-0.264973,0.620074,0.277807,Normal
1,0.53139,0.646975,0.61393,Warning
19,2.2222,0.733971,0.809975,Warning
1,1.14623,0.797744,0.68115,Warning
20,3.98105,0.778728,0.690409,Warning
6,-0.390438,0.182975,0.110605,Normal
2,-2.1276,0,0.222818,Normal
20,0.296366,0,0,Normal
14,2.84149,0.685533,0.64147,Warning
4,0.0170091,0.67572,0.238655,Normal
7,-0.459935,0.104464,0.297027,Normal
17,0.300228,0.407132,0.142907,Normal
19,0.377765,0.445592,0.480745,Normal
7,-0.882403,0.522745,0.0602668,Warning
6,2.06078,0.688537,0.94914,Critical
23,2.45756,0.717723,0.596132,Normal
8,-2.10896,0.260067,0.42631,Normal
2,2.42064,0.930091,0.341144,Normal
6,-0.117374,1.11712,0.584739,Normal
2,-3.94756,0.881499,1,Critical
7,-0.304161,0.511971,0.553928,Warning
15,-2.33089,0.468741,1,Critical
14,-0.416879,0.822494,0.154709,Normal
7,-0.231313,0.40826,0.0146457,Normal
13,-0.838677,1.00022,0.172179,Normal
10,1.98188,0,1,Critical
14,-3,0.169785,0.885607,Warning
6,-0.0740815,0.139338,0.0212525,Normal
5,0.119439,0.156107,0.138927,Normal
12,0.561677,1.16123,0.604145,Warning
17,-0.707431,0,0.0280853,Normal
16,0.531594,0.404245,0.355163,Normal
4,-0.766293,0.932348,0.288193,Normal
19,0.591149,0.837662,0.355043,Normal
3,3.17068,0.572526,1,Critical
14,1.0007,0.84525,0.809797,Warning
9,0.723226,0.595442,0.19152,Normal
10,-1.97591,0.910074,0.54563,Normal
17,-2.55842,0.407238,0.840691,Warning
9,-0.442771,0.0536586,0,Normal
14,-1.09601,0.215408,0.933085,Warning
14,0.658939,0.488738,0.252999,Normal
6,-0.218238,0.462855,0,Normal
21,3.02571,1.37088,0.913183,Critical
6,0.498367,0.439034,0.298822,Normal
17,4.34816,0.307483,0.835884,Critical
6,0.861173,0.960793,0.381108,Normal
15,0.635053,0.486313,0.0485114,Normal
22,-2.28527,0.50106,0.686946,Warning
11,2.32696,0.222665,0.54379,Normal
9,-3,0.933414,0.536899,Normal
16,-3,1.00034,0.715447,Warning
6,-1.04019,1.34473,0.370246,Normal
7,-2.81586,1.15573,0.750494,Warning
6,-0.468024,0.49535,0.0959882,Normal
16,-0.140592,1.6271,0.476263,Normal
15,-0.616177,1.44557,0,Normal
19,-1.29709,0.25273,1,Critical
9,-2.65028,0.862621,0.634503,Warning
1,-0.0584702,0.418002,0.437061,Normal
20,1.00419,0.360594,0.548805,Normal
21,1.31659,1.341,0.483629,Normal
7,1.1154,1.13432,1,Warning
7,0.0637414,0,0.429998,Normal
8,0.608583,0.623364,0.0774727,Normal
11,-3,1.02735,1,Critical
12,-0.000540414,0.418142,0.341198,Normal
13,-1.49592,0.564965,0.930067,Critical
0,4.01929,0.766532,1,Critical
19,1.23054,1.25757,1,Critical
21,0.555573,0.296579,0.372587,Normal
8,-2.39771,0.93263,0.295924,Normal
15,-1.17854,0.475867,0.297391,Normal
12,3.6601,0.681701,0.774878,Warning
0,1.58813,0.30131,0.874517,Warning
0,0.674623,0.567146,0.210819,Normal
8,-0.59332,0.911773,0.0240769,Normal
14,-0.282129,0.345205,0.478543,Normal
19,-0.0180686,1.3011,0.212645,Normal
13,-2.71147,0.725918,1,Critical
18,2.96077,0.951455,0.755428,Warning
9,0.409223,0.321551,0.768746,Warning
13,-0.431042,0.814395,0,Normal
15,-0.447359,0.44688,0.112524,Normal
2,2.7795,0.435653,1,Critical
4,0.50879,0.655407,0.285484,Normal
19,-0.564225,0.653668,0,Normal
22,1.55519,0.922006,0.886852,Warning
14,-0.324833,0.556269,0.408438,Normal
13,-1.14912,0.45183,1,Warning
11,0.619928,0.330715,0.260867,Normal
7,-1.02026,0.831894,0.668933,Warning
16,-0.141034,0.229912,0,Normal
18,-0.0248817,0.818727,0.4443,Normal
20,3.30298,0.200075,0.959349,Critical
5,-1.65439,0.738927,0.380181,Normal
22,-0.961608,0.396287,0.214083,Normal
15,-0.59319,0.377188,0.761453,Warning
11,-1.89798,1.26272,0.850265,Normal
22,0.088825,0.496985,0.119273,Normal
2,0.292236,0.468573,0.144759,Normal
1,2.70063,0.810928,0.625808,Warning
4,0.877631,0.722493,0.340186,Normal
10,-0.642755,0.265527,0,Normal
19,-0.233884,0.592451,0.202786,Normal
7,0.0881093,1.44245,0.446098,Normal
22,3.66701,0.712728,0.570971,Normal
18,-2.27175,1.07432,0.516689,Normal
16,-0.0936033,1.02237,0.202956,Normal
22,-0.381392,1.21925,0.18303,Normal
11,0.758003,0.609225,0.48392,Normal
2,-0.235352,0.786225,0,Normal
11,0.099434,1.10136,0.505624,Normal
16,-0.791669,0.982603,0.467443,Normal
6,-0.1808,0.199253,0.185594,Normal
22,-0.936849,0.557518,0,Warning
19,-3,0.599638,0.982355,Critical
18,-0.0616828,0.608131,0.113178,Normal
11,0.998719,0.570563,0.202834,Normal
22,-1.07187,0.464833,0.368013,Normal
1,-1.09924,0.556406,0.519093,Warning
17,2.3772,0.556074,0.490212,Normal
13,1.7607,0.442384,0.732456,Normal
18,0.961608,1.05287,0,Normal
3,-2.89957,0.441211,0.733109,Warning
13,1.33996,0.51161,0.349965,Normal
6,0.298079,0.442512,0.395259,Normal
17,-0.408139,0.658624,0.411914,Normal
2,0.145535,0.645454,0.0442765,Normal
5,-2.39819,1.30469,0.559956,Normal
16,-1.84781,0.236128,0.543062,Normal
11,-0.194282,0.381258,0.202941,Normal
19,-0.325356,1.34407,0.319621,Normal
14,-1.27028,0.78259,1,Critical
0,-0.944279,0.883876,0.22805,Normal
10,-0.239319,1.15618,0.531447,Normal
16,1.18172,0.371832,0.813864,Warning
14,0.900774,0.544771,0.097608,Normal
6,1.6441,0.558257,1,Critical
10,2.39737,1.10266,0.742956,Warning
12,0.539482,0.0861041,0.165489,Normal
15,-0.191462,0.562856,0.182538,Normal
3,-0.481588,0.948674,0.162981,Warning
20,-0.538072,0.883649,0.594445,Normal
21,0.139265,0.854935,0,Normal
2,0.0137645,0.456123,0.608137,Normal
20,0.0822975,0,0.380107,Normal
6,2.39139,1.00218,0.566094,Normal
3,0.720835,1.2971,0.176561,Normal
3,3.86913,1.08989,1,Critical
18,-0.684527,0.353619,0,Normal
10,0.345952,0.0186452,0.0485282,Normal
5,0.973272,0.772752,0.180127,Warning
20,0.741603,0,0.0460277,Normal
15,3.05251,1.06034,1,Critical
13,2.21235,0.611404,0.973595,Critical
9,-3,0.995726,1,Critical
9,-1.87373,0.598135,0.863536,Warning
15,-0.0751656,0.674429,0.676703,Normal
5,2.83418,0.387126,0.733422,Warning
22,2.47582,0.0564713,1,Critical
3,-0.656399,1.07006,0.677677,Warning
21,-2.57728,0.14799,0.440484,Normal
21,-0.759585,1.12907,0.381959,Normal
10,0.29246,0.501773,0.646333,Normal
3,-1.2945,0.656692,0.879677,Warning
9,0.0811321,0.172148,0.47013,Normal
8,-2.41376,0.90613,1,Critical
23,-0.468358,0.966202,0.0679559,Warning
7,-0.704866,0.515747,0.559074,Warning
20,0.616579,0.578552,0.0480368,Normal
6,-0.578846,0.65055,0,Normal
1,1.68285,1.43762,0.837585,Warning
7,-0.796356,0.632298,0,Normal
21,0.441531,0.32609,0.459822,Normal
10,0.465409,0.602529,0,Normal
12,1.25132,0,0.985536,Critical
1,-0.606721,0.874392,0.538419,Normal
19,-0.558473,0.724075,0.580002,Normal
8,-0.47937,1.10202,0.142575,Normal
9,-0.320517,0.596147,0.215972,Normal
2,-0.723657,0.543813,0.285727,Warning
23,1.83485,1.10062,1,Critical
20,-1.5128,1.02912,0.802645,Warning
5,-3.54194,0,0.315129,Normal
11,0.715985,0.583363,0.405362,Normal
19,-2.07152,0.342206,0.768963,Warning
8,3.0804,0.671243,0.903704,Critical
17,-1.75209,0.552067,0.384221,Normal
22,0.318307,1.03053,0.234236,Normal
11,0.303066,1.19317,0.447001,Normal
1,0.477768,0.581493,0.483299,Normal
9,0.326764,0,0.895805,Normal
7,-0.0885802,0.843179,0.573316,Normal
20,-0.563909,0.780239,0.395894,Normal
2,-0.306735,0,0.349941,Normal
8,-2.10251,1.3011,0.494691,Warning
10,-0.0196872,0.519671,0.496871,Normal
20,-1.57223,0.461413,0.799966,Warning
9,-0.674254,0.660342,0.243963,Normal
5,0.163773,0.114796,0,Normal
8,-2.16593,0.924369,0.844505,Warning
11,1.4651,0.613636,0.75861,Warning
9,0.372218,0.88898,0.0873308,Normal
0,-2.50249,0.792968,0.261678,Normal
10,-0.174701,0.992492,0.0899154,Normal
2,-0.323139,0.299818,0.148184,Normal
11,-0.616078,0,0.177982,Normal
1,0.00910944,0.165865,0,Normal
11,0.519743,0.345639,0.785855,Warning
3,-0.566126,0.639725,0.593131,Normal
13,-0.221399,0.171981,0.512371,Normal
12,-3,0.00708506,0.85817,Warning
14,0.126002,0.368319,0.314096,Normal
23,-1.62808,0.625428,0.509097,Normal
0,-0.017314,0.725881,0.753427,Normal
15,1.35273,0.718424,0.633056,Normal
5,0.530086,0.515642,0.2647,Normal
10,0.762335,0.643599,0.546753,Normal
4,-1.22232,0.314943,0.698544,Normal
17,-1.23063,0,0.440406,Normal
12,0.0885668,0.66607,0.239779,Normal
13,0.275202,0.463958,0.159249,Normal
1,1.74331,0.63164,1,Critical
3,-3.93447,0.538457,0.511677,Normal
3,0.909985,0.347764,0.394322,Normal
14,-0.631304,0.859899,0.266111,Normal
10,-2.25636,0.461312,0.772552,Warning
20,2.76417,0,0.528353,Normal
23,0.964855,0.721886,0.0953062,Normal
5,-3.8937,0.415859,0.593319,Normal
3,-0.12882,0.176602,0.24817,Normal
22,-3,1.04305,0.578201,Normal
16,-2.41383,1.28771,0.970859,Critical
8,2.64965,0.670028,0.771675,Warning
23,0.2691,0.92266,0.352138,Normal
5,0.306509,0.35891,0,Normal
3,-1.34372,0,0.885398,Warning
9,1.8776,0.166631,0.715739,Warning
1,-0.11484,0.853663,0.0450632,Normal
5,0.478087,0.452631,0,Normal
22,-0.836869,0.233474,0.305357,Warning
3,-2.01241,0.0653196,0.429255,Normal
1,-0.876457,0,0.531341,Normal
11,-0.461407,0.579163,0.324402,Normal
1,0.0951691,0,0.196214,Warning
21,0.126619,0,0.174318,Normal
4,-2.67662,1.1667,0.760698,Warning
14,0.419214,1.73724,0.263521,Normal
16,-0.506161,0.867889,0.101437,Normal
12,3.6138,0.673761,0.906265,Critical
8,-0.549937,0.657689,0.202718,Normal
5,0.162715,0,0.368746,Normal
22,-0.394456,0.352126,0.0198844,Normal
0,0.645787,0.444808,0.183204,Normal
8,1.58258,0.426496,1,Critical
3,-0.767328,0,0.166654,Normal
5,0.0553454,1.11865,0.127253,Normal
15,0.891973,0.679639,0.350233,Normal
5,-0.295823,0.979841,0.177438,Normal
17,1.73386,0.509873,0.214917,Normal
20,-0.195859,0,0.639337,Normal
10,0.0390917,0.63136,0.178619,Warning
1,0.331695,0.95159,0,Normal
3,0.411423,0.589007,0.424487,Normal
3,-3.10734,0.290154,0.662629,Warning
4,-0.485655,0.339005,0.20807,Normal
8,3.55596,0.764046,0.56239,Normal
14,3.38727,0.440254,1,Critical
17,1.9934,0.289222,1,Critical
13,-0.265382,0.228617,0.0703599,Normal
18,0.0723902,0.451733,0.184952,Normal
3,0.397797,0.259976,0.393529,Normal
17,0.11032,0.766655,0.454908,Normal
19,-0.208876,0.33064,0.383844,Normal
10,-0.893292,0,0.0317541,Normal
7,0.140014,0.811037,0.241868,Normal
21,-0.10341,0.180369,0.156502,Normal
9,-3,0.622594,0.529151,Normal
15,-0.459719,0.938778,0.139702,Normal
16,-0.581514,0.766415,0.158726,Normal
15,-0.846207,0.399729,0.100997,Normal
12,-0.410557,0,0.35969,Normal
16,0.0421094,0.330593,0.210199,Normal
3,-1.98742,0.222755,0.44295,Normal
22,-0.640875,0.313856,0.0784847,Normal
13,-2.14859,0.251065,0.733122,Warning
23,0.168881,0.954135,0.211165,Normal
15,-0.366333,0.840651,0.22547,Normal
20,0.0712355,0.473092,0.0549407,Normal
3,0.494589,1.13329,0.240341,Normal
13,0.697377,0.520082,0.390981,Normal
19,-1.0003,1.14856,0.792983,Warning
7,0.604582,0.477993,0.19646,Normal
14,0.419554,0.82455,0.229672,Normal
2,0.067149,0.378674,0.0895303,Normal
0,2.14135,0,1,Critical
21,-0.775969,0.402332,0.18711,Normal
22,-0.0138022,0.519409,0,Normal
0,1.80459,0.384624,0.670754,Warning
12,0.614395,0.327386,0.318893,Normal
14,-3,1.42006,0.95843,Critical
19,0.775648,0.583754,0.0111885,Normal
1,0.360076,0.438778,0.246782,Normal
14,-0.759703,0.703855,0.172724,Normal
23,-1.04096,0,0.513998,Normal
5,3.78018,0.929483,0.791046,Warning
20,1.00323,0.601422,0.672359,Warning
10,0.065889,1.11571,0.247794,Normal
13,-0.516884,1.04755,0.357577,Normal
4,-0.163583,0.341052,0.00256526,Normal
21,-0.464375,1.04503,0.485355,Normal
18,0.327844,0.364048,0.295257,Normal
22,-1.12556,0,0.861094,Warning
3,-0.296819,1.06091,0.330418,Normal
17,0.105821,0.26437,0.399572,Normal
6,0.147781,0.430512,0.197689,Normal
16,-0.565313,0.676223,0.37319,Warning
11,-0.715077,0.51175,0.469962,Normal
13,0.623967,0.694112,0.316764,Normal
2,-0.324022,0.489775,0.120243,Normal
0,-3.13284,0.329566,1,Critical
4,0.192518,0.0630476,0.664423,Normal
17,0.15309,0,0.308609,Normal
20,-2.80945,1.32372,0.761857,Warning
14,0.424168,0.656851,0.131381,Normal
9,0.873927,0.680093,0.368814,Normal
23,3.20047,0.70212,0.76108,Warning
20,-3,0.34934,0.574391,Normal
1,-0.309232,0.645735,0.361156,Normal
20,0.631455,0.845305,0.0077671,Normal
2,-2.59053,0.468818,0.581128,Normal
11,1.9768,1.08023,0.884756,Warning
18,-3,0.756971,0.906605,Critical
20,-2.42052,0.674566,0.512056,Normal
12,0.986336,0.801088,0.209823,Normal
19,4.37029,0.644921,0.950638,Critical
19,-0.635643,0.345346,0,Normal
22,1.01064,0.749133,0.429585,Normal
6,-1.57164,1.16693,0.641647,Warning
17,-0.767842,1.5267,0.0564453,Normal
10,1.0568,0.837692,0.589469,Normal
8,-3.02082,0.352305,0.49331,Normal
21,-3,0.721263,0.599463,Normal
18,0.27887,0.633395,0,Normal
5,-0.464658,1.0542,0.172137,Normal
21,-3,0.778538,0.943405,Critical
8,1.96269,1.68761,0.69548,Warning
16,-0.51077,0.735342,0.760008,Warning
15,2.54339,0.988927,0.624531,Warning
2,0.550056,0.928454,0.485034,Normal
1,2.98957,0.336483,0.941216,Critical
2,5.02465,0.511174,0.369322,Normal
1,-0.582471,0.359027,0.614566,Warning
9,-2.77069,0.37527,0.700289,Warning
8,-0.826777,0.684147,0.28416,Normal
9,-0.388835,0.63646,0.165287,Normal
12,-0.139665,0.881878,0.0102494,Normal
12,3.05091,0.373677,0.502,Normal
15,-0.954796,0.212417,0,Normal
6,0.910677,0.503354,0.0372506,Normal
6,-0.251403,0.182821,0.0339513,Normal
10,-2.40622,0.67439,1,Critical
3,1.50696,0,0.620587,Warning
9,0.664468,0.121315,0.0888165,Normal
2,2.82446,0.166738,0.784596,Warning
6,0.520078,0.611429,0.341114,Normal
1,-1.39368,0.453571,0.768723,Warning
1,1.11579,0.778357,0.786821,Warning
17,-0.145866,0.787208,0.83472,Normal
13,0.927607,0.691811,0.0155924,Normal
23,-0.409327,0.576358,0.502102,Normal
12,1.04019,0,1,Warning
20,1.20192,0.572545,0.824079,Warning
9,-1.53844,0.265454,1,Critical
4,-2.74058,0,1,Critical
17,-1.71544,0.545644,0.132753,Normal
23,-3,0.801205,0.608264,Warning
13,-2.95872,0,1,Critical
11,-0.0807863,1.07109,0.414838,Normal
10,-0.415133,0.757238,0.186652,Normal
10,-0.746403,1.67574,0.529268,Normal
7,-0.0880169,0.882576,0.299977,Normal
22,0.485322,0.500239,0.227214,Normal
23,-0.25466,0.586391,0.745203,Normal
18,0.341768,0.474736,0,Normal
15,2.33544,0.818804,1,Critical
13,2.02366,1.07243,0.710342,Warning
14,0.89604,0.0550956,0.476869,Normal
2,0.0993153,0.689855,0.363208,Normal
17,0.424941,0,0.483325,Normal
8,2.83268,0.72196,0.53902,Normal
2,-1.0796,0,0.332521,Normal
4,0.0415169,0.108181,0.364992,Normal
8,-1.19185,0.879407,0.237249,Normal
14,0.762223,1.04823,0.0780838,Normal
12,0.819073,0,0.568265,Normal
15,0.313861,0.908364,0.411943,Normal
6,0.759946,0.675862,0,Normal
19,-2.72649,0.674698,0.207759,Normal
23,-1.99144,1.54058,0.553531,Normal
17,-0.824722,0.632358,0.407967,Normal
4,-0.218225,0.0644548,0.146544,Normal
11,-2.44356,0.43185,0.256954,Normal
8,0.953795,0.311624,0.0700311,Normal
11,-1.07529,0.0524866,0.750099,Warning
19,-0.89502,0.370995,0.449226,Warning
1,-0.560173,0.872876,0.151558,Normal
14,-0.106119,0.887558,0.459999,Normal
0,-2.69783,0.324789,0.629721,Warning
21,-0.0999665,1.39132,0.0640633,Normal
2,0.204698,0.836768,0.592365,Normal
1,0.0792137,0.362735,0,Normal
21,-0.751613,0.769843,0.236255,Normal
12,-0.767961,0.272479,0.798301,Warning
3,0.82951,1.20436,0.221911,Normal
14,-0.463044,0.251791,0.0271138,Normal
20,-0.747028,0,0.0482383,Normal
2,-0.155847,1.34945,0.397375,Normal
10,2.38904,0.895739,0.795347,Warning
10,1.91448,0.197854,0.577303,Normal
13,1.59309,0.789346,0.80914,Warning
23,-0.524917,0.717694,0.638658,Warning
9,1.17541,0.883392,0.873818,Warning
16,1.27167,0.804037,0.680311,Warning
15,-0.273882,0.55676,0,Normal
0,-0.143506,0.816232,0.0877695,Normal
16,0.552989,0.271017,0,Normal
8,-0.849454,0.873955,0.19363,Normal
8,2.72933,0.311217,0.444767,Normal
5,0.190273,0,0.0848042,Normal
3,0.0512359,0.996476,0,Normal
13,1.713,1.29508,0.702775,Warning
7,-0.523961,1.24072,0.0451633,Normal
20,-0.682713,0.305557,0,Normal
13,0.127643,0.961987,0.955308,Normal
7,3.07362,0.649453,0.772518,Warning
17,-0.287618,0.133119,0.387058,Normal
13,-2.19224,0,1,Critical
0,2.72029,0.534508,1,Critical
17,0.145808,0.951439,0.354966,Normal
2,-1.15839,0.984209,1,Warning
8,-2.86676,0,0.566746,Normal
2,-1.38151,0.90307,0.668863,Warning
6,0.432754,0,0.187079,Normal
9,-2.43446,1.2167,0.982685,Critical
2,-0.609019,0.1838,0.544099,Normal
15,-0.336964,0.459004,0.330931,Normal
14,0.459423,1.05215,0.625252,Warning
13,0.389987,0,0.365464,Normal
18,-2.89882,1.31203,0.992795,Critical
16,-2.40411,0.0552832,0.349754,Normal
21,-0.580032,0.392874,0.359162,Normal
21,-0.00524966,0.859323,0,Normal
21,-3,0.168821,0.941656,Critical
12,-0.520911,0.787663,0,Normal
9,-0.364136,0.670336,0.0412363,Normal
21,2.57184,1.30644,0.914775,Critical
9,2.3264,0.226706,0.363671,Normal
20,-3,0.843946,0.580909,Normal
7,0.795119,0.663355,0.198307,Normal
16,0.302204,0.596418,0.160011,Normal
22,-0.417492,1.50261,0.0318632,Normal
1,0.108877,0.365531,0.144731,Normal
8,-0.465024,0.843792,0,Normal
7,-2.65964,0.277037,0.683857,Warning
19,-1.48766,0.596168,0.571702,Normal
1,-2.20777,0.0934709,0.92459,Critical
7,-2.12175,0.632272,0.657662,Warning
9,0.236547,0.180162,0.235678,Normal
18,-0.403558,1.03574,0.291121,Normal
13,0.791165,0.565602,0.611317,Warning
13,3.22375,1.36381,0.391692,Normal
8,-1.37741,0.541742,0.90497,Critical
15,0.957803,1.02382,0.368178,Normal
18,2.5266,0.852353,0.677327,Warning
17,-3,0.569567,1,Critical
23,2.16521,0.175639,0.594869,Normal
21,1.04929,1.14006,0.357767,Normal
9,0.0594115,0.989153,0.0780512,Normal
12,0.124764,0.823736,0.179946,Normal
15,0.0342194,0.658044,0.443284,Normal
6,-0.669544,0,0.164131,Normal
13,-0.809176,0.173035,0.042787,Normal
15,5.08954,0.629908,1,Critical
17,-0.588246,0,0.341775,Normal
17,0.7711,0.184712,0.807476,Warning
20,-1.14339,0.809375,0.827883,Warning
7,0.434448,0.346498,0,Normal
6,-0.702271,0.442065,0.0985458,Normal
15,-0.726251,1.22365,0,Warning
23,1.89825,0.296319,1,Critical
7,2.83078,0.770617,0.730641,Warning
2,0.337278,0.718228,0.119284,Normal
13,-0.630772,0.734593,0.328681,Normal
23,2.0483,0.824018,0.536969,Normal
18,0.043287,0.83898,0.18689,Normal
13,1.15165,0,0.526598,Normal
4,-1.22308,0.205669,1,Critical
17,-1.24665,0.675892,0.491546,Normal
13,-0.416451,0.253294,0,Normal
17,-1.10206,0.33342,1,Warning
2,-2.27168,0.629007,0.551679,Normal
0,0.55484,0,0.302571,Normal
6,0.851864,0.664388,0.4055,Normal
18,1.30774,0.4269,0.291621,Normal
11,0.660143,0.618802,0.352643,Normal
22,-0.443423,0.459684,0.393408,Normal
19,-0.017123,0.457795,0.145225,Normal
16,-1.78937,0.0909839,0.813308,Warning
14,-0.312726,0.156286,0.422938,Normal
15,0.352542,0.403039,0,Normal
0,1.44515,0.385033,0.809888,Warning
14,-1.2592,0.0844792,0.627118,Warning
15,-0.0518242,0.339159,0.251734,Normal
19,1.70159,0.295748,0.682958,Warning
2,0.152125,0.744461,0.0650986,Normal
22,2.18439,1.00962,0.388742,Normal
7,-2.91671,0.529235,1,Critical
12,-0.782811,0.88164,0.468113,Normal
10,-0.188703,0,0.368039,Normal
15,-1.35659,0.625262,1,Warning
14,0.484343,0.0469239,0.299736,Normal
14,-0.841879,0.945894,0.350908,Normal
4,-0.940158,0.649475,0,Normal
14,1.08439,0.747896,0.735974,Warning
15,1.63157,0.485408,1,Critical
13,0.524646,0.489092,0.351884,Normal
2,-0.588301,0.850804,0.15682,Normal
18,0.295619,0.768967,0.405368,Normal
14,-2.88731,0.79806,0.883386,Warning
7,-1.8486,0.431791,0.964201,Critical
10,2.35432,0.375974,0.60392,Warning
15,-1.93111,0.606309,0.961846,Critical
19,-0.344964,0.566282,0,Normal
1,0.243966,0.674186,0.420903,Normal
15,0.381945,0.244046,0,Normal
10,2.76738,1.27046,0.804572,Warning
1,0.900601,0.43753,0.151146,Normal
9,2.36276,1.01441,0.927435,Warning
16,-0.50356,0.955378,0.751015,Warning
18,1.38868,0.57252,0.808044,Warning
23,0.00562054,0.0924592,0.242383,Normal
1,-0.729638,0.845394,0.482055,Normal
15,0.948291,0.349827,0.560211,Normal
22,-0.121118,0.882341,0.268313,Normal
4,0.890495,0.254139,0.364036,Warning
17,0.479249,1.03792,0.43929,Normal
14,-1.47834,1.09278,0.722733,Warning
19,-0.175512,0.837804,0.752834,Normal
9,2.92957,0.583705,0.508041,Normal
15,0.132838,0.847209,0.142085,Normal
13,1.99684,0.481736,0.528816,Normal
21,2.25628,0.858142,0.382016,Normal
12,-0.257523,0.512196,0,Normal
19,0.387888,0.135962,0.376989,Normal
12,1.33787,0.453554,0.839993,Warning
15,1.43825,0.837814,0.395077,Normal
16,3.01922,0.358283,0.483147,Normal
10,0.325422,0,0.0557842,Normal
5,-2.59074,0.810356,0.71797,Warning
16,0.172868,1.1876,0.0574821,Normal
17,0.983122,0.381062,0.00562612,Normal
22,-1.83436,1.4592,0.8277,Warning
13,-1.13214,0.0330519,0.700619,Warning
3,-2.27343,0.392592,0.688578,Warning
18,0.517016,0.686489,0.500374,Normal
21,-3,0.644098,0.405405,Normal
3,0.147267,0.549688,0.155566,Normal
11,0.788939,0.793994,0.542466,Normal
1,-1.33451,0.621021,0.498608,Normal
5,-1.95561,0.634381,0.86254,Warning
16,-0.451949,0.884256,0.671054,Warning
20,2.45505,0.741089,0.989458,Critical
13,-2.87447,0.355056,0.84144,Warning
10,-2.28796,1.25359,0.826709,Warning
15,-1.54203,0.34685,0.675874,Warning
3,-0.353268,1.00546,0.561418,Normal
11,0.910674,0.840119,0.391057,Normal
17,0.434618,0.552171,0,Normal
13,3.23011,0.495952,0.770053,Warning
20,-1.95242,0.566401,0.86343,Warning
22,-0.447962,1.65177,0,Normal
6,-0.182083,0.619519,0.274911,Normal
22,-0.628568,0.80036,0.295537,Normal
13,2.30666,0.483467,0.980938,Critical
2,0.168875,1.07878,0.340603,Normal
2,-1.43994,0.889605,0.533502,Normal
9,2.45698,1.06276,0.965114,Critical
8,0.700371,1.07594,0,Normal
18,2.10642,0.649512,0.909481,Critical
3,0.0930775,0.706293,0,Normal
20,-2.32709,0,0.923659,Critical
19,0.499144,0.763455,0.144655,Normal
14,3.79215,1.25152,0.710238,Warning
1,0.583742,0.713601,0,Normal
21,1.5238,0.702536,0.369215,Normal
7,-0.9855,0.0227302,0,Normal
2,0.405296,0.837378,0.394355,Normal
14,1.64907,0.272801,0.81875,Warning
1,-0.519729,0.403829,0.436439,Normal
1,0.0660045,1.17926,0,Normal
11,-1.06112,0.339498,0.549466,Normal
18,-0.786221,0.0231385,0.669956,Warning
8,-2.17789,0.344716,0.755128,Warning
13,-1.28335,0.1275,0.598917,Normal
16,2.53005,0.787188,0.968706,Warning
17,0.311574,0,0,Normal
23,2.9424,0.60683,0.66541,Warning
16,1.78759,0.571301,0.562434,Normal
15,-2.91674,1.04422,0.528239,Normal
7,-2.04553,0.0226234,0.912769,Critical
5,-1.76663,0,0.667881,Warning
18,2.35628,0.573861,0.415396,Normal
9,-0.468005,0.738507,0.361589,Normal
3,-0.134425,0.825861,0.488344,Normal
3,-2.50079,0.754088,0.725277,Warning
5,-1.73621,0.530344,0.821462,Warning
23,0.450687,0.461004,0.125769,Normal
10,3.61252,0.356593,1,Critical
5,-0.870655,0.603228,0.280052,Normal
19,-2.7382,0.149947,0.655696,Warning
8,-2.48717,0.929941,0.547518,Normal
0,0.368171,0.571038,0.295026,Normal
15,-0.232465,0.807346,0.280462,Normal
9,3.61658,0.191863,1,Critical
16,-0.503202,0.429365,0.309927,Normal
23,0.100062,0.613559,0.530329,Normal
8,-1.27662,0.779961,0.96769,Critical
2,1.3853,0.427917,0.3898,Normal
9,-0.630082,0.617474,0.103774,Normal
23,-2.48783,0.695154,0.814209,Warning
11,0.220551,0.311475,0.574094,Normal
1,0.898888,0,0.428037,Normal
14,-0.238975,0.30064,0.0510122,Normal
13,0.476833,1.21711,0.67128,Warning
2,-2.92377,1.01421,0.465263,Normal
4,3.01491,0.728266,0.830022,Warning
5,-1.78293,0.597198,1,Critical
23,-0.509465,0.00781119,0.180826,Warning
10,-1.01471,0.560111,0.760408,Warning
23,-2.39409,0.830543,0.584675,Normal
23,3.76898,1.28747,1,Critical
14,2.62828,1.10412,0.400888,Normal
12,1.52988,0.375669,0.321445,Normal
0,-0.387934,0.734084,0.190179,Normal
0,1.72147,0.803563,0.497069,Normal
14,3.86128,0.651731,0.868932,Warning
14,-3,0.938248,0.840048,Warning
3,2.26753,1.17726,0.911704,Critical
8,-0.759775,0.680126,0.49449,Normal
0,0.99639,0.455946,0.402166,Normal
8,2.02455,0.19034,0.677946,Warning
2,-0.211667,0.641465,0.308474,Normal
16,-0.506735,1.22038,0.211393,Normal
11,-1.00734,0.674955,1,Warning
15,1.46249,0.924995,0.645207,Warning
12,-1.109,0.454945,1,Warning
22,0.622378,0.495364,0.268476,Normal
12,-0.707081,1.34158,0.135213,Normal
21,2.50947,0.333698,0.394809,Normal
16,2.34571,0.341025,0.246059,Normal
0,-1.9627,0.59269,0.557242,Normal
10,-0.0996937,0.765419,0.458966,Normal
21,2.64356,0.0450072,0.970179,Critical
16,-2.74225,0.742646,0.594159,Normal
5,1.24544,0.556,0.848376,Warning
12,-1.40937,0.403392,0.904254,Critical
0,0.838288,0.630552,0.725636,Warning
7,-0.249432,0.534524,0,Normal
18,-0.22546,0.708719,0.446875,Normal
23,0.290736,0.875564,0.127261,Warning
5,-1.11839,0.634081,0.883666,Warning
20,0.638062,0.166511,0.29317,Normal
2,0.0545816,1.28827,0.403979,Normal
7,-0.215454,1.00573,0,Normal
9,0.991046,0.168438,0.264435,Normal
12,0.322621,0.935793,0.334668,Normal
9,3.71816,0.317402,0,Normal
22,-0.395042,0.139067,0.0229147,Normal
9,0.165782,1.22432,0,Normal
15,0.30482,0.992595,0.625121,Normal
13,1.38867,0.627052,0.936288,Critical
12,0.626773,0.491753,0,Normal
10,-0.036987,0.923326,0.318773,Warning
22,0.821135,0,0.305647,Normal
4,0.234262,1.00273,0.0951632,Normal
1,-0.747605,0.664035,0.178399,Normal
5,-1.33585,0,0.183675,Normal
22,0.563333,1.18864,0.0288908,Normal
12,-2.5796,0,0.848585,Warning
8,0.862841,0.848105,0.374855,Normal
1,2.32388,0.222977,0.765224,Warning
9,3.2712,0.52416,1,Critical
17,0.553414,0,0.283704,Normal
22,0.0363793,0.122259,0.807528,Normal
13,-2.61254,0.211165,0.480514,Normal
5,-0.114718,1.26849,0.268725,Normal
0,2.15702,0.266058,0.67201,Warning
4,0.593171,0.0124204,0.184295,Normal
13,0.152501,0.0228339,0.42739,Normal
0,0.243224,0.0733819,0.0916595,Normal
8,-0.40412,0.971688,0.34197,Normal
16,0.0713069,0.332585,0.443782,Normal
19,-0.48259,0.395736,0.543103,Normal
13,-2.66841,0.950251,0.989965,Critical
0,-0.0588272,0.0211588,0.214784,Normal
12,-0.0402576,1.16914,0.473748,Warning
12,0.681148,0.924726,0.400249,Normal
20,-0.992068,0.742472,0.29772,Normal
18,1.43476,0.775713,0.889866,Warning
12,1.60081,1.1161,0.936912,Critical
23,-2.64361,0.644218,1,Critical
17,1.73042,0.544803,1,Critical
6,2.85783,0.302803,1,Critical
2,-1.42945,1.31479,1,Critical
22,1.9984,0.740239,0.933312,Critical
14,-0.0938565,0.452615,0,Normal
19,0.175578,0.620108,0.0257211,Normal
15,0.553722,0.175374,0.0413493,Normal
23,-2.91365,0,0.78597,Warning
9,-2.62497,0.91462,1,Critical
4,-2.61373,0.57219,0.548946,Normal
1,0.214986,0.73138,0.428846,Normal
19,-0.629301,0.318568,0.213576,Normal
12,1.50953,0.783618,0.787553,Warning
14,2.89231,0.351567,1,Critical
19,0.0609617,0.49568,0.0673309,Normal
13,2.17969,0.50467,0.726015,Warning
5,3.51787,0.400169,1,Critical
16,-0.91192,0.605117,0.0115914,Normal
18,0.239398,0.119268,0.0664875,Normal
20,0.622065,1.30309,0,Normal
8,1.81476,1.97197,0.606873,Warning
9,3.38322,0.545933,0.194831,Normal
18,2.45775,0.22612,0.905342,Critical
4,0.989509,0.649108,0.303373,Normal
1,-1.60185,1.3583,1,Critical
18,3.46843,0.24352,0.697972,Warning
19,-1.53156,0.924095,1,Critical
9,-0.534359,0.302931,0.753341,Warning
14,0.125056,0.538368,0.394393,Normal
20,1.17821,1.03707,0.554536,Normal
3,-2.79442,0.637615,0.774508,Warning
0,-0.823013,0.267908,0,Normal
19,0.913022,0.632106,0.242111,Normal
7,2.86307,0.0690946,0.577006,Normal
18,-1.36123,1.16155,0.583666,Normal
12,-0.714298,0.409343,0.459279,Warning
16,3.04402,0.762631,0.762743,Warning
4,0.567786,0.284047,0.26501,Normal
11,-3,0.84884,0.879561,Warning
13,3.46579,1.44292,0.487995,Normal
1,-0.252447,1.14069,0.0478334,Normal
10,3.44327,0.670766,0.648409,Warning
14,-0.312988,0.412801,0,Normal
14,2.76743,1.06269,1,Critical
23,1.4306,0.219461,0.78105,Warning
10,-0.518277,0.454805,0.71485,Warning
12,1.75122,0.0838237,0.893008,Normal
0,-1.73214,0.188058,0.788864,Warning
1,-0.659661,0.650232,0.0849462,Normal
21,2.0235,0.742507,0.476931,Normal
21,-0.55849,0.38545,0.212924,Warning
21,-0.276945,0.0706374,0.111287,Normal
16,-0.815929,0.466985,0.45823,Normal
15,-0.457164,1.37212,0,Normal
8,0.178424,0.962807,0.140218,Normal
1,-2.49709,1.01613,1,Critical
17,-0.180431,0.492413,0.218117,Normal
22,0.652359,0.910682,0.192216,Normal
13,0.508141,0,0.196881,Normal
6,-2.03197,1.18867,0.847013,Warning
11,-0.340498,0.531758,0.182892,Normal
22,0.15508,0.0579087,0,Normal
0,1.05793,0.370338,0.567123,Normal
18,1.76857,0,0.555178,Normal
19,-0.0441917,0.653826,0.233936,Normal
11,1.89019,0.511208,0.329324,Normal
5,-0.26533,0.829784,0.309639,Normal
10,1.41653,0.931175,0.749383,Warning
7,0.631166,0.675544,0.284537,Normal
22,-1.12239,0.193034,1,Warning
6,-1.63891,0.860736,0.790274,Warning
17,0.302605,0.439633,0.451427,Normal
7,0.920424,0.46302,0.358224,Normal
11,-0.105259,0.907102,0.0994167,Normal
4,0.251955,0.818458,0.298601,Normal
3,-2.22788,0,0.670443,Warning
20,0.0803687,0.170759,0.436349,Normal
4,-2.85344,1.08567,1,Critical
6,-0.96222,0.0177731,0.167679,Normal
8,0.171688,0.152445,0.118076,Normal
1,0.525854,0.867203,0,Normal
22,0.954554,0.264577,0.124675,Normal
5,-0.54901,0.687563,0.608887,Warning
10,-0.301324,0.179291,0.81148,Normal
20,-1.22479,0.0938521,1,Critical
3,0.19876,0.683609,0,Normal
14,0.140438,0.0979078,0.149396,Normal
8,-0.0586875,0,0.0164776,Normal
21,2.51301,0.672571,1,Critical
3,-1.27911,0.456903,0.979732,Critical
11,2.97389,0.458861,0.52201,Normal
16,0.84805,0,0.285175,Normal
15,0.435038,1.52413,0.478242,Normal
6,2.58216,0.498335,0.841908,Warning
2,0.730966,1.30792,0.358235,Normal
12,-1.2101,0.551895,0.887307,Warning
22,0.203889,0.78555,0.263557,Normal
17,-2.56813,0.540918,0.999858,Critical
0,-2.95338,0.63675,0.488396,Normal
3,3.54961,0.730922,0.465959,Normal
10,2.57737,1.16006,0.57473,Normal
20,1.30596,0,0.480197,Normal
6,2.37983,0.143171,0.549652,Normal
1,-0.111201,0.40779,0.0967383,Normal
12,-0.275734,0.57297,0,Normal
3,1.05777,0.0841224,0.819193,Critical
9,-3,1.05847,0.875233,Warning
1,0.0621835,0.240299,0,Normal
3,-3.45844,0.171121,0.795723,Warning
8,-1.18948,0.373345,0.643577,Warning
20,2.17909,0.94586,0.975718,Critical
21,-2.21253,0.714514,0.377639,Warning
6,-0.325583,0.930798,0,Normal
1,-0.0512789,0.273093,0.282856,Normal
21,-0.394489,0.160326,0,Normal
19,0.581078,0.375426,0.316101,Normal
11,-2.2661,0,0.627835,Normal
5,-3.02061,0.628243,0.857979,Warning
4,0.826782,0.439734,0,Normal
1,-1.10438,0,0.309421,Normal
4,0.443102,1.03684,0.106911,Warning
20,-1.18576,0.831596,0.646602,Warning
4,-1.94802,1.07402,0.786667,Warning
23,-2.91713,0,0.627479,Warning
7,-1.94978,0.490121,0.841073,Warning
1,-3.31217,0.494925,0.675887,Warning
19,-0.251914,0.60992,0.75688,Normal
20,-0.613542,0.21251,0.656604,Warning
11,-1.68836,0.474741,1,Critical
6,-3.03577,0.507747,0.548194,Normal
15,-0.12602,1.03126,0.187993,Normal
10,2.56228,1.10069,0.844741,Warning
18,-1.11445,0.699422,0.713012,Warning
21,3.36996,0.355198,1,Critical
7,0.437662,0.0872554,0.271049,Normal
22,-0.571313,0.63713,0.369893,Normal
22,3.00761,0.155198,0.72633,Warning
6,0.959954,0.493236,0.691154,Warning
17,2.73771,0,0.566836,Normal
9,0.0407181,0.18739,0.227014,Normal
8,-0.582638,1.2096,0.310154,Normal
1,-3.11751,0.436146,0.751435,Warning
7,3.43074,0.547889,1,Critical
2,-1.20074,0.837369,0.605062,Warning
2,-0.58959,0.474477,0,Normal
9,-2.61187,0.688212,0.697704,Warning
12,-3,0.313432,0.985135,Critical
12,-3,0.352014,0.824008,Warning
22,1.25246,0.463664,0.87221,Warning
23,-1.11563,0.775694,0.91054,Warning
23,-0.575011,0.632477,0.526525,Normal
6,-0.0986525,1.15557,0.622132,Normal
4,0.081567,0.393518,0.557186,Normal
13,-3,0.973415,0.308397,Normal
17,0.0773492,0.903511,0.118674,Normal
12,-3,1.1508,0.719988,Warning
7,-2.28018,0.706286,0.89479,Warning
6,0.979722,1.17722,0.258446,Normal
14,-0.7172,0.885177,0.18378,Normal
14,-2.49712,0.319893,0.92863,Critical
16,-0.700158,1.07929,0.649332,Warning
22,0.133434,1.31289,0.598308,Normal
16,2.45772,0.184392,0.875455,Warning
5,0.458633,0,0,Normal
23,-2.61229,0.642978,0.912578,Critical
21,0.203724,0.595315,0.0035496,Normal
15,1.28049,0.492869,0.775529,Warning
20,0.31551,0.827747,0.408175,Normal
22,-3,0.407209,0.979263,Critical
22,0.815307,0.895404,0.414716,Warning
22,-0.0899964,0.148213,0.620051,Normal
5,0.576943,0.779037,0.492287,Normal
18,1.03445,0.772253,1,Normal
21,2.01269,0.505209,0.668499,Warning
9,-1.00207,0.491819,0.913033,Warning
4,-3.71475,0.548448,0.965919,Critical
4,2.89182,1.30578,0.575988,Normal
12,-1.71286,0.100158,0.686914,Warning
17,-0.685198,0.112134,0,Normal
4,-1.28903,0.959947,0.289203,Normal
7,-2.9773,1.04056,1,Critical
20,0.327055,0,0.111792,Normal
8,-1.64039,0.964386,0.957742,Warning
17,1.09614,1.27955,0.57282,Normal
6,2.50677,0.58479,0.89968,Warning
3,-1.61953,0.812061,0.560937,Normal
15,0.499895,0.157532,0.432708,Normal
3,2.92974,0.209821,0.660837,Warning
10,0.637586,0.815892,0.601759,Warning
22,-0.167416,0.618939,0,Normal
21,-1.93349,0.624298,0.922864,Critical
20,-1.83158,0.659849,0.749575,Warning
19,-0.42299,1.39794,0.157344,Normal
14,-0.717702,0.0368896,0,Normal
17,0.118736,0.330053,0.27245,Warning
8,-0.18621,0.241593,0.170496,Normal
11,-0.308947,0.906262,0.643188,Normal
19,-2.59019,0.738921,0.465301,Normal
16,0.829636,0.68305,0,Normal
12,-2.09076,0.438818,0.774273,Warning
9,-2.68926,0.0676457,0.598358,Normal
20,0.153599,0.600791,0.215087,Normal
20,-0.126093,0,0.14819,Normal
1,1.26472,0.776211,0.336359,Normal
0,0.0486246,0.98414,0.287598,Normal
23,-3,0.940441,0.787269,Warning
9,0.580466,0.680357,0.290087,Normal
2,-3.27892,1.33766,0.934922,Critical
23,-0.112853,0.434027,0.106948,Normal
13,2.10768,1.26597,0.851913,Warning
22,-3,0.878544,0.577612,Normal
14,-1.70016,0.748953,0.603208,Warning
6,0.932003,0.667576,0.0627422,Normal
5,-0.560253,0.638995,0.315432,Normal
8,-4,0.382977,1,Critical
7,-0.346583,0.195442,0.530432,Normal
5,-0.197493,0.668185,0.568524,Normal
6,-0.459903,0.314896,0.67436,Warning
15,0.769385,1.20054,0.0236985,Normal
18,1.36881,0.877213,0.332013,Normal
8,-1.71465,1.2669,1,Critical
2,0.00406294,0.653132,0.439927,Normal
9,-0.174706,1.61294,0.0860598,Normal
8,-0.450165,0.529015,0.540631,Normal
1,2.4847,0.456852,0.467509,Normal
21,-1.31243,0.395051,0.692922,Warning
1,0.192586,0.970243,0.519819,Normal
2,3.23791,0.753852,0.731457,Warning
13,-0.20912,1.00844,0.560055,Normal
15,3.6548,0.042202,0.914757,Critical
11,2.42801,0.776459,0.274708,Normal
14,0.230943,1.09553,0.265722,Normal
21,0.88694,0.447358,0.270813,Normal
6,0.544985,1.32328,0,Normal
17,2.26888,0.325787,1,Critical
23,-1.4732,0.72188,1,Critical
19,-0.693872,0.733672,0.211624,Normal
22,-0.571435,0.55476,0,Normal
17,0.847827,0.336931,0,Normal
20,4.52408,0.532216,1,Critical
0,0.270463,0.325824,0.682659,Warning
23,0.887418,0.514895,0.220474,Normal
3,3.37482,0,1,Warning
16,-0.329693,0.466828,0.538461,Normal
1,-0.557466,0.550151,0.0460447,Normal
1,1.85595,0.482335,0.779284,Normal
23,-0.3764,0.228085,0.0806458,Normal
7,1.30471,1.68205,0.759721,Warning
0,0.147336,1.172,0.193349,Normal
0,2.08336,0.311296,1,Critical
2,1.76778,1.15367,0.656244,Warning
17,-2.82903,1.14624,0.388783,Normal
21,-0.387267,0.495564,0.644464,Normal
19,-1.80661,0,0.461879,Normal
22,2.08443,0.493662,0.723638,Warning
14,0.1365,0.155059,0.365999,Normal
3,-2.5138,1.7608,0.474817,Normal
9,1.95699,0.67995,1,Critical
4,-0.0588036,0.285827,0.417926,Normal
19,-0.273491,0.269409,0.403262,Normal
9,0.228446,0.77044,0,Normal
4,0.0434156,0,0.558037,Normal
20,0.796117,0,0.526402,Normal
17,0.514527,0.312072,0.229914,Normal
9,0.00748671,1.1168,0.0804856,Normal
15,-0.1286,1.53151,0.446288,Normal
4,-0.228714,0.0665444,0.0631778,Normal
9,0.0307372,0.485249,0.381512,Normal
0,-0.700929,0.783843,0.162133,Normal
16,-2.11296,1.4824,0.726348,Warning
10,-0.246791,0.149604,0,Normal
12,-1.05493,0.295215,0.496974,Normal
0,-2.75825,0.82847,0.795961,Warning
14,2.64075,0.186592,0.314964,Normal
20,-0.597666,0.0550123,0.011691,Normal
20,0.293006,0.0928847,0.300673,Normal
13,0.781662,0.0150032,0.128646,Normal
12,-0.345779,0.934908,0.355888,Normal
4,1.44125,0.294358,0.865933,Warning
8,-1.29361,0,0.552294,Normal
11,-1.07279,0.890849,0.74981,Warning
15,-2.54431,0.414574,0.812002,Warning
7,-2.05756,0.218994,0.479361,Normal
12,0.349112,0.494225,0.285436,Normal
12,-0.0406561,0.540975,0.135142,Normal
10,-0.117234,0,0.0787593,Normal
6,-0.73789,1.6151,0.0340368,Normal
0,4.04387,2.05768,0.72712,Warning
8,-3.38808,0.184518,1,Critical
22,0.531351,0.521836,0.134867,Normal
14,-0.25323,0.352223,0.157956,Normal
5,0.221451,0.3064,0.649638,Normal
16,-1.76827,0.497939,0.796848,Warning
13,-1.83441,0.913241,0.701032,Warning
1,2.02819,1.33754,0.620219,Warning
19,0.590175,1.06599,0.267113,Normal
10,1.25908,0.0877773,0.428794,Normal
13,0.452813,0,0.066496,Normal
15,2.61965,0,0.530263,Normal
9,3.13674,0.777135,0.535739,Normal
15,1.96178,0.833581,0.733252,Warning
11,3.04845,0.463508,0.424296,Normal
8,0.0991059,1.04691,0.022351,Normal
23,2.67768,1.36955,0.671812,Warning
0,0.200341,0.273413,0.0507272,Normal
5,-0.388148,0.603454,0.370016,Normal
16,0.368269,0.213631,0.540162,Normal
21,0.464221,0.678745,0.0897865,Normal
12,0.499648,0.170827,0.3619,Normal
0,-4.2826,0.732001,0.345646,Normal
0,-0.0903336,0.928317,0.176627,Normal
11,0.740042,0.255476,0.119851,Normal
9,-1.92496,0,0.550121,Normal
9,-1.6536,1.22384,0.667633,Warning
16,1.54778,0.129683,0.98273,Critical
8,-2.34803,0.716813,0.826131,Warning
13,0.365809,0.929721,0,Normal
10,0.403419,0.888956,0.695335,Warning
19,0.0729591,0.187809,0.15307,Normal
22,0.318074,0.267087,0.106434,Normal
20,0.201235,0.845456,0.173732,Normal
4,0.954712,0.0925616,0,Warning
7,-0.280367,0.555715,0.344135,Normal
4,0.0689886,0.0447248,0.755815,Normal
20,-0.584671,0.678217,0.00131432,Normal
1,-0.246754,0.323167,0.690109,Normal
3,-2.21311,0.375672,0.741598,Warning
16,-0.602695,0.70558,0.217784,Normal
13,-0.199731,0.922874,0.66895,Normal
7,1.07434,0.737968,1,Warning
13,0.115609,0.47739,0.324202,Normal
15,-0.990975,1.14498,0.0813988,Normal
13,1.26207,0.423072,0.958257,Critical
4,-4.03164,0.944909,0.337503,Normal
3,0.76432,0.58482,0.154775,Normal
7,0.788877,0.70457,0,Normal
3,-0.673364,0.376857,0.231054,Normal
17,-2.43249,0.697018,0.639002,Warning
22,1.26303,0.326669,0.59105,Normal
6,-0.852535,0.553961,0.220373,Normal
22,-2.03732,0.590547,0.342176,Normal
11,3.74777,0.398576,0.490612,Normal
6,-0.92986,0.442497,0,Normal
23,0.300348,1.04793,0.178113,Normal
1,-0.291575,0.284892,0.175554,Normal
19,1.65009,0.204818,1,Critical
21,1.76624,1.40457,1,Warning
10,-0.609994,0.602427,0.132571,Normal
8,-0.148594,1.1315,0.0914372,Normal
3,-2.49061,0.662062,1,Critical
12,2.19429,0.240603,0.732247,Warning
5,-1.3991,0.666118,0.82685,Warning
4,0.878092,0.226494,0.0477315,Normal
19,2.07477,0.0754641,0.459662,Normal
11,0.734124,0.390433,0.468212,Normal
13,-0.15859,0.411824,0.0862635,Normal
9,-2.07659,1.02188,0.676393,Warning
23,0.489304,0.903739,0.622009,Warning
5,2.36118,0.61519,0.530036,Normal
13,-3,0.568147,0.361789,Normal
13,-0.554084,0.300868,0.148509,Normal
12,0.419461,0.102943,0.233514,Normal
23,0.282319,0.717084,0.134712,Normal
4,2.59819,1.60176,0.976753,Critical
7,-4,0.378183,0.382341,Normal
12,-0.874108,0.471963,0,Normal
20,-2.98369,1.01783,1,Critical
20,-2.2261,0.439257,0.684241,Warning
16,-2.02994,0.689527,0.610109,Warning
15,-2.86612,0.50376,0.868395,Warning
14,-0.0315751,0,0.130745,Normal
20,-0.571042,1.26631,0.412446,Normal
2,-1.26611,1.46613,0.964055,Critical
14,-0.00191079,0.929209,0,Normal
9,-0.00274461,0.524356,0.0464177,Normal
11,-0.0692135,0.770664,0.405366,Normal
0,2.41205,0.896306,0.947829,Critical
4,-0.285108,0.267762,0.626918,Normal
10,0.213747,0.972255,0.117608,Normal
15,0.315118,0.767673,0.243256,Normal
10,-0.456403,0.228421,0.155062,Normal
16,-3,0.946162,0.720764,Warning
23,-2.02514,0.304446,0.821376,Warning
8,0.369829,0.763687,0.27555,Normal
0,-0.254456,0.152741,0.235078,Normal
22,-0.350623,0.19236,0.595193,Normal
7,0.976415,0.671669,0,Normal
15,-0.706303,0.995112,0.277092,Normal
12,-3,0.751958,0.559689,Normal
2,0.63844,0.846005,0,Normal
5,-0.14487,0.757904,0.366707,Normal
22,-1.26529,0.2329,0.824934,Warning
8,-0.732058,0.215338,0.240371,Normal
11,-0.290042,0.355933,0.18767,Normal
16,-2.31629,0,0.514836,Normal
7,2.53111,0.836992,1,Warning
4,-0.14983,0.219003,0.272999,Normal
5,-4.06107,0.950448,0.595292,Normal
2,2.24871,1.16033,0.0776376,Normal
18,-0.0949318,0.550044,0.396416,Normal
14,-0.961031,0.747324,0.542323,Normal
1,0.517866,0.630219,0.628296,Warning
0,0.0096462,0.389648,0.329961,Normal
14,0.324411,0.657779,0.482434,Normal
4,-2.19703,0.973581,0.665028,Warning
18,-0.476795,0.390349,0.349624,Normal
22,-0.669801,0.89705,0.913923,Warning
8,-0.106718,0.338558,0.327091,Normal
22,1.76222,0.330449,0.969851,Critical
13,-0.290223,0.577499,0.159615,Normal
23,-0.424093,0.416187,0.657009,Critical
20,0.582535,0.209333,0.11994,Normal
6,-0.780347,0.942129,0.572073,Normal
15,-0.756294,1.87441,0,Normal
8,1.1387,1.32121,0.827981,Warning
3,1.48916,0.223502,0.424594,Normal
16,-0.561657,0.995983,0.0398963,Normal
18,-2.59507,0.17913,1,Critical
15,0.729015,0.509238,0.57078,Normal
20,-2.46304,0.810016,0.672839,Warning
1,2.92999,0.975033,0.795581,Warning
3,1.32107,0.260652,0.89267,Warning
23,1.08166,0.00758154,0.516363,Normal
20,-1.76233,0.158599,0.715463,Warning
18,2.89551,0.731043,0.470924,Normal
21,-1.23838,1.37777,0.506029,Normal
0,-0.591041,0.735809,0.34908,Normal
22,0.205284,0.645661,0.415021,Normal
20,0.594346,1.03504,0.0765547,Normal
22,2.73049,0.110493,0.499389,Normal
15,0.319959,0.421484,0.603323,Normal
8,0.955113,0.89877,0.152868,Normal
13,-0.0507647,0,0,Normal
1,0.769654,0.913733,0.134168,Normal
10,-0.0200669,0.683574,0.259484,Normal
0,2.84183,0.996307,0.239279,Normal
8,-0.173568,0.564475,0.713285,Normal
17,-0.465991,0.967109,0.0253633,Normal
9,-0.587633,0.383695,0.686791,Warning
17,0.841184,0.847768,0.236894,Normal
15,-0.402313,0.763652,0.0912915,Normal
18,0.562961,0.778591,0.0515628,Normal
2,0.377696,0.486847,0.407376,Normal
18,0.785209,0.742578,0.137422,Normal
5,0.764031,0.757857,0.393861,Normal
15,0.48865,0.60937,0.599175,Normal
7,0.0709316,0.650191,0.137476,Normal
3,0.478118,0.559396,0.626619,Warning
2,-1.35801,1.03306,0.913724,Critical
6,-0.108933,0.343118,0.606494,Normal
9,-0.0996817,0.359864,0.391462,Normal
22,-2.37798,0.815298,0.813539,Warning
8,2.259,0.737021,0.608185,Warning
3,2.57133,0.957107,0.80814,Warning
6,-0.614837,0.832549,0.20806,Normal
21,-1.09946,1.00137,0.904984,Warning
9,-3,0.709865,0.774848,Warning
8,0.671899,0,0.165646,Warning
3,0.185121,1.21209,0.277887,Normal
16,0.444625,0.357629,0.608952,Warning
13,4.13493,1.04739,1,Critical
12,-1.63658,1.12348,0.77236,Warning
11,-2.83876,0.264387,0.969612,Critical
12,-0.114415,0.616212,0.0024778,Normal
23,0.99911,0,0.367793,Normal
10,0.925307,1.19723,0.355373,Normal
2,0.6164,0.441044,0,Normal
19,-0.938485,0.210666,0.474634,Normal
13,-0.9747,0.569717,0,Normal
9,1.69551,0.582837,0.796127,Warning
12,-1.53532,0.725305,0.527287,Normal
12,-0.155154,1.04722,0.113056,Normal
15,0.520755,1.83333,0.109671,Normal
11,-0.515367,0.71984,0.340287,Normal
11,-0.133143,0.274274,0,Normal
14,-2.67745,0.749753,0.446523,Normal
7,1.04692,0.404598,0.85179,Warning
1,-0.101217,1.07203,0.113236,Normal
13,-1.23461,0,0.715269,Warning
11,0.774202,0.275567,0.214472,Normal
18,-0.525052,0.665648,0,Normal
6,0.724692,0.807591,0.289591,Normal
2,0.290817,0,0.0103681,Normal
11,-2.6409,0.330147,1,Critical
19,0.00836305,0.440251,0.574423,Normal
6,-3.67413,1.11922,1,Critical
0,0.323929,1.02008,0.57659,Normal
23,-2.35936,0,0.540484,Normal
17,0.89812,0.199622,0.35237,Normal
13,0.707377,0.58295,0,Normal
17,0.532147,0.920466,0.408439,Normal
10,0.892314,0.610685,0.15068,Normal
3,0.913702,0.715805,0.597254,Warning
8,-1.10471,0.904495,0.709858,Warning
19,0.225535,0.554307,0.525307,Normal
5,-1.42738,0.92272,0.85462,Warning
8,2.22254,1.30908,0.612441,Warning
16,-2.57608,0.139027,1,Critical
20,0.878421,0,0.356771,Normal
11,-1.24672,0.692945,0.825978,Warning
19,0.508428,0.300479,0,Normal
2,-0.26409,0.86151,0.140822,Normal
13,0.0312232,0.324962,0.278532,Normal
19,-2.2952,0.489543,1,Critical
14,0.177119,0.873145,0.0401725,Normal
11,-0.108033,0.650255,0.0118607,Normal
6,0.396971,0.50738,0.636705,Normal
21,0.420958,0,0.0892477,Normal
10,2.18118,0.600036,0.718658,Warning
2,-0.623807,0.399543,0.446942,Normal
6,-0.76257,0.801774,0.0905808,Normal
10,0.496026,0.275851,0.769195,Warning
19,-3,0.853298,1,Critical
13,-1.93171,0.27028,0.895421,Warning
10,2.30956,0.199633,0.797884,Warning
8,0.530038,0.83401,0.610189,Warning
2,-3.92676,0.74501,0.165365,Normal
5,-0.903343,0.782654,0.0869661,Normal
21,-1.73051,0.585543,0.87263,Warning
9,-0.313459,0.922968,0.0391983,Normal
23,-1.09631,0.860117,0.237897,Normal
8,-1.13014,0.810649,0.782841,Warning
13,-1.96526,0.343868,0.829333,Warning
1,-0.911253,0.890829,0.307254,Normal
10,1.0741,0.292397,1,Warning
19,1.88084,0.573563,1,Critical
14,0.640792,0.982927,0.0230809,Normal
11,-0.183263,0.461796,0.255482,Normal
16,1.02046,0.938013,0.339884,Normal
11,1.63374,0.715899,0.954356,Critical
3,-1.54722,0.0200318,1,Critical
4,0.0640908,1.07967,0.236181,Normal
23,1.75139,0.399122,0.492468,Normal
15,1.72676,0.768017,1,Critical
2,0.670476,0.411001,0.434904,Normal
6,0.100397,0.490911,0.314797,Warning
7,-0.90899,0.191526,0.42671,Normal
23,-0.270094,0.807541,0.441222,Warning
2,2.08639,0.681121,0.949548,Warning
1,0.861822,1.11126,0.118919,Normal
23,-0.848262,0.449234,0.533912,Normal
8,0.465188,1.05584,0.129489,Normal
10,-1.04348,0.897143,0.679523,Warning
1,-0.203413,0.0955784,0.4106,Normal
23,0.764554,0.329459,0.565309,Normal
21,0.154248,0.650358,0.162442,Normal
7,-0.276971,1.30026,0.283374,Normal
6,0.661232,0.905619,0,Normal
11,0.110653,0.548159,0.174418,Normal
1,0.223947,0.150708,0.0859916,Normal
4,-2.03709,0.294338,0.513853,Normal
21,-2.48291,1.815,0.735912,Warning
7,1.22958,0.457537,0.876552,Warning
14,-0.75563,0.079956,0.276838,Normal
0,2.69184,0.575617,1,Critical
23,0.321877,0.773033,0.21908,Normal
12,-0.433932,0.741894,0.210947,Normal
16,0.646346,0.37483,0,Normal
17,-0.378036,0.777483,0.378705,Normal
16,0.749891,0.630986,0.364967,Normal
2,-3.46708,0.283311,0.537521,Warning
9,0.545924,0.70648,0,Normal
18,-2.40773,0.958724,1,Critical
12,1.36137,0.233175,0.608443,Warning
22,-1.25738,0.358087,0.654018,Warning
20,0.579523,0.987626,0,Normal
15,2.40957,1.11035,1,Critical
1,-1.85538,1.02374,0.564897,Normal
1,0.0204947,0.631065,0,Normal
1,-1.43227,0.753927,0.462584,Normal
16,0.550018,0.532542,0.427757,Normal
13,-0.627123,0.664372,0.156321,Normal
3,3.25134,1.08757,0.520216,Normal
16,0.44674,1.13566,0.214197,Normal
1,-0.565111,0.106651,0.15422,Normal
12,0.167653,1.01915,0.501447,Normal
7,-0.441747,0.267094,0.434277,Normal
11,-0.777989,0.344916,0.426239,Warning
4,0.312304,0.161851,0.0899143,Warning
16,-3,0.638958,1,Critical
10,2.13052,0.532979,0.793378,Warning
12,0.511373,0.92428,0.511789,Normal
1,-0.813611,0.362026,0.461322,Normal
11,0.501841,0.680908,0.50035,Normal
7,2.26171,0.705346,0.388272,Normal
21,1.37837,0.784086,0.755874,Warning
22,0.433145,0.499121,0.213231,Normal
9,0.428009,0.287347,0.144301,Normal
16,0.0308805,0,0.433681,Normal
17,1.01298,0.520156,0.792234,Warning
21,-1.32929,1.25738,0.262578,Normal
1,-0.824529,1.16631,0.420211,Normal
16,1.22077,0.440645,1,Critical
5,-1.11636,0.473077,0.813432,Warning
6,-0.366732,0.244465,0.276341,Normal
5,-2.34613,0.618206,1,Critical
11,-1.55789,1.24235,0.502553,Normal
6,-0.740477,0.385997,0.327447,Normal
20,-1.70776,0.970084,0.855714,Warning
5,1.37375,0.152359,0.435035,Normal
12,-2.72114,0.499708,0.822688,Warning
4,-2.86098,0.0371988,0.46445,Normal
23,0.674673,0,0.476881,Normal
20,-0.205942,1.13606,0.238944,Normal
0,2.66309,0.337643,0.613198,Warning
4,-1.87092,0.428609,0.998761,Critical
19,-3,0.43857,0.443303,Normal
2,0.276586,0.40562,0.358972,Normal
10,-2.717,0.473741,0.438037,Normal
14,-2.12147,0.395417,1,Critical
5,-2.32371,0,0.834036,Warning
21,-0.0896647,0.660252,0,Normal
12,0.997745,0.836412,0.398205,Normal
19,-1.15291,1.14103,0.789527,Warning
18,2.46419,0.919707,0.972293,Critical
13,-0.0563533,0.124954,0,Normal
23,-2.0981,1.07457,0.906179,Critical
8,0.493246,0.634415,0.441988,Normal
14,-0.0830586,0.853695,0,Normal
8,1.77193,0.0503288,1,Critical
11,-0.133206,0.556148,0.257001,Normal
5,-0.381646,0.983502,0.303019,Normal
22,-0.216722,0.912997,0.4976,Normal
11,-0.187977,0.747144,0.0599967,Warning
5,-0.579366,0.341748,0.310792,Normal
1,-1.68948,0.763948,1,Critical
7,-1.13117,0.782763,1,Warning
17,1.98796,0.915063,0.9966,Critical
2,-0.936273,0.533335,0.214215,Normal
11,0.812356,0.468595,0,Normal
16,-0.291105,0.732433,0.25812,Normal
15,0.972097,0.157963,0.516509,Normal
5,2.3323,0.981936,0.308665,Normal
11,-1.27814,0.201655,0.509387,Normal
4,-0.374202,0.421522,0.681918,Normal
9,-0.320247,0,0.0976127,Normal
18,1.85543,1.36951,0.712612,Warning
7,-0.181315,0.653214,0.480081,Normal
14,0.419541,0.707712,0.402785,Normal
8,-3.79375,0.84792,0.829102,Warning
14,1.10695,0.907636,0.69054,Warning
22,1.93229,1.21259,0.990766,Critical
6,-3.21747,0.242152,0.601465,Warning
5,3.50671,0.900834,0.726397,Warning
15,0.148678,0.264695,0.220504,Warning
17,-3,0.977636,1,Critical
17,-0.211652,0.5704,0.355454,Normal
2,0.356489,0.108332,0,Normal
23,-0.779579,0.88995,0.214236,Normal
21,3.00427,1.0527,0.787146,Warning
11,0.318759,0.876416,0.233719,Normal
14,-0.612185,0.961681,0.439487,Normal
5,1.49856,0.789167,0.779513,Warning
2,1.48669,1.10651,0.562384,Normal
8,-0.605972,1.23654,0.807096,Warning
14,-0.727335,0.929108,0.391913,Normal
12,1.70366,0.544525,0.940728,Critical
16,4.59898,0.687203,0.890329,Warning
11,-2.29401,0.999766,0.87863,Warning
0,-0.770496,0.681638,0.147473,Normal
19,0.112862,0.510062,0.375458,Normal
10,-0.964146,0.804309,0.331407,Normal
13,1.0195,0.806248,0.807275,Warning
17,-1.88195,0.894573,0.737127,Warning
6,-2.32873,0.393844,0.37426,Normal
22,0.408532,0.160213,0,Normal
1,0.559898,0.548323,0.273625,Warning
19,-0.488877,0,0.777511,Warning
21,1.51508,0.280587,0.819449,Warning
1,0.679009,0.488328,0,Normal
18,0.345348,1.03155,0.66439,Normal
5,0.660069,0.335136,0.4248,Normal
5,0.377744,0.28116,0.148093,Warning
12,-0.707886,1.33282,0.449365,Normal
10,-0.298462,0.855226,0.602215,Normal
19,1.93916,0.728703,0.530981,Normal
14,1.49586,1.00653,0.590072,Normal
12,-0.208981,0.415208,0.178736,Normal
21,-1.08053,0.0301076,0.698893,Warning
5,0.00166725,0.984904,0.0257197,Normal
4,0.25129,0.307525,0.577108,Normal
1,0.0875506,0.292107,0.266975,Normal
15,0.168558,0.421457,0.116356,Normal
19,0.125527,1.08068,0.62582,Normal
12,0.104271,0.277992,0.330166,Normal
12,-2.82772,0.618941,0.486936,Normal
2,0.356208,0,0,Normal
15,0.0993861,0.538685,0.196921,Normal
17,-2.91286,0.322532,0.59978,Normal
18,4.40327,0.174639,0.690567,Warning
11,-0.167662,0.659723,0.447374,Normal
11,2.07467,0.870741,0.797054,Warning
18,2.37254,1.18716,0.97437,Critical
19,-1.40021,0.883139,0.76118,Warning
8,0.425657,0.551232,0.470971,Normal
14,-0.710127,0.801885,0.020298,Normal
6,-0.0793285,0.861952,0.333691,Normal
14,-1.50734,0.705587,0.946089,Critical
8,0.320663,0.904372,0.23238,Normal
17,-0.180443,0.871437,0,Normal
3,0.89926,0.177537,0,Normal
16,-3,0.103509,0.55879,Normal
16,-0.34659,0.691916,0.148062,Normal
10,0.652985,0.171645,0,Normal
7,3.35503,1.30418,0.441125,Normal
21,0.717368,0.229399,0.326182,Normal
20,-3,0.461499,0.65964,Warning
16,-0.177164,1.23836,0,Normal
12,-1.11833,0.397296,0.653413,Warning
8,-1.4061,0.668059,1,Critical
8,0.700445,0.619294,0,Normal
20,-0.439296,0.526405,0.0324246,Normal
2,0.21501,1.19038,0.402664,Normal
5,0.81746,0.275481,0.330027,Normal
10,2.13877,0,0.950832,Critical
7,1.36946,0.608774,0.742338,Warning
11,0.49092,0,0.734147,Warning
11,2.97751,0.682596,0.915389,Critical
10,0.0413405,0.557735,0.382072,Normal
20,-2.05436,0.654841,0.760295,Warning
17,-0.948212,0.571456,0.270942,Warning
19,0.149855,0.617848,0.53317,Normal
7,-1.75015,0.828401,0.979152,Critical
7,-0.128677,0.719182,0.781132,Normal
8,-0.91673,0.42883,0.295514,Normal
4,-0.13779,0.50266,0.157904,Normal
9,0.598503,0.750124,0.547216,Normal
2,-2.95462,0.820147,0.341231,Normal
4,3.1456,0.854528,1,Critical
1,2.89695,0.572274,1,Critical
6,-1.23059,0.762165,0.952046,Critical
2,0.0863954,0.582577,0.0409289,Normal
8,0.802983,0.258126,0.103312,Normal
17,0.231709,0.880173,0.221984,Normal
8,-1.08402,0.842628,0.575682,Normal
16,0.840046,0.507174,0,Normal
22,-1.88043,0,0.387327,Normal
20,-0.39483,0.504301,0.100994,Normal
8,1.72475,1.07054,0.524307,Normal
5,-2.35451,0.107553,0.475603,Normal
10,0.20462,0.84641,0.195713,Normal
21,3.70696,0.753521,0.920392,Critical
1,-2.30161,0.627488,0.718205,Warning
20,1.63685,0.402787,0.464236,Normal
15,-2.82113,0.268548,0.679683,Warning
17,1.748,1.11416,0.653602,Warning
15,1.43832,0.570474,0.792962,Warning
3,-0.620736,0.946866,0.342549,Normal
16,1.51441,0.762815,0.999736,Critical
9,1.36069,0.541654,0.920812,Critical
7,-1.90734,0.721066,0.461891,Normal
19,3.81122,1.63615,0.375147,Normal
3,-0.0553061,0.700193,0.323362,Normal
2,-1.06465,0.898309,0.465913,Normal
0,-0.206158,0.601769,0.565988,Normal
6,1.22823,1.19797,0.989733,Critical
11,2.51411,0.581615,0.399437,Normal
10,-3,0.405221,0.657704,Warning
14,0.773155,0.711225,0.17214,Normal
4,0.283632,0.726304,0.272071,Normal
9,2.2437,0.191645,0.694793,Warning
6,0.73182,0.694331,0.150659,Normal
17,3.98619,1.12483,0.638782,Warning
2,-0.719035,0,0.239603,Normal
8,-0.346095,1.05523,0,Normal
16,-0.103005,0.306062,0.0680704,Normal
12,0.62833,0.528867,0.0136314,Normal
5,0.858095,0.676696,0.0779024,Normal
3,0.881429,0.762814,0.0323211,Normal
18,0.0198498,0.526649,0,Normal
0,-0.518653,0.86905,0.373425,Normal
12,-0.345553,0.364404,0.34181,Normal
7,-0.465845,0.350793,0.56587,Normal
19,-0.934447,1.56377,0.488634,Normal
17,-1.12544,0.712345,1,Warning
4,-0.195986,0.588964,0.198329,Normal
2,0.426195,0.654248,0.379397,Normal
10,-2.41253,0.116476,0.471419,Warning
8,-1.90272,0.827847,0.685898,Warning
21,-1.65247,0.772676,0.965199,Critical
11,-0.7602,1.04135,0.144759,Normal
14,0.0958978,0.437766,0.322053,Normal
10,-0.372973,1.18987,0.629529,Normal
0,0.0221057,0.634446,0.535297,Normal
18,2.41109,0.787202,0.390168,Normal
22,0.807682,0,0.326673,Normal
18,-0.647567,1.0228,0.69447,Warning
1,3.40771,0.930636,0.67689,Warning
18,-2.48239,1.10064,0.518575,Normal
20,-0.293602,1.18696,0.442413,Normal
12,1.36804,1.70906,0.924754,Critical
1,1.35983,1.23155,0.730528,Warning
17,0.409345,0.185603,0.319513,Normal
20,0.271111,0.0597418,0,Normal
20,0.0706676,0.344333,0,Normal
23,-2.1154,0.598692,0.429187,Warning
14,-1.82272,0.86211,0.356902,Normal
13,0.913276,0.71166,0.488665,Normal
5,0.501935,0.418095,0.37239,Normal
5,0.466917,0.0063176,0.316306,Warning
20,0.664255,0.47119,0,Normal
2,0.621207,0.692571,0.223328,Normal
4,-2.83658,0.73034,0.500567,Normal
1,-0.261243,0.926528,0.793842,Normal
1,2.26526,0.713032,0.708666,Warning
21,1.228,0.564751,0.726153,Warning
3,-0.0345381,1.22004,0.0575058,Normal
3,3.08531,0.838465,0.646364,Warning
10,-1.04847,1.14246,1,Warning
4,-2.37338,0.731396,1,Critical
10,-0.17091,1.03776,0.55509,Normal
3,-2.33684,0.661119,1,Critical
23,0.108708,0.508824,0.241837,Normal
19,-0.645823,0.793521,0,Normal
0,0.607121,0.867924,0.640521,Warning
0,-2.65099,0.807413,0.450121,Normal
12,2.74948,0.432735,0.570783,Normal
17,1.85736,0.198244,0.719903,Warning
14,-2.22713,0.481297,0.849642,Normal
5,-1.31295,0.273929,1,Critical
0,-1.19627,0.614677,0.965456,Warning
17,0.953281,0.410373,0.746369,Warning
13,0.225437,0.790704,0.0825148,Normal
0,0.685283,0.407814,0,Normal
12,2.28262,0.702854,0.736963,Warning
10,0.000942147,1.0503,0,Normal
15,2.8637,0.393713,0.951728,Critical
6,1.46396,0.8894,0.697968,Warning
9,0.526215,1.08329,0.0984716,Normal
13,2.02345,0.69314,0.68712,Warning
19,-0.986215,0.817034,0.229999,Normal
6,0.382941,0.508587,0.454515,Normal
9,0.455517,0.268022,0.397678,Normal
19,0.141533,0.676455,0.193301,Normal
15,-3,0.788757,1,Critical
17,0.903666,0.765497,0.422006,Normal
22,0.243989,1.23207,0.135059,Normal
23,-3,0.64983,0.823129,Warning
23,-0.502299,0.390593,0,Normal
17,0.533916,0.624787,0.263498,Normal
4,0.489867,0.309531,0.0690639,Normal
16,1.76735,0.593506,0.689684,Warning
13,2.43366,1.3692,0.527331,Normal
12,-3,0.956535,0.851442,Warning
17,2.448,0.389315,0.668211,Warning
1,-1.52814,0.573546,0.857056,Warning
23,0.169016,0.555877,0,Normal
21,3.14858,0.108144,0.601999,Warning
11,0.329321,0.599809,0.485658,Normal
1,-0.996717,0.420847,0.841354,Warning
5,-0.364703,0.457553,0.46023,Normal
4,-1.13251,0.703896,0.584962,Normal
17,-1.69588,1.23655,0.142448,Normal
12,-0.477623,0.628333,0.0776144,Normal
18,-0.036894,1.07208,0.549225,Normal
6,1.74037,0,0.817154,Warning
8,-0.103208,1.67437,0.394053,Normal
17,-0.0672943,0.650996,0.452742,Normal
19,-0.0194343,0,0.462501,Normal
19,-0.491756,0.691558,0.482291,Normal
3,-0.817285,0,0.349331,Normal
6,-3.80512,0.40984,0.89355,Warning
14,-0.290632,0.647804,0.459574,Normal
12,-1.66222,0.104834,1,Critical
16,0.236911,0,0.266512,Normal
3,0.32938,0.620986,0.145039,Normal
18,-0.575097,0.738375,0,Normal
19,-0.245596,0.178171,0.114494,Normal
20,2.28461,0.724334,0.658393,Warning
1,2.51244,0.686018,0.771883,Warning
8,-1.39524,0.356435,0.475055,Normal
19,-2.65608,1.64381,1,Critical
23,3.18299,0.78207,0.993231,Critical
21,2.20568,0.937131,0.6887,Warning
12,-1.24915,0.644268,0.609354,Warning
12,-0.650429,0.91136,0.318111,Normal
21,3.18892,0,0.619301,Normal
20,0.557848,1.10791,0.394394,Normal
14,-1.04698,0.727356,1,Warning
16,-3,0.226249,0.49338,Normal
9,-3,0.722907,0.683985,Warning
3,-0.88259,1.28705,0.436733,Normal
13,-0.00201545,0.237665,0.199673,Normal
5,-2.91337,1.11414,0.716916,Warning
6,-1.26824,0.612248,1,Critical
16,-0.566706,0,0,Normal
23,3.74669,0.470186,0.376363,Normal
21,0.844406,0.308189,0,Normal
21,0.773739,0.642521,0,Normal
9,-0.562471,0.422753,0.124668,Normal
17,0.19999,0.68483,0.502353,Normal
10,1.03131,0.0412427,0.505624,Normal
5,0.958194,1.09753,0,Normal
15,0.407511,0.521527,0.268806,Normal
9,0.832901,1.0564,0,Normal
2,1.13309,1.43445,0.928346,Warning
3,-2.99261,0.416076,0.535925,Normal
9,-0.34799,0.973778,0,Normal
4,-0.594645,0,0,Normal
23,-2.66957,0.111299,0.730848,Warning
9,-0.154161,0.751566,0.529498,Normal
1,2.67012,0.396541,0.838332,Warning
17,1.67966,0.934252,0.991587,Critical
9,-0.095369,0.141609,0.525265,Warning
5,3.56306,0.363223,0.930835,Critical
8,2.18612,0.085882,0.819073,Warning
10,0.605792,0.692891,0.220719,Warning
17,0.109767,0.739501,0.468514,Normal
6,-0.529788,0.681583,0,Normal
13,0.12975,0,0.0370989,Normal
5,0.975497,0.573594,0.386103,Normal
15,-1.17849,0.346541,0.603194,Warning
10,-0.0381127,0.808098,0.24847,Normal
12,0.644586,0.36448,0.379092,Normal
13,2.43905,0.444276,0.821436,Warning
10,-3,0,0.686604,Warning
19,0.424386,0.590392,0.51504,Normal
12,0.854956,0.952528,0,Normal
2,1.96958,0.612563,0.901144,Critical
23,-2.51719,0.872959,0.396621,Normal
1,-1.45511,0.221856,0.925233,Critical
4,-1.13201,0.942588,0.949105,Warning
5,1.77899,1.20161,0.578333,Normal
21,2.24111,0.62934,0.755867,Warning
5,0.553892,1.07838,0.362354,Normal
16,2.12475,0.237219,1,Critical
15,2.03735,0.885765,0.630609,Warning
11,-0.00962179,0.40775,0.833585,Normal
19,0.870391,0.412024,0.509779,Warning
1,-1.81518,0.968293,0.455088,Normal
23,-0.397827,0.784992,0.132087,Normal
7,0.519846,0.0756145,0.221832,Normal
23,0.393134,0.203088,0.363655,Normal
7,-0.034264,0.733974,0,Normal
6,0.771626,0.933304,0.40449,Normal
4,0.229887,0,0.177236,Normal
0,0.303184,1.21401,0.754916,Normal
22,0.140334,0.970539,0.291175,Normal
16,2.88137,0.415657,0.486297,Normal
19,0.258912,0.66405,0.087612,Normal
1,0.172578,0.97643,0.199695,Normal
0,1.43275,0.62793,0.57818,Normal
8,0.0397562,0.202338,0.15552,Normal
8,1.92253,0.363381,1,Critical
3,0.147687,0.544816,0.476114,Normal
9,0.242654,0.602685,0.00183995,Normal
6,0.357918,0.866873,0.605598,Normal
16,2.3171,0.608891,0.486386,Normal
8,-3.45188,0.829549,0.597844,Normal
3,3.60747,0.7935,0.656297,Warning
21,1.17193,0.678087,0.468644,Normal
11,0.752951,0.128864,0,Normal
7,-0.356895,0.227022,0.461556,Normal
11,-2.70768,0.435589,0.433631,Normal
17,0.439681,0.829502,0.0747404,Normal
9,-1.87215,0.617734,1,Critical
13,-0.870247,0.738195,0.161632,Normal
9,0.167165,0.239505,0.146762,Normal
22,0.466985,1.15448,0.577545,Normal
16,-0.0159219,0.664865,0.412748,Warning
14,1.15891,0.15602,0.666128,Warning
1,-0.807667,0.892617,0.203637,Normal
21,-2.06537,0.73778,1,Critical
8,-0.549648,0.703459,0.333236,Normal
14,0.912181,0.857362,0.207701,Normal
7,-0.396935,0.134519,0.611263,Normal
4,1.2672,0.983717,0.703264,Warning
6,1.72097,0.427982,1,Critical
11,-0.752886,0.605336,0.139725,Normal
6,0.242952,0.546543,0.532426,Normal
8,0.0767086,0.453395,0.245248,Normal
8,-0.967494,0,0.537583,Normal
2,-0.872008,0.622215,0.384081,Normal
23,2.12255,0.719881,0.746013,Warning
23,-0.506497,1.23963,0,Normal
20,-0.261365,0.867873,0.522279,Normal
18,1.01875,0.64227,0.401889,Normal
5,0.50273,1.08566,0.360712,Normal
7,1.22967,0.944726,0.308951,Normal
6,-2.82084,0.214082,0.670724,Warning
9,0.475773,0.149728,0,Normal
4,-2.25363,0.161413,0.823586,Warning
0,3.03644,1.04339,0.945723,Critical
4,-0.46688,0.880083,0.311316,Warning
10,1.96914,0.976645,0.275735,Normal
13,0.0441945,0.245368,0.524809,Normal
0,-0.584282,0.2846,0,Normal
16,-3,0.311256,0.274376,Normal
19,-2.6639,0.28005,1,Critical
21,-0.139074,0.219634,0.113442,Normal
7,2.21817,0.771437,0.621539,Warning
11,0.271039,0.592011,0.181789,Normal
2,-1.28054,0.283615,1,Critical
19,0.275571,0,0.0431498,Normal
0,-0.0257307,0.679858,0.198101,Normal
23,1.9371,1.49318,1,Critical
13,-0.138709,0.930507,0.0909683,Normal
17,-0.584987,1.47669,0.654728,Warning
11,2.66386,0.780675,1,Warning
5,-0.373754,1.15384,0.333003,Normal
13,-0.845559,0.499477,0.47542,Normal
3,-2.60645,1.20132,0.475334,Normal
14,-0.642409,0.770394,0.00285308,Normal
1,-0.521636,0.927693,0.404098,Normal
2,1.30804,0.292678,1,Critical
1,0.581021,0.27081,0.103462,Normal
11,2.01255,0,1,Critical
0,-1.15709,0.184005,0.773584,Warning
1,0.614535,0,0.110588,Normal
3,-0.864638,0.729823,0.139403,Normal
1,-1.2628,0.987895,0.649037,Warning
4,1.87207,0.401398,0.577481,Normal
13,0.126675,0.0248853,0.587719,Normal
23,-0.22075,0.611077,0.686128,Normal
1,3.40472,0.494041,0.792938,Warning
8,3.38287,0.638138,1,Critical
6,-0.904067,0.389856,0.377701,Normal
7,0.10293,0,0.3886,Normal
12,-0.941947,0.550016,0.50019,Warning
4,0.38995,0.883891,0.259917,Normal
20,-0.260381,0.483659,0.105105,Normal
16,2.28167,0.71431,0.650833,Warning
18,1.46011,0,1,Critical
21,-0.48067,0.639819,0.132385,Normal
21,-0.382487,0.540674,0.0623004,Normal
19,2.60024,0.513666,0.672333,Warning
22,0.948294,0.778655,0.384078,Normal
2,-0.0482509,1.07287,0.368093,Normal
18,2.70401,0.747648,0.770254,Warning
18,-0.854649,1.06089,0,Normal
19,2.01986,0.560377,1,Critical
13,0.396586,0.698615,0.343046,Normal
17,-1.02448,0.438802,0.876171,Warning
21,-2.80756,0,1,Critical
2,-2.7695,0.672306,0.99678,Critical
14,-1.10136,0.277328,0.895712,Warning
20,-1.46213,0.085354,0.781113,Warning
19,0.494053,0,0.428612,Normal
10,-2.86668,0.86749,0.448336,Normal
15,0.601734,0.683636,0.0316228,Normal
21,-2.14453,0.388038,0.723323,Warning
1,0.597872,0.0274215,0.0302844,Normal
23,1.87253,0.34463,1,Critical
19,-0.672397,0.566351,0.518949,Normal
20,2.25518,1.12292,0.539831,Normal
20,-0.0142931,0.658738,0,Normal
22,2.96334,0.855978,0.48843,Normal
9,-0.656736,0.477238,0.186249,Normal
14,-2.30721,0.569751,0.81951,Warning
16,-1.09854,0.537491,0.357542,Normal
18,-0.377524,0.801793,0.639711,Normal
22,3.77313,0.469225,0.402233,Normal
22,2.20069,0.939437,0.713166,Warning
0,0.058323,0.178092,0.423058,Normal
21,-0.714747,0.505181,0.185042,Warning
14,0.316273,0,0.503707,Normal
9,-0.651798,0.563925,0.255807,Normal
20,-1.96806,0.888527,0.98107,Critical
18,2.48564,0.739226,0.493413,Normal
4,3.87665,0.830992,0.832363,Warning
17,1.1915,0.129331,1,Warning
5,2.6382,1.02318,0.731879,Warning
2,0.299026,0.854337,0,Normal
9,0.55071,0,0.445658,Normal
13,-3,0.288027,0.940722,Critical
16,-0.093032,0.152882,0.230039,Normal
23,1.58358,0.504435,0.612204,Warning
9,-0.118692,0.945454,0.560808,Normal
15,-0.174929,0.712238,0.35072,Normal
19,-1.1079,0.081581,0.739036,Warning
21,4.5333,0.624702,0.489922,Normal
0,0.44516,1.2187,0,Normal
12,0.0469487,0.995444,0.8291,Normal
6,-4,0.041164,0.701983,Warning
12,2.92869,0.266529,0.513157,Normal
1,-0.71458,0.338825,0.472953,Normal
6,0.440029,0.735298,0.513775,Normal
10,-2.37367,1.01074,0.219348,Normal
23,-0.391404,1.00251,0.349068,Normal
5,-0.162176,0.640964,0.522656,Warning
22,0.0607283,0.293885,0.466328,Normal
21,-0.731736,0.776113,0.00393715,Normal
10,0.739113,1.19032,0.208632,Normal
14,-0.327881,0.266796,0,Normal
12,-0.283526,0,0.30867,Normal
0,0.353261,0.741984,0.221585,Normal
14,-2.3338,0.237727,0.61976,Critical
5,-0.985984,0.586427,0.266098,Normal
1,-1.54493,0.303559,0.662454,Warning
14,0.563785,0,0.310146,Normal
1,1.6907,0.572947,0.693142,Warning
13,0.238128,0,0.489522,Normal
23,-0.41501,0.429143,0.304949,Normal
0,-2.2853,0.228957,0.869644,Warning
16,-1.93532,0.677725,1,Critical
20,-1.73385,0.193115,0.798087,Warning
18,-0.182451,0.294167,0,Normal
12,2.64678,0.0612868,0.749597,Warning
11,-2.15481,0.596022,0.28653,Normal
7,-0.0962311,0,0.326068,Normal
22,-1.50091,0,0.264996,Normal
6,-0.540374,0.666418,0.345122,Normal
3,0.301716,0.209656,0.278286,Normal
8,-0.575934,0.477803,0.577737,Normal
20,0.974307,0.76624,0.346722,Normal
0,-0.0656006,0.108225,0.131982,Normal
17,-0.969016,0.710044,0.682833,Warning
13,-0.197417,1.14932,0.229387,Normal
13,-2.44347,0.833446,0.747433,Warning
14,1.44678,0.919618,0.416513,Normal
4,3.69559,1.62107,0.82895,Warning
22,-0.911799,1.60739,0,Normal
6,0.267065,0.844953,0.530142,Normal
0,-1.59159,0.434672,1,Critical
10,-3,1.03305,0.631444,Warning
4,-0.170288,0.222129,0.339632,Normal
6,1.3247,0,0.500486,Normal
22,2.99134,0.380279,0.583249,Normal
12,-2.76679,1.10172,1,Critical
10,-1.85851,0.85565,0.616398,Warning
7,-4,0.207864,0.372943,Normal
3,-0.404398,0.297774,0.420892,Normal
6,-0.84403,0.256282,0,Normal
12,-1.89381,1.12578,0.513505,Normal
14,2.76032,0.292513,0.93057,Critical
0,0.34389,1.56216,0,Normal
2,-0.307708,0.27555,0.172314,Normal
14,-2.09064,1.01966,0.703141,Warning
22,-0.105438,0.409698,0.186392,Normal
21,-0.0152498,0.486713,0,Normal
16,-3,0.58856,0.35897,Normal
3,-0.74478,0.588385,0,Normal
6,1.4334,0.909484,0.850277,Warning
1,1.2104,0.633922,0.709694,Warning
11,-0.198889,0.298405,0.106558,Normal
18,-0.581378,0.558989,0.300167,Normal
15,-0.00786677,0.639121,0,Normal
1,-0.0773981,0,0.468024,Normal
2,-0.272058,1.14254,0.520086,Normal
13,0.168273,0.399845,0.296017,Warning
2,-1.05392,0.456936,0.846312,Warning
19,-3,0.309869,0.839552,Warning
4,-2.75418,0.367483,0.998454,Critical
20,1.55177,0.115702,1,Warning
5,0.825832,0.0798269,0.0725843,Normal
21,1.0045,0.360005,0.496965,Normal
5,-1.47268,0.0950587,0.995982,Critical
4,-1.02599,1.00161,1,Warning
6,0.440781,1.3027,0.0448862,Normal
11,1.23851,0.42802,0.503404,Normal
6,-0.229992,0.945373,0.195545,Normal
14,1.52817,0,0.838368,Warning
1,0.514407,1.06684,0.24842,Normal
12,0.145222,0.672975,0.157231,Normal
3,0.557074,0.524588,0.144397,Normal
9,-2.15211,0.0703049,1,Critical
19,4.75764,0.914425,0.903251,Critical
8,-0.860245,1.11525,0,Normal
5,2.14012,1.19539,0.914436,Critical
12,-3,0.687848,0.635516,Warning
12,0.987267,0.723517,0.243559,Normal
23,-0.448936,0.441661,0.523389,Normal
14,2.43442,0.977192,1,Critical
8,0.758862,0.881736,0.276119,Normal
17,-1.84896,0.770023,0.881553,Warning
21,0.0382436,0.192902,0.204549,Normal
11,-3,1.14531,0.549972,Normal
8,-1.59088,0.191674,0.949455,Critical
12,-0.595217,0.824567,0.594808,Normal
2,-0.382762,0.856273,0.264671,Normal
8,-1.59518,0.464771,1,Critical
7,0.250622,1.3397,0,Normal
23,0.453974,0.237719,0.265739,Normal
6,-0.0662048,0.682269,0.162055,Normal
5,2.87331,0.871041,0.839535,Warning
22,0.222973,0.687547,0,Normal
19,0.235586,1.25485,0.211378,Normal
2,-0.586499,0.43268,0,Normal
23,1.71303,0.903041,0.770061,Warning
1,-0.936228,0.436845,0.742309,Warning
14,-1.06638,0.964091,0.760428,Warning
4,-1.29621,0.122137,0.764524,Warning
7,0.392133,0.39021,0.179918,Normal
17,0.74746,0.195044,0.327636,Normal
20,0.217173,0.664494,0.178564,Normal
12,0.525218,0.355581,0,Normal
21,0.774952,1.22313,0,Normal
10,-0.326686,0.950356,0.709825,Normal
5,0.813765,0.921786,0.636458,Warning
5,-0.319788,0.679711,0.339029,Normal
3,-1.6813,0.384032,0.708447,Warning
12,-1.22602,0.352024,1,Warning
0,-0.102188,0.39944,0.501092,Normal
18,-2.26811,0.713129,0.476362,Normal
4,2.68283,0.280154,0.764103,Warning
2,0.660511,1.0543,0,Normal
0,-2.39629,0.0391852,0.609967,Warning
18,0.54776,0.648492,0.628694,Warning
1,-0.413334,0.715649,0,Normal
20,-0.314813,0.704084,0.319473,Normal
13,3.50623,0,1,Critical
10,2.62029,0,0.827773,Warning
3,0.83084,0.554192,0.316846,Normal
16,-1.06881,0.504886,0.515087,Normal
22,-0.0683569,0.630289,0.280257,Normal
1,-0.161096,0.317784,0.177734,Normal
11,0.453879,0.142046,0.1499,Normal
8,3.18325,0.274917,1,Critical
14,-0.242453,0.60992,0.352922,Normal
22,1.18095,1.00548,0.697297,Warning
21,-1.32315,0.811101,0.515903,Normal
2,0.0677802,0.755539,0.785508,Normal
5,-3.80062,1.39848,0.881509,Warning
20,-0.0573312,0,0.50003,Normal
12,-2.42607,0.537212,1,Critical
4,-0.806681,0,0.354023,Normal
6,0.843417,0.586826,0,Warning
19,-2.45548,0.903978,0.761957,Warning
23,-0.117765,0.814564,0,Normal
19,2.4115,0.638228,0.431503,Normal
9,1.17784,0.94602,1,Warning
1,-1.74333,0.574382,0.809606,Warning
4,-0.665061,0.277573,0.261491,Normal
17,0.319237,0.107711,0,Normal
11,-0.272088,0.756816,0.0791765,Normal
22,2.99463,0,0.708131,Warning
7,1.09817,1.16278,0.937183,Warning
22,-0.855743,0.836224,0.16376,Normal
4,-2.24512,1.08303,0.720455,Warning
14,0.94158,0.853648,0.695088,Warning
10,-0.36558,0.0242368,0.636362,Normal
2,0.528948,0.302017,0.491383,Normal
4,0.985433,0.723017,0.240456,Normal
10,-3,0,0.75981,Warning
14,2.51319,0.948961,1,Critical
1,3.07252,0.547497,0.651437,Warning
16,-0.302753,0.665267,0.525567,Normal
4,-1.88973,0.917495,1,Critical
23,1.13934,0.341469,0.70512,Warning
18,0.372492,0.360026,0.251134,Normal
9,-0.313172,0.923292,0.0841681,Normal
11,-0.751877,0.0382835,0.455066,Normal
0,-0.199498,0.442624,0.317919,Normal
6,-2.01646,1.26353,1,Critical
18,-2.06434,0.797393,1,Critical
3,1.92767,0.630137,0.732898,Warning
19,-0.438936,0.96996,0.283546,Normal
20,0.817437,0.28002,0.206515,Normal
23,-2.7372,0.774492,0.69904,Warning
1,2.71002,0.38696,0.820166,Warning
15,-0.406146,1.43918,0,Normal
18,-0.87626,0.431083,0.0335486,Normal
20,0.140106,0.383466,0.373477,Normal
23,0.659187,0.587653,0.379019,Warning
9,-0.973718,0.991627,0.257293,Normal
20,-2.39901,0.704185,1,Warning
15,0.220035,0.619184,0.354491,Normal
14,0.603283,0.182251,0,Normal
10,-2.49109,0.792456,0.531815,Normal
15,-1.80168,0.693392,0.765214,Warning
22,-0.10871,0.631935,0.35178,Normal
18,3.55406,0.387134,1,Critical
13,-0.66584,1.37569,0.264477,Warning
0,-0.668718,0.706469,0.111098,Normal
5,2.22491,0.0191348,0.249343,Normal
8,1.61216,0,0.633439,Warning
23,-3,0.638484,0.644989,Warning
22,-0.831636,0.868742,0.290334,Normal
16,2.68475,0.86219,0.692422,Warning
22,1.52973,0.666606,0.40166,Normal
18,-3,0.249592,0.790041,Warning
6,-0.0709016,0.418177,0,Normal
6,0.00857525,0.748608,0.362039,Normal
6,2.8079,0.089259,0.82566,Warning
3,-0.584629,0.122686,0,Warning
1,-2.80507,0.781569,0.475369,Normal
21,-1.1388,0.237739,0.40536,Normal
18,0.490551,1.01872,0.383445,Normal
18,0.875739,0.259309,0.159178,Normal
21,2.42404,0.815171,0.636054,Warning
11,1.63535,1.34103,0.875055,Warning
5,0.98114,1.36652,0.367899,Normal
0,3.85637,0,0.488181,Normal
16,-1.93999,0.541042,0.284616,Normal
21,-2.41461,0.170631,0.786682,Warning
1,-3.00442,0.135296,1,Critical
14,2.16832,0.854728,0.554818,Normal
13,4.72587,0,0.715108,Warning
12,0.645269,0.333189,0.312643,Normal
20,-1.90845,0.623693,0.932268,Critical
18,0.0313504,0.611379,0.37098,Normal
6,0.778084,0.678344,0.123636,Normal
1,0.83337,0.799076,0.685483,Warning
5,1.93359,0.283524,0.976757,Critical
20,-0.525846,0.67419,0.00706665,Normal
13,0.280904,0.191652,0.305609,Normal
6,0.591665,0.89461,0.121844,Normal
9,1.32273,1.10951,0.60113,Warning
4,-0.923764,0.754844,0.0683035,Normal
2,1.75324,0.153167,0.939535,Critical
15,-0.797309,0.929973,0.135488,Normal
21,-0.674325,0.403498,0,Normal
19,2.07717,0.762527,0.767042,Warning
14,0.0247998,0.639652,0.251357,Normal
11,-0.0680119,1.47971,0.101709,Normal
10,-0.507784,1.09273,0.0233561,Normal
22,-0.700655,1.12951,0,Normal
15,-0.85022,0.227015,0.112564,Normal
20,-0.16001,0.64711,0.208488,Normal
8,0.87102,1.32926,0.215533,Normal
1,2.31729,0.33792,0.496975,Normal
17,0.482187,1.05915,0.204363,Normal
22,2.48177,0.672312,0.861733,Warning
17,-1.40549,0.616594,1,Critical
17,-0.649883,0.692102,0.664649,Warning
1,-0.317249,0.410776,0.0576589,Normal
16,-0.376421,0.193425,0.459965,Normal
0,-0.926061,1.0043,0.33195,Normal
0,1.27215,0.207474,0.794484,Warning
21,4.20987,0.45089,0.658491,Warning
22,-0.18971,1.48747,0.417168,Normal
7,2.59131,1.47492,1,Critical
8,-0.330647,0.595504,0,Normal
11,-2.42291,1.24934,0.850271,Warning
14,-3,0.440322,0.599472,Normal
9,-0.527538,0,0.587177,Normal
10,0.0754919,0.961487,0.00319228,Normal
7,-0.182519,0.981121,0.672463,Normal
15,0.635204,0,0.502295,Normal
18,-3,0.759996,0.269817,Normal
12,-3,0.615335,0.813504,Warning
1,-1.24428,0.872082,0.856084,Normal
5,-0.418978,0.471383,0.574482,Normal
20,0.694496,0.449851,0.211089,Normal
8,2.16499,0.726344,0.704725,Warning
8,-0.521015,0.837965,0.210464,Normal
9,-1.07221,0.322632,0.982025,Warning
15,1.00432,0.55088,0.882036,Warning
12,-0.391893,0.441171,0.183228,Normal
5,-0.320151,1.27551,0.320402,Normal
16,0.51514,1.18082,0.172679,Normal
5,-1.36621,0.0699897,0.784996,Warning
8,-0.169865,0.52947,0.231969,Normal
15,-3,0.946539,0.653453,Warning
14,1.93583,0.857633,0.630714,Warning
11,-0.386177,1.0435,0,Normal
9,-1.71975,0.490935,0.693265,Warning
3,-0.394191,0.346504,0.240476,Normal
13,-0.439591,0.374745,0.213446,Warning
16,3.51198,1.39904,0.666618,Warning
0,2.09247,0.594906,0.721062,Warning
1,1.00249,0.689564,0.238845,Normal
20,-0.484694,0.842626,0.202159,Normal
19,0.0523628,0.968646,0,Normal
8,0.13105,0.41043,0.132896,Normal
1,2.16041,1.13556,0.497256,Normal
5,1.21936,0.421049,0.594173,Normal
10,-1.18574,0.0241141,0.482906,Normal
20,-0.825908,0,0.145839,Normal
20,-0.525206,0.216873,0.321681,Normal
16,-2.14607,0.0684639,0.760776,Warning
13,-0.175836,0.0919853,0.423952,Normal
13,1.88762,0.571871,1,Critical
11,-1.98027,0.742287,0.497231,Normal
20,-1.25302,0.192508,0.133191,Normal
2,3.76847,0,1,Critical
19,-3,0.0465911,0.816216,Warning
22,0.0277136,0.635176,0.0075488,Normal
2,0.273186,0.183668,0.431173,Normal
21,2.60979,0.811252,0.977514,Critical
10,0.610943,1.03431,0.486127,Normal
22,-0.259862,0.754762,0.128984,Normal
13,-2.17779,0.608484,0.927202,Critical
13,-1.08667,0.221012,0.578492,Normal
19,2.08485,0.125044,0.935874,Critical
14,0.723981,0.25168,0.00968105,Normal
11,1.24023,0.606212,0.748665,Warning
15,-0.36154,0.0460091,0,Normal
18,-2.05674,0.643304,0.93795,Critical
16,2.4455,0.320479,1,Critical
0,-0.919455,1.51268,0,Normal
12,0.952056,0,0.491431,Normal
3,0.347355,0.0902416,0.302548,Normal
15,0.104279,0.408956,0.627212,Normal
7,-0.341303,0.56837,0.475637,Warning
2,0.170268,0.950472,0.234406,Normal
20,-0.0956482,0.387252,0,Normal
21,-0.643988,0.121678,0.0149812,Normal
10,-0.321223,0.416278,0.533461,Normal
15,-0.216625,0.0838953,0.19862,Normal
0,1.73848,1.1099,1,Critical
13,1.56779,0.885575,0.766789,Warning
0,0.813349,1.35629,0.411485,Normal
6,-0.817229,1.18084,0.264271,Normal
11,-1.63054,0.379667,1,Critical
0,1.5546,0.992912,0.807143,Warning
21,0.490892,0.978358,0.363881,Warning
21,1.02839,0.840006,0.084245,Normal
10,-3,0.201339,1,Critical
21,-0.0137764,0.457828,0,Normal
14,0.133526,1.01567,0.06427,Normal
22,2.77513,0.643259,0.751675,Warning
6,-0.20632,0.613255,0,Normal
12,2.82397,0.793602,0.826417,Warning
23,-2.91126,0.657703,0.191767,Normal
1,0.729671,0.852204,0.332323,Normal
10,0.392506,0.512538,0.330151,Normal
2,-1.25783,0.889907,0.392447,Normal
14,0.910467,0.568616,0.50607,Normal
6,1.88549,0.411299,0.749499,Warning
22,-0.350849,0.496331,0.542169,Warning
9,-0.133636,0.416455,0.650443,Normal
16,-0.12382,0.385482,0.147221,Normal
2,1.4012,0.734247,0.695417,Warning
7,-3.39345,0.524936,0.494118,Normal
7,1.31704,1.05152,0.624043,Warning
7,1.1151,0.166755,0.360183,Normal
7,3.91301,0.0629529,0.885029,Warning
7,3.33249,0.837721,0.714418,Warning
9,0.189975,0.695322,0.259267,Normal
1,-0.794478,0.55317,0.461454,Normal
14,1.53887,0.951174,0.715801,Warning
22,-1.44806,0.597904,0.658541,Warning
19,-0.302617,0.74726,0.662601,Normal
10,2.04818,0.425261,0.617496,Warning
9,2.5288,0.148074,0.601502,Warning
7,-0.376946,1.08921,0.636578,Normal
10,-2.28324,0.899156,0.558618,Normal
21,-1.84145,0,0.76382,Warning
16,2.98038,0.590562,0.843677,Warning
8,0.663112,1.1479,0.315604,Normal
0,-0.759558,0.368897,0.71696,Warning
4,0.42783,0.463843,0.072174,Normal
10,-2.86815,0.352517,1,Critical
4,1.29907,0.687231,1,Critical
22,-0.486038,0,0.291591,Normal
13,-1.00548,0.703928,0.663221,Warning
1,-1.4805,0.269275,0.508085,Normal
3,-0.488525,0.664265,0.566854,Normal
5,-1.08895,0.994326,1,Warning
11,-0.383149,0.813989,0,Normal
12,2.28049,0.389892,0.750465,Warning
14,2.65509,0.576105,1,Critical
18,-0.319233,0.630881,0.233602,Normal
5,1.49116,0.833265,0.799543,Warning
14,-0.0645316,0.897088,0.713535,Normal
0,0.216172,0.383719,0.297693,Normal
20,1.74529,0.587332,0.34449,Warning
1,1.08073,1.07125,1,Warning
6,0.111024,0.473183,0.348954,Normal
6,3.14112,0.21112,0.832347,Warning
1,2.9776,0.1443,1,Critical
14,1.10876,0.648898,0.716978,Warning
4,3.38946,0.673819,0.94891,Critical
2,1.25685,0.525808,0.504492,Normal
17,0.91347,0.761861,0.649764,Warning
3,1.41364,0.465701,0.762743,Warning
15,-0.944762,0.680753,0.271974,Normal
3,2.95221,0.250121,0.562378,Normal
3,-0.657416,0,0.369705,Normal
8,-0.970659,0.188165,0.192111,Normal
18,0.605514,0.333971,0.0270115,Warning
3,1.50759,0.322128,0.851143,Warning
2,-0.31353,0,0.0222438,Normal
8,-1.28754,0.190576,0.515007,Normal
12,-1.23896,1.11409,0.385304,Normal
7,-1.02255,0.171129,0.525508,Normal
22,-3,0.70329,1,Critical
4,-0.310422,1.02517,0.114667,Normal
1,-0.525936,0.707726,0.204987,Normal
2,-3.71795,0.151268,0.33288,Normal
23,0.56793,0.39483,0.347768,Normal
20,-3,0.964008,0.0536963,Normal
11,-3,0.757038,0.844827,Warning
2,-3.39831,0.650685,1,Critical
16,0.866933,0.84272,0.394871,Normal
19,0.992924,1.63866,0.262577,Normal
9,3.55506,1.41804,0.483038,Normal
18,-2.40728,0.740028,0.61499,Warning
11,0.643912,0.638297,0.274086,Normal
8,0.567128,0.170947,0.714462,Warning
9,1.59548,0.218943,0.91085,Critical
0,0.0634774,0.491315,0.185992,Warning
9,-0.84441,0.623767,0.242414,Normal
1,3.05468,0.333335,0.796545,Warning
16,0.105005,0.325348,0,Normal
18,0.949143,0.845039,0.227492,Normal
10,-0.775053,0.478963,0.9364,Warning
14,2.39515,0.392994,0.340417,Normal
0,-0.535854,0.38716,0.19625,Warning
9,1.91693,0.463818,0.481476,Normal
1,-0.813077,0.926707,0.400596,Normal
21,-2.91558,0.226876,0.713449,Warning
14,-0.7781,0.390355,0.21305,Normal
16,2.35113,0.0482897,0.725943,Warning
7,-0.101236,0.287806,0.341539,Normal
11,0.977724,1.091,0.206137,Normal
7,1.6819,0.49167,0.608836,Warning
2,1.90228,0.840731,0.837798,Warning
11,-0.93593,0.490756,0.656144,Warning
18,-0.345302,0.513955,0,Normal
2,0.347665,1.16387,0.286875,Normal
19,0.386368,1.52036,0.649518,Normal
14,0.000590791,0.811166,0.239994,Normal
12,0.787695,1.26726,0.478931,Normal
13,-0.462664,0.904611,0.126765,Normal
5,-0.422725,1.04914,0.0893966,Normal
2,-0.386303,0.380227,0.167407,Warning
6,0.287385,0.579642,0.339123,Normal
6,0.784737,1.416,0.166521,Normal
0,-0.607291,0.447393,0.044563,Normal
6,-0.62705,1.31179,0.521292,Normal
0,2.69022,0.037155,0.996462,Critical
12,0.0767245,0.487542,0.300781,Normal
18,2.65801,0.589055,0.533034,Normal
4,-1.23432,0.581606,0.321988,Normal
3,4.26002,0.862802,0.292193,Normal
15,0.0568438,0.538254,0.154222,Normal
5,-0.787901,0.82191,0.385858,Normal
13,-0.0259927,0.280753,0.450462,Normal
2,-0.322112,0.679495,0,Normal
5,-0.0249061,0.68119,0.207474,Normal
19,0.37164,0.664297,0.639909,Normal
23,0.786834,0.643362,0,Normal
16,0.0379243,0.863712,0.317338,Normal
18,-2.8119,0,1,Critical
12,1.7127,0,0.771438,Warning
17,1.01904,0.224901,0.375472,Normal
12,0.241756,0.778508,0.542288,Normal
8,-0.145273,0.901933,0.0364449,Normal
1,-0.169883,1.018,0.709691,Normal
10,0.566017,1.32686,0.298173,Normal
3,-0.0701574,0.129317,0,Normal
22,1.66325,0.675196,0.842672,Warning
7,0.452171,0.823632,0.0972619,Normal
5,2.22455,0.741193,0.508753,Normal
5,1.7758,0.936949,0.697115,Warning
4,0.240104,0.595911,0.410667,Normal
0,2.85648,0.751806,0.358559,Normal
1,-0.887296,0.298461,0.311371,Normal
8,-1.44883,0.692232,0.187662,Normal
2,-0.129683,0.172573,0,Normal
15,2.44223,0.989272,0.999918,Critical
17,-1.16859,0.102537,0.515022,Normal
7,-4,0.975116,0.795624,Warning
3,-0.733092,0.858771,0.146535,Normal
3,1.0308,0.0218433,0.862346,Warning
5,0.562524,0.168533,0.904749,Warning
1,-0.0755163,0.871107,0.0166134,Normal
22,-0.759156,1.24569,0,Normal
2,0.0776489,1.06594,0.369389,Normal
2,-0.318216,0.470331,0.38069,Normal
0,0.0119423,0.52401,0,Normal
20,1.82753,0.515788,0.664338,Warning
11,0.393909,0.836231,0.452896,Normal
19,2.31922,1.10519,0.720451,Warning
11,0.899906,0.729792,0.217126,Normal
10,0.406371,0.520193,0,Normal
3,1.66694,0.663637,0.878241,Warning
7,-1.29473,0.836202,0.95615,Critical
9,-0.754944,0.548263,0,Normal
2,-0.605639,0.0164737,0.10122,Normal
8,0.104863,0.307539,0.203258,Normal
20,-0.352658,0.207302,0,Normal
2,-0.520791,0.40988,0.258833,Normal
21,0.31232,0.642222,0,Warning
22,0.606179,0.500427,0.0716484,Normal
8,-2.61846,0.798677,0.349874,Normal
20,0.984228,0.474866,0,Normal
17,-0.546121,0.899262,0.492006,Normal
22,-0.552349,0.382604,0.233396,Normal
8,2.59272,0.24572,0.781511,Warning
23,1.01172,0.930004,0.404229,Normal
13,-3,0.388006,0.840036,Warning
5,0.851137,1.18945,0,Normal
17,-1.04095,0.289947,0.740797,Warning
13,-1.12802,0.742988,0.771431,Warning
7,-2.70942,0.551161,0.33601,Normal
23,-0.698683,0.632823,0.110907,Normal
23,0.217782,1.14948,0,Normal
19,2.03791,0.421097,0.76925,Warning
19,-1.53444,0.572338,0.994701,Critical
11,2.28104,0.626199,0.721608,Warning
20,-1.00775,0.390237,0.760249,Warning
0,1.10235,0.181764,0.732855,Warning
15,3.55665,0.486831,0.526985,Normal
4,-2.95739,0.697405,0.766168,Warning
5,-0.575591,0.629112,0.27871,Normal
14,0.144889,0.0299357,0.479726,Normal
23,-2.17325,0.456652,1,Critical
5,-1.28003,0.645615,0.745856,Warning
12,0.64052,1.4299,0,Normal
16,-2.91644,0.279437,0.705322,Critical
2,-1.51355,0.155806,0.927838,Critical
13,1.107,0,0.384853,Normal
9,-0.600492,1.12247,0.614371,Warning
13,-0.164001,0,0,Normal
10,-0.832124,0.1659,0.0219327,Normal
0,-1.07127,0.381152,0.995856,Warning
21,1.56479,0.709648,0.236706,Warning
18,0.340205,0.813754,0.137829,Normal
15,0.641508,0.325873,0.467526,Normal
9,-2.33243,0.883482,1,Critical
21,0.581003,0.944261,0.458264,Normal
5,1.09407,0.036549,0.322541,Normal
3,0.9632,0,0,Normal
8,-2.45553,0.38147,1,Critical
17,1.52857,0.701431,0.946525,Critical
11,0.692514,0.142932,0.453406,Normal
8,0.627503,1.00313,0.255986,Normal
14,0.457874,0.645907,0.150179,Normal
8,-3.93303,0.320748,0.727301,Warning
4,-3.44304,0.759323,0.597128,Normal
10,-0.477518,0.511438,0.335613,Normal
3,2.11313,0.273142,1,Critical
2,-1.05948,0.496751,0.718337,Warning
16,-0.0314565,1.2886,0.147346,Normal
3,2.20598,0.807749,0.765062,Warning
17,1.26901,0.974352,1,Critical
2,4.5442,1.24679,0.498779,Normal
17,-0.584814,0.60718,0.509637,Normal
21,3.50248,0.805939,0.929137,Critical
21,-0.64822,0.696221,0,Normal
17,0.679862,0.913878,0.323993,Normal
20,-0.0210233,0.408031,0.283079,Normal
21,0.315734,0.541463,0.537708,Normal
6,-0.807195,0.243831,0.503333,Normal
1,2.16403,0.143098,0.57188,Normal
21,-0.549708,1.00022,0,Normal
10,-0.935558,0.0960599,0.488598,Normal
23,0.0469513,0.709158,0.633202,Normal
6,-0.577338,0.690924,0.069319,Normal
14,0.163312,0.279912,0.386421,Normal
5,1.97269,0.51925,0.621833,Warning
19,0.310543,0.890663,0.214105,Normal
23,0.213375,0.15509,0.38566,Warning
15,0.050084,0.756145,0,Normal
1,-0.104524,0.779336,0.337555,Normal
0,0.875334,0.458969,0.719569,Warning
22,0.447321,0.431381,0,Normal
20,-1.01102,0.727633,1,Warning
22,3.23029,0.691189,0.451052,Normal
23,0.203325,0.990188,0.0994642,Normal
10,-1.15673,0.838774,0.666362,Warning
19,2.60873,0.759283,0.599728,Normal
12,-1.96948,1.19576,0.923995,Critical
16,-2.36308,0.904923,0.374739,Warning
1,-1.16826,0.486199,0.576109,Normal
12,-0.826676,0.69255,0.12618,Normal
3,0.403213,0.595173,0,Normal
4,0.127473,0,0.514528,Normal
15,-0.996791,0.66149,0.140764,Normal
6,0.864715,0.251785,0.0645538,Normal
14,1.19093,0.920506,0.611678,Warning
13,0.347884,1.29919,0.0798218,Normal
5,-0.605866,0.801728,0.0934807,Normal
10,0.515423,0.341328,0.387251,Normal
9,-0.493301,1.01297,0.481765,Normal
15,-0.604763,0.877568,0,Normal
21,1.16097,0.621954,0.80083,Warning
15,-1.0725,0.632874,0.751077,Warning
16,-0.143756,0.507446,0,Normal
18,1.08629,0.734829,1,Warning
23,-0.283553,0.806814,0.52901,Warning
22,-0.0822784,0.530181,0.100731,Warning
9,1.44841,0.789099,0.854315,Warning
3,-0.387111,0.593481,0.384621,Normal
4,3.7455,0.265974,0.0199905,Normal
17,-3,0.991335,0.742092,Warning
12,0.820501,0,0.249001,Normal
6,-3.59013,0.898015,0.712731,Warning
22,-1.35647,0.814721,0.814948,Warning
7,1.24693,0.257428,0.268696,Normal
2,1.02074,0.668719,0.793411,Warning
13,1.80358,0.259177,0.74214,Warning
0,-1.74981,1.2296,0.584075,Normal
23,-3,0.228652,0.861852,Warning
3,-0.191343,0.390495,0.234735,Normal
6,0.106779,0.419958,0.297193,Normal
21,1.64515,0.919701,1,Critical
18,1.6342,0.194127,0.675761,Warning
11,2.80479,0.458035,0.662146,Normal
3,2.06434,1.13468,1,Critical
10,-0.386084,0.470907,0.260551,Normal
21,1.85478,0.192775,0.760744,Warning
20,3.59142,0.729849,0.550497,Normal
12,-0.12633,0.581199,0.403631,Normal
23,-2.62881,0.349103,0.684358,Warning
6,0.536403,0.612827,0.273533,Normal
17,1.15549,0.894586,0.533596,Normal
21,-0.599418,0.536634,0.622111,Warning
2,-0.0956778,1.11124,0,Normal
4,0.156579,1.18324,0,Normal
15,0.588055,0.373606,0.0142251,Normal
1,0.443545,0.283778,0.0768842,Normal
21,-3,0.186391,0.355189,Normal
5,2.98933,0.0940068,0.718337,Warning
16,0.0356074,1.20789,0.446606,Normal
17,-0.618706,0.0839753,0.438297,Normal
20,0.130084,0.936262,0.19245,Normal
1,-1.90866,0.884759,0.660251,Warning
19,0.688253,0.142993,0.257407,Normal
10,2.94107,0.880216,0.963516,Critical
5,0.574522,0.0863786,0.0709257,Normal
4,-1.04596,0.858879,0.596673,Warning
23,0.841956,0.637631,0.292339,Normal
1,0.393772,0.408108,0.209685,Normal
3,3.73582,0.676287,0.645655,Warning
13,-1.18474,1.142,1,Warning
0,-0.984721,1.5418,0.0237339,Normal
19,0.89913,0.755298,0.528687,Normal
3,2.77692,0,0.893119,Warning
16,-2.64701,0.59976,0.719683,Warning
14,-0.608943,0.622516,0.331128,Normal
19,-0.654378,0.480551,0,Normal
13,-0.148706,0.400783,0.191463,Normal
2,1.37736,0.572137,0.85814,Warning
9,-1.49848,1.03465,0.225329,Normal
21,-1.34666,0.186701,0.21441,Normal
18,-0.255462,0.838101,0.27545,Normal
0,2.42261,0.314409,0.867399,Warning
9,0.652123,1.19771,0.532658,Normal
20,-0.24054,0.51454,0.675678,Normal
16,0.243843,0.777814,0.566394,Warning
4,0.723783,1.00278,0.180238,Normal
10,-0.167049,1.41193,0.270516,Warning
18,-0.626453,0.620078,0,Normal
21,2.65862,0.605606,1,Critical
4,0.751624,0.199162,0.216072,Normal
8,-1.26977,1.23462,0.624377,Warning
10,2.13058,0.165371,0.600638,Warning
21,0.866941,1.0173,0.14237,Normal
16,-2.12689,0.827092,0.320118,Normal
0,0.941971,0.334061,0.181823,Normal
6,1.46762,0.638297,0.639979,Warning
23,-2.3679,0.265639,1,Critical
19,0.726063,0.574673,0.397328,Normal
1,-1.60544,0.9791,1,Critical
15,-0.282516,0.457835,0.107347,Warning
22,2.56385,1.3894,0.470118,Normal
4,0.99603,0.101637,0.535464,Normal
21,2.74729,0.66737,0.176798,Normal
4,-2.51339,0.758397,0.748978,Warning
14,-0.257096,0.0506462,0.465889,Normal
22,-0.596565,0.358088,0.162701,Normal
8,-1.54672,0.85544,0.662526,Warning
0,-0.393654,0.202246,0.251129,Warning
12,0.400617,0.0904042,0.6804,Warning
21,0.241957,0.984604,0.171752,Normal
17,0.308387,0.914941,0.298987,Normal
18,2.21139,0.758377,0.408394,Normal
4,1.15959,0.152978,0.64624,Warning
18,-1.50204,0.729516,0.869903,Warning
23,0.306557,0.621965,0.570417,Normal
3,3.23131,0.0831503,0.413124,Normal
12,0.624144,0.599592,0.58202,Normal
6,0.692177,0.389877,0,Normal
12,0.202865,0.32124,0.199634,Normal
23,-0.784232,0.131024,0.385005,Normal
12,0.87695,1.19079,0.35153,Normal
7,1.01163,0,0.957529,Warning
1,0.327046,1.19542,0.147833,Normal
22,-1.6364,0.908389,0.762542,Warning
1,-2.2189,1.1933,0.919885,Critical
9,1.94935,0.719066,0.49732,Normal
1,-1.97625,0.569382,0.272321,Normal
5,-3.15724,0.588413,0.974633,Critical
4,1.19879,0.607966,0.412639,Normal
10,-3,0.62338,0.817892,Warning
15,2.12124,0.88677,1,Critical
1,-1.05593,1.14752,0.961009,Warning
13,-0.158661,0.864479,0,Normal
18,3.73331,0.248571,0.790694,Warning
10,-0.0951448,0.381692,0.258825,Warning
13,-2.81481,0.431132,0.44108,Normal
21,-0.303288,0.775844,0.203563,Warning
10,0.532708,0.671907,0,Normal
5,-0.218529,0.606059,0.413822,Normal
7,-1.08851,0.0157167,1,Warning
1,0.833525,0.751028,0.207808,Normal
18,1.51196,1.07638,0.633841,Warning
14,0.336343,1.37646,0.221057,Normal
2,-2.1093,0.496545,0.877849,Warning
20,-0.0864204,0.785775,0,Normal
0,-0.301763,0.938323,0,Normal
6,-2.73539,0,0.919379,Critical
1,-3.34906,0.577183,0.969124,Critical
21,-2.11854,0.1807,1,Critical
14,0.875835,0.49871,0.298045,Normal
13,1.27018,0.624724,0.415971,Normal
3,-3.98664,1.02555,0.264754,Normal
16,0.728635,0.196335,0.269698,Normal
19,2.17042,0.963357,0.636249,Warning
22,-1.03731,0.115743,0.662733,Warning
9,0.872168,0.535454,0.463425,Normal
0,-1.03939,0.275441,0.57762,Normal
18,-0.3675,0.867476,0.136553,Normal
3,-2.52994,0.462548,0.689434,Warning
7,0.25737,1.20557,0,Normal
9,0.972916,0.518185,0.132843,Normal
7,-1.01924,0.582692,0.672683,Warning
20,-0.269059,1.03776,0.141297,Normal
12,-3,0.580386,0.896945,Warning
3,0.974849,0.580786,0.271553,Normal
15,-0.708477,0.472285,0.45119,Normal
4,1.85919,0.811144,0.84726,Warning
22,0.283651,0.361486,0.0123043,Normal
5,-0.380377,0.0160133,0.309,Normal
22,-0.321408,0.880319,0.133164,Normal
2,2.7559,0.393696,0.651136,Warning
18,0.900415,0.592525,0.208056,Normal
0,1.84683,0.95145,0.554615,Normal
21,0.0141504,0.324758,0.423847,Normal
16,0.21485,0.951834,0,Normal
21,-0.539177,0.711591,0.453808,Normal
12,-3,0.503349,0.767073,Warning
15,-0.28437,0,0.248444,Normal
21,0.46968,0.200205,0.708513,Warning
11,2.96907,0.446373,0.341681,Normal
20,-1.66037,0.950399,0.960343,Critical
22,-1.29819,0.789616,0.25053,Normal
7,1.15203,0,0.657563,Warning
20,0.0116511,0.102619,0.336014,Normal
12,-3,0.482388,0.71567,Critical
3,-1.78893,0.106882,0.853462,Warning
18,-0.633188,0.998365,0.683383,Warning
19,-1.39351,0.597824,0.601766,Warning
4,1.62118,1.81522,0.979277,Critical
0,-3.72062,0.657286,0.581857,Normal
9,0.0369791,0.428253,0.288487,Normal
2,-0.0753494,0.173608,0.382643,Normal
20,-1.11432,1.27299,0.650886,Warning
13,-1.61873,1.52857,0.868258,Warning
19,0.0921332,0,0.401249,Warning
15,2.30042,0.430881,1,Critical
6,-0.197339,0.925863,0.330944,Normal
23,-2.4844,0.688361,0.787209,Warning
12,0.222219,0.736527,0.425159,Normal
17,-1.12056,1.27744,1,Warning
0,-0.264585,0.50086,0.141697,Normal
12,0.424915,1.12131,0,Normal
7,1.12582,0.0113298,0.931558,Warning
12,-2.0259,0.278691,0.738796,Warning
6,0.959692,0.541235,0.114041,Normal
1,1.769,1.17372,0.889778,Warning
10,2.44644,0.585692,0.857853,Warning
8,-0.13192,0,0.205505,Normal
8,0.500531,0.0513538,0.210424,Normal
11,1.32152,0.955236,0.837312,Warning
12,-1.14891,0.355903,0.47693,Normal
10,0.374826,0.570802,0.392218,Normal
10,0.441629,0,0.219285,Normal
6,-2.53255,0.846124,1,Critical
12,-1.54892,0.906673,0.852716,Warning
21,-0.39227,0.915042,0.276904,Normal
5,-0.505711,0.209948,0.516423,Normal
10,1.75315,1.09981,0.734248,Warning
3,1.49988,0.534206,0.870259,Warning
11,2.07538,0.662888,1,Critical
2,0.128718,0.597639,0.730761,Normal
9,-0.670284,0.677519,0.451797,Normal
2,2.92361,0.0480927,0.798866,Warning
4,-0.0278857,0.625191,0.382274,Normal
14,-0.117808,1.03419,0.178703,Normal
11,0.592689,0.463621,0.236341,Normal
19,0.075756,0.692018,0.594857,Normal
15,-1.00272,0.833266,0.653576,Warning
21,-1.58265,0.815782,1,Critical
22,-0.0482255,0.195733,0.0486183,Normal
11,-1.4519,0.784852,0.612691,Warning
13,-0.325747,1.1951,0.612473,Normal
9,-0.892666,0.419779,0.441697,Normal
5,-1.03338,0,0.600075,Warning
0,-2.96655,0,0.382376,Normal
12,-1.26608,0.59585,0.760722,Warning
9,0.447165,0.247708,0.207271,Normal
14,1.67526,0.0889687,0.961069,Critical
7,-0.245116,0.971209,0.219444,Normal
20,-0.717977,0.870303,0.345277,Normal
15,-0.488659,0.483254,0.0204563,Normal
19,-0.050788,1.53484,0.490562,Normal
17,1.32162,0.618242,0.979142,Critical
0,0.531944,1.24324,0.0870477,Normal
5,-0.506429,0.655787,0,Normal
21,1.00969,0.367696,0.787333,Warning
13,2.49069,0.381394,0.706088,Warning
5,0.005954,0.214507,0.0131192,Normal
7,2.31209,1.35391,0.73508,Warning
8,3.7165,0.474473,0.471862,Normal
3,-1.86994,0,0.761004,Warning
22,3.90062,0,0.321586,Normal
21,-0.160201,0.391577,0.236422,Normal
15,-1.74742,0.439547,0.716305,Warning
14,-2.05035,0.314824,0.688392,Normal
6,-1.06244,0.399696,1,Warning
14,-0.751178,0.832823,0.12739,Normal
1,-2.0719,0.103027,0.743492,Warning
3,-0.314956,0.769919,0,Normal
5,0.106454,0.433371,0.181117,Normal
10,-1.16862,0.268002,0.922844,Warning
20,-1.63301,0.488978,0.75972,Warning
16,-1.59321,0.837674,0.657133,Warning
3,-0.0281742,0.522232,0.484455,Normal
23,0.254332,0.0343292,0.446355,Normal
5,-0.607585,0.309959,0.252004,Normal
23,-0.48715,0.173481,0.0510709,Normal
6,0.367877,0,0.142122,Normal
15,0.928018,0.0718661,0.225059,Normal
21,-3,0.988752,0.561916,Normal
11,-0.982018,0.647408,0.354551,Normal
4,3.74585,0.853695,0.542234,Normal
10,-0.555303,0.783126,0,Normal
9,-2.24105,0.487994,0.325319,Normal
3,-0.209136,0,0.447743,Normal
18,-0.0458383,1.01184,0,Normal
1,0.755569,0.955985,0.285791,Normal
6,0.758529,0.685388,0,Normal
4,-0.25119,0.888205,0.245076,Normal
10,-2.62456,0.7484,0.649907,Warning
4,-3.71418,1.07305,1,Critical
20,-3,0.416693,0.824913,Warning
16,-0.410176,1.06676,0.974908,Warning
9,-0.469491,0.271548,0.0481148,Normal
11,4.1539,0.22198,0.777661,Warning
15,0.282442,0.716179,0,Normal
19,2.37185,0.179004,0.703941,Warning
5,-0.0857684,0.140889,0.46644,Normal
3,0.177036,0.395354,0.296105,Warning
15,-0.0610423,0.657237,0.747938,Normal
6,0.0575413,0.142305,0.306634,Normal
22,-1.09191,0.309153,0.58632,Normal
5,0.0591069,0.786812,0.160991,Normal
18,-0.623059,0.179211,0.442414,Normal
22,-0.298478,1.00876,0.54463,Normal
6,-1.05581,0.439414,0.543592,Normal
13,-0.189794,0.282045,0.149141,Normal
6,3.93708,0.75072,0.967511,Critical
2,-0.806148,0.521041,0.173383,Normal
12,-2.81872,0,0.832392,Warning
13,-1.99521,0.833847,0.753184,Normal
4,-0.954707,0.412792,0.196741,Normal
0,-2.75324,0.231628,0.773287,Warning
9,-1.01373,0.334552,0.870368,Warning
8,-1.1062,0.174351,1,Warning
17,0.0457532,0.621741,0.37109,Normal
18,-0.0923083,0.8608,0.333563,Normal
13,0.0597816,1.52097,0.474605,Warning
12,-1.25592,0.433609,0.521586,Normal
7,-3.26441,0.542202,1,Critical
16,-3,0.353911,0.497996,Normal
0,-0.594941,0.172745,0.291224,Normal
19,-0.02836,0.61475,0.340146,Normal
21,1.74837,0.109505,0.684395,Warning
0,-2.2798,0.0227913,0.50021,Normal
19,-1.47405,0.954287,0.751088,Normal
4,-1.15106,0.319133,0.565599,Normal
4,-0.948979,1.20956,0.565657,Normal
14,-0.0514862,0.837305,0.389212,Warning
0,0.548219,0.136271,0,Normal
6,2.9492,1.27273,0.174051,Normal
23,0.975106,0.959487,0.390699,Normal
20,1.80173,0.822754,0.662547,Warning
15,-2.13199,1.13212,0.530311,Normal
23,-0.0906847,1.01942,0.11531,Normal
23,-2.78441,0.332735,0.782484,Warning
20,2.16413,0.363535,1,Critical
16,3.09302,1.17483,0.508883,Normal
20,-0.152272,0.813708,0.493721,Normal
15,-0.505541,0.487601,0.0977441,Normal
2,2.59491,0.507138,0.542929,Normal
12,-0.972645,0.247919,0.0836732,Normal
15,-3,0.903805,0.743535,Warning
18,0.950133,0.729911,0.140327,Normal
14,1.99259,0.478374,0.464971,Normal
20,-1.41665,0.663733,1,Critical
7,-0.194997,0,0.271792,Normal
13,1.46777,0.737693,0.811716,Warning
21,-0.681916,1.14648,0,Normal
12,-0.799002,1.15212,0,Normal
22,-2.32534,1.31773,0.642832,Warning
4,2.2544,0.62743,1,Critical
7,0.408777,0.93492,0.487642,Normal
0,-0.418113,0.722968,0,Normal
2,-0.253837,0.288225,0,Normal
8,0.817776,0.883166,0.287895,Normal
4,-0.710252,0.48682,0.216962,Normal
6,-0.137716,0.0188487,0.157556,Normal
0,-1.98002,0.603564,0.777687,Warning
9,-2.15939,0.592314,0.866299,Warning
13,1.32522,0.831515,0.662902,Warning
5,-0.522818,0.170969,0.510234,Normal
1,-0.31631,0.181799,0.324276,Normal
20,-1.47616,1.04584,0.931597,Critical
11,4.3443,1.34518,0.393917,Normal
9,-1.0459,0.88299,0.797317,Warning
15,-0.579788,0.336766,0.212047,Normal
16,3.78747,0.4151,0.669332,Warning
16,-0.962036,1.16528,0.552532,Normal
21,2.39216,0.559524,0.99551,Critical
16,-1.58351,0.193811,1,Critical
8,0.877702,0.74668,0,Normal
10,1.07535,0.219566,0.513119,Normal
17,-0.360215,0,0.131703,Normal
8,2.1459,0.888895,1,Critical
9,-0.759066,0.36408,0.265958,Normal
23,2.06492,0.717776,0.392583,Normal
19,-0.350803,0.974246,0,Normal
3,-0.771467,0.362511,0,Normal
13,0.844218,0.183999,0,Normal
16,-0.0679917,0.526827,0.0607202,Normal
14,-0.958443,0.3229,0.40589,Normal
12,2.18575,0.449383,0.388314,Normal
9,2.80939,0.643206,0.653873,Warning
3,3.69421,0.47244,1,Critical
1,-0.437671,1.12837,0.274773,Normal
12,-1.01704,0.785138,0.81423,Warning
14,0.0834813,0.104414,0.227237,Normal
21,-2.79932,0.784937,0.525053,Normal
9,0.463033,0.755794,0,Normal
2,0.597947,0.544983,0,Normal
15,0.010514,0.0552262,0.266674,Normal
19,1.37941,0.974729,0.676794,Warning
13,-0.195935,0.92993,0.381495,Normal
3,-0.865992,0.450111,0.330349,Normal
10,2.05347,0.190454,0.827916,Warning
7,-1.40089,0.891916,1,Critical
20,0.597628,0.155807,0.484672,Warning
8,0.60957,0.18722,0.247875,Normal
7,-2.66334,0.416369,0.584874,Normal
0,-0.471779,0.6589,0.495837,Normal
6,-2.7185,0.491678,0.202725,Normal
21,-0.063895,0.952078,0,Normal
7,-3.26923,1.06897,0.892368,Warning
7,-1.30348,0.931719,0.418512,Normal
18,-0.0292851,0.18179,0.0530129,Normal
4,-1.84433,0.771139,0.755149,Warning
11,-3,0.506661,0.590479,Normal
5,4.51899,0.665971,1,Critical
15,0.839789,0.354184,0.291972,Normal
10,0.336161,0,0.12508,Normal
5,-0.985752,0.316503,0.487817,Normal
8,3.72762,0.81143,0.609754,Warning
14,-0.617916,0.707298,0.062588,Normal
19,-1.17967,0.0979167,0.360164,Normal
9,-2.37252,0.469506,0.784631,Warning
5,-1.81787,0.510666,0.343405,Normal
9,-1.89197,0.659282,1,Critical
0,-3.00763,1.2576,0.939376,Critical
14,0.835605,0.760757,0.1178,Normal
5,-0.286073,0.39767,0.350432,Normal
13,0.412839,0.49504,0.40877,Normal
8,0.586219,0.991585,0,Normal
14,0.703985,0.917627,0.400346,Normal
7,-0.69395,0.575911,0.252384,Normal
15,0.728137,0.473518,0.249941,Normal
16,0.887085,0.810199,0.367973,Normal
16,-0.368133,0.806015,0.306081,Normal
18,1.17541,0.864393,0.557137,Normal
10,2.72177,1.03334,1,Critical
2,-2.54153,0.201175,0.596659,Normal
4,1.90261,0.728406,0.907854,Critical
0,-0.189009,0.86871,0.0117794,Normal
14,-0.440252,0.583573,0.255049,Normal
4,-0.152836,1.27287,0.587927,Normal
0,1.56546,1.11143,0.867467,Warning
19,-0.803531,1.11339,0.562613,Normal
19,3.44634,1.1894,0.869006,Warning
1,2.58886,0.456303,0.708542,Warning
2,-0.0688108,0.464734,0.495081,Normal
20,-2.37786,0.53901,0.848668,Warning
3,-2.33235,1.58627,0.419769,Normal
12,2.3737,1.10779,0.373702,Normal
16,0.588377,0.901487,0.743875,Warning
17,-0.997549,0.927146,0.147058,Normal
17,0.0866975,0.234512,0.243856,Normal
6,0.556426,0,0.125785,Normal
4,4.0006,0.670699,0.877153,Warning
22,3.07375,0.592409,0.614173,Warning
4,-1.69777,0.598166,0.850257,Warning
22,-1.00249,1.10195,1,Warning
10,-1.92503,1.05156,0.744994,Warning
20,-0.423187,0.780169,0.352292,Normal
15,-0.727621,0.879744,0,Normal
13,-0.492308,0.945627,0.128671,Normal
14,0.364572,1.26245,0,Normal
4,-0.890214,0.692366,0.395347,Normal
15,2.24115,0.950574,0.782975,Warning
14,1.27808,0.838052,0.905185,Critical
14,0.824735,0.815964,0,Normal
19,-0.35319,0.658386,0.160205,Normal
23,-0.247329,0.0103264,0.303417,Normal
1,-0.729637,0.433465,0.482177,Normal
16,-1.71654,0.108008,1,Critical
19,2.55685,0.869563,0.584668,Normal
22,-0.475426,0.406762,0.0897232,Normal
15,0.505292,0.422628,1,Warning
10,-0.949611,0.341853,0.531441,Normal
10,1.01042,0.762643,0.318767,Normal
11,-2.54048,0.425613,1,Critical
3,2.60882,0.354359,0.579688,Normal
2,-0.0851238,0.824751,0.444917,Normal
11,-1.70012,0.224108,0.90214,Critical
19,2.55299,0.582578,0.748203,Warning
17,0.207537,0.684539,0.504097,Warning
18,2.55847,0.651358,0.966774,Critical
4,-1.32558,0.815196,0.568392,Normal
18,2.41467,0.637385,0.312192,Normal
9,0.90953,0.746651,0.246388,Warning
14,-0.532635,0.910922,0.763171,Warning
0,-2.04122,0.330943,1,Critical
8,-0.947654,0.661685,0,Normal
13,-0.233384,0.88486,0.481297,Normal
3,-1.06951,0.625465,0.453173,Normal
0,2.91574,1.02984,0.790337,Warning
2,3.95026,0.963181,1,Critical
4,0.834543,0.269222,0,Normal
17,1.77503,1.19972,0.596574,Normal
11,-0.0781018,0.693533,0.228186,Normal
15,0.11877,0.607722,0.400636,Warning
8,-2.47741,0.428959,0.537474,Warning
14,0.139573,0,0.114398,Normal
17,-0.561781,0.781514,0.350363,Normal
6,-0.67581,0.937424,0.0805452,Normal
17,-2.06577,0.732117,1,Critical
4,-0.653587,1.16749,0.273316,Normal
10,0.86144,0.773547,0.58697,Normal
0,-3.94018,0.429508,1,Critical
14,-3,0.625411,0.591728,Normal
18,-1.81691,0.092591,0.230933,Normal
11,-3,0.315332,0.648298,Warning
16,-3,1.00142,0.848471,Warning
13,-0.403141,0.759399,0,Normal
21,-0.307868,1.06736,0.615666,Normal
20,2.00328,1.26881,0.549764,Normal
21,0.860731,0.60699,0.785549,Warning
16,-0.408267,0.226059,0.383843,Normal
14,0.588658,0.867366,0.0956056,Normal
13,-0.41324,0,0.224234,Normal
2,3.84442,0.256877,1,Critical
16,-1.29385,1.32661,1,Critical
7,0.880839,0.384295,0.560866,Normal
4,-3.17526,0.301455,1,Critical
3,2.83592,0.869913,0.383943,Normal
22,-1.05706,0.520007,0.944117,Warning
6,-0.484849,1.21602,0,Normal
18,2.08778,0.174727,0.921759,Critical
17,0.273154,0.268773,0.47923,Normal
6,-0.861082,0.991625,0.591522,Normal
14,1.13072,0.714798,0.677663,Warning
20,3.48592,0,0.943982,Critical
7,-0.0583089,0.70444,0.492485,Normal
14,0.206894,0.344383,0,Normal
22,-3,0.512001,0.829782,Warning
6,-3.41576,0.0846776,0.575362,Normal
11,-1.11361,0.408923,0.570075,Normal
18,2.42837,0.982087,0.864461,Warning
3,-0.27747,0.82034,0.172197,Normal
10,-1.8772,0.0401242,0.711599,Warning
5,0.197332,0.168487,0.194729,Normal
21,2.31763,0.640328,0.549131,Normal
16,-0.255989,0.467736,0.537682,Normal
4,0.736302,1.15414,0.493207,Normal
6,-0.638433,0.897732,0,Normal
21,-2.31,0.327595,0.942693,Critical
10,0.0198551,0,0.506877,Normal
5,-1.03513,0.439281,0.99193,Warning
3,-1.27844,0.67811,0.76644,Warning
4,-0.11628,0.0278805,0,Normal
9,0.571011,0.0633081,0,Normal
17,0.0276935,0.738445,0.0517422,Normal
18,1.48026,0,0.378324,Normal
20,-0.560017,0.120969,0.294124,Normal
2,-0.803442,1.01486,0.254742,Normal
21,4.0968,0.696884,0.897181,Warning
6,-0.309029,0.0978844,0.234035,Normal
22,0.540577,0.647443,0.277208,Normal
7,0.93672,0,0.430898,Normal
17,2.07495,0.836333,0.438071,Normal
7,-1.06027,0.888669,0.724381,Warning
15,3.54859,0,0.495994,Normal
6,-0.48339,0.801694,0.140068,Normal
12,0.301459,1.43372,0.50956,Normal
5,0.263613,0,0.293427,Normal
5,-0.865992,1.77991,0.276587,Normal
15,0.216929,0.595863,0.312897,Normal
4,2.15407,0.584136,1,Critical
23,0.425524,0.609482,0.476133,Normal
4,-0.130839,0.206341,0,Normal
18,-0.837264,0.98378,0.0493125,Normal
12,-0.502928,0.768014,0,Normal
4,0.038939,1.03622,0.375235,Normal
15,0.159235,0.865698,0.110382,Normal
5,-0.725746,1.03963,0,Normal
6,1.71037,0.620113,0.636248,Warning
12,0.366599,0,0.432571,Normal
14,2.97282,0,0.680721,Warning
18,-0.726111,0,0.481855,Normal
7,0.867294,0,0.0702437,Normal
18,0.547333,0.077484,0.3005,Normal
0,4.04084,0.528867,0.546681,Normal
15,0.455522,0.439283,0.0276192,Normal
18,1.06001,0.78281,1,Warning
15,-0.875947,0.821418,0.208883,Normal
5,0.270442,0.626804,0.705813,Normal
9,0.204716,0.645021,0.315728,Normal
12,1.95375,0.54463,0.752357,Warning
12,0.935768,0.399617,0.582724,Normal
6,-0.45689,0.385825,0.414292,Normal
9,0.707433,0.925326,0,Normal
22,3.09205,0.566123,0.529851,Normal
9,-0.309868,1.01665,0.456873,Normal
21,0.417199,0.68618,0.451462,Normal
13,1.413,0.295461,0.529255,Normal
23,-0.662993,1.2206,0.336461,Normal
20,2.25463,0.901164,0.885655,Warning
10,0.544279,0.109396,0.0434319,Normal
8,0.775482,1.1577,0.546189,Normal
4,2.78712,1.05125,1,Critical
13,0.485388,0.213794,0.568049,Normal
20,-0.29673,0,0.553723,Normal
13,1.1954,0.236623,0.84951,Warning
4,-1.52405,0.758416,0.941914,Critical
14,-3,1.57649,0.185306,Normal
13,0.250068,1.01401,0.153417,Normal
12,-0.680946,0.308273,0.376183,Normal
19,1.69185,0.265811,1,Critical
18,0.265394,0.671371,0.373279,Normal
3,-0.427405,0.286702,0.40656,Normal
13,0.394993,0.32,0.871838,Normal
8,-0.178577,0.762384,0.274351,Normal
21,-0.430048,0.782774,0.278383,Normal
10,-0.317168,0.492239,0.476394,Normal
2,-0.532722,1.41646,0.434834,Normal
11,2.99249,0.882804,0.591297,Normal
7,0.603269,0.958296,0.176092,Warning
1,-0.504788,0.410444,0.0092346,Normal
10,0.368846,0.262535,0,Normal
12,-0.540491,0.130546,0.412154,Normal
8,-1.51699,0.543318,0.806532,Warning
4,-0.23349,0.749267,0.27336,Normal
14,0.0395602,0.0981625,0.289734,Normal
3,1.28919,0.314,0.880642,Warning
7,-3.2636,0.330773,0.566749,Normal
0,3.01463,0.815387,0.655581,Warning
18,-0.383618,1.00455,0.00431888,Normal
19,-2.61695,0.0381506,0.638372,Normal
23,2.66844,1.01659,0.586678,Normal
4,-0.348619,0,0.236999,Normal
0,-0.831766,0.508984,0.0308609,Normal
17,0.959472,0.615385,0.337517,Normal
6,-2.78705,0.586452,0.980326,Critical
1,-0.700977,0.136221,0.103326,Normal
12,0.547193,0.1642,0,Normal
4,-0.317107,0.847928,0.293462,Normal
14,-0.780474,0.915334,0.01901,Normal
16,0.397081,0.52208,0.362891,Normal
20,0.82927,0.849559,0,Normal
1,-0.13281,0.495937,0.0201379,Normal
16,0.164246,0.539235,0,Normal
20,-0.984429,0.250629,0.442414,Normal
16,4.06579,0.912524,0.460584,Normal
22,-0.0515105,0.612308,0.52693,Normal
11,-0.0239417,0.0653532,0.668642,Normal
19,-2.65059,0.898886,1,Critical
4,-0.563602,0.400902,0.0719147,Normal
7,-1.38169,0.10354,0.844142,Warning
22,2.97619,0.327777,0.648007,Warning
10,0.95656,0.67872,0.298026,Normal
6,1.71438,0.290798,0.541659,Normal
9,-0.945636,0.64742,0,Normal
23,0.276163,0.450201,0,Normal
17,-3,0.481873,0.568321,Normal
1,-2.1685,0.130351,0.452887,Normal
12,0.190939,0.643734,0.0820569,Normal
2,-0.462334,0.618876,0.479671,Normal
2,0.79937,0.565315,0.34078,Normal
23,1.17223,0.902423,0.608887,Warning
12,-2.78291,0.343052,1,Critical
22,2.11644,0.401043,0.473165,Normal
5,-0.889753,0.746645,0.192325,Normal
13,0.420153,0.282167,0.226079,Normal
17,1.57948,0.864718,0.63571,Warning
5,-0.744329,0.282719,0.585278,Normal
8,-1.73821,0.503918,0.433165,Normal
2,2.59194,0.699675,1,Warning
14,-3,0.277522,1,Critical
3,1.26788,1.42487,0.764059,Warning
19,-0.868878,0.989151,0.348242,Normal
9,0.262914,0.879167,0.0285465,Normal
3,3.39201,0.0853592,0.894549,Warning
6,-1.0526,1.04003,1,Warning
12,-0.168938,1.04297,0,Normal
6,-0.423773,0.463092,0.459002,Normal
2,-0.50897,0.635198,0.159714,Normal
13,4.36721,1.62167,0.944578,Critical
20,0.533917,0,0.216469,Normal
7,-2.13953,0.936593,0.633757,Critical
11,-1.27882,0,0.486414,Normal
16,1.57258,0,0.630902,Warning
21,-1.97875,0.716467,0.341635,Normal
9,-0.546418,0.696615,0.0267342,Normal
23,-3,0.544574,0.75137,Warning
9,0.0795483,0,0.52858,Normal
5,0.0124368,0.764941,0.243588,Normal
20,2.70531,0,0.537448,Normal
15,0.601163,0.65707,0.11631,Normal
15,0.409705,0.43755,0.582065,Warning
12,1.14537,0.307927,0.445534,Warning
9,-2.64586,0,1,Critical
15,1.43,0.929232,1,Critical
12,2.23464,0.765068,0.823633,Warning
19,-0.815247,0.393673,0.329167,Normal
5,-0.0525806,1.13707,0.253218,Normal
20,-2.63653,0.444495,0.537884,Normal
19,0.383821,0.854916,0.338475,Normal
9,-1.08281,0.319879,1,Warning
10,-0.903253,0,0.399852,Normal
20,2.02463,1.07524,0.715919,Normal
14,-1.45037,0,1,Critical
8,1.61592,0.0642834,0.780475,Warning
7,0.674399,1.28385,0.454161,Normal
23,1.27702,1.36571,0.333874,Normal
23,0.00263274,0.607133,0.176644,Normal
11,-3,0.276091,0.332049,Normal
2,0.357917,0.870577,0.0696223,Normal
18,-1.54735,0.242978,0.898924,Warning
6,1.17325,0.706119,0.475546,Normal
16,-0.00149308,0.24961,0.301145,Normal
4,-1.59585,0.714929,0.874555,Warning
4,-0.942912,0.280907,0.541813,Normal
3,-0.169371,0.833087,0.397297,Normal
16,-0.410155,0.269011,0.227552,Normal
12,-0.538713,0.260467,0.643365,Warning
22,0.41958,0.451685,0.607922,Warning
2,-1.08306,0.231402,0.62702,Warning
13,-3,1.13701,0.566265,Normal
8,0.558299,0.556348,0.211441,Normal
0,0.984863,0.617693,0.0600778,Normal
6,1.95847,0.599182,0.594473,Normal
6,-1.78933,1.2388,1,Critical
22,-2.68203,0.47296,0.675992,Warning
19,-0.611432,1.02996,0.565454,Normal
14,2.55483,0.813201,1,Critical
4,-0.159482,0.412266,0.174568,Normal
20,-0.532357,0.684589,0.344495,Normal
0,-0.351336,0.606507,0,Normal
2,0.502102,1.09131,0.219519,Warning
7,-2.25398,0.511535,0.718639,Warning
21,0.551544,0,0.437703,Normal
9,2.43169,0.42077,0.759034,Warning
0,-2.90512,0.800119,0.93368,Critical
1,0.220427,0.400035,0,Normal
9,0.320801,0.288208,0.29236,Normal
3,-0.0197179,0,0,Normal
1,-0.726118,1.07475,0.113242,Normal
12,-0.346432,0.307035,0.308531,Normal
2,-2.00369,0.493369,0.629053,Warning
16,0.367671,0.606035,0.340021,Normal
21,0.3591,0.582116,0.620369,Normal
13,-1.17724,0.355657,0.571626,Normal
10,-0.244394,0.74416,0.399199,Normal
7,2.18225,0.158304,0.7492,Warning
22,-1.19191,0.226901,0.447791,Normal
20,-0.401125,0.174767,0.370573,Normal
10,-3,0.796025,0.451936,Normal
1,2.00828,0.39296,0.583821,Normal
20,1.74646,0.554486,0.838889,Warning
5,1.18355,0.549275,0.815787,Warning
17,-0.996099,0.666181,0,Normal
4,-2.64569,0.201194,1,Critical
20,1.13833,0,0.734947,Warning
23,-3,0.525614,0.55669,Normal
10,-0.119607,0.48974,0.33837,Warning
21,-0.192061,0.316077,0.505882,Normal
20,-0.369299,0.284415,0.316996,Normal
15,-2.17348,0.346079,0.858322,Warning
22,-0.679246,0.131883,0.528452,Normal
5,-2.36242,0.311249,1,Critical
2,-0.532953,0.560222,0.289521,Normal
1,-1.00501,0.748259,1,Warning
2,-1.82402,0.631884,0.538317,Normal
18,-0.293418,1.45587,0,Normal
11,-1.20831,0.395553,1,Critical
7,0.218119,0.881663,0.246587,Normal
12,-1.79916,1.21499,0.97933,Critical
1,1.80413,0.622068,0.517689,Normal
7,1.35808,0.543746,0.770872,Warning
4,0.500248,0.0128765,0,Normal
9,-0.231633,0.406458,0.658399,Normal
6,1.14294,1.04139,1,Warning
16,-1.56704,0.259086,0.930606,Critical
15,-3,0.76327,0.613418,Warning
23,1.52397,0.746419,0.972129,Critical
23,0.37182,1.05069,0.275493,Normal
7,0.416275,0.758143,0.0501944,Normal
21,-1.48921,0.520826,0.693946,Warning
12,-0.0456555,0.823185,0.340801,Normal
5,0.0353719,0.446466,0.0592783,Normal
3,-0.326873,0.501842,0.45127,Normal
4,0.331311,1.30784,0.542667,Normal
14,2.04039,1.06821,0.648375,Warning
8,0.0900807,0.600791,0,Normal
3,0.415576,0.632651,0.622038,Warning
13,0.720163,0.588237,0.474912,Normal
22,-2.7441,0.297962,1,Critical
19,0.103701,0.973514,0.0885734,Normal
12,-2.66883,0.602845,0.772276,Warning
23,0.687935,0.615194,0.0782005,Normal
16,0.535625,0.945367,0.988815,Warning
15,-1.90126,1.57363,0.932513,Critical
1,0.0998342,0.472159,0.212265,Normal
10,1.68051,0.473257,1,Critical
3,-0.32036,0.645183,0,Normal
13,-0.554584,0.68037,0.65534,Warning
9,2.66569,0.742365,0.702126,Critical
16,2.54059,0,0.648407,Warning
9,-2.33277,1.29713,0.359845,Normal
8,-0.871272,1.16771,0.55603,Normal
8,1.35222,0.988682,0.940443,Critical
8,-0.0138496,0.597645,0.491143,Normal
5,0.29073,0.936384,0.408672,Normal
23,-0.290534,0.634279,0.394977,Normal
22,-0.701666,1.18957,0.205548,Normal
5,-0.344704,0.609048,0,Normal
1,1.52609,0,0.967149,Critical
13,-0.590468,0.187724,0.355183,Normal
15,0.27028,0.924948,0.214177,Normal
3,-0.88173,0.952529,0.333676,Normal
8,0.742542,0.535322,0.12219,Normal
11,0.971267,1.07079,0.109933,Warning
8,0.636611,0,0.0617319,Normal
2,-0.161013,0.4319,0.415548,Normal
8,0.64195,1.32757,0.457736,Normal
12,-0.266511,0.0408389,0.333467,Normal
20,-0.141353,0.705551,0.12729,Normal
9,1.4279,0.605968,0.524077,Normal
9,2.48406,0.376612,0.797946,Warning
23,0.300229,0.378815,0.536171,Normal
1,-0.122154,0.581528,0.609228,Normal
18,-0.475543,0.599144,0.228211,Normal
19,0.587596,0.275061,0.0988545,Normal
16,1.05417,0.629764,0.400716,Normal
9,0.162088,0.222739,0.328345,Normal
17,-3,0,0.293361,Normal
20,-0.851211,0.977009,0.247357,Normal
12,-1.18224,0.651656,0.585784,Normal
2,-4.24888,0,1,Critical
21,0.610883,0.961628,0.0325735,Normal
14,-0.373262,1.12741,0.341723,Normal
5,3.48431,1.44525,1,Critical
1,-2.55646,1.31395,0.272038,Normal
12,1.14719,0,0.976105,Warning
19,0.528413,0.742349,0.160058,Normal
14,2.48197,0.712557,0.858505,Warning
5,-0.0413132,0.687258,0.0674377,Warning
15,1.44763,0.0447776,1,Critical
23,-0.837458,0.94656,0,Warning
21,0.979437,0,0,Normal
2,-0.613566,0.712119,0.400085,Normal
13,-2.95417,0.966784,0.982825,Critical
10,-0.536976,0.952958,0,Normal
18,-0.479194,1.35052,0.161757,Normal
2,-2.15823,1.13137,0.757509,Warning
4,-1.60385,0.820508,0.538773,Normal
14,3.94293,0.293855,0.222155,Normal
0,-1.60201,0.749646,0.947183,Critical
15,0.527954,0.437328,0,Normal
6,-0.981388,0.402137,0.467945,Normal
17,-3,0.525733,0.842155,Warning
17,0.157783,0.936054,0,Normal
22,0.0357078,1.10871,0.283731,Normal
12,-0.347229,0.0112516,0,Normal
14,0.978001,0.296015,0.632307,Critical
15,-0.395164,0.365006,0.114076,Normal
23,-0.183749,0.903024,0,Normal
18,0.305013,0.376876,0.136473,Normal
0,-2.62772,0.748212,0.62227,Warning
1,0.334739,0.564475,0.201963,Normal
11,2.06791,0.446348,0.778407,Warning
22,0.929679,0.451839,0.103616,Normal
14,0.119309,0.466885,0.23203,Warning
15,2.3186,0,0.98922,Critical
4,2.64799,0.686126,0,Normal
14,0.180121,0.644743,0.292391,Normal
2,0.49644,0.447489,0.462245,Normal
2,1.15375,0.0530423,0.352882,Normal
6,-0.143893,0.275279,0.382594,Normal
10,-1.28585,0.385456,0.478604,Normal
15,-0.634655,0.665225,0.64755,Warning
5,2.26499,0,0.580085,Normal
19,0.110089,0.495754,0,Normal
14,-1.47414,0.34765,1,Critical
20,-1.15245,0.864986,0.713351,Warning
21,0.173437,0.433824,0.697816,Normal
0,-2.09588,0.138762,1,Critical
13,1.58384,0.840658,0.818332,Warning
17,1.17774,0,0.50011,Normal
2,-0.330641,0,0.475834,Normal
8,-0.162887,0.798347,0.610109,Normal
14,3.83585,1.02211,0.491871,Normal
4,-2.4878,0.600636,0.442716,Normal
23,0.0698098,1.03579,1,Normal
3,-1.40538,0.651101,0.232754,Normal
6,0.926396,1.00634,0.213458,Normal
3,-0.40708,0.744203,0,Normal
19,-0.248698,0.148084,0.138823,Normal
13,-0.567369,0.647722,0,Normal
16,-0.688487,0,0.171654,Normal
13,-0.751445,0.0924247,0.283925,Normal
3,-0.266605,0.698389,0,Normal
15,-2.63062,0.827438,0.638005,Warning
3,-0.242125,0.846265,0,Normal
6,0.0185768,0.501491,0,Normal
2,0.0783162,0,0.205644,Normal
19,2.21675,0.58786,0.917927,Critical
11,0.54598,0.753305,0.0533934,Normal
2,-3.32372,0.074745,1,Critical
16,0.795559,1.0068,0,Normal
11,-3,0.933106,0.738143,Warning
3,-4.21865,1.43583,0.697503,Warning
20,1.82488,0.888255,0.710934,Warning
11,-2.67352,0.976477,0.62376,Warning
17,0.415724,0.566234,0.485944,Normal
14,-0.712463,0.474732,0.0688015,Normal
5,-3.24932,0.942392,0.767314,Warning
5,0.438331,1.28901,0.191216,Normal
7,2.47564,0.624737,0.570099,Normal
5,0.782508,1.1804,0.64386,Warning
23,0.127164,1.43737,0,Normal
5,-0.570071,0.22228,0,Normal
19,-0.608931,1.32694,0.242723,Normal
23,0.119122,0.515438,0.486859,Normal
16,-0.0996761,0.5689,0,Normal
15,-0.292039,0.210846,0.308169,Normal
5,-1.65239,0.791872,0.290051,Warning
7,-4,0.527967,1,Critical
8,-3.17243,1.34022,0.816585,Warning
21,-0.0457701,0.0303545,0.532656,Normal
7,-0.661875,0.856158,0.355257,Normal
0,-1.31507,0.510479,0.850239,Warning
11,-1.54933,0.674502,0.651355,Warning
1,-3.89313,0.560717,0.856041,Warning
23,2.06639,0.946573,1,Critical
7,2.59295,0.623207,0.413814,Normal
5,1.88928,0.598023,0.647891,Warning
18,-0.598696,0.018783,0,Normal
0,-4.5,0.449587,0.768611,Warning
4,2.12643,0.415108,0.331994,Normal
19,-0.0650815,0.0313258,0.0384762,Normal
7,-1.94359,0.443397,0.952933,Critical
23,1.93667,0.261493,0.584819,Normal
12,-0.0409399,0.736351,0.283594,Normal
6,0.146908,0.723515,0.120458,Normal
17,-0.626768,1.3965,0.442027,Normal
12,-3,1.16967,0.586158,Normal
16,-0.123437,0.152613,0.497207,Normal
8,-2.067,0.469132,0.930188,Warning
22,3.27223,0.50652,0.758943,Warning
18,-0.479344,0,0,Normal
15,-0.760904,1.18035,0.295923,Normal
17,3.66438,0,0.660298,Warning
12,-1.34832,0.76944,0.253908,Normal
18,-0.777121,0,0.419432,Normal
15,-1.44835,0.889428,0.412748,Normal
12,-0.278173,0.500346,0,Normal
23,2.77212,0.535218,1,Warning
14,-2.09203,0.935185,0.889228,Warning
13,-1.41727,1.20355,0.574779,Normal
19,0.130837,0.0441249,0.374842,Warning
8,0.752334,1.17202,0.332211,Normal
6,-2.30473,0.472309,1,Critical
11,-0.819011,0.967499,0.0818416,Normal
2,-0.757919,1.50164,0.144142,Normal
22,-0.881976,0.581577,0.00880827,Normal
7,0.37413,0.644729,0,Normal
20,1.78554,0.108937,0.923043,Critical
8,-0.450702,0,0.122461,Normal
7,-0.811551,1.13321,0.0989563,Normal
23,1.02695,1.15557,1,Warning
15,0.229519,0.659298,0.0478158,Normal
22,-2.26404,0.447529,0.776203,Warning
3,2.61247,0.474667,0.835929,Warning
1,-0.221488,0.755652,0.509241,Normal
17,0.450569,0.602803,0.826427,Warning
14,-0.81001,1.48212,0.147209,Normal
16,4.20528,0.440823,0.803076,Warning
23,-0.106579,0.106366,0.400949,Normal
1,-0.112277,0.0675007,0.759303,Normal
3,1.51797,0.280032,0.943518,Critical
16,-0.827385,0.404047,0.189611,Normal
13,1.13417,0.924574,1,Warning
5,0.00171869,0.267909,0.170903,Normal
9,2.83272,0.668344,0.40869,Warning
14,0.152365,0.0757066,0.189887,Normal
22,2.62176,0.529799,0.888782,Warning
14,0.242373,1.15935,0.194402,Normal
7,-0.205049,0.865055,0.225019,Normal
7,3.52938,0.909406,0.602693,Warning
9,-0.63343,0.422981,0.239855,Normal
17,-0.35864,1.12784,0.194886,Normal
9,-2.91184,0.849537,0.824441,Warning
21,-0.201334,0,0,Normal
20,1.29361,0.519033,0.662078,Warning
20,-0.60709,0.193862,0,Normal
4,2.16388,0.680664,0.784378,Warning
13,-1.00058,0.390266,0.811936,Warning
4,0.597002,0.746723,0.0700808,Normal
14,-0.725716,0.418252,0.357921,Normal
0,0.0116169,1.30018,0.0925712,Normal
4,0.0130197,0.404804,0.119176,Normal
11,0.0436032,0.832244,0.384644,Warning
19,-1.36588,1.23943,0.842043,Warning
12,-0.200508,0.248538,0.21106,Normal
23,-1.82489,0.778564,0.698015,Warning
22,-0.317901,1.00518,0.44767,Normal
11,0.386037,0.438389,0.562895,Normal
3,-0.3926,0.413748,0.542278,Normal
4,0.856718,0.455954,0.363778,Normal
6,-0.152381,0.0742608,0.384965,Normal
0,1.98517,0.621796,0.727946,Warning
1,0.504121,0.567238,0.712403,Warning
20,-0.276234,0.346381,0.164384,Normal
15,2.65032,0.96308,0.818588,Warning
4,0.890752,0.498083,0.717729,Warning
5,-0.0923189,1.20813,0.780755,Normal
5,4.05643,0.731331,1,Critical
10,-2.94989,0.0402071,0.7406,Warning
9,-1.26153,0.56455,0.795093,Warning
16,1.50858,0.300271,0.996765,Critical
13,0.605061,0.285688,0,Normal
10,-0.884007,1.0294,0.248624,Normal
3,-0.30705,0,0.499224,Normal
8,2.80469,0.500628,0.930812,Critical
22,0.862485,1.03909,0.325057,Normal
16,-0.225614,0.497819,0.0130743,Normal
1,2.20643,0.33039,1,Critical
18,-2.74287,1.2305,0.985009,Critical
21,2.70754,0.778845,0.810096,Warning
13,1.20682,0.510213,0.666882,Warning
2,0.460807,0.945521,0.432937,Normal
3,-0.502426,0.698543,0.182834,Normal
17,4.5797,0.399225,1,Critical
9,0.849535,0.337601,0.555743,Normal
6,0.557208,1.03317,0.141928,Normal
5,-2.86201,0.829844,0.969602,Critical
17,-0.513513,0.0731383,0.0772289,Normal
16,0.210508,0.429469,0.0886549,Normal
10,-2.07522,0.317246,0.597315,Normal
19,2.72542,0.228394,0.492857,Normal
6,-0.174348,0,0.0171479,Normal
0,0.00119532,0.558694,0.332596,Normal
13,-2.77783,0.111848,0.828805,Warning
1,0.124929,0.678056,0.1522,Normal
4,1.36933,0.488309,0.483236,Normal
9,-0.567988,0.203656,0.476901,Normal
11,2.786,0.603414,0.728521,Warning
9,0.649618,0.801539,0.223473,Normal
10,1.92229,0.963179,0.806527,Warning
20,1.12092,0.788475,1,Warning
18,-0.803099,0.339733,0.365772,Normal
18,-2.59077,0.706605,0.622226,Warning
16,-1.70505,0.800956,0.965586,Critical
13,3.07722,0.641577,0.640657,Warning
1,3.19819,1.68712,0.548928,Normal
6,-0.854452,0,0.0109211,Warning
15,-3,0,0.493637,Normal
2,0.184879,1.58218,0.164315,Normal
9,-0.59014,0.400266,0.157315,Normal
14,-0.108481,0.436077,0,Normal
17,-0.933704,1.34227,0,Normal
3,0.355688,0.843849,0,Normal
21,-0.146635,0.0534358,0.432257,Normal
16,-0.446714,0.491969,0,Normal
18,0.116275,0.87892,0.175545,Normal
5,0.133632,0.366408,0.440477,Normal
17,1.11817,0,0.801018,Warning
21,-1.36598,0.179462,0.809254,Warning
23,-2.88761,0.858261,0.246619,Normal
19,2.30843,0.152547,0.306185,Normal
7,-1.37043,0.96569,0.93563,Critical
23,-0.182599,0,0,Normal
0,1.01352,0.635166,0.679905,Warning
6,-1.47934,0.788273,0.620934,Warning
19,-0.0698735,0.470067,0.718012,Normal
4,1.43294,0.380575,0.431303,Normal
5,1.79909,0.411927,0.773709,Warning
1,0.468376,1.02853,0,Normal
23,3.07928,1.09657,0.740995,Warning
21,-3,1.27372,0.968005,Critical
3,1.03316,0.554172,0.17688,Normal
7,-0.0991136,0.778376,0.280999,Normal
19,-1.07776,0.454675,0.644991,Warning
20,0.16719,1.40382,0.232343,Normal
2,2.98806,0.578124,0.753398,Warning
23,0.739123,0.487988,0.0678041,Normal
23,-0.163295,0.788161,0.17827,Normal
20,-0.326479,1.07522,0.467259,Normal
16,0.766322,0.651719,0.314352,Normal
22,0.891929,0.00503136,0,Normal
11,2.51393,0.221374,0.843176,Warning
16,0.72539,0,0.27159,Normal
15,-1.13897,1.14093,0.943723,Warning
19,-3,0.0593349,0.725427,Warning
3,0.43116,0.57193,0.448908,Normal
11,3.22398,0.557666,0.715544,Warning
16,0.0218272,0.803309,0.131354,Normal
18,3.64402,0.601373,0.792345,Warning
5,-1.15182,0.557794,0.720375,Warning
19,2.51558,0.231981,0.614743,Warning
16,-2.83602,0.119882,0.56034,Normal
0,-0.203022,0.672504,0.206077,Normal
16,-1.09532,0.207842,0.613944,Warning
2,-2.28956,0.903076,0.962383,Critical
16,1.85302,0.525721,0.498376,Normal
0,-0.208834,0.5428,0.134065,Normal
12,-0.319018,0.441703,0.222827,Normal
16,-0.268374,1.63558,0,Normal
11,-1.46537,1.29102,0.985791,Critical
19,-0.562549,0.598251,0.22128,Normal
4,-0.320195,0.932165,0.4085,Normal
11,0.840119,0,0.154661,Normal
11,2.72015,0.187043,0.454548,Normal
11,0.412394,0.256861,0.322699,Normal
20,0.816573,0.883465,0.448275,Normal
16,0.722397,0.630445,0.287486,Normal
18,0.40236,1.11275,0.413178,Normal
16,1.63466,0.725856,0.756196,Warning
22,-2.62463,0.60654,0.639964,Warning
20,1.09227,0.602384,0.969818,Warning
16,0.0420531,0.596962,0.289307,Normal
12,0.965247,0.569953,0,Normal
20,-0.36395,0.552921,0.159146,Normal
7,0.142294,0.108475,0.501933,Normal
18,0.215436,0.97557,0.531304,Normal
17,-0.149851,0.579039,0,Normal
5,-0.543698,0.890438,0.209459,Normal
20,1.60277,0.346245,0.965648,Critical
7,-0.941197,0.550689,0.390505,Normal
2,-0.750132,0.758397,0.387415,Normal
19,0.83708,0.820276,0.0180746,Normal
12,-0.0331578,0.157915,0.00828772,Normal
5,-1.27034,0.0672538,1,Critical
14,-0.484556,0.504124,0.664675,Warning
13,0.696953,0.18477,0.139874,Normal
4,-0.361397,0.791179,0,Normal
21,2.21076,1.84728,0.547683,Normal
13,-1.68227,1.04639,0.825558,Warning
7,-0.36287,0.464219,0,Normal
12,-1.0836,0.694806,0.430599,Normal
15,-2.36598,0,1,Critical
19,0.562518,0,0.0944029,Normal
22,-2.84971,0.792811,0.865961,Warning
13,-0.426298,0.30798,0.13303,Normal
4,0.559575,0.81368,0.42959,Normal
14,1.06498,0.27474,0.760443,Warning
6,2.92664,0.221132,0.406664,Normal
16,-0.112833,0.533855,0.0243291,Normal
14,0.169286,0.53518,0.043949,Normal
4,-2.0244,0.60684,0.519501,Normal
5,3.90473,0.757363,0.616569,Warning
14,-1.60965,0.257773,0.448741,Normal
13,-1.86005,1.4823,0.797783,Warning
22,0.261658,0.318925,0.168473,Normal
5,-2.87104,0.576631,0.574941,Normal
19,-0.397878,1.01352,0.108308,Normal
18,-2.17361,0.328635,0.709965,Warning
11,0.322224,1.19342,0.472204,Normal
10,-0.86304,0.348132,0.862021,Warning
21,0.243295,0.937568,0.342974,Normal
9,1.06761,0.693229,0.896231,Warning
17,-0.655898,0.737462,0.545398,Normal
3,0.970968,0.950983,0.28409,Normal
0,2.17854,0.406058,0.784218,Warning
9,-3,0.976375,0.923141,Critical
10,0.28039,0.838836,0.415372,Normal
17,0.714595,0.877438,0.490574,Normal
22,1.26854,0.719028,0.933427,Critical
16,-3,1.21173,0.829199,Warning
6,-1.04581,0.0153112,0.210918,Normal
23,-0.853853,1.22214,0.491931,Normal
7,1.33998,0.0386321,0.592463,Normal
5,-0.332427,0.327243,0.346337,Normal
21,-3,0.855239,1,Critical
4,0.24532,0.620598,0.492653,Normal
8,2.46097,0.218366,0.808467,Warning
16,-0.062517,0.870772,0.536181,Normal
21,0.705177,1.36358,0,Warning
7,0.239493,0.586322,0.267859,Normal
1,-1.71864,0.354755,1,Critical
3,0.418216,0.0239987,0.267155,Normal
4,2.95149,0.760208,0.403018,Normal
21,-1.90849,0.624493,0.906849,Critical
13,2.47017,1.01042,0.763909,Warning
16,-1.67567,0.46114,0.776726,Warning
20,-0.415681,0.162996,0.141731,Normal
4,-0.108289,0.943484,0.620349,Normal
14,0.499788,0.317877,0.14464,Normal
0,2.62094,0,1,Critical
17,2.42274,0.743705,0.889955,Warning
11,0.367416,0.0910387,0.0958112,Normal
9,-0.230882,0.836375,0.445912,Normal
3,-0.310691,0,0.147248,Normal
19,-2.06458,0.0794205,0.564508,Normal
14,-2.28749,0.0745989,0.856841,Warning
11,1.44365,0.478916,0.579584,Normal
11,1.18503,1.18753,0.574035,Normal
23,-0.0619403,0.95813,0,Normal
8,1.71888,0.153997,0.828439,Warning
3,2.00963,1.05831,0.43296,Normal
21,0.846535,0.932318,0.0808266,Normal
18,0.456055,0.26861,0.41816,Normal
10,0.540194,0.647283,0.274068,Normal
16,-0.0100007,0.67016,0,Normal
14,-2.96003,1.04203,1,Critical
2,0.837093,0.0871357,0.241957,Normal
21,0.591135,0.811549,0.139096,Normal
3,0.154743,0.192098,0.108557,Normal
13,2.70223,0.320275,0.503802,Normal
0,1.43986,0.734789,0.943935,Critical
15,-0.487249,0.34443,0.0364558,Normal
9,3.24805,0.832712,0.743607,Warning
10,-0.736036,0.573633,0.0662252,Normal
18,-0.0378634,0,0.177531,Normal
18,-0.169791,0.683842,0.261621,Normal
5,-2.18127,0.788279,0.613421,Warning
4,0.706831,1.61789,0.11197,Normal
0,0.505702,0.561785,0.394386,Normal
2,-0.190539,0,0.314537,Warning
10,-3,1.10318,0.831683,Warning
10,0.131221,0.335482,0.311052,Normal
1,0.432314,0.884067,0.59734,Normal
19,-0.47717,0.534807,0,Warning
5,-0.0211526,1.48627,0.147162,Normal
20,0.250089,0.879982,0.788986,Normal
16,-3,0.236362,0.9442,Critical
10,0.788896,1.884,0.76451,Warning
22,2.40643,1.15589,0.653406,Warning
7,-1.51539,0.754339,0.940325,Critical
14,-1.12291,0.570205,1,Warning
10,-1.30979,0,0.537216,Normal
16,2.51341,0.780848,0.48646,Normal
10,-0.789218,0.485976,0.31038,Normal
3,3.9769,0.252092,1,Critical
1,-0.916376,1.13337,0,Normal
11,2.35872,1.37648,1,Critical
9,0.533307,0,0.444062,Normal
22,-3,0.575811,0.477501,Normal
16,-1.27713,0.20315,0.898095,Warning
18,-0.732416,1.39569,0.549276,Normal
8,-1.05379,0.871707,0.827186,Warning
10,-0.751701,0.276205,0,Normal
13,0.00908057,0.692191,0.228176,Normal
7,2.60138,0.971446,0.781775,Warning
19,-0.585958,0.187116,0.0198084,Normal
12,0.00746208,0.889373,0.64673,Normal
13,-0.186164,0.440143,0,Normal
23,1.1048,0.882922,1,Warning
23,0.0468027,0.784659,0.537226,Normal
10,-1.86008,0.605931,0.59946,Normal
4,-1.94719,0.460578,0.856405,Warning
3,0.48428,0.665867,0.0516254,Normal
16,3.14029,0.778877,0.847999,Warning
22,-1.16438,0.677616,1,Warning
0,-0.534192,0.636304,0.387643,Normal
18,2.62723,0.424095,0.73897,Warning
8,0.527666,0.907068,0.187687,Normal
7,0.18579,0.526604,0.456661,Normal
15,-1.21602,1.23498,0.379514,Warning
0,-0.388565,0.248634,0.404221,Normal
17,-2.38953,0.200686,0.778186,Warning
4,0.699713,0.151652,0.114147,Normal
13,0.171537,1.41566,0.360867,Normal
2,-1.16843,0.441081,0.537239,Normal
18,0.886277,0.508667,0.445421,Normal
5,-3.02918,0.723455,0.683671,Warning
17,3.36846,0.910199,0.787432,Warning
5,-2.85353,0.408602,0.375947,Normal
10,-3,0.759079,0.985718,Critical
2,-0.230454,1.09466,0.55241,Normal
20,0.0506387,0.785961,0.0541737,Normal
19,2.92801,0.537803,0.734159,Warning
18,0.549277,1.50488,0.373092,Normal
4,1.67992,0.764009,0.910713,Critical
3,-0.219941,0.382545,0,Normal
9,0.116255,0.832566,0.104945,Normal
18,0.215698,0.577053,0.351853,Normal
23,0.167604,0.872155,0.371064,Normal
14,-3,1.12768,0.349338,Normal
6,2.15971,0.786248,0.730562,Warning
3,-0.462072,0.837918,0.3953,Normal
6,-0.0428779,0.485734,0.492176,Normal
10,0.846562,0.493782,0.0815689,Normal
21,-0.798333,0.803038,0.243225,Normal
20,0.194582,1.14353,0.0881523,Normal
18,0.319238,0.589607,0,Normal
18,-1.61057,0.311373,1,Critical
22,2.04571,0.633604,0.964197,Critical
8,0.167242,0,0.333194,Normal
20,0.732911,0.0784197,0.291574,Normal
13,-0.569082,0.667584,0.557949,Normal
23,3.50982,0.685925,0.963729,Critical
15,0.578044,0.495264,0.611636,Warning
1,1.0342,0.408534,0.923579,Normal
16,0.520715,1.149,0.229962,Normal
5,0.306229,0.659027,0.461201,Normal
20,-2.6474,0.253057,0.915007,Critical
8,0.0755036,0.445717,0.445319,Normal
6,0.77142,0.639908,0.475663,Normal
11,0.0370682,0.232708,0.192055,Normal
10,0.896622,0.595815,0.0543717,Normal
19,0.0693613,0.753945,0.59794,Normal
9,1.88645,0.0701617,0.778648,Warning
16,3.0594,0,1,Critical
17,-1.33688,0.524046,0.874246,Warning
3,1.61536,1.10112,0.163687,Normal
16,-1.97778,0,0.822101,Warning
21,1.76605,1.4169,0.549672,Normal
15,-0.099646,0,0,Normal
5,-0.663788,0.574741,0.632169,Warning
6,-2.01404,0.87164,0.722371,Warning
16,3.23939,0.556559,0.255281,Normal
13,-0.43057,0.105805,0.46828,Normal
15,0.777767,0,0.485414,Normal
0,-0.435445,0.437688,0.128365,Normal
12,0.631349,0.629138,0.0939958,Normal
3,-0.0911835,0.998341,0.408901,Normal
0,-0.916542,1.40185,0.441741,Normal
3,-3.00822,0.832565,1,Critical
20,0.57163,0.989744,0.493453,Normal
11,0.580475,0.177574,0.193919,Normal
6,0.645421,0.272761,0,Normal
20,0.334214,0.319904,0.353649,Normal
0,1.62148,0,0.650781,Warning
23,-1.34512,1.09926,0.489286,Normal
6,-4,0.922674,0.999841,Critical
6,-3.47626,0.163146,1,Critical
2,-1.26176,0.857501,1,Critical
14,0.0848157,0.408424,0.0338139,Normal
6,-0.827655,0.59995,0.362314,Normal
3,-1.86753,0.520645,0.46444,Normal
14,0.358049,1.26315,0.45867,Normal
15,-0.12321,0.118433,0.31905,Normal
17,-0.401192,0.283594,0.19449,Normal
2,-3.0117,0.871216,0.923782,Critical
9,0.11962,0.718161,0.453977,Normal
13,0.2173,0.422571,0,Warning
9,2.60804,1.05772,0.787318,Warning
17,0.441332,0,0.357632,Normal
0,-0.985836,1.04745,0.335716,Normal
23,0.103396,0.44273,0.136548,Normal
4,-2.63596,0.813279,0.348394,Normal
20,-0.118796,0.883884,0.196535,Normal
3,-1.24684,0.729035,0.545405,Normal
15,1.15523,0.533709,0.857677,Warning
17,1.2563,0.29562,0.758722,Warning
14,-2.42055,0.32542,0.62078,Warning
4,-0.656662,0.972019,0.300209,Normal
5,0.0425115,0.640104,0.0673741,Normal
0,3.28972,0.161359,0.906312,Critical
21,0.751887,0.579349,0,Normal
15,-0.571397,1.36271,0.281367,Normal
9,-2.3985,0.941303,0.393889,Normal
13,0.366789,0.746489,0,Normal
14,-2.87313,0,0.80334,Warning
2,-0.0593751,0.714616,0.361932,Normal
14,2.46669,0.912177,0.854875,Warning
2,2.14683,0.573293,0.90714,Critical
6,0.407151,0.355977,0.175301,Normal
4,1.28719,0,0.613577,Warning
2,1.03875,0.549328,0.37706,Normal
15,-0.352497,0.262974,0.188099,Normal
20,0.553279,1.03817,0.552032,Normal
3,2.67711,0.7266,1,Critical
22,-0.219854,0.192632,0.683661,Normal
16,0.405819,0.187243,0.165083,Normal
13,-2.17922,1.21869,1,Critical
10,-1.2904,0.869567,0.216785,Normal
7,4.35371,0.415436,0.7889,Warning
9,3.00829,0.698409,0.743004,Warning
16,-0.650578,1.08242,0,Normal
16,0.941009,1.12741,0.11764,Normal
14,-0.31621,0.016775,0,Normal
15,0.0182864,1.20275,0.604285,Normal
10,-0.108167,0.507554,0.38768,Normal
12,0.782337,0.80741,0,Normal
10,-0.177047,0.146941,0.101775,Normal
18,0.22482,0.578721,0.196757,Normal
15,3.18264,0.75781,0.61809,Warning
20,0.216371,1.00214,0.128907,Normal
15,-1.22097,0.373411,1,Critical
7,0.680152,0.141844,0.553159,Normal
1,-1.30983,1.05961,1,Critical
9,-2.59574,0.832211,0.836671,Warning
3,-0.334037,0.764309,0.308356,Normal
4,-0.2947,0.137374,0.207503,Normal
19,-0.210951,0.361382,0.245736,Normal
15,1.48549,0.985861,0.959059,Critical
0,-0.92637,0.763602,0.0309612,Normal
22,-0.171727,0.656472,0.454337,Normal
22,-0.0818864,0.575871,0.506026,Normal
21,4.00094,0.8805,0.87719,Warning
18,0.376299,0.753541,0.697095,Normal
2,-0.0482523,0.592834,0.0104302,Normal
20,0.293033,0.684241,0.178256,Normal
7,1.78395,0.649998,0.418185,Normal
9,0.295893,0.485914,0.263866,Normal
17,-0.243672,1.06898,0,Normal
11,-1.29976,0.973891,0.459474,Normal
23,0.132228,0.63375,0.704898,Normal
13,-0.418642,1.07545,0.314507,Normal
13,3.0939,0.144453,1,Critical
1,-2.35724,0.45993,0.785401,Warning
1,-1.60282,0.636767,0.911738,Critical
1,-0.0480292,0.605185,0.164335,Normal
4,-1.06274,1.1166,0.926831,Warning
14,2.05107,1.16092,1,Critical
21,-2.35789,0.313579,0.808581,Warning
2,0.381941,0.789305,0.493024,Normal
13,0.998815,0.865001,0.462077,Normal
5,-0.282579,0.457366,0.568679,Normal
3,0.363714,0.418663,0.333846,Normal
6,0.618329,0.226032,0.462845,Normal
17,0.394982,1.24145,0.0528027,Normal
23,2.02225,0.749501,0.924158,Critical
20,-0.21204,0.801492,0.10163,Normal
0,-3.04368,0.741983,0.765077,Warning
16,0.845762,1.03762,0.367008,Normal
20,-2.54191,0.447462,0.614264,Warning
4,-1.29114,0.742944,0.266587,Normal
6,2.73188,1.20389,0.542348,Normal
1,-2.74656,0.819331,0.636342,Warning
23,-0.322343,0.369239,0.200877,Normal
21,-1.52727,0.48912,0.869898,Warning
7,-2.20449,0.256164,0.572282,Warning
11,-0.802006,1.26494,0,Normal
12,-3,0.594855,0.583025,Normal
20,-0.0150403,0.475,0.487254,Normal
22,3.05199,0.562404,1,Critical
5,0.239324,1.07071,0.46029,Normal
19,1.63966,0.164307,0.827298,Warning
8,0.523546,0.566123,0.681017,Warning
4,-1.4337,0.836626,0.549133,Normal
11,0.138307,0.462741,0.205804,Normal
1,-1.09882,1.7471,0.687887,Warning
12,2.56289,0.611133,0.309851,Normal
19,2.31077,0.524362,1,Critical
10,3.1927,0.815192,0.861955,Warning
9,3.23232,0.608354,0.620788,Warning
2,0.482936,0.342531,0,Normal
12,0.083032,0.167738,0.512289,Normal
13,-2.34347,0.806671,1,Critical
17,-3,0.346343,0.448375,Normal
23,-3,0.820351,0.298893,Normal
10,1.96301,0.936001,0.998509,Critical
5,-0.556571,1.13597,1,Warning
4,-0.0910655,1.27274,0,Normal
23,-0.328372,0,0.413358,Normal
12,2.37432,0.55479,0.564391,Normal
15,-3,1.24798,0.745731,Warning
12,0.398358,0.686665,0.577883,Normal
9,0.772323,0.953987,0.720798,Warning
6,-3.3756,0.738605,0.694559,Warning
2,0.133207,1.01283,0.130461,Normal
14,-3,0.915715,0.63972,Warning
0,-1.87646,1.13642,0.763527,Warning
7,-0.316005,0.606156,0.0987876,Normal
15,-1.42152,0.898792,0.601274,Warning
7,0.876875,0.977221,0.101773,Normal
16,-0.0312595,0.380249,0.771426,Normal
18,1.121,0.0463914,0.422056,Normal
17,0.254796,0.703611,0.168929,Normal
11,0.413136,0.832289,0,Normal
0,2.22931,0.788762,0.828941,Normal
4,-0.476689,0.670904,0.203328,Normal
11,0.160855,0.176638,0.945334,Normal
7,1.02398,1.21236,0.626911,Warning
1,-2.15689,0.777097,0.600399,Warning
5,2.46019,0.670283,0.921008,Critical
5,-2.70141,1.24702,0.268622,Normal
3,-1.86025,0.513614,1,Critical
6,-0.646651,0.204623,0.0119807,Normal
21,-0.350776,0.818832,0.237613,Normal
6,2.51872,0,0.76276,Warning
8,-0.134276,0,0.360598,Normal
15,-0.34475,0,0.567143,Warning
22,2.84717,1.07511,0.903072,Critical
4,-0.324034,0.131673,0.0678641,Normal
21,0.976224,0.314776,0.617663,Warning
10,-0.0972823,0.281608,0.128402,Normal
0,2.87008,0.935097,1,Critical
14,-0.341315,1.38348,0.417668,Normal
10,3.14803,0.749692,0.540532,Normal
8,-0.569791,0.0968227,0,Normal
3,-1.72411,0,0.72984,Warning
16,-0.138484,0.470153,0.334528,Normal
10,-0.27567,0.183738,0.701612,Normal
10,1.74714,0.995061,1,Critical
9,3.38911,0.567498,0.741222,Warning
20,2.83911,0.422842,0.828784,Warning
19,0.752205,0,0.298748,Normal
3,-1.02917,0.648022,0.639374,Warning
1,-1.68441,1.05196,0.928952,Critical
8,-3.31521,0.882236,0.499196,Normal
22,-0.503027,0.740814,0.0266631,Normal
6,0.54645,1.46988,0.0454997,Normal
0,-3.61443,0.627761,0.407609,Normal
18,-0.418154,0.679091,0.113168,Normal
15,-0.623715,0,0,Normal
11,-0.0812204,0.581929,0,Normal
13,0.0797175,0.731947,0.054249,Normal
9,-0.0132134,0.950931,0.167196,Normal
22,-3,1.06778,0.549173,Normal
14,-0.715136,0.15454,0.75432,Warning
9,-0.805535,1.75633,0.303861,Normal
3,3.03141,1.08755,0.858748,Warning
14,-2.46934,0.901837,0.270362,Normal
5,-3.35527,0.421329,0.716735,Warning
20,-0.491051,0.500739,0,Normal
19,-1.66866,0.245189,0.74144,Warning
10,2.38723,0.846693,0.890815,Warning
10,0.134256,0.00204892,0.754291,Normal
17,-0.851595,0.938785,0.231035,Normal
2,-1.4869,1.52184,0.601307,Warning
21,1.78143,0.403326,0.788518,Warning
7,0.626928,0.223152,0.314214,Normal
13,1.33678,0.977666,1,Critical
5,4.34698,0,0.640069,Warning
6,1.13922,1.16227,0.434502,Normal
14,-0.908905,0.825632,0.819338,Warning
9,1.34641,0.97086,0.654436,Warning
1,-0.345709,0.319314,0.22267,Normal
12,-0.749381,0,0.262632,Normal
8,0.785925,0.629668,0.211514,Normal
4,0.758406,0.514934,0.144814,Normal
7,-1.5633,0.44838,0.700415,Warning
3,-0.107085,1.17746,0.458022,Normal
20,-3,1.56061,0.0903642,Normal
7,-0.3808,0.570837,0,Normal
1,2.10271,1.02661,0.79881,Critical
0,0.207088,0,0.130491,Normal
11,-0.0230113,0.0663107,0,Normal
7,-0.795381,0.542556,0,Normal
12,-0.718763,1.27368,0.179783,Normal
6,0.6145,0.442011,0.217814,Normal
16,-1.23544,1.29989,0.721904,Warning
21,2.00253,0.173704,0.884657,Warning
3,0.467406,0,0,Normal
9,-0.362787,0.383884,0.277791,Normal
4,0.350129,0.210444,0.145107,Normal
23,0.059838,0.7385,0.343483,Normal
12,-0.436694,0.133803,0.515492,Normal
7,-3.39641,0.0350062,0.505552,Normal
15,0.424967,0.807632,0.325659,Normal
12,-2.74359,0.144404,0.581553,Normal
2,2.8785,0.525678,0.62611,Warning
21,-3,0.00333801,0.544392,Normal
2,-0.481761,0.629263,0.258437,Normal
12,-1.7875,1.17126,0,Normal
1,-3.21545,1.12426,1,Warning
8,0.146747,0.547602,0.0436936,Normal
13,-1.03582,0.553189,0.357025,Warning
0,-1.11402,0.754512,0.814365,Warning
17,-0.599634,0.507956,0.430825,Normal
8,-1.8863,1.05534,0.907767,Critical
4,3.27102,0.869931,0.80188,Warning
4,0.534747,1.51934,0.111881,Normal
22,1.46896,0.0532236,0.787067,Warning
9,0.706956,1.0616,0.158548,Normal
7,-2.95552,0.742446,0.483211,Normal
16,-2.19894,0.433402,0.330959,Normal
22,-0.254398,0.689761,0.846019,Normal
1,-4.04871,1.12804,0.983484,Critical
16,-2.4426,0.910464,0.679327,Warning
14,0.112974,0.431214,0.115825,Normal
16,2.78572,0.609038,0.685021,Warning
14,1.60312,0.75639,0.566601,Normal
3,-0.566934,0,0.382885,Normal
15,0.978949,0.822423,0,Normal
0,0.636608,0,0,Normal
5,0.869552,0.388995,0,Normal
9,0.625482,0.692658,0.110109,Normal
5,-0.0476504,0.508575,0.0415323,Normal
19,-0.958598,0.728752,0.386046,Normal
15,2.10647,0.0223116,0.896668,Warning
9,0.0954486,0.766036,0,Normal
3,-1.23922,0,0.763489,Warning
15,-0.5615,0,0.110864,Normal
19,0.423642,0.138789,0.00314989,Normal
16,3.37586,0.0397468,1,Critical
11,-3,0.813159,0.697316,Warning
19,-1.66592,0.560768,0.94566,Critical
17,2.80248,0,0.738086,Warning
19,-0.728432,0.0651336,0.38572,Normal
0,-2.59601,0.222549,0.962032,Critical
22,-0.30548,0.406194,0.477213,Normal
20,1.0561,0.3355,0.735614,Warning
17,2.32714,0.323267,0.683166,Warning
9,2.98441,0.824529,0.58058,Normal
19,-2.42703,0.054933,1,Critical
19,-0.862191,0.588153,0.399872,Normal
4,2.6229,1.19366,0.612583,Warning
16,0.013876,0.525783,0.0134808,Normal
12,0.714273,0,0.147477,Normal
19,2.03798,1.48058,0.899357,Warning
17,-0.459249,0.598922,0.474395,Normal
21,3.45345,0.886143,0.553891,Normal
17,2.38714,1.44287,0.637486,Warning
6,-0.188499,0.254102,0.414466,Normal
11,-0.394803,0.199086,0.413525,Normal
7,-1.08664,0,1,Warning
10,0.355594,0.416535,0.166544,Normal
7,-1.16701,0.960772,1,Warning
19,-0.872445,0.386261,0.332024,Normal
2,-0.790408,0.703224,0,Normal
20,0.210785,0.476314,0.244912,Normal
8,1.49713,0.611856,0.685402,Warning
14,-3,0.467353,0.852579,Warning
0,-2.39042,0.803629,1,Critical
16,1.40716,0.926348,0.977641,Critical
18,0.663525,0.185663,0.421933,Normal
3,0.853524,0.167152,0.401053,Normal
10,-2.89394,0.30945,0.695595,Critical
2,0.424329,0.558952,0.133807,Normal
0,-0.451041,0.105565,0.126225,Normal
6,1.02896,0.376402,0.620241,Warning
7,-0.0983405,0.560833,0.147684,Normal
3,-0.28117,0.109592,0.742047,Normal
5,-3.30445,0.811423,0.607487,Warning
21,2.92272,0.322299,0.723451,Warning
16,-1.47747,0.674543,0.582595,Normal
17,-1.14826,0.530954,1,Warning
20,-0.0766304,0.17265,0.361656,Normal
11,-2.22582,0.651945,0.840395,Warning
2,-2.88148,0.352333,0.563027,Normal
20,0.462927,0.1964,0.201776,Normal
19,-0.190034,0.614213,0.405952,Warning
8,-1.93094,0.799495,0.801031,Warning
8,3.71575,1.29321,0.582538,Normal
22,1.04988,0.0741839,0.674949,Warning
12,-0.150901,0,0.416658,Normal
15,-0.719848,0.152345,0.244407,Normal
8,-1.75356,0.0106245,0.920255,Critical
23,-0.0513504,0,0,Normal
10,-2.33557,0,0.813087,Warning
9,1.84056,0,0.310414,Normal
18,0.701495,0.804215,0.265399,Normal
17,-1.9508,0.379942,0.824713,Warning
11,2.90575,0.313807,0.872864,Warning
11,0.181139,0.973151,0.0500247,Normal
21,0.00406672,0.77327,0,Normal
8,2.37053,0,0.717659,Warning
7,-0.258035,0.586274,0.0285125,Normal
16,-0.857241,0.968099,0.384169,Normal
16,2.10817,0.866421,0.732851,Warning
0,-0.724532,0.776048,0.471625,Normal
1,-0.647296,0.0988953,0.423965,Normal
1,2.10274,0.904031,0.788538,Warning
17,0.307924,0.397877,0.144539,Normal
9,2.13232,0.7977,0.800892,Warning
7,-0.662952,0.235446,0.269707,Normal
2,-2.50701,1.04099,0.806943,Normal
14,-2.06252,0.68021,0.435378,Normal
10,-0.134876,1.06038,0,Normal
22,2.30384,0,0.811743,Warning
10,0.425774,0.842619,0.468109,Normal
8,2.97599,1.25507,0.781017,Warning
2,0.084542,0.833281,0.457841,Normal
13,-0.0508624,0,0.130115,Normal
22,-0.41631,0.571159,0.389751,Normal
0,2.19499,0.490176,1,Critical
13,-0.16912,1.17175,0.169489,Normal
13,-0.612849,0.411682,0.487144,Normal
19,2.41195,1.13063,0.297238,Normal
9,-0.646752,1.27556,0.739971,Warning
7,1.91587,0.99463,0.915386,Critical
4,-0.192932,0,0.781466,Normal
19,2.89054,0.654967,0.416785,Normal
1,-0.0231872,1.36608,0.665689,Normal
3,-0.24137,0.803741,0.169113,Normal
15,-2.4339,0.317614,0.761827,Warning
14,0.670352,0.589746,0,Normal
23,-0.679298,0.628642,0.384194,Normal
11,0.84963,0.392263,0.222097,Normal
17,-1.88439,0.768537,1,Warning
20,0.377359,0.672445,0.158523,Normal
8,-2.66937,0.619575,0.675354,Warning
21,-0.0402912,0.309308,0.0230796,Normal
11,-1.58256,0.189649,0.762517,Warning
17,2.04947,1.05861,0.757192,Warning
6,-0.578493,1.04128,0.673094,Warning
18,-0.816576,0.440749,0.105091,Normal
14,-3,0.783569,0.634399,Warning
16,2.07239,0.556282,0.921592,Critical
22,0.0909298,1.16217,0.343395,Normal
16,0.420346,0.864346,0.560329,Warning
20,0.436566,0.575453,0.95638,Warning
1,0.449886,1.63988,0.643071,Warning
7,0.803856,0.983555,0.0215933,Normal
8,0.698653,0.906135,0.259989,Normal
5,-1.37668,1.20058,0.523176,Normal
13,1.31043,0.440536,0.130593,Normal
13,0.752217,0.582752,0.163103,Normal
0,2.41442,0.508508,0.786136,Warning
15,0.650274,0.744678,0.277529,Normal
8,2.81287,0.547226,0.692561,Warning
4,2.54512,0,0.672775,Warning
7,0.228408,0.716582,0.314657,Normal
0,3.45304,0.607006,0.806746,Warning
9,3.02356,0.761345,0.778164,Critical
17,2.58391,1.06618,1,Critical
14,-0.353991,0.630173,0.482689,Normal
4,-2.46623,0.887461,0.764362,Warning
20,1.71661,0,0.947802,Critical
7,0.67963,0.217064,0.349265,Normal
14,0.503455,0,0.690351,Warning
22,-0.565336,0.570521,0.13933,Normal
21,0.117814,0.629842,0.239922,Normal
12,-0.0852359,0.506716,0.480542,Normal
16,0.705797,0.183129,0.171947,Normal
9,0.358219,0.203489,0.532601,Normal
21,1.34913,0.0472605,0.291792,Normal
15,1.52877,0.109284,0.973366,Critical
20,0.367176,0.366358,0.0945336,Normal
22,0.081678,0.343998,0.240233,Normal
8,0.055485,1.25735,0.182621,Normal
1,0.886804,0.00781322,0,Normal
5,-2.46183,0.681525,0.525144,Normal
5,0.646542,1.09745,0.148506,Normal
17,0.19551,0.314659,0,Normal
5,1.70996,0.891378,1,Critical
19,-0.0287453,0.59498,0.0816026,Normal
21,-0.0513586,0.162908,0.16346,Normal
20,-3,1.22943,1,Critical
16,-3,0.577929,0.442728,Normal
8,3.28081,0.830747,0.692315,Warning
6,-0.600806,0,0.168212,Normal
1,1.14287,0.967317,0.915191,Warning
9,-0.0872042,0.209537,0.0487264,Normal
23,0.0100974,0.361457,0.563776,Normal
3,1.69493,0.545606,0.713494,Warning
14,-0.0912277,0,0,Normal
18,-1.98727,0.404674,0.941678,Critical
15,2.25555,0.683184,0.677965,Warning
11,-0.600852,0.250357,0.256384,Normal
20,-2.1065,0.880857,1,Critical
23,-2.09161,0.381698,0.688441,Warning
10,-0.579095,1.1104,0.49995,Normal
8,1.15196,0.846288,0.514341,Normal
13,3.24306,0.782162,1,Critical
5,0.290116,1.32226,0.140046,Normal
15,3.40592,1.19898,0.629885,Warning
4,2.44433,0.267734,0.504736,Normal
18,-0.668283,0.269333,0,Normal
3,-0.154742,0.092512,0,Normal
17,-2.04435,0.231825,0.84649,Warning
10,-2.71544,0.978696,0.94485,Critical
14,-0.274586,0.565492,0.277001,Normal
4,3.29202,0.668778,0.637192,Warning
3,-0.521823,0.387989,0.274937,Normal
18,0.332551,0.942875,1,Normal
11,1.42469,0.307635,0.857712,Warning
13,-2.98336,1.05224,0.810443,Warning
23,2.01781,0.596061,0.819838,Warning
4,-1.60649,0.198805,0.51586,Normal
6,-3.16037,1.31767,0.405937,Normal
17,-1.07978,1.05212,1,Warning
15,-3,1.18334,0.900371,Critical
5,-3.73622,0.69225,0.850927,Warning
7,0.678825,1.37915,0.10152,Normal
19,-0.579322,0.934821,0.168236,Normal
2,-0.439449,0.549401,0.546887,Normal
17,-0.490491,0.78807,0.492019,Normal
18,-0.930771,0.26991,0,Normal
7,-1.00001,0.658319,0.352964,Normal
23,-0.241555,0.972648,0,Normal
9,3.59185,0,0.652963,Warning
15,0.136106,0.048778,0.0370422,Normal
16,0.0752097,1.14071,0.77131,Normal
22,-0.657404,0.268371,0.386386,Normal
18,-1.47333,0.629833,0.617317,Warning
3,1.15527,0.815782,1,Warning
3,0.349618,0,0,Normal
7,0.956614,0.19501,0.567887,Normal
4,0.251235,0.344963,0.522848,Normal
17,-0.245214,0.268583,0,Normal
8,-0.83886,0.532189,0,Normal
23,0.84753,0.426992,0.644595,Critical
16,1.71842,0.412127,0.546206,Normal
19,1.21734,0.130456,0.761851,Warning
23,1.28842,1.05832,0.895135,Warning
15,-2.99266,0.477491,0.556231,Normal
16,-2.74217,0.825763,0.565202,Normal
3,2.6319,0.733112,0.382034,Normal
7,-0.188265,0.52883,0,Normal
2,2.48257,0.572413,1,Critical
22,0.539948,1.40609,0,Normal
7,-2.07453,0.306048,0.754182,Warning
14,-2.29184,0.293816,1,Critical
9,-0.63971,0.793558,0.0332271,Normal
4,-0.65796,0.276462,0.52179,Normal
22,-0.825323,0.829345,0.249365,Normal
19,-3,0.916246,0.831829,Warning
21,2.49709,0.36673,0.989506,Critical
2,0.76665,0.333321,0.287535,Normal
7,1.11711,0.317038,0.630791,Warning
14,-0.946654,0.329521,0.281503,Normal
0,-1.20142,0.73485,1,Critical
3,0.668521,1.07887,0.370204,Normal
23,-0.449675,0.197196,0,Normal
2,-1.56487,0.504033,0.696411,Warning
8,0.929858,0.237051,0.536312,Normal
9,-0.768651,0.565958,0.773539,Warning
0,-0.641349,0.379053,0.344011,Normal
2,2.02734,0.978573,0.428767,Normal
17,-0.265025,0.453387,0.42548,Normal
20,0.171702,0.49129,0,Normal
8,-3.578,0.0538357,0.645463,Warning
6,0.556034,0,0,Normal
5,-2.02826,0.77023,1,Critical
4,-2.18454,0.898123,0.775138,Warning
19,3.54026,0.753615,0.733868,Warning
18,-0.0375748,0.890118,0.442345,Warning
1,0.0432756,0.206059,0.199117,Warning
21,2.87932,0.641349,0.922649,Critical
14,0.151042,0,0.243799,Normal
3,-1.38803,0.367814,0.944471,Critical
0,0.199248,0,0.442775,Normal
13,-0.847659,0.401905,0.251886,Normal
1,0.486816,0.0323202,0.437935,Normal
21,0.601898,0.716107,0,Normal
15,2.07245,0.495055,0.992113,Critical
2,-0.0893019,1.44338,0,Warning
16,0.988575,0.881337,0,Normal
22,0.659264,0.687828,0.0297905,Normal
17,1.03342,0.935861,0.968061,Warning
14,3.05908,0.928948,0.540696,Normal
4,0.376777,0.874572,0.083403,Normal
8,-0.303738,0.74571,0.442169,Normal
10,3.37582,0.643759,1,Critical
11,0.653141,0.232743,0.852574,Warning
23,-0.540465,0.739534,0.228493,Normal
8,-0.821856,0.31537,0.376135,Normal
14,0.730098,0.555969,0,Normal
2,-0.0774215,0.542233,0.350728,Normal
10,-0.253787,0.649016,0,Normal
8,-3.21095,0.895739,0.651748,Warning
17,-2.39763,0.93194,0.643787,Warning
21,-0.105587,0.231282,0,Normal
2,-0.855365,0.625971,0.669888,Warning
11,0.263585,1.12873,0.274513,Normal
4,1.8347,0.253775,0.535734,Normal
14,2.65217,0.0644377,0.829834,Warning
8,0.607575,0.488148,0.211415,Normal
12,-2.10818,0.536511,1,Warning
23,-0.000851297,0.0522296,0.358511,Normal
11,3.41528,0.378917,0.535995,Normal
6,-2.80216,0.430452,0.555438,Normal
14,-1.73902,0.962665,0.944979,Critical
7,-0.286556,0.0529021,0.360451,Normal
18,1.12398,0.327504,1,Warning
5,-2.18895,1.58934,0.996153,Critical
13,1.87324,1.13061,0.572672,Normal
15,1.50735,0.662498,0.455471,Normal
13,0.323582,0.212368,0.762454,Normal
20,2.07247,0.814435,1,Critical
8,3.28121,1.25425,0.426795,Normal
23,-1.25352,0,0.577373,Normal
14,2.65097,0,0.330726,Warning
15,0.585628,0.996493,0.034705,Warning
17,-0.668595,0.117654,0.528723,Normal
11,1.80433,0.352215,0.930362,Warning
17,-3,0.782608,0.748174,Warning
1,-3.28206,0.489506,0.367449,Normal
15,0.13598,1.13069,0.346361,Normal
6,-2.04023,0.0664848,0.583853,Normal
0,0.576429,0.305949,0.103368,Normal
0,-0.296391,0.706629,0.312705,Normal
18,-1.11296,0.618245,0.979488,Warning
22,1.057,0.198466,1,Warning
8,-0.918759,0,0.439483,Normal
22,-0.0232575,0.739097,0.403383,Normal
1,-0.566329,0.67855,0.21871,Normal
20,-0.921706,0.322765,0,Normal
21,0.931965,0.091326,0.39779,Normal
11,0.234513,0.900859,0,Normal
1,-1.08168,1.49637,0.729564,Warning
5,0.706808,0.461764,0.354856,Normal
15,-0.167655,0.342181,0.384993,Normal
16,-2.27405,0.192509,0.421203,Normal
1,0.651042,0.828906,0.188484,Normal
19,0.994243,1.19049,0,Normal
19,0.730082,1.03384,0.266776,Warning
10,-0.131764,0.711164,0,Normal
16,-1.34133,0.84089,0.365556,Normal
19,-0.133794,0.706258,0.182863,Normal
9,0.815286,0.477227,0.0657943,Normal
20,-0.349196,0.885193,0.397076,Normal
20,-0.699143,0,0.67122,Warning
14,1.05875,0.356253,0.659296,Warning
19,1.40211,0.227299,0.60089,Warning
19,0.320044,0.26072,0.103281,Normal
20,0.145129,0.619938,0,Normal
2,0.631313,0.204493,0.325014,Normal
13,-1.22903,0.808278,0.652838,Warning
4,-2.98923,0.86664,0.973358,Critical
9,0.669009,0.302094,0.174982,Normal
0,1.89472,0.719164,0.511112,Normal
19,-3,0.415895,0.689151,Warning
18,3.03816,0.620502,0.537205,Normal
3,-0.118464,0.279015,0.604023,Normal
5,0.0315986,0.504136,0.435166,Normal
0,-1.25916,0.407919,0.677121,Warning
20,0.15489,0.122257,0.0496852,Normal
19,-2.10028,0.964573,0.974972,Critical
1,3.03931,0.497408,1,Critical
2,3.65047,0.803548,1,Critical
5,2.85303,0.873772,0.546203,Normal
12,2.95474,0.553631,1,Critical
7,-1.5943,0.0350129,0.341706,Normal
3,1.16111,0.945844,0.803131,Warning
4,3.69438,0.349172,0.482366,Normal
12,-2.53642,0,0.0772068,Normal
4,-0.200084,0,0.112199,Normal
8,2.00807,0.94807,0.625756,Warning
14,-1.06137,0.207282,0.668922,Warning
1,2.10393,0.779464,0.903808,Critical
23,-0.3119,1.04881,0.387311,Normal
23,-0.752035,0.67362,0.179794,Normal
14,0.721771,0.448003,0.457479,Normal
13,0.0872703,0.959876,0.414478,Normal
12,0.714581,1.15037,0.506575,Normal
14,-1.00312,0.23147,0.636851,Warning
14,1.0888,0.873934,0.500291,Normal
18,0.113028,1.03501,0.400694,Normal
15,0.304364,0.613498,0.598403,Normal
0,-0.25112,0.899741,0.237643,Normal
8,0.00089414,0.93437,0,Normal
14,0.868654,0.551155,0.253507,Normal
19,4.03416,0.519427,0.459327,Normal
13,0.0951511,0.547292,0.169867,Normal
7,-2.69517,1.21016,0.589422,Warning
9,-2.79482,0.323061,0.717103,Warning
19,-0.444464,0.621807,0.272424,Normal
13,2.42764,0.55085,1,Critical
19,0.415511,0.275888,0,Normal
0,-0.1299,0.473886,0.407207,Normal
23,-0.275743,0.906819,0.0851173,Normal
22,0.236802,0.162009,0.293352,Normal
14,-1.12746,0.721058,0.532604,Normal
20,-0.154485,1.05031,0.414756,Normal
21,2.48898,1.07888,0.769044,Warning
21,3.08056,1.36598,0.871807,Warning
11,1.43377,0.0110657,0.698924,Warning
18,3.65237,0.324891,1,Critical
12,-2.8023,0,0.843143,Warning
1,1.11974,0.859098,1,Warning
10,-0.831734,0.149007,0.220641,Normal
10,0.815237,0.491402,0.30932,Normal
12,4.044,0.292675,1,Critical
1,-0.581711,0.645513,0,Normal
11,3.39217,1.4051,0.659581,Warning
8,1.5365,0.652647,0.743135,Warning
15,0.445852,0.0350694,0.162291,Normal
13,-0.224086,0.0469927,0,Normal
15,0.536257,0.217378,0.126771,Normal
15,2.88124,0.671679,0.471132,Normal
13,0.826767,0.456294,0.278025,Normal
7,-0.178026,0.812602,0.0412817,Normal
15,1.04279,1.08524,0.700025,Warning
15,2.14134,0.339793,0.949474,Critical
8,0.106467,0.727609,0.0115417,Normal
6,-0.170908,0,0.666181,Normal
1,2.35922,0.90717,1,Critical
1,0.445684,0.0667145,0.0230075,Normal
20,-1.6271,0.76401,0.911362,Critical
5,0.605515,0.165906,0.417879,Normal
4,0.0147224,1.3767,0,Normal
17,-0.0884263,0.193812,0.672332,Normal
22,0.0716154,0.917638,0.11003,Normal
7,0.177067,0.0893368,0.156998,Normal
8,3.73462,1.19824,1,Critical
8,-0.0935946,0,0,Normal
22,-1.75915,0.141983,0.700266,Warning
8,-3.09697,0.67602,0.711492,Warning
0,-0.320169,1.22017,0,Normal
17,-0.550967,1.00577,0.596381,Warning
9,0.786199,0.718352,0,Warning
4,0.744827,1.04274,0.687101,Warning
1,0.00773342,0.88794,0.0341376,Normal
8,1.85984,0.577346,0.549019,Normal
22,2.23787,0.419288,1,Critical
18,0.180718,1.31193,0.210124,Normal
11,0.978211,0.954259,0.260323,Normal
23,0.6619,0.669595,0.0807051,Normal
7,0.416604,0.956471,0.254842,Normal
5,-0.586164,1.1738,0.0725517,Normal
11,0.538455,0.3335,0.467702,Normal
21,1.11451,0.571918,0.970202,Warning
17,0.648496,0.770117,0.457877,Normal
11,0.563387,0.791109,0.168991,Normal
14,1.23461,0.912671,0.477969,Normal
20,-0.539804,0.397156,0.119522,Normal
2,2.0844,0.408795,0.823386,Warning
16,2.45164,1.05763,0.961612,Critical
1,2.89099,0.497735,0.968274,Critical
9,0.301117,0.768748,0.511447,Normal
9,-0.593406,1.08805,0.138871,Normal
8,-1.6157,0.987563,0.714722,Warning
18,0.669858,0.235769,0.578583,Normal
23,-0.172146,0.669319,0,Normal
17,-1.2019,0.640514,0.800017,Warning
3,-0.433101,0.244031,0.326604,Normal
15,-2.59929,0.558011,0.530588,Normal
11,-0.51864,1.49323,0.274794,Normal
8,-0.513278,0.237389,0.293528,Normal
17,-0.791848,0.636576,0.233616,Normal
7,-0.540195,0.684614,0.759636,Warning
14,0.445908,1.07918,0.146434,Normal
20,-0.127687,0.687668,0.255752,Normal
9,0.763432,0.0411559,0,Normal
13,-1.28741,0.832264,1,Critical
2,-0.268152,0,0.438059,Warning
3,0.803806,1.06347,0.0479824,Normal
4,3.35048,0.105213,0.815269,Warning
6,-0.516481,1.89904,0.0665142,Normal
9,2.12891,0.0362893,0.435081,Normal
9,-3,0.524669,0.857808,Warning
19,2.9858,0.474358,0.379519,Normal
17,0.226094,0.476965,0.59006,Normal
4,0.305648,0.913304,0.454457,Warning
13,-0.482988,0.103091,0.0682785,Normal
13,-0.532265,0,0,Normal
2,0.82091,0.58845,0.513179,Normal
8,-2.01543,0.804707,0.650765,Warning
2,2.41798,0.765207,0.713708,Warning
22,-2.56281,0.406961,0.883678,Warning
1,3.25292,1.08194,0.525095,Normal
23,-0.335859,0.541725,0.289659,Normal
9,0.226129,1.04321,0,Normal
5,2.51646,0.271547,0.592805,Normal
21,-0.0719762,0.0310795,0,Normal
22,-0.628197,0.390345,0,Normal
1,-3.39146,0.574371,0.518642,Normal
2,-0.550541,1.02035,0.434475,Normal
3,-2.38311,0.913015,0.676411,Warning
20,1.52162,0.837364,0.925539,Critical
9,-0.107496,1.10141,0,Normal
13,-0.36899,0.826874,0.489186,Normal
16,0.871394,0.858667,0.279824,Normal
5,-1.93528,0.822596,0.370222,Normal
0,0.648401,0.368383,0.617192,Warning
4,-0.982732,0.579152,0.453082,Normal
16,-1.1852,0.64879,0.698846,Warning
14,0.433397,0.735608,0.12643,Normal
4,-1.93174,0.512219,1,Critical
13,0.31464,0,0,Normal
3,0.190098,0.597013,0,Normal
6,0.756742,0.128259,0.533384,Normal
22,-2.46783,0.756688,0.292573,Normal
21,2.02668,1.04379,0.731791,Normal
16,0.0100008,1.19655,0.0824566,Normal
16,-0.318326,0.451696,0.304483,Normal
4,-0.178255,0.775771,0.421722,Normal
16,-0.62584,0.590276,0.169763,Normal
6,-0.432913,1.23891,0.567056,Normal
17,0.911197,0.438788,0.448232,Normal
20,0.163782,0.434837,0.0481984,Normal
14,0.443857,1.82269,0.333254,Normal
14,0.272001,0.626559,0,Normal
14,2.67152,0.00379362,0.19345,Warning
7,-0.362718,0.570088,0.550438,Normal
10,0.0868447,1.11955,0.381696,Normal
5,0.626552,0.828374,0,Warning
14,-1.59373,1.08129,0.788483,Warning
14,0.689008,0.433719,0.603144,Warning
6,-3.12908,1.32472,0.678316,Warning
2,-1.38442,0.0140434,0.746698,Warning
23,1.28266,0,1,Critical
17,-3,1.43275,0.648741,Warning
16,-0.652124,0.823714,0.0455597,Normal
5,-0.752141,0.594875,0.247435,Normal
12,0.910546,0.433332,0.153489,Normal
23,1.67858,0.657409,0.808789,Warning
21,-1.26626,1.07778,0.836291,Warning
21,0.0130265,0.0510813,0.166095,Normal
7,0.51771,0.506976,0.208941,Normal
4,2.91303,0.360587,1,Critical
9,2.3054,1.10917,0.778781,Warning
23,1.98565,1.04206,1,Critical
1,-0.197493,1.52684,0.175746,Normal
6,-0.0119734,0.826188,0,Normal
12,-3,0.624334,0.995648,Critical
17,0.235687,0.956092,0.185904,Normal
19,-0.687426,0.284764,0,Normal
12,2.89084,0.545408,0.677385,Warning
22,-2.81868,0.937488,0.630154,Warning
14,0.605057,0.217345,0.159443,Normal
4,-0.0928627,0.220219,0.137158,Normal
7,-2.41175,0.050987,0.911464,Critical
8,0.379604,0.531657,0.577601,Normal
2,2.99753,0,0.0804232,Warning
13,-0.371469,0.22258,0.00737181,Normal
7,2.33857,0.1569,0.679337,Warning
13,0.550229,0.14187,0,Normal
17,-1.05279,0,0.540247,Normal
14,0.47591,0.751587,0.237839,Normal
17,-0.211608,0.498933,0.702406,Normal
10,-3,0.385352,0.850168,Warning
5,-0.54381,0.705928,0.439849,Normal
15,0.0571966,0.0364781,0,Normal
18,0.53865,0.553125,0.0631282,Normal
22,-0.0241514,0.514789,0.281235,Normal
14,-1.93602,0.0961097,0.547061,Normal
0,0.832542,1.14171,0,Normal
1,0.247105,0.466929,0.342533,Normal
14,-1.56878,0.716344,0.854243,Warning
13,-0.14707,0.886465,0.224762,Normal
6,-0.114225,0.856234,0.584647,Normal
18,0.750551,1.23294,0.175203,Normal
4,-0.767664,0.348836,0.488843,Normal
10,0.752284,0.280775,0.347724,Warning
2,2.38879,0.669059,0.654584,Warning
13,-1.03567,0.588698,1,Warning
20,0.948338,0.689534,0.591474,Normal
12,0.0945376,0.377545,0.172944,Normal
13,-3,0.419233,0.829661,Warning
21,1.59221,0.481824,0.783457,Warning
8,-0.244362,0.64576,0,Normal
14,-1.42695,1.06566,0.920093,Critical
16,-0.264996,0.102469,0,Normal
5,0.474372,0.45248,0.0514551,Normal
21,-0.0184588,1.09628,0.259345,Normal
12,-0.330082,1.5042,0.426782,Normal
6,0.44794,0.117626,0,Normal
10,0.234594,0.50814,0,Normal
0,-4.171,0.761253,0.702819,Warning
17,0.803898,0.574454,0.0691522,Normal
9,0.949891,0.4497,0,Normal
15,-0.751382,0.854127,0.140549,Normal
0,-0.158043,0.868519,0.513855,Normal
0,-0.556671,0.35476,0.217836,Normal
4,2.24194,0.14706,0.414731,Normal
21,-0.398646,0.795333,0.491094,Normal
12,2.36288,1.01283,0.661528,Warning
5,0.767434,0.295513,0.260881,Normal
1,-2.03223,1.09788,0.725764,Warning
0,-0.531483,0.865062,0.246034,Normal
16,-1.18708,0.726227,0.701469,Warning
23,2.48717,1.08783,0.878144,Warning
16,2.35197,0.657534,0.520926,Normal
10,0.299722,0.59812,0.416162,Normal
5,-0.668173,0.777959,0.556869,Normal
9,1.24794,0,0.594046,Normal
0,1.73415,0.864704,0.558716,Normal
3,-1.11029,0.059312,0.756398,Warning
17,2.36303,0.978192,0.587893,Normal
15,0.279478,0.608869,0.499191,Normal
4,-0.515711,0.094498,0.366898,Normal
16,-2.91291,0.730843,1,Critical
22,0.430974,1.11269,0.251517,Normal
3,-0.940688,1.11932,0.215499,Normal
6,-0.550149,0.296077,0.244185,Normal
9,2.36559,0.998791,0.409716,Normal
4,0.0698854,0.360403,0.613731,Normal
6,-0.183481,0.533977,0.0783584,Normal
18,0.710881,0.863719,0.233248,Normal
23,-0.119003,0.557285,0.0540919,Normal
9,-0.57053,0.593622,0,Normal
11,0.178646,0.264419,0.454499,Normal
12,2.26278,0.446129,0.557105,Warning
10,2.55467,0.225287,0.846534,Warning
20,-0.689162,1.05716,0,Normal
14,0.167709,1.13768,0.0420395,Normal
18,-0.610665,0.456228,0.118123,Normal
9,2.06409,0.937637,0.972461,Critical
6,-0.771044,0.297716,0.470987,Normal
14,-3,1.05206,0.570608,Normal
1,-0.0377038,0.803614,0.554431,Normal
22,-0.315981,0.175015,0.490344,Normal
14,1.69177,0.296096,0.631855,Warning
13,-2.69773,0.453402,1,Critical
19,-0.9542,0.428657,0.253072,Normal
7,0.33719,0,0,Normal
8,0.164504,0.411165,0.261664,Normal
0,-0.621607,0.638473,0.513062,Normal
2,0.995302,0.874771,0.192767,Normal
11,1.56744,0.734021,0.577067,Normal
1,-0.105346,0.211764,0.154459,Normal
11,0.253527,0,0.279156,Normal
12,0.120197,1.06783,0,Normal
5,-0.214881,0,0.0622691,Normal
19,-0.895617,0.346739,0.13948,Normal
19,2.73424,0.487834,0.634102,Warning
4,0.178231,0.144177,0,Normal
18,3.26219,0.434413,0.623189,Warning
7,-1.77966,0.97303,0.811811,Warning
13,0.501803,0.921505,0.0116972,Normal
20,1.24383,0.588182,0.267926,Normal
0,0.418861,0.37514,0.193157,Normal
0,-0.123937,0.795349,0,Normal
6,0.762846,0.477898,0.538795,Normal
8,1.98681,0.526092,1,Critical
4,0.899941,0.114488,0.562843,Normal
3,-0.371278,0.0777286,0.103929,Normal
3,1.13172,0.693965,0.798479,Warning
15,-2.30051,0.59278,0.621659,Warning
18,-0.266798,0,0.36912,Normal
6,-0.248758,0.0382821,0.112637,Normal
23,-0.30608,0.263312,0.0194484,Normal
7,-3.47487,1.08978,0.886638,Warning
19,2.12925,0.0777621,1,Critical
9,-0.752587,0.337371,0.261375,Normal
15,-1.91111,0.944638,0.455302,Normal
18,0.323048,2.09422,0.390207,Normal
4,-1.34904,1.24236,1,Critical
9,-1.58462,0.604605,1,Critical
21,0.341673,0.23216,0,Normal
9,0.348262,0.292075,0.319418,Normal
12,-0.618254,0.987225,0.308158,Normal
11,0.561256,1.05638,0.0790126,Normal
12,-1.93729,0.99256,0.39362,Normal
19,2.39166,1.20594,0.71539,Warning
13,-2.60718,0.591566,0.829426,Critical
23,1.91073,0.970705,1,Critical
2,1.14799,0,0.938793,Warning
16,-3,0.580759,0.610322,Warning
0,-2.75642,0.633682,0.914673,Critical
5,-0.325732,0.668899,0,Normal
5,0.47391,0.514655,0,Normal
15,0.868457,0.925938,0.23706,Normal
5,-3.22765,0.385797,0.827974,Warning
20,1.21975,0.804188,0.687314,Warning
23,-2.00427,0,0.931721,Critical
20,-0.0297656,0.445877,0.476054,Normal
18,3.25305,0.263939,0.551417,Normal
18,-1.90793,0.712665,0.489537,Normal
23,-1.16766,0.972128,0.83343,Warning
10,0.44942,0.457794,0.305291,Normal
17,-1.44203,0,0.992685,Critical
7,0.673889,0.307764,0,Normal
16,1.10245,1.17487,0.525473,Normal
2,0.287405,0.995552,0.417309,Normal
8,-1.1048,1.15406,0.821964,Warning
17,-0.17525,1.02441,0.179396,Normal
4,-2.7231,0.418444,0.737098,Warning
14,-1.98586,1.02364,0.762612,Warning
20,0.11491,0.963065,0.662308,Normal
18,0.157877,0.0915508,0,Normal
13,-0.118012,0.417134,0,Warning
19,0.589449,0.377955,0.303922,Normal
12,0.403567,0.35787,0.247174,Normal
5,1.76342,0.835909,1,Critical
10,2.7634,0.414278,0.544067,Normal
7,2.29187,0.381908,0.750487,Warning
1,4.32183,1.05051,1,Critical
10,0.11287,0.82927,0.252994,Normal
18,-2.01041,0.690014,0.622826,Normal
16,2.28102,0.890531,0.572115,Normal
6,0.516706,0.409337,0.279126,Normal
2,-0.53882,0.324822,0.0277729,Normal
12,2.9251,0.536467,0.724553,Warning
17,-0.102738,0.612928,0,Normal
14,0.165222,0.154944,0.25757,Normal
22,0.753793,0.783048,0.305742,Normal
4,-0.403868,1.3233,0.406003,Normal
8,-0.316446,1.56418,0.430906,Normal
6,-0.736337,0.983804,0.275047,Normal
16,-0.029797,1.00072,0.0723354,Normal
21,-1.73612,0.523318,0.679246,Warning
18,-3,0.698465,0.976114,Critical
1,-0.989614,1.14035,0.108335,Normal
3,-0.962098,0.385495,0.0852102,Normal
9,-1.74152,0.46159,0.805574,Warning
10,0.0386353,0.619666,0.291687,Normal
15,-2.3729,0.740116,0.183373,Normal
6,-1.342,1.05279,1,Critical
20,0.0762211,0.837157,0.316283,Warning
15,-1.32589,0.560796,0.376229,Normal
4,-0.306469,0,0,Normal
12,-2.40309,0.730882,0.90068,Critical
8,-1.94889,1.03076,0.684363,Warning
0,-2.13752,1.24419,0.599902,Normal
13,-0.0150078,0.644039,0,Normal
0,-3.70086,0.985656,0.861725,Warning
21,-2.26007,0.586247,0.625117,Warning
21,-1.59446,0.392564,0.990857,Critical
5,-4.10082,0.647793,0.513226,Normal
0,1.25614,1.29836,0.83827,Warning
7,0.850868,1.18365,0.016735,Normal
0,-0.652286,0.560045,0.183548,Normal
1,-2.751,0.6777,0.669029,Warning
8,-1.39361,0.585279,0.864417,Warning
5,-0.289235,0,0.224508,Normal
8,0.290387,0.956974,0.39651,Normal
17,-0.434851,0.586569,0,Normal
10,2.1005,0,0.439648,Warning
1,3.29193,0.720203,0.345759,Normal
4,-0.827433,1.25233,0.504879,Normal
4,2.18832,1.07907,1,Critical
7,-0.0641722,0.141155,0.313631,Normal
13,-1.94118,0.795508,0.882121,Warning
1,2.97363,0.409432,1,Critical
9,-0.7231,0.434708,0.337999,Normal
11,-0.267622,0.665532,0.169369,Normal
19,0.810961,0.283226,0.351581,Normal
16,0.208869,0.959129,0.0818409,Normal
15,0.3623,0.278949,0.396383,Normal
17,3.58159,0.202275,0.844992,Warning
11,1.2338,0,0.678864,Warning
17,1.46082,0.263037,0.75648,Warning
10,-0.0611163,1.11432,0.27184,Normal
21,1.50489,0.337196,1,Critical
4,1.49874,0.392432,1,Critical
16,-0.391297,0.894136,0,Normal
0,1.0001,0.144914,0.352886,Normal
4,-0.873108,0.285078,0.424878,Normal
12,0.718293,0,0.39562,Normal
12,-0.114842,0.589786,0.00608655,Normal
20,-0.46062,0.501365,0.401351,Normal
2,-0.128768,0.63874,0.473133,Normal
6,1.13507,0,0.726259,Warning
7,-2.25355,0.401717,1,Critical
13,-1.18305,0.328243,0.471486,Warning
6,0.35083,0.0092012,0.277595,Normal
17,0.000105869,0.764448,0.114727,Normal
16,1.70436,1.12651,0.523511,Normal
14,2.63062,0.917248,0.848369,Warning
0,-0.61888,0.715386,0,Normal
7,-1.35582,0.985326,1,Critical
2,2.368,0.211805,1,Critical
11,-1.6422,0.651563,0.974836,Critical
0,-0.773358,0.95769,0.23942,Normal
22,-3,0.799527,0.952203,Critical
20,2.13907,1.05903,0.766822,Warning
21,-1.24684,1.34257,0.96896,Critical
6,0.612976,0.790501,0,Normal
18,-0.856036,0.649299,0.404403,Normal
17,0.295432,0.958386,0,Normal
14,0.52161,0.23206,0.441289,Normal
22,-2.69458,1.17719,0.576457,Normal
8,-1.6078,0.674,1,Critical
22,-0.112672,0.988581,0.33664,Normal
19,0.0793664,1.1141,0.278238,Normal
17,-2.10127,0.896384,0.458829,Normal
11,3.34479,0,0.886279,Warning
0,-1.77724,0.408989,0.566768,Normal
5,-2.75337,0.668584,0.464714,Warning
14,-0.646361,1.4696,0.213441,Normal
10,0.211458,0.360406,0.553526,Normal
4,0.728318,0.365823,0.633105,Warning
22,1.41398,0,0.469984,Normal
9,-2.03817,0.847395,0.880846,Warning
16,0.193704,0.766806,0,Normal
11,-0.104552,0.467741,0.17211,Normal
13,-2.71284,0.361399,0.80885,Warning
19,-0.224561,0.306763,0.0930007,Warning
5,0.212646,0.327484,0.131292,Normal
17,-1.34526,0.37743,0.470556,Normal
23,0.106666,0.284181,0.194726,Normal
10,-3,0.407378,0.683865,Warning
5,-4.60778,0.58023,1,Critical
11,-0.305287,0.0948217,0,Normal
4,-0.972791,0.58922,0.237612,Normal
13,-2.10862,0.437402,0.785078,Warning
7,-0.427792,1.08024,0.250009,Warning
23,-1.20508,1.25384,1,Critical
17,3.19621,0.636905,0.509583,Normal
12,1.75709,1.82984,0.835802,Warning
4,-3.29298,0.388816,0.964239,Critical
8,2.29196,0.19837,0.592443,Normal
7,-0.0308671,0.733416,0.152041,Normal
0,0.728926,1.26336,0.920649,Warning
4,0.968973,0.196992,0.487051,Normal
18,-1.74278,0.65509,0.765979,Warning
13,0.148797,0.715001,0.139475,Normal
15,-0.567238,0.463327,0.117762,Normal
4,2.15268,0.720346,0.715628,Warning
22,0.0741612,0.598299,0.0210741,Normal
1,-1.87807,1.03237,1,Critical
14,1.1554,1.19808,0.805335,Warning
2,1.53189,1.54499,0.739482,Warning
4,0.948998,0.405126,0.165104,Normal
12,-0.447318,0.570772,0,Normal
8,-0.436845,0.804309,0.157989,Normal
17,0.430391,0.115851,0,Normal
8,0.196548,0.425532,0.470263,Normal
22,-0.210535,1.37749,0.118702,Normal
10,-1.51201,0.620122,0.926521,Critical
7,0.181799,1.38143,0.165882,Normal
0,-0.357655,1.01563,0.147908,Normal
19,1.44433,0.146496,1,Critical
11,-0.167024,1.14943,0.0583372,Normal
2,-0.134616,0.608721,0,Normal
8,0.14256,0.928105,0.0432133,Normal
12,-2.56258,1.63104,1,Critical
15,3.2937,0.963151,1,Critical
21,0.01365,0.626657,0,Normal
1,0.510707,0.778235,0,Normal
5,2.18745,1.05225,0.626214,Warning
11,-0.537022,0,0.473703,Normal
0,0.539415,0.33944,0,Normal
12,-2.6727,0.683623,0.416871,Warning
6,-2.32503,1.32002,0.933043,Critical
20,-0.672581,0.385049,0.155149,Normal
5,1.75507,0.790976,0.910023,Critical
9,0.57613,0.886337,0,Normal
9,2.52796,1.47985,0.106448,Normal
21,0.651018,0.637043,0.01002,Warning
21,-0.994486,0.266822,0.567388,Normal
8,-0.342197,0.849715,0.0514195,Normal
22,-3,1.56403,1,Critical
9,0.34672,0,0.169251,Normal
15,-0.205951,0.541745,0.421802,Normal
9,-0.396172,0.0689518,0,Normal
13,0.3654,0,0.372008,Normal
5,-0.369096,1.3301,0.21563,Normal
11,-0.84208,0,0.0205374,Normal
11,1.19616,0.445855,0.70839,Warning
3,-0.621409,0,0,Normal
6,0.343743,0.423349,0.270492,Normal
14,-0.69566,1.11612,0.27709,Normal
11,1.03527,1.24519,0.352415,Normal
18,1.1933,0.431987,0.796075,Warning
22,0.41326,1.42158,0.110857,Normal
2,-2.79158,1.21888,0.458115,Warning
11,0.617517,0.572861,0.266938,Warning
8,0.96248,0.478735,0,Normal
0,-1.22237,0,0.612881,Warning
7,-1.83821,0.374679,0.963606,Critical
11,-1.98382,0.608565,0.664526,Warning
6,-3.24163,0.728874,0.676461,Critical
3,-2.96693,0.289283,0.969762,Critical
22,2.85509,0.378618,0.502459,Normal
19,1.74985,0.282427,0.421337,Normal
5,-0.868233,0.515531,0.377069,Normal
2,-1.06686,0.54797,1,Warning
14,-0.66795,0.308333,0.024876,Normal
13,0.152103,0.126212,0.0641471,Normal
5,2.24285,0.555675,0.314054,Normal
10,0.811461,1.0251,0.217559,Normal
18,0.879717,0.846277,0,Normal
21,1.78839,1.16376,0.572599,Normal
5,1.57056,0.499239,0.545088,Normal
0,3.12395,1.08673,0.780536,Warning
19,-0.472464,0.959187,0.206093,Normal
17,0.942032,0.812973,0.359779,Normal
4,-0.024243,1.14425,0.421332,Normal
22,0.945732,1.42832,0.284503,Warning
16,-0.549202,0.215195,0.140657,Normal
22,-0.111209,0.87411,0,Normal
16,2.97313,0.741505,0.802658,Warning
12,1.25346,1.27786,0.814363,Warning
20,-2.45037,0.744022,0.706653,Warning
0,-0.266215,1.15733,0.230263,Normal
16,-0.216496,0.951501,0.441183,Normal
18,2.61092,0.703785,0.16481,Normal
8,3.57153,0.410308,0.851957,Warning
5,-2.14806,0.9328,0.56682,Normal
12,-0.361797,0.845567,0.183164,Normal
4,2.47641,0,0.430396,Normal
6,-0.596984,0.719854,0,Normal
7,-1.45098,0.595329,0.619651,Warning
6,-2.29667,1.02291,0.404531,Normal
13,-0.823677,0.32724,0.23671,Normal
15,-0.75021,0.763184,0.318171,Normal
6,-0.029996,0.208777,0,Normal
10,-1.3984,0.264303,1,Critical
19,-0.538945,0.423258,0.225479,Normal
12,-1.43712,0.966588,0.906068,Critical
1,0.419478,0,0.081943,Normal
15,1.4806,0,0.759265,Normal
16,-3,0.0100321,1,Critical
19,-3,0.209916,0.418849,Normal
22,-0.539388,0.404595,0.170952,Normal
4,2.66339,0.232503,0.740626,Warning
21,3.65116,0.357368,0.338484,Normal
20,-0.237882,1.16856,0.321175,Normal
11,-0.543527,0.220272,0.559258,Normal
15,0.731307,0.595048,0.291142,Normal
21,-0.992101,0.663631,0.277695,Normal
14,0.610271,1.26728,0.743799,Warning
2,-0.113843,0.813511,0,Normal
3,-2.9999,0.423835,0.618508,Warning
9,0.978566,0.332296,0.242541,Normal
6,-0.925045,0.296355,0,Normal
2,-2.51197,0,0.655296,Warning
13,0.029041,0.866291,0.203161,Normal
3,3.64187,0.439102,0.956068,Critical
19,0.884584,0.407476,0.078003,Normal
1,0.321621,0.32033,0.0753757,Normal
16,0.649274,0.341171,0.406704,Normal
10,1.17971,0.961693,0.433913,Normal
14,4.01038,0.772943,0.845571,Warning
7,0.334021,1.17093,0.309198,Normal
4,1.82136,0.262229,0.684282,Warning
11,0.328024,0.51082,0.239459,Normal
12,3.6511,0.361258,0.806394,Warning
14,3.15678,0.434765,0.797262,Warning
18,-0.194983,0,0.102533,Normal
3,-3.60386,0.317762,1,Critical
0,-2.57515,1.12724,0.0940221,Normal
16,0.157545,0.36844,0.1146,Normal
23,-0.543143,0.095535,0.248536,Normal
11,-0.397886,1.31295,0.575776,Normal
4,-0.163681,0.655899,0.484064,Normal
1,3.32284,1.28987,0.449514,Warning
9,0.704403,0.502242,0.425713,Normal
9,1.23771,0.05342,0.299507,Normal
19,2.47348,0.967502,1,Critical
6,0.594716,0,0.404321,Normal
13,-1.42411,0.254576,0.490673,Normal
16,-2.04695,0.956647,0.655739,Warning
18,0.0648598,0.477358,0.641346,Normal
6,-2.30247,0.569451,0.69604,Normal
18,-2.74673,0.496315,0.559427,Normal
17,-0.0744356,0.748522,0.0642673,Normal
11,-3,0.82498,0.859687,Warning
18,-0.0100419,1.10092,0.263521,Normal
19,0.384325,1.08224,0.239361,Normal
4,0.981582,0.716776,0.206957,Normal
3,-0.0453067,0.436905,0,Normal
5,0.284897,0.594106,0.273896,Normal
13,-1.23003,0.852118,0.486479,Normal
3,-2.62576,0.657711,0.743133,Warning
6,-0.392159,0.150387,0.340196,Normal
7,2.88684,0.67396,0.7258,Warning
6,-2.14841,0.850038,0.487124,Normal
11,2.28698,0.532575,1,Critical
21,0.648018,0.415253,0.0560297,Normal
14,-1.19189,0.965987,0.822512,Warning
21,1.7743,0.887469,1,Critical
6,-0.726004,0.442276,0,Normal
11,0.531128,1.33587,0.357806,Normal
13,0.390482,0.666094,0.238888,Normal
13,-1.42452,0.482852,0.472564,Warning
0,-0.541915,0.445702,0.561614,Normal
18,2.52456,0.740972,0.984514,Critical
15,-1.10527,0.650846,0.529055,Normal
12,0.991506,1.06456,0.317281,Normal
15,0.179193,1.22665,0,Normal
12,2.18387,0.94057,0.490892,Normal
23,1.16452,0.646676,0.820294,Warning
7,2.59473,0.657728,0.618255,Warning
7,-1.30412,0.0572708,0.619248,Critical
20,0.420986,1.24376,0.21115,Normal
17,-3,0.584805,0.486028,Normal
5,3.69052,0.473046,0.556063,Normal
5,-0.0778298,0.73078,0.247076,Normal
4,0.736842,0.72809,0.320947,Normal
19,0.718461,0.627415,0.367891,Normal
16,0.436205,0.467965,0.733722,Warning
6,-0.287687,0.761816,0.145346,Normal
0,-0.0417996,0,0.213209,Normal
2,0.622886,0.355982,0.216078,Normal
21,-2.82536,0.860373,0.882898,Warning
8,2.55252,0.709426,0.400525,Normal
20,0.418624,0.288615,0.157325,Normal
0,0.0410876,0.510511,0.231159,Normal
1,-0.248014,0.779244,0.41588,Normal
6,0.448107,0.263603,0,Normal
6,2.48967,1.91127,1,Critical
8,0.0919261,0.715675,0,Normal
4,-2.21038,0.0726562,0.414713,Normal
16,0.46951,0.358091,0.145249,Warning
12,0.336129,1.1859,0.279041,Normal
16,-0.356596,0.516974,0.787425,Normal
16,0.964621,0.712809,0.102907,Normal
14,-2.46048,0.251224,0.613047,Warning
18,-0.819184,0,0.310011,Normal
19,-0.536707,0.48172,0,Normal
5,-1.04593,0,1,Warning
0,-0.460085,0.201275,0.368973,Normal
22,-0.131031,0.80803,0.418817,Normal
11,2.0198,0.527692,0.568542,Normal
17,0.00160094,0.565788,0.240929,Normal
7,2.74923,0.117161,0.659686,Warning
4,-0.32387,0.408567,0.420387,Normal
23,2.88302,0.593365,0.593914,Normal
21,-1.16303,1.13067,1,Warning
17,-0.622098,1.17715,0.531269,Normal
2,1.01194,0.703662,0.382123,Normal
20,-0.084461,1.2453,0,Normal
13,-2.12045,1.2256,0.579243,Normal
17,1.33764,0.464182,0.729181,Warning
15,0.939854,0.0808202,0.183767,Normal
23,1.06397,0.783213,0.754402,Warning
13,0.902268,0.579007,0.161289,Normal
16,-0.984905,0.652262,0,Normal
11,-2.10948,0.55575,0.199974,Normal
16,1.41122,0.352627,0.966484,Critical
1,1.47944,1.04816,0.760976,Warning
17,1.17499,1.02884,0.717177,Warning
8,1.06727,1.33385,0.646064,Warning
3,-3.95425,0.688436,0.970384,Critical
7,0.226617,0.877388,0.152875,Normal
10,0.439703,0.401471,0.161987,Normal
20,0.334556,0.573356,0.348856,Normal
20,-0.749201,0.591669,0.536749,Warning
0,-0.771381,1.22745,0.579812,Normal
20,-2.18438,1.09033,0.321301,Normal
16,0.0390192,0.407637,0.0642434,Normal
8,2.45312,0.730745,0.375392,Normal
2,0.757145,0.769324,0.160456,Normal
8,-0.817475,0.183273,0.229585,Normal
13,2.53781,0,0.482421,Normal
4,2.25312,0.711206,0.604484,Warning
6,-1.03835,0.601053,0.787498,Warning
0,1.01082,0.920617,0.96011,Warning
21,-0.891257,1.03793,0.226547,Normal
12,-2.21884,0.375709,0.757902,Warning
11,1.73983,1.45401,0.640669,Warning
17,0.0271443,0,0.0930667,Normal
4,1.22964,0.59748,0.890842,Warning
5,-1.27216,1.13431,1,Critical
19,-1.40282,0,0.971377,Critical
0,3.72315,0.884665,0.4005,Normal
23,-0.163405,0.403715,0,Normal
5,0.854446,0.473501,0.276396,Normal
1,-1.09798,0.924365,0.631796,Warning
0,2.05306,0.383063,0.452139,Normal
15,0.291396,0.39267,0,Normal
20,-3,0.885757,0.789797,Warning
6,0.805294,0.957235,0.418262,Normal
0,-1.81262,1.21277,1,Critical
21,0.0465699,0.451534,0.56247,Normal
9,2.59327,1.09102,1,Critical
21,0.585835,0.623976,0.289047,Normal
22,-0.630599,0.295111,0.240112,Normal
6,-0.209574,0.355874,0.287386,Normal
23,2.61423,1.07544,0.760726,Warning
13,1.42008,0.458047,0.743269,Warning
6,-1.99573,0.471966,0.717141,Warning
22,0.516898,0.389098,0.251823,Normal
9,-1.01163,0.447021,0.463512,Normal
4,-2.0539,0.328453,0.805569,Warning
7,2.45895,0.806426,0.605773,Warning
0,-1.00997,0.799488,0.866647,Warning
14,1.8293,0.424159,1,Critical
19,-0.76938,0.223719,0.399764,Normal
10,2.8343,0.840956,1,Critical
14,-1.54711,0.501301,0.773563,Warning
1,0.959938,0.508596,0.203347,Normal
18,1.92417,0.309935,1,Critical
5,0.128361,0.946597,0,Normal
13,0.702708,0.374632,0.151465,Normal
14,-2.37744,0.435446,0.38666,Normal
12,0.0215782,0.112328,0.312747,Normal
15,-0.170989,0.359271,0.150651,Normal
16,3.44915,0.24318,0.996233,Critical
7,-0.331501,0.844622,0,Normal
4,3.14484,0.846172,0.610637,Warning
20,1.58591,0.258773,0.644196,Warning
4,0.0550571,1.03155,0.719853,Normal
23,-0.580481,0,0,Normal
16,1.77143,0.150078,0.592038,Normal
1,-0.400267,0.188833,0.614335,Warning
9,-2.4643,0.259566,0.782351,Warning
5,-0.518262,0.632237,0.132314,Normal
3,0.165141,1.31709,0.262926,Normal
12,-0.341252,1.33007,0.367903,Normal
12,-0.463874,0.188877,0.510093,Normal
17,2.78825,0.675083,0.659037,Warning
12,-0.471285,0.0870357,0,Normal
6,-4,0.177249,0.346581,Normal
16,0.701953,0.698885,0.282656,Normal
20,2.48404,0.909856,1,Critical
7,0.445718,0.231226,0.311845,Normal
19,-0.0541639,0.797246,0.367376,Normal
15,3.5934,0.613332,0.972777,Critical
21,0.799144,0.556677,0.303344,Normal
4,1.61316,0.141342,0.343918,Normal
19,2.65207,0.130887,0.752463,Warning
18,-1.96653,0,0.730885,Warning
3,0.933983,0.117029,0.442995,Warning
6,-0.856912,0.432124,0.304116,Normal
6,-0.349035,0.368178,0,Normal
10,0.591348,0.210212,0,Normal
9,1.88836,0.317542,0.380895,Normal
10,0.720517,1.06943,0.487419,Normal
8,0.282993,0.890423,0,Warning
21,0.85777,0.714621,0.248019,Normal
0,1.85587,0.798667,0.80331,Warning
15,-2.56247,0.881152,0.98528,Critical
21,-0.388279,0.62765,0.822923,Normal
13,-0.301064,0.485436,0.162557,Normal
14,-2.19293,0.487128,0.921556,Critical
14,0.234118,0.0807573,0.306793,Normal
17,0.367863,0.421807,0,Normal
18,-0.946128,0.347757,0.387535,Normal
12,0.482693,0.493317,0.330045,Normal
8,1.1762,0,0.601069,Warning
17,0.70493,0.65026,0.69926,Warning
9,2.58824,0,0.895694,Warning
2,0.697001,0.567666,0.405853,Normal
20,0.523624,0.729159,0.245795,Normal
3,-0.375055,0.70011,0.0221278,Normal
17,-0.0264309,0.519675,0.153348,Normal
23,0.161526,0.778035,0.626491,Normal
1,-1.91932,1.02144,0.656032,Warning
4,0.082296,0.288053,0.289319,Normal
1,2.90322,0.0382481,1,Critical
21,3.09119,0.486978,0.928331,Critical
1,-2.63462,0.292449,0.882173,Warning
0,-2.27216,0.883151,0.604364,Warning
15,-0.513716,0.775413,0,Normal
6,-2.88628,0.436692,0.984211,Critical
7,-0.347218,0.833717,0,Normal
19,-0.0203476,0.236873,0.312507,Normal
9,3.61173,0.463391,0.826939,Warning
20,-0.879401,0.909591,0,Normal
15,-1.13654,1.65229,0.621969,Warning
3,-0.160015,0.78618,0.129688,Normal
18,0.248829,0.920991,0.398314,Normal
19,1.02873,0.995739,0.777085,Warning
9,-0.488207,1.02937,0.278486,Warning
18,-0.156416,0.491796,0.26787,Normal
2,1.3246,1.1924,1,Critical
14,-0.277787,0.564218,0.291249,Normal
16,1.69283,0.81536,0.620884,Warning
8,-0.272517,0.3286,0.280998,Normal
18,-2.16575,0.632067,0.732932,Warning
7,-1.13271,0.677901,0.817091,Warning
21,-0.64775,0.454766,0,Normal
4,-0.339013,0.900837,0,Normal
6,-0.380046,0.640703,0.325374,Normal
22,-0.40372,0.516632,0.971074,Warning
18,0.666183,0.0402819,0,Normal
16,-0.392641,0,0,Normal
11,0.142749,0.622965,0,Normal
18,-1.29708,0.69773,1,Critical
10,0.204144,0.78415,0.307372,Normal
3,0.113824,0.983709,0.536924,Normal
15,0.195029,0.75378,0.19177,Normal
4,-1.2345,0.34181,0.728837,Warning
5,-2.49781,0.900558,1,Critical
5,1.18918,1.63625,1,Warning
14,-0.239742,1.07687,0.264739,Normal
12,-2.77451,0,0.346846,Normal
6,0.955725,0.467415,0.312851,Normal
16,1.62873,0.438039,0.602129,Warning
15,1.89335,0.465446,0.515928,Normal
16,-0.698173,0.338124,0.323108,Normal
8,1.09107,0.392691,0.771313,Warning
16,2.39796,1.07394,0.350744,Normal
1,3.59045,0.972586,0.836588,Warning
7,2.98661,0.7544,0.669904,Warning
1,-0.293413,0,0.581087,Normal
13,-1.1693,0.879178,0.541294,Normal
15,0.863219,0,0,Normal
20,-2.66856,0.540264,0.490587,Normal
7,0.399515,1.3204,0.0296344,Normal
11,-0.668233,1.2329,0.460474,Normal
19,0.453501,0.317807,0.171741,Normal
0,2.76063,0.687161,0.842949,Warning
3,-0.310999,0.117055,0.142846,Normal
6,1.82815,1.09273,0.6076,Warning
17,-0.345702,0.208111,0.214485,Normal
17,-1.27354,0.779729,0.469335,Normal
8,-3.69421,1.03985,0.789172,Normal
19,2.42952,0,0.643951,Warning
6,0.929584,0.265987,0,Normal
23,1.44255,0.66275,0.825696,Warning
8,0.441505,0,0.12786,Normal
15,-0.20875,0.929125,0.103962,Normal
8,-0.117399,1.24098,0,Normal
5,0.964206,0.487695,0.300876,Normal
6,-0.615629,0,0.752959,Warning
5,0.0114153,0.761227,0.256492,Normal
23,0.885096,1.14396,0.117823,Normal
23,-2.72318,0.0054783,0.955993,Critical
12,-3,0,0.650103,Warning
12,1.19756,0,0.93441,Warning
1,-0.0368033,0.826307,0.130746,Normal
17,0.324653,0.49563,0.481824,Normal
11,0.140321,0,0.624734,Normal
10,-0.511262,0.352321,0,Normal
0,-2.0688,0.827561,0.616594,Warning
17,-1.377,0.42105,0.656159,Warning
7,-0.769238,0.390222,0.181523,Normal
15,1.26061,0,0.358435,Normal
9,3.71704,1.09734,0.564729,Normal
8,0.968908,0.0512543,0.434018,Normal
3,-1.1323,0.447283,0.724026,Warning
12,-0.20156,0.95111,0.605626,Normal
5,0.973241,0.259866,0.521818,Normal
12,-3,2.14516,0.993917,Critical
12,2.64408,0.684508,0.910922,Critical
1,0.613755,0,0.0966883,Normal
18,-2.3839,0.182347,0.606989,Warning
15,-0.492359,0.318469,0.597164,Normal
19,0.336747,0.550932,0.578768,Normal
19,-0.296697,1.24205,0.53365,Normal
0,0.651555,0.675421,0,Normal
12,0.192415,1.16773,0,Normal
3,-0.190592,0.592734,0.603055,Normal
16,0.653108,1.09624,0.160041,Normal
6,2.40713,0.404289,0.631461,Warning
22,1.53363,0.466425,0.635888,Warning
12,1.59378,1.04863,1,Critical
22,0.534033,0.961302,0.25136,Normal
2,-0.682446,0.68317,0.0851863,Warning
3,-0.117845,0.821108,0.502747,Normal
14,-3,0.319686,0.693916,Warning
18,-2.38379,0.796498,1,Critical
22,-1.22452,0.346357,0.895039,Warning
15,0.238474,0.662605,0.496841,Normal
11,-0.697116,0.588575,0.435472,Normal
11,1.31409,0.895337,0.956625,Critical
9,-0.841739,0.0938419,0.182936,Normal
5,2.21745,0.61523,0.580241,Normal
6,2.21498,0.126464,0.116975,Normal
12,-0.680569,0.153952,0,Normal
21,-0.00567904,0.378314,0.283707,Normal
8,0.289448,0.15735,0.28469,Normal
8,0.62636,1.16317,0.223738,Normal
0,-1.25285,0.578912,0.903678,Critical
2,1.49547,0.388937,1,Critical
3,-0.818149,1.17628,0.508256,Normal
14,-0.99679,0.768722,0.011144,Normal
9,0.0435107,0.8701,0.279063,Normal
21,0.915253,0.531685,0.184293,Normal
6,0.705491,0.212038,0.258988,Normal
0,-0.080024,0.587994,0.322794,Normal
20,-1.91573,0.458555,0.744774,Warning
2,1.20995,1.335,0.578297,Normal
20,1.2831,0.45118,0.666431,Warning
0,-2.73304,0.81085,0.705477,Warning
15,0.636073,0.910127,0.0516818,Normal
7,-0.298404,1.09603,0.138686,Normal
5,0.677477,0.382159,0,Normal
4,-0.950338,0.206325,0,Normal
16,-0.719897,1.51153,0.0666041,Normal
9,-0.712223,0.487325,0.455394,Normal
9,-0.231768,0,0.529263,Normal
8,-1.31419,0.162736,0.593493,Normal
14,-2.27889,0.252921,0.590939,Normal
12,0.400905,0.0890224,0.461349,Normal
19,0.500556,0.650223,0.128218,Normal
22,1.86129,0.737499,0.863638,Warning
21,-1.94305,0.898674,1,Critical
5,-0.627896,0.173912,0.605213,Warning
3,-0.674466,0.822366,0,Normal
3,-0.205349,0.622367,0.219826,Normal
9,0.761599,0.675927,0.491629,Normal
6,0.732814,0.777946,0.244669,Normal
14,2.80786,0.608974,0.397477,Normal
19,0.34725,0.475272,0.96622,Normal
14,-1.21862,1.06429,0.810428,Warning
2,0.823316,0.99341,0.29674,Normal
20,-1.84692,0,0.637678,Normal
21,-0.370092,0.676385,0.416174,Normal
9,-1.9156,0.840535,0.53443,Normal
21,1.70401,0.0117782,0.47578,Normal
15,1.85521,0.675669,0.564743,Normal
1,2.27507,0.215398,0.516108,Normal
9,-0.616561,0.146195,0.368984,Normal
21,0.713063,0.812776,0.396641,Normal
16,0.983098,0.791966,0,Normal
20,1.15488,0.769084,0.895418,Warning
21,2.56436,1.3623,0.826369,Warning
3,-4.2741,0.972214,0.957668,Critical
17,0.618646,1.15738,0.419802,Normal
11,-0.28395,1.09393,0.0695096,Normal
8,-2.47683,0,0.809474,Warning
8,0.180782,0.197009,0.103655,Normal
2,0.524524,0.263908,0.291445,Normal
21,1.13212,0.508016,0.786851,Warning
8,-0.223911,0.716155,0.178321,Normal
13,0.452935,0.276465,0.657624,Warning
11,-0.234016,0.5364,0.471548,Normal
7,0.408197,0,0,Normal
0,-0.990921,0.812623,0.177896,Normal
14,-0.774407,0.594274,0.251541,Normal
23,-3,0.538158,0.799638,Warning
12,-2.11035,0.646932,0.998178,Warning
11,1.77049,1.38746,0.549425,Normal
22,0.453155,0.696653,0,Warning
3,0.185177,0.933271,0.0303439,Normal
11,-0.427581,0.34594,0.770804,Warning
12,2.3385,0.990396,0.751917,Warning
7,-4,0,0.762294,Warning
23,-0.26277,0.872935,0.260774,Normal
19,2.30088,0.980937,0.725047,Warning
23,2.5322,0.168979,1,Critical
1,2.56473,0.675997,0.95521,Critical
18,-0.334323,0.281529,0,Normal
5,0.834265,0.792906,0,Normal
0,1.85255,0.637407,0.85153,Warning
17,3.20702,1.32065,1,Critical
10,-0.517136,1.02559,0.370254,Normal
8,-2.09731,0,1,Critical
12,1.23869,0.890667,0.493827,Normal
8,-3.152,0.238399,0.343451,Normal
3,1.89242,1.61854,0.899045,Warning
13,0.903041,0.99175,0.127811,Warning
20,2.4916,0.797858,0.594506,Normal
17,-1.44454,1.25284,0.841665,Warning
12,-1.82858,0.672336,0.402689,Normal
10,0.211643,0.501751,0,Normal
9,0.992242,0.779361,0.198092,Warning
0,-0.0161393,0.971405,0.649491,Normal
10,3.3683,0.206516,0.724842,Warning
16,1.56283,0.502347,0.348509,Normal
8,-2.82316,0.863217,1,Critical
13,-0.833877,0.930854,0.291847,Normal
22,-0.748962,0.85076,0.0090555,Normal
5,2.60342,0.906442,1,Critical
12,-0.964202,0.797733,0.40584,Normal
9,-1.4135,0.981212,0.950713,Critical
2,-0.512953,1.2032,0.547159,Normal
21,0.390268,0.430237,0.0606855,Normal
14,-0.356153,0.590492,0.129623,Normal
15,3.01328,0.49961,0.622752,Warning
16,3.23263,0.78837,0.51018,Normal
16,-0.0205019,0.894156,0,Normal
15,-0.100623,0.429883,0.0999153,Normal
23,-1.71326,0.854217,0.729372,Warning
2,-0.89937,0.547441,0,Normal
11,0.131727,1.17922,0.595102,Normal
1,0.637872,0.49016,0.419233,Normal
7,-0.552507,0.515642,0.475126,Normal
1,-1.11725,0.761659,0.874398,Warning
23,-3,0.505065,0.919069,Critical
15,2.25412,0,0.505081,Normal
4,1.39895,0.795384,0.526406,Normal
8,0.518909,0.215208,0.639623,Warning
7,-1.14642,0.902833,0.29063,Normal
3,1.40207,0,1,Critical
20,0.56334,0,0.517278,Normal
17,-1.3418,0,0.780395,Warning
14,2.19793,0.641139,1,Critical
3,-2.1698,0,1,Critical
2,0.0747068,0.876263,0.691127,Normal
11,0.458138,1.37152,0.136465,Normal
23,0.36046,0.344171,0.0315188,Normal
19,-3,0.972944,0.450589,Normal
14,0.0922763,0.64914,0.541087,Normal
3,-1.78443,0.0322707,0.582768,Normal
5,0.349841,1.05285,0.607571,Normal
5,0.96602,0,0.0906187,Normal
22,-1.08068,1.20242,0.910702,Warning
4,-2.62829,0.573838,1,Critical
5,-1.11786,1.36142,1,Warning
8,3.66622,0.243527,0.292384,Normal
23,3.42055,0.841069,0.480274,Normal
11,0.416234,0.787434,0.0166017,Normal
4,-2.04095,0.437737,0.928817,Critical
21,-0.0176469,0.777717,0.372146,Normal
23,1.38056,0.538394,0.73874,Warning
1,-0.978993,0.835526,0.271969,Normal
20,0.840859,0.720368,0.120048,Normal
1,-0.679533,0,0.389618,Normal
17,4.10655,0.316812,1,Critical
10,-1.94953,0.870949,0.622285,Warning
19,-0.0435404,0.152806,0.29054,Normal
1,-0.0860433,1.33097,0.77762,Normal
19,-0.00986364,1.02205,0.186007,Normal
6,-4,1.03527,1,Warning
4,-3.90237,0.41483,0.834203,Warning
13,-1.53003,0.605867,0.535274,Normal
18,-1.06759,0.735066,0.710671,Warning
3,-0.633825,0.185366,0.54922,Normal
12,-1.22178,1.01329,0.766988,Warning
10,1.9044,0.466214,0.456022,Normal
2,-0.724565,0.511078,0.527565,Normal
10,0.783926,0.0317305,0.150205,Normal
10,-0.800989,0.525481,0.391172,Normal
19,-1.15701,0.487253,1,Warning
3,0.390091,0.609885,0,Normal
15,-2.51324,0.326519,0,Normal
23,0.159563,0.00797513,0.497216,Normal
4,-0.141775,0.230437,0.300607,Normal
19,0.590431,0,0.373448,Normal
3,0.722293,0.332192,0.558453,Normal
23,-0.60389,0.664822,0,Normal
7,-0.424654,0.76563,0.197439,Normal
15,0.134679,0,0.112195,Normal
6,1.61482,0.828521,0.766125,Warning
7,-1.53507,0.43698,1,Critical
16,3.23483,0.304404,0.357948,Normal
21,0.341013,1.15813,0.45365,Normal
18,-0.815528,0.240952,0.397477,Normal
11,-1.33318,0.449018,0.847939,Warning
6,0.929095,0.905446,0,Normal
9,-3,0.257741,1,Critical
11,-1.01829,0.124444,0.530121,Normal
14,-0.803488,0.405203,0.253314,Normal
12,-0.359204,0.138772,0.17775,Normal
21,0.630196,1.18991,0.368513,Normal
1,0.108102,0.487119,0.00602527,Normal
11,-0.308608,0.672748,0.430788,Normal
5,1.99949,0.929147,0.67649,Warning
9,-0.193584,0.859123,0.00793772,Warning
5,-2.29511,0.374298,0.639224,Warning
16,0.148527,0.644969,0.253329,Normal
9,-1.50853,0.887969,0.768535,Warning
1,-0.31794,0.874298,0.384874,Normal
7,0.848179,0.718751,0.2224,Normal
20,-3,0.69405,0.638896,Warning
13,0.188951,0.742537,0.545916,Normal
15,-0.643559,0,0,Normal
19,-1.37402,0.357171,0.84653,Warning
17,0.0785587,0.795791,0.724469,Normal
8,-0.650815,0.558961,0.637697,Warning
21,-2.50648,0,1,Critical
3,0.513671,0.413077,0.441844,Warning
1,1.11635,0.348845,0.96508,Warning
16,-0.0261842,0,0.144067,Normal
0,-0.800415,0.77843,0.393721,Normal
12,0.825889,1.16691,0.128338,Normal
19,-2.6901,0.932912,1,Critical
5,-3.40079,0.544175,0.824366,Warning
16,-2.55036,0.139215,0.798713,Warning
5,0.839327,0.693612,0.63962,Warning
19,2.36026,0.758199,0.894411,Warning
9,0.751618,0,0.10825,Normal
14,-2.62397,0.148453,0.599123,Normal
1,-0.248403,0,0.0901115,Normal
15,-2.68319,0.741562,0.884221,Warning
19,2.87398,0.785797,0.852184,Warning
4,0.496869,0,0,Normal
13,3.3532,0.473969,0.640178,Warning
20,0.0939915,0.893329,0.0126805,Normal
10,-0.493128,0.8476,0.120361,Normal
19,2.48824,0.802677,0.746437,Warning
11,-0.146441,2.02503,0.291453,Normal
3,2.22494,0,0.521196,Normal
21,4.45903,0.0682219,1,Critical
8,-2.59638,0.401538,0.358664,Normal
9,2.01317,0,0.664919,Warning
16,-1.20397,0.684297,0.581631,Normal
14,0.886471,0.526624,0.280377,Normal
17,0.616615,0.371608,0.441282,Normal
13,-2.11409,0.508775,0.84784,Warning
14,-2.59139,0.45452,0.246578,Warning
12,0.370426,0.668951,0.294744,Normal
7,3.74404,1.23994,0.708093,Warning
6,-2.79312,0.748518,0.810934,Warning
17,-0.798127,1.01345,0.327978,Normal
5,1.53692,0.494862,0.980329,Critical
15,0.512566,1.186,0,Normal
8,-0.423928,1.44279,0.341844,Normal
21,0.409778,0.843233,0.374009,Normal
20,0.803011,0.922334,0.351201,Normal
20,1.30017,0.698454,0.830681,Warning
0,-1.70865,0.624005,0.547178,Normal
21,-0.0360459,0.515886,0.114251,Normal
4,-0.507604,1.19249,0.216206,Normal
7,-0.669921,0.475271,0.62657,Warning
7,0.0709838,0.19101,0.581646,Normal
4,-2.77641,0.273961,0.253095,Normal
9,-0.077266,0,0.0575644,Normal
20,0.879158,1.22347,0.311561,Normal
13,-0.977287,1.04961,0.13042,Normal
16,-0.184852,0.69803,0,Normal
10,-3,0.273443,1,Critical
17,0.583882,0.286384,0.294084,Normal
0,-1.67793,0.0790726,0.737056,Warning
1,2.34719,1.22726,0.790687,Warning
2,2.46825,0.488202,0.389125,Normal
18,1.00508,0.624709,0.723175,Warning
5,0.0970559,0.682458,0.403891,Normal
14,0.256772,0.645571,0.380598,Normal
12,0.525353,0.460482,0.121073,Normal
6,1.76557,1.69397,0.352896,Normal
19,-2.39639,0.757394,0.778618,Warning
17,1.01292,0.184375,0.690634,Warning
17,0.391781,0,0.402046,Normal
11,-0.624877,0.984592,0,Normal
21,1.09949,0.985472,0.761016,Warning
20,-0.929511,0.490237,0,Normal
8,-0.00844069,0.30821,0.158379,Normal
0,0.597596,0.640201,0.104213,Normal
6,0.407441,0.942122,0.0894613,Normal
8,2.58846,1.1721,1,Critical
13,3.56678,1.07317,0.313856,Normal
14,-2.25309,0.814022,1,Critical
21,0.352219,0.925371,0.378655,Normal
15,-0.387694,0.563387,0.113839,Normal
0,-2.38875,0.127066,0.684297,Warning
21,-0.691448,0.503871,0.418449,Normal
20,-0.241031,0.991948,0.228468,Normal
15,-0.622006,0.399169,0.273299,Warning
0,0.155891,0.953062,0.541279,Normal
21,1.14868,1.06971,1,Warning
16,-1.12593,0.959174,0.395775,Normal
5,-0.593238,0.229518,0,Normal
14,-0.21785,1.53385,0.0756657,Normal
9,-0.839686,0.538578,0.237608,Normal
18,1.13121,0.936878,0.799781,Warning
4,-4.14967,0.75286,0.865663,Warning
13,1.26536,0.451485,0.557645,Normal
2,2.48462,0.386299,0.295615,Normal
0,-0.298091,0.253538,0.683003,Normal
10,0.249682,0.671971,0.475539,Normal
6,0.399303,0.428386,0.499363,Normal
7,2.13055,1.47551,0.530962,Normal
15,0.243384,0,0.735577,Normal
22,-0.674718,0.974278,0.0420491,Normal
8,0.489484,0,0.556641,Normal
9,-0.860898,0.410327,0,Normal
20,-0.424426,1.2292,0.433762,Normal
5,0.129788,0.119707,0.41274,Normal
16,-2.2569,0.242288,0.806017,Warning
8,-0.794358,0.46668,0.470651,Normal
22,2.41829,0.354984,0.815767,Warning
6,-0.347659,0.673956,0,Normal
7,-0.531931,0.766011,0.535667,Normal
21,-1.22038,0,0.730284,Warning
12,-1.03535,0.716327,0.523629,Normal
7,0.249031,0.299986,0.414276,Normal
6,-2.22835,0.297995,0.958424,Critical
21,1.16525,1.1004,0.733096,Warning
6,-0.474031,0.992277,0.0878106,Normal
20,3.13755,0.53847,0.42751,Warning
7,-1.55874,0.77195,0.791566,Warning
23,-1.5131,0.609723,0.677428,Warning
9,-2.43754,0,0.854911,Warning
23,-0.0705303,0.842515,0.116708,Normal
0,0.958333,1.27573,0,Normal
6,0.429727,0.477654,0.426722,Normal
9,0.818796,0.286777,0.195655,Normal
18,0.765873,0.792751,0,Normal
6,-0.61348,0,0,Warning
3,-0.31775,0.2765,0.58424,Normal
14,0.253948,0.605042,0,Normal
20,-1.3611,0.344154,0.689586,Warning
2,0.179818,0.81713,0,Normal
6,2.21615,0.0488743,0.645238,Warning
6,-0.768582,0.999145,0.454986,Normal
17,-0.901922,0.831581,0.541163,Warning
11,0.499742,0.651676,0.396651,Normal
11,0.523147,0.45217,0.0114352,Normal
18,-1.82954,0.331869,0.550732,Normal
23,0.0992811,1.20321,0.416228,Normal
10,-0.3501,0.311064,0,Normal
2,-1.32761,0.147879,0.830904,Warning
16,-0.145128,0.0746875,0.553761,Normal
20,2.56439,0.334886,0.673024,Warning
9,1.32959,0.782174,0.877567,Warning
13,-1.82507,0.93373,1,Critical
0,0.839698,0.915917,0.172475,Normal
13,4.64595,0.868578,0.480846,Normal
0,-1.46964,0.585908,0.830523,Warning
22,0.359288,0.0848471,0.519204,Normal
21,-0.274794,0.313712,0.476002,Normal
14,-1.45542,1.19716,0.573403,Normal
18,0.584945,0.57386,0.226365,Normal
19,2.81203,0.133734,0.60428,Warning
0,1.00634,0.627723,0.528529,Normal
5,0.51493,0.845868,0.483698,Normal
3,-1.04025,1.10755,0.692709,Warning
12,0.869117,0.453107,0.330915,Normal
4,-4.17686,0.369977,0.530603,Normal
16,2.34755,0.872634,0.573429,Warning
1,0.756628,0.446863,0.290298,Normal
18,2.01283,0.530601,0.489995,Normal
17,0.296662,0,0.24098,Normal
2,1.40372,0.532881,0.361094,Normal
7,2.41903,0,0.660039,Warning
20,-1.04463,0.0195603,0.817927,Warning
21,-2.53942,0.702442,0.771219,Warning
16,-1.61158,0,0.662833,Critical
2,-0.14499,0.224144,0.36431,Normal
7,0.71477,1.11693,0.154181,Normal
8,-0.957588,0.396296,0.153872,Normal
23,2.70407,0.650764,1,Critical
18,-1.01174,0.402678,0.901652,Warning
16,2.13895,1.65021,0.708261,Warning
7,-3.64939,0.875749,0.78139,Warning
3,-2.82309,0.520255,0.691385,Warning
15,-2.63811,0.8426,0.625409,Warning
12,0.854574,0.118714,0,Normal
23,-0.191385,0,0.559975,Normal
21,1.21481,0.701824,1,Critical
18,0.129531,0.666762,0.0939178,Normal
23,0.651051,0.825,0.149959,Warning
20,0.986377,1.32724,0.612458,Warning
5,-0.161233,0.0693217,0.211104,Normal
5,-0.629295,0.982763,0.14722,Normal
20,0.293231,0.249341,0.244674,Normal
20,-2.10931,0.657021,0.727625,Warning
11,1.34949,0.844562,0.944317,Critical
23,0.238141,0.515062,0.0319815,Normal
12,0.224224,0.225012,0.138262,Normal
22,2.68868,1.07312,1,Warning
17,-0.598905,0.252665,0.319903,Normal
6,-0.354263,0.322328,0.0694767,Normal
8,-2.44584,0.907496,0.710894,Warning
22,0.412053,0.826159,0,Normal
5,-0.707631,1.0906,0,Normal
10,0.810771,0.711192,0,Normal
14,-3,1.25847,0.655539,Warning
11,-0.104952,0.0721299,0.00308057,Normal
9,0.137718,0.973879,0.414671,Normal
9,0.626493,0.292817,0.20587,Normal
0,0.641625,1.22479,0,Warning
18,-0.248012,0.957469,0.100243,Normal
23,-1.87038,0.248643,0.580319,Normal
10,2.2721,0.829074,0.926213,Critical
17,0.545714,1.27309,0.22294,Normal
9,-0.13208,0.454096,0.403796,Normal
14,0.48333,0.044624,0.280991,Normal
16,-0.294519,0.129013,0.498045,Normal
16,-0.0360827,0,0.390707,Normal
2,-0.345765,1.07561,0.304126,Normal
14,-0.952508,0.923255,0.415142,Normal
5,0.738594,1.08728,0.253017,Normal
10,-0.180807,0.244846,0.0508715,Normal
4,3.63944,0.557699,0.909097,Critical
2,-0.524452,1.16005,0.51163,Normal
17,-2.56823,0.110171,1,Critical
1,-1.1613,0.909184,0.387975,Normal
1,0.853141,0,0.597818,Normal
12,1.45806,1.03211,1,Critical
4,2.28152,0.131309,0.770247,Warning
20,-2.21148,0.98571,0.921639,Critical
6,0.066345,0.906427,0.159245,Normal
12,-0.190592,0.421136,0.374116,Normal
10,1.01343,1.145,0.581588,Normal
19,-0.305562,0.156795,0,Normal
19,2.243,0.652084,0.173022,Normal
9,0.747946,0.963124,0.488913,Normal
15,0.103138,0.658742,0.101594,Normal
22,-1.18582,1.13702,0.499586,Normal
5,-2.00977,0.926906,0.712013,Warning
13,-0.926141,0.854849,0,Normal
22,1.88317,0.619077,0.741893,Normal
8,0.226372,0.0125846,0.413412,Normal
9,1.97894,0.368167,0.8581,Warning
23,-0.452676,0.0015554,0,Normal
16,-1.57883,1.22481,0,Normal
11,0.477779,0.799575,0.684893,Warning
5,-0.380792,0.819346,0.0560613,Normal
12,1.25828,0.83773,0.883123,Warning
9,-0.35683,0.972427,0.339441,Warning
21,0.513679,0.37872,0.665661,Warning
4,-0.00660358,1.317,0,Normal
17,-2.0129,0.845496,0.869397,Warning
22,-0.564072,0.763885,0.226831,Normal
15,0.739467,0.848242,0.132719,Normal
1,-1.4995,0.413314,0.768151,Warning
8,-3.08866,1.00422,1,Critical
22,1.63512,0.414368,0.766889,Warning
9,-0.250496,0.447573,0.400454,Normal
19,-2.02645,0.274445,0.81431,Warning
23,0.953263,0.331798,0.428466,Normal
20,-0.741675,0,0.314323,Normal
6,-0.280258,0.737384,0.365268,Normal
16,0.770785,0.451611,0.14384,Warning
12,-1.37483,0.793139,0.427694,Normal
9,0.734332,0.21225,0.327607,Normal
15,-0.0705677,0.906331,0.356293,Normal
16,-0.601061,0.615107,0.0431636,Normal
5,-2.97073,1.03357,0.594982,Normal
22,-0.912173,0.522146,0,Normal
5,2.59359,0.434666,0.530034,Normal
21,-0.754702,0.969906,0.216829,Warning
3,0.133257,0.544101,0.271634,Normal
14,0.145602,0.59019,0.612744,Normal
1,0.779971,0.973067,0,Normal
13,-0.664594,1.15345,0,Normal
19,-0.862431,0.185363,0.293588,Normal
16,3.42094,0.957099,0.454674,Normal
18,-0.422276,0.42904,0.429908,Normal
16,-0.240519,0.422107,0.0480136,Normal
6,-0.0225381,0.11041,0,Normal
1,-0.858964,0.894111,0.275793,Normal
20,1.19689,0.270359,0.575891,Normal
9,-0.773268,0.539352,0.399334,Normal
9,0.030846,1.01072,0,Normal
0,-0.434175,0.940748,0.146755,Normal
4,2.22923,1.03905,0.689053,Warning
19,-0.431752,0.69716,0.333629,Normal
20,-0.782964,1.47112,0.0273062,Normal
18,-0.734231,0.953091,0,Normal
15,0.263733,0.070548,0.396057,Normal
10,0.800847,0.887221,0.373149,Normal
1,-0.755913,0.510582,0.446109,Normal
22,-0.473119,0.624839,0.246479,Normal
15,-0.505865,0.148235,0.493981,Normal
23,-0.429421,0.815278,0.249426,Normal
3,0.0247349,0.288409,0.272635,Normal
17,-0.106586,0.083343,0.129027,Normal
4,0.50654,0.094443,0.316727,Normal
8,-3.2749,0.794305,0.2481,Normal
5,2.6478,0.925437,1,Critical
22,-0.693248,0.512153,0.171997,Normal
23,-0.0362753,0.103416,0.626526,Normal
21,-0.299077,0.234941,0.216356,Normal
22,0.321327,0.554143,0.68413,Normal
18,1.82341,1.09514,0.640207,Warning
3,2.37906,0.970472,0.843044,Warning
20,-0.0799722,0.307809,0.426977,Normal
17,0.204419,0.805516,0.325113,Normal
11,0.150249,0.706461,0.438011,Normal
15,3.62079,0.46319,0.590288,Normal
16,-0.549671,0.877106,0.471022,Normal
16,-0.251664,0,0.0665537,Normal
10,-0.479312,1.19986,0.366129,Normal
1,0.373651,0.873695,0.410983,Normal
3,0.225182,0.547489,0.0279061,Normal
21,2.17439,0.953257,0.847198,Warning
21,1.82721,0.794112,0.349432,Warning
21,1.57927,0.57937,0.69927,Warning
8,3.3648,0.686813,0.536141,Normal
15,0.0109453,0.867002,0.466884,Normal
5,-2.70864,0.680807,0.803054,Warning
23,-1.65514,0.57543,0.943634,Critical
14,-0.883688,0.118645,0.235034,Normal
2,-3.06314,0.732614,0.518403,Normal
15,0.952698,0.916341,0.159705,Normal
9,1.30029,0,0.650613,Warning
5,-0.400521,0.692405,0.590443,Normal
9,-0.301233,0.807357,0.142161,Normal
14,-0.329046,0.338856,0.40493,Warning
8,-3.06731,0.812221,0.703468,Warning
8,-0.662394,0,0,Normal
21,1.03104,0.819101,0.40307,Normal
3,-1.3894,0.132061,0.883893,Warning
8,-0.723404,0.994196,0.546498,Normal
12,-0.456777,0.362247,0,Normal
13,-2.18466,0.393989,0.734141,Warning
9,-1.79049,0.473221,0.738295,Warning
22,-2.44154,0.596759,1,Critical
13,1.19848,1.00713,0.689565,Warning
0,-2.44707,0.272705,0.785503,Warning
6,-1.65359,1.14038,1,Critical
5,-2.43506,1.18595,0.519018,Normal
20,-1.00021,0.559768,0.781287,Warning
21,1.99204,0.196921,0.659413,Warning
16,0.535876,0.411526,0,Normal
17,2.46687,0.509223,0.919977,Critical
2,2.02287,0.276326,0.618541,Warning
10,-0.249028,0.656895,0.344881,Normal
19,1.30878,0.749395,0.878819,Warning
3,-0.150319,0.437929,0.279483,Normal
1,1.32704,0.774137,0.977732,Critical
14,-0.921857,0.98332,0,Normal
11,-0.167354,0.42849,0.194659,Normal
4,0.00756344,1.11064,0.207941,Normal
9,0.506002,0.623514,0.156898,Normal
1,1.49035,0.988171,0.707832,Warning
1,1.23841,1.12069,0.751756,Warning
22,2.98935,0.459481,0.557494,Normal
18,-2.58321,0.946954,1,Critical
21,3.52402,0.386758,1,Warning
6,2.20966,0.888468,0.495793,Normal
9,-1.96371,0.797015,0.792695,Warning
16,1.87834,0,0.820306,Warning
7,0.0239762,0,0,Normal
23,-0.808087,0.783458,0.396745,Normal
11,-2.35328,1.12089,1,Critical
1,3.17406,0.854274,0.254988,Normal
19,-1.83915,0.612748,1,Critical
8,2.26281,0.99426,0.619875,Normal
15,-0.446482,1.21375,0.327972,Normal
18,1.31426,1.31736,0.630574,Warning
18,-2.95614,0.521848,0.958411,Critical
9,-1.39616,0.398692,0.573331,Normal
8,0.124067,0,0,Normal
2,0.0989773,0.757346,0.479204,Normal
18,2.95458,0.63277,0.992847,Critical
9,3.9006,0.362814,0.829112,Warning
19,-2.07488,1.29909,0.64972,Warning
15,-3,0.651933,0.753817,Warning
18,-0.447817,0.672417,0.122785,Normal
15,2.04484,0.863443,0.271033,Normal
8,-2.32312,1.00604,0.77662,Warning
21,-2.4722,0.367801,0.926053,Critical
21,0.54995,0.324915,0.883619,Warning
17,-1.28325,0,1,Critical
8,-0.458353,1.27468,0,Normal
0,-0.190278,0.553329,0.250829,Normal
8,2.39933,0.878122,0.939435,Critical
21,1.80114,1.03184,0.900415,Critical
2,-1.71138,0.716629,0.723113,Warning
22,-0.578145,1.12338,0.570765,Normal
1,-0.504416,1.03361,0.0976502,Normal
6,0.52293,0.403967,0.027975,Normal
15,3.02617,0.0935918,0.727078,Warning
17,1.27281,0,1,Critical
12,0.908307,0.367992,0,Normal
9,-2.94105,0.299089,0.919623,Critical
8,-0.0950617,0.64738,0.459253,Normal
20,1.01522,0.680792,0.86598,Warning
14,0.422352,1.25215,0.149531,Normal
11,-0.44166,0.951984,0.10378,Normal
22,2.07081,0.492663,1,Critical
8,-3.88478,1.30514,0.48015,Normal
12,-0.551937,0.472777,0,Normal
13,-0.350296,0.250797,0.638938,Normal
16,-0.62523,1.11391,0.522729,Normal
11,-0.173983,0.927972,0,Normal
3,0.256773,0.650338,0.183111,Warning
12,0.878614,0.202122,0.179175,Normal
2,1.10889,0.848461,0.237686,Normal
20,0.00826328,0.660395,0.437297,Warning
14,2.47234,0.417461,0.699894,Warning
13,0.0921926,1.3824,0.501012,Normal
13,-0.807877,1.41949,0.200991,Normal
22,-0.103002,0.700386,0.445207,Normal
23,0.350125,0.891408,0.507609,Normal
9,2.13409,0.491591,0.671597,Warning
13,-3,0.942809,0.811751,Warning
7,-0.323637,0.628943,0.283162,Normal
23,-0.719273,0.545901,0.304926,Normal
6,0.227721,0.613503,0.263983,Normal
19,-0.793053,1.06504,0.093942,Normal
21,2.86712,1.06026,1,Critical
0,1.1017,0.629002,0.639828,Warning
11,-3,1.32863,0.553864,Normal
4,3.56851,0.869019,0.857315,Warning
12,2.14475,0.614488,0.776739,Warning
9,-2.44727,1.33808,1,Critical
17,-0.584666,0.79989,0.163362,Normal
9,-0.358855,0.705987,0.499161,Normal
20,1.39877,0.534773,0.580868,Normal
11,0.81854,0.183951,0.13607,Normal
14,-3,0,0.765268,Warning
23,-0.42393,0.694192,0.589636,Normal
15,-0.377044,0.322755,0.296712,Normal
7,0.218368,0.291774,0.328687,Normal
5,-3.18986,0.528009,0.741234,Warning
12,0.353421,0.56159,0.45611,Normal
20,0.0045827,0.908163,0,Normal
18,3.23041,0,0.836114,Warning
7,-0.117736,0.715026,0.407778,Normal
21,-2.36817,0.743317,0.92412,Critical
16,1.00985,1.2303,0.690563,Warning
0,3.01229,0.735632,0.78776,Warning
0,0.535134,0.796948,0.471768,Normal
0,-2.00517,0.0097019,1,Critical
1,1.48794,1.04363,0.635848,Warning
4,-1.12641,0.0939246,0.780879,Warning
4,1.49456,0.843303,0.722118,Warning
7,-1.19199,0.558432,0.950529,Warning
0,-0.851537,0.397066,0,Normal
18,0.709869,0,0.143122,Normal
5,0.74996,1.22604,0.243057,Normal
13,-3,0.881307,0.683353,Warning
2,-0.30051,0.673704,0,Normal
6,-2.161,0.0534314,0.972593,Critical
16,0.087111,0.896302,0.161311,Normal
20,-0.16555,0.585873,0.214941,Normal
22,-0.171356,1.33189,0.349123,Normal
12,0.266949,0.622107,0.233505,Normal
2,0.0815474,0.846145,0.465877,Normal
14,0.982212,0,0.235791,Normal
2,-1.29046,0.944432,0.284091,Normal
3,1.45673,0.207499,0.855967,Warning
21,0.628957,1.32649,0.108516,Normal
18,3.30279,0.308723,0.2951,Normal
21,-0.584412,0.465967,0.269767,Normal
9,-1.94102,0.0628609,0.278233,Normal
15,0.756315,0.359777,0,Normal
5,0.385409,0.224774,0.13828,Normal
11,-0.0581153,0.202259,0.146183,Normal
23,0.431612,0.342096,0.449283,Normal
8,-0.00082675,1.5332,0.134859,Normal
6,0.421136,0.529645,0.152053,Normal
19,0.308259,1.37489,0.452914,Normal
12,3.90384,0.697906,0.669937,Warning
6,0.234992,1.14854,0.212742,Normal
21,-1.38135,1.28669,0.819506,Warning
3,0.847389,0.811342,0.233268,Warning
1,-0.200548,0.270885,0.214958,Normal
0,0.69776,0.576471,0,Normal
23,2.06127,0.561849,1,Critical
5,2.26747,0.370054,0.519708,Normal
18,-2.20117,0.5182,1,Critical
20,3.2693,0.808313,0.380469,Normal
11,0.104136,0.539699,0.400949,Normal
16,-0.504635,0.832905,0.55603,Normal
21,-0.953474,0.583232,0.23174,Normal
14,-1.55853,0.293104,0.868334,Warning
6,-1.96271,0.868879,0.806521,Warning
6,3.95653,1.01491,0.711164,Warning
5,0.736559,0.622217,0.0815445,Normal
23,-0.207194,0.732519,0.0460976,Normal
13,2.23527,1.13566,0.0583711,Normal
14,0.564145,0.536324,0.387673,Normal
5,1.37748,1.12722,0.39922,Normal
13,0.599698,0.31121,0.45825,Normal
13,-0.953815,0.632892,0.0418726,Normal
17,0.226786,0.774053,0.57153,Normal
22,2.31586,0.311795,0.986167,Critical
17,0.557055,0.316173,0.37277,Normal
14,0.4521,0.802908,0.175153,Normal
13,-0.382075,0.191717,0.180189,Normal
1,-0.174844,0.39832,0.251024,Normal
23,0.400961,1.0341,0.135149,Warning
13,3.67962,0.44014,0.356198,Normal
20,2.47039,0.471211,0.856227,Warning
18,-0.507089,0.488257,0.0671749,Normal
1,-1.87701,0.766582,0.994444,Critical
4,0.827668,0.691797,0.558889,Normal
21,-1.05788,0.288118,0.848611,Warning
7,2.65133,1.55005,0.548297,Normal
6,-1.03104,0.399883,0.842392,Warning
0,-0.300555,0.303291,0,Normal
20,1.59005,0.840337,0.864975,Warning
8,0.688419,0.588471,0.0915991,Normal
3,-4.00306,0.230065,0.614552,Warning
20,-0.4416,0.86877,0.571974,Normal
9,2.28215,0.644057,1,Critical
13,-2.47286,0,0.589834,Normal
21,-0.00188845,0.349684,0.13153,Normal
23,0.209531,0.183922,0.234067,Normal
0,0.855505,1.53316,0,Normal
10,-0.0248208,1.16997,0.163527,Normal
2,2.88677,0.606227,0.770147,Warning
13,1.64773,0.331462,0.5648,Warning
16,-0.675463,0.843117,0.0158269,Normal
18,-1.61234,0.422396,0.872343,Warning
11,0.813762,0.585303,0,Normal
12,-0.0108308,0.307419,0.233452,Normal
5,1.60992,0.877466,1,Critical
1,0.543308,0,0.72741,Warning
4,-0.89102,1.20226,0.377626,Normal
0,-0.415537,0.671648,0.0882021,Normal
10,0.961901,0.0959404,0.189138,Warning
6,-0.1147,0.920395,0.391107,Normal
23,-2.58273,1.00332,0.471202,Normal
0,0.728182,0.897478,0.579575,Normal
13,-1.38953,0.680547,0.450106,Normal
10,2.00594,0.0706445,0.951358,Critical
5,0.0636797,0.431528,0.395954,Normal
6,-0.275623,0.277616,0.30545,Normal
2,1.39976,0.599619,0.694799,Warning
9,-0.876281,0.635538,0.50571,Normal
12,-2.60903,0.401465,0.989875,Critical
12,3.22709,0.400643,0.703021,Warning
15,2.61661,0.656402,0.733501,Warning
23,-1.58802,0,0.807179,Warning
2,-0.529637,0.388412,0.234461,Normal
23,-0.138048,0.789928,0.111294,Warning
14,0.864755,0,0.517317,Normal
22,2.77648,0.835624,0.530674,Normal
20,3.07037,1.07426,0.606865,Warning
6,-0.375696,1.43206,0.194475,Normal
4,-0.186595,0.83529,0.266918,Normal
19,-0.938108,1.09287,0.121496,Normal
3,-2.48647,0.643993,0.835773,Warning
17,-1.50423,0.400021,0.704855,Warning
18,0.906358,0.598195,0,Normal
6,-0.647787,0.31323,0.0522629,Normal
16,1.38841,0.839745,0.43208,Warning
12,-1.37352,1.17991,1,Critical
12,2.00193,0.394039,0.703313,Warning
18,2.17128,0.609649,0.625952,Warning
1,0.570709,0.119706,0.204292,Normal
13,-0.076747,0.397658,0.213629,Normal
1,-0.758308,0.596631,0.314754,Normal
17,-0.515707,0.479081,0.247917,Normal
17,2.50304,0.405843,0.663604,Warning
23,1.97024,0.130856,0.712824,Warning
9,2.31164,0.19408,0.8048,Warning
12,-1.6292,0.667963,0.695012,Warning
14,-1.87104,0.641331,0.811586,Warning
18,-0.56437,0.537511,0.545661,Normal
3,2.0433,0.350213,0.976086,Critical
14,-2.32537,0.562537,1,Warning
21,-1.86872,0.309528,0.944001,Critical
22,0.585155,1.13159,0.549449,Normal
19,-0.287584,0,0.456604,Normal
12,0.0388786,0.263541,0,Normal
0,1.65407,0.481184,0.588434,Normal
18,1.7361,0.605333,0.37611,Normal
0,-3.82505,0.510262,0.678929,Warning
14,-0.137341,0.558984,0.140456,Normal
20,-2.54231,0.198886,0.685106,Warning
19,0.25817,0.487878,0.567441,Normal
17,-3,0.323984,0.443558,Normal
7,-1.99228,0.909981,0.954802,Critical
4,0.554572,0.420066,0.0192688,Normal
16,1.6572,0.303147,0.575824,Normal
9,0.241531,0.466827,0.560201,Normal
7,3.44106,0.0917067,0.843817,Warning
3,0.0794176,1.06905,0,Normal
19,0.677429,0.469742,0.473199,Normal
20,1.30991,0.957354,0.552429,Normal
13,-0.343682,0.931291,0.613749,Normal
7,-2.54063,0.90493,0.677413,Warning
15,-2.39176,0.1209,1,Critical
14,0.153447,0.74479,0.108051,Normal
20,-0.253571,0.441951,0.177873,Normal
0,0.671245,0.741706,0.263563,Normal
0,-3.03849,0.406325,0.519135,Normal
8,0.368316,0.342296,0.110608,Warning
10,2.60121,0.312272,0.751479,Warning
12,-1.66996,0,0.440083,Normal
15,-0.822793,0.584428,0.164373,Normal
5,-1.79635,0.537096,0.360668,Normal
13,1.29463,0.118376,0.520843,Normal
21,-1.06012,0,0.699584,Warning
5,-1.88062,0.40452,0.663656,Critical
11,-0.132883,0.766574,0.275137,Normal
5,0.690303,0.886801,0,Warning
22,2.38548,0.419927,0.574066,Normal
1,-0.160223,0.790785,0,Normal
13,0.00445315,0.755038,0.396654,Normal
4,0.00600061,1.14619,0,Normal
22,-0.281495,1.37526,0.00661203,Normal
20,-0.468721,0,0.184065,Normal
5,-1.1331,0.181334,0.642908,Warning
10,-2.80431,0.313214,0.914766,Critical
21,0.136836,0,0.369464,Normal
11,2.41836,0.260567,0.779107,Warning
13,-0.223485,0.664451,0.659576,Warning
12,1.31879,0.480171,1,Critical
2,0.723331,0.740719,0.508521,Normal
7,0.172125,0.0736881,0.120102,Normal
6,0.273685,0.949757,0.918663,Warning
11,0.555605,0.538123,0.13096,Normal
1,1.02596,0.388752,0.397562,Normal
10,-0.0766051,0.00273082,0.194739,Normal
17,4.20629,0.5106,0.806574,Warning
2,-2.8318,0,1,Critical
11,0.0583204,0.321291,0.315913,Normal
10,1.5851,0.683367,1,Critical
2,0.538979,0.968297,0.33683,Normal
10,-0.0631103,0.179822,0.0119498,Normal
19,-0.79762,0.678401,0.377823,Normal
8,-1.89686,0.595082,0.682759,Normal
1,-0.715557,1.31839,0,Normal
21,0.182079,0.506946,0.373357,Normal
9,1.04526,0.491833,1,Warning
5,0.488301,0.245285,0.0834401,Warning
4,-0.0416073,0.932673,0.557407,Normal
12,0.135437,0.416735,0.680699,Normal
18,0.0489551,0.0634076,0.260862,Normal
12,-0.56046,0.789539,0.167571,Normal
8,-0.232963,0.730002,0,Normal
12,-0.632976,0.509773,0.314453,Normal
1,1.99443,0.369215,0.752724,Warning
4,0.733556,0.495039,0.346328,Normal
0,-0.207836,0.813027,0.139071,Normal
7,-0.697644,0.679157,0.115015,Normal
1,1.35529,0.721138,1,Critical
1,0.545652,1.05356,0,Normal
9,0.670159,1.05198,0.0437005,Warning
6,-1.40974,0.860097,0.604108,Warning
16,-0.885002,0.939694,0.245762,Normal
20,-0.495955,0.599614,0.233187,Normal
5,1.0887,0.486749,0.655861,Warning
13,2.01832,0.715499,0.706794,Warning
2,-0.832227,1.5052,0.0569978,Normal
11,3.34294,0.41548,0.983998,Critical
6,-2.07663,0.713458,0.763978,Critical
21,0.961207,0.516431,0.522052,Warning
10,1.58622,1.23571,0.738787,Warning
4,-0.670802,0.993273,0.0860554,Normal
13,0.557747,0.425814,0.242569,Normal
9,2.73133,0.928937,0.707733,Warning
3,0.300243,0.914324,0.404685,Normal
19,-0.282864,0.326015,0,Normal
12,0.116966,0.419941,0.135388,Normal
14,-0.38624,0.657509,0.392904,Normal
16,-1.16397,0.719454,0.733498,Warning
8,0.212454,0.843588,0.327675,Normal
2,0.261275,0.961559,0.397905,Normal
4,2.65389,0.332802,0.758703,Warning
18,-0.244211,0.631454,0,Normal
2,2.50778,0.578364,0.64013,Warning
1,0.84857,0.33617,0.0559486,Normal
4,1.27382,0.670634,0.685899,Warning
20,2.10085,0.670577,0.540187,Normal
18,-3,0.214425,0.903076,Critical
23,-2.15943,1.21693,0.817596,Warning
22,0.484467,0.330928,0,Normal
15,0.265629,0.572934,0.216143,Normal
15,1.76099,0,1,Critical
14,2.7859,0.433028,0.381068,Normal
10,2.02967,0.899228,0.740435,Warning
20,-1.03655,0.368403,0.570722,Normal
19,1.25915,0.0213316,0.299932,Normal
3,0.893606,0.2755,0.0531219,Normal
10,0.942884,0.827632,0.122182,Normal
7,2.83178,0.700256,0.281947,Normal
15,0.276846,0.600314,0.450932,Normal
3,-0.903179,1.02355,0.154967,Normal
19,0.43596,0.206651,0.573428,Normal
23,0.60362,0,0.733067,Warning
8,1.39153,1.04746,0.514776,Normal
7,3.29752,0.675201,0.933606,Critical
10,-0.378204,0,0,Normal
4,-3.11006,0.851712,0.543529,Warning
13,-1.26419,0.352383,0.495429,Normal
19,-0.164576,0.761698,0,Normal
5,-2.54332,0.233614,1,Critical
13,0.348717,1.42487,0,Normal
16,3.72971,0.561588,0.971415,Critical
16,-3,0.247341,0.910182,Critical
23,2.35279,0.0394365,0.674254,Warning
10,2.06933,0.390924,0.796319,Warning
7,3.79615,0.865772,0.499213,Normal
20,-0.548031,0,0.654059,Warning
6,-3.50658,0,0.774088,Warning
14,0.337139,0.677345,0,Normal
3,1.29598,1.36592,0.828762,Warning
22,-0.339121,0.969869,0,Normal
10,0.995693,1.2427,0.559328,Normal
2,0.102262,0.492794,0.388427,Normal
6,0.266656,0.924653,0.160622,Normal
5,-0.424246,0.908822,0.0438635,Normal
3,2.81797,0.822298,0.693512,Warning
8,-0.821225,0.936381,0.0422356,Normal
1,0.215704,0.166131,0.186715,Normal
0,2.10417,0.772232,0.425911,Normal
9,1.41849,0.203206,0.356884,Normal
22,-3,0.947479,1,Critical
5,-0.132007,1.02753,0.172482,Warning
8,0.159819,0.713883,0.401435,Normal
9,-1.8493,0.661388,0.682103,Critical
1,2.19694,0.223826,0.479706,Warning
7,0.193787,0.353299,0,Normal
6,-2.60046,1.02164,0.621418,Warning
13,-2.77031,0.646733,1,Warning
14,-3,0.513133,1,Critical
4,-0.363661,0.354804,0.198779,Normal
16,-0.253891,0.535207,0.614717,Normal
18,0.227633,0.703519,0.401444,Normal
19,0.434936,0.816841,0.489895,Normal
7,-0.771027,0.961534,0.341379,Normal
3,-0.982276,0.402038,0.612398,Warning
15,0.110772,1.08673,0,Warning
11,-3,0.966269,1,Critical
14,-0.376969,0,0,Normal
8,-0.385219,0.453964,0.2723,Normal
13,1.3417,0.760004,0.723873,Warning
19,0.0325042,0.869499,0.268852,Normal
4,3.42363,1.04876,0.598892,Normal
6,2.27741,0.78673,0.868099,Warning
20,-0.221051,1.1719,0,Normal
9,2.47896,0.188262,0.293154,Normal
12,0.01547,0.690985,0.210389,Normal
16,0.939111,0,0.355422,Normal
13,-2.1506,0.207689,0.582994,Normal
14,-2.02085,0.918019,0.88593,Warning
7,2.39516,1.28959,0.377732,Normal
10,-1.81414,0.688501,0.673776,Warning
18,-1.08065,0,0.657893,Warning
3,-3.04146,1.13257,1,Critical
18,0.149178,0.551943,0.0986897,Normal
18,1.11549,0.460527,0.546732,Normal
17,0.497342,0.185828,0.160867,Normal
21,2.81814,0.687641,0.777408,Warning
11,1.12895,0.129794,0.771204,Warning
16,-0.228494,0.879794,0.0696292,Normal
10,1.21554,0.424559,0.637259,Warning
5,-0.904362,0.662138,0.243063,Normal
10,2.43054,0.790288,0.803862,Warning
13,0.182284,0.493309,0.298992,Normal
10,0.20219,0.774889,0.287646,Normal
16,-2.19071,1.21848,0.704161,Warning
5,-2.75243,0.0571539,0.861575,Normal
6,-3.74285,0.287529,0.713624,Warning
3,2.76175,0.413999,0.636005,Warning
16,1.196,0.706856,0.488497,Normal
12,-0.201099,0,0.0767735,Normal
11,-0.122077,1.62476,0.0765238,Normal
19,-1.2223,0,0.829879,Warning
10,2.94005,1.11083,0.828783,Warning
22,1.22838,0.315533,0.948395,Critical
10,-3,0.924161,0.846961,Warning
12,3.40481,1.10024,0.561732,Normal
3,-0.354884,0.0719468,0.196092,Normal
16,1.3781,0.393717,0.499974,Normal
21,-0.946488,0.782697,0.472539,Normal
13,0.19287,0.594723,0.299199,Normal
23,1.37587,0.029751,0.429384,Normal
4,-3.78519,0.653069,0.694796,Warning
2,-3.37179,0.661038,0.417843,Normal
11,0.2033,0.816591,0.758157,Normal
16,2.48189,1.07617,0.812422,Warning
17,0.30594,0.544628,0.142327,Normal
3,2.18504,1.45271,0.725559,Warning
20,0.844153,0.575714,0.19675,Normal
18,-2.02041,0,0.632444,Warning
0,-0.322104,0,0,Normal
23,1.96549,0.7634,0.404562,Normal
23,-0.679881,0.87416,0.051494,Normal
19,-0.911535,0.525501,0.26021,Normal
6,0.276187,0,0.557332,Normal
4,0.613898,0.550366,0.107358,Normal
7,-2.11506,0.349233,0.823872,Warning
1,-0.866513,0.400187,0.648362,Warning
3,2.90622,0.97077,0.93901,Critical
19,2.19281,0.525526,1,Critical
20,-1.5634,1.12854,0.933214,Warning
21,0.290628,0.159902,0.00882754,Normal
15,-0.583521,0.781133,0.177066,Normal
12,0.131226,0.774935,0.543485,Normal
14,-0.86103,0.308804,0.330411,Normal
9,0.320314,1.06964,0.420524,Normal
22,-3,0.519782,0.524041,Normal
17,-1.4655,0.541796,0.581771,Normal
20,-0.345832,0,0.0137165,Normal
6,-1.02269,0,0.70128,Warning
19,3.12448,1.02768,1,Critical
14,-0.234543,0.654728,0.382108,Normal
8,0.374353,0.771778,0.0839893,Normal
23,2.37503,1.21241,1,Critical
1,-1.43019,0,1,Critical
17,-1.79068,0.42568,0.684725,Warning
21,0.484379,1.21134,0.0199971,Normal
19,-0.363842,0.0232013,0.232038,Normal
0,0.880543,1.10319,0,Normal
18,0.445239,0.809777,0,Normal
22,-0.626081,1.15796,0.27681,Normal
22,0.481242,0.518533,0.370483,Normal
2,2.34413,1.09897,0.916163,Critical
22,0.386198,1.05111,0.00291542,Normal
3,-3.20907,1.22271,0.703395,Warning
22,-3,0.572135,0.792635,Warning
22,-0.0852744,0.247154,0.306097,Normal
19,0.168324,0.511281,0.615928,Normal
22,-2.21679,0,0.885968,Warning
11,-1.69179,1.21146,0.578311,Normal
10,-0.756575,0.235971,0.201165,Normal
15,0.130736,0.505931,0.299225,Normal
23,0.148709,0.791122,0.00314452,Normal
17,-0.543005,0.837276,0.652852,Warning
13,-1.11001,0.396554,0.488539,Normal
16,-0.598361,0.63978,0.367174,Warning
20,-0.218008,0.670659,0.364514,Normal
11,0.550336,1.0642,0.497521,Normal
19,-0.0614208,0.473318,0.491033,Normal
17,-0.567829,1.22503,0,Normal
3,0.157145,0.230834,0.293974,Normal
14,-1.25126,0,0.410871,Normal
2,0.681718,0.410182,0.394055,Warning
22,-2.37443,0.215883,0.620461,Warning
19,-1.81318,1.10402,0.88999,Warning
14,2.73754,0.833362,0.677674,Warning
5,2.47724,1.04913,0.627924,Warning
8,-3.28137,0.857828,0.839597,Warning
12,2.05338,0.628003,0.703432,Critical
11,2.19078,1.04662,0.836794,Warning
0,0.0413113,0.44046,0.528185,Normal
14,0.325268,0,0.46744,Normal
16,1.40097,0.514215,0.627239,Warning
7,-0.0182376,0.773552,0.431498,Normal
12,2.16068,0.361154,0.768709,Warning
11,-0.764223,0,0.169922,Normal
23,-0.732405,0.285928,0.125612,Normal
22,-0.537244,0.383101,0.568089,Normal
20,0.283441,0.283292,0.226313,Normal
23,-2.63068,0.682186,0.792275,Warning
21,1.50568,0.175959,0.54155,Normal
9,0.664492,0.786909,0,Normal
0,-2.30054,0.643104,0.792964,Warning
4,0.306487,0.748876,0.137511,Normal
0,-1.50659,0.890841,0.942972,Critical
11,1.34563,0,0.903185,Critical
11,-0.0228251,1.55756,0.358506,Normal
20,-1.39246,0.471399,0.748469,Warning
11,0.829476,0.615089,0.140932,Normal
16,3.45283,0.589083,1,Critical
16,-0.170671,0.595356,0.732168,Normal
21,-2.72072,0.784865,0.387833,Normal
10,1.06139,1.45624,0.464572,Normal
15,-0.291604,0.567727,0,Normal
14,0.18783,1.00428,0.107887,Normal
16,1.2244,0.74846,0.613041,Warning
9,3.11237,0.647112,0.876922,Warning
18,-1.22449,0,1,Critical
8,-2.06077,0.654886,0.284496,Warning
8,-1.52321,0.756967,1,Critical
22,1.64,0.56429,1,Warning
22,0.0327784,0.924284,0.610518,Normal
14,-1.14712,1.00029,0.532473,Normal
21,0.205037,1.02093,0.225806,Warning
5,-0.303625,0.921566,0.510821,Normal
17,1.42868,0.675422,1,Critical
3,-1.83047,0.371087,0.280451,Normal
0,3.12109,0.715084,0.885051,Warning
20,0.789208,0.805707,0.368414,Normal
10,4.00663,0,0.616008,Warning
4,-4.2579,0.480406,0.389131,Normal
21,-2.367,0.0839415,0.596035,Normal
8,0.254909,0.503016,0.525308,Normal
1,-3.18434,0.683166,0.664995,Warning
12,-0.686376,0.776211,0.637621,Warning
10,-1.84196,0.714741,0.592808,Normal
21,-0.384029,0.506511,0.287988,Normal
20,0.570706,0.545292,0.586924,Normal
2,-0.708499,0.845531,0,Normal
22,-2.44845,0.378785,0.947112,Critical
2,1.93338,0.373473,0.678723,Warning
3,0.0529509,0.285046,0.333227,Normal
12,2.21281,0.505934,0.218104,Normal
1,0.15601,0.404046,0.284969,Normal
22,2.10025,0.356618,0.972259,Critical
1,0.921842,0.901073,0.529064,Normal
4,-0.562598,0.0696046,0,Normal
4,-0.834857,0.0305305,0.212337,Normal
14,0.807475,0.569109,0,Normal
13,-3,0.195055,0.669456,Warning
8,1.46434,1.44283,0.875375,Warning
3,0.0672536,0.568917,0.584298,Normal
7,0.28605,0.861478,0.323623,Normal
14,2.80363,0.368183,0.897924,Warning
7,0.00484275,0.604768,0.366406,Warning
23,-1.69163,0,0.54736,Normal
4,-0.369258,0.725141,0.279692,Normal
12,0.457114,0,0.273566,Normal
17,1.03027,0.587786,0.382064,Normal
12,-0.74881,0.565903,0.197496,Normal
20,-0.000687726,0.975045,0.210988,Normal
19,-0.39493,0.362811,0.164348,Normal
18,1.90437,0.460348,0.864195,Warning
22,-1.18433,0.521648,0.719287,Warning
11,0.956978,0.934869,0.392974,Normal
7,-0.077856,1.5612,0.330458,Normal
5,-1.47198,1.00919,1,Warning
12,0.787373,0.175658,0.756231,Warning
11,2.30711,0.202774,0.565518,Normal
13,-2.50929,1.15708,0.883425,Warning
13,-0.972032,0.594885,0.0822873,Warning
18,2.58205,0.829938,0.574784,Normal
9,-0.244465,0.0370149,0.448327,Normal
13,-1.4902,0.834074,0.7951,Warning
13,0.233071,0,0,Normal
1,-0.695348,0.900279,0.0831811,Normal
13,2.20581,0.414392,0.786507,Warning
21,2.8762,0.868687,0.838133,Warning
13,0.683706,0.665613,0.14083,Normal
5,-0.393406,1.24544,0.508654,Normal
8,-1.55509,0.788865,0.804165,Warning
5,2.4251,0.772921,0.77172,Warning
11,-1.52858,0.671303,0.96367,Critical
14,-1.06696,0.6423,0.221916,Normal
4,-0.220356,0.660425,0,Normal
0,0.630308,0.118292,0.407014,Normal
3,0.181692,0,0,Normal
13,1.76749,0.704153,1,Critical
4,-0.982166,1.64738,0.35284,Normal
21,-0.894067,0.937909,0.776717,Warning
0,0.651576,0.862421,0.254524,Normal
19,-0.918251,0.599116,0.706556,Warning
5,0.159835,0.707304,0.0922717,Normal
2,-2.94885,0.315391,0.931696,Critical
5,-2.3684,1.20938,0.560967,Normal
20,0.329791,0.148012,0.201147,Normal
15,0.779784,0.912092,0.245572,Normal
14,-0.824272,0.284462,0.22557,Normal
11,0.373332,0.733385,0.381694,Normal
7,0.0223336,1.26264,0.222191,Warning
17,-2.23376,0.0776078,0.994598,Critical
15,0.124509,0.1488,0.248925,Normal
3,-2.18956,0.347358,0.517438,Normal
16,0.187995,1.07009,0.165984,Normal
22,-0.669367,0.0986541,0.39602,Warning
13,1.26896,0.41049,0.775272,Warning
9,-2.5596,0.766888,0.816945,Warning
14,0.494159,0.285696,0.77609,Warning
3,3.24708,0.683189,0.776101,Warning
6,2.20768,0.327906,0.9117,Critical
1,-0.413642,0.493591,0.036454,Normal
12,-0.859211,0.875764,0.204881,Normal
3,0.711029,1.06871,0.411775,Normal
12,-0.397294,0.615247,0.52154,Normal
21,-0.453534,0.296465,0.490316,Normal
7,-0.180367,0.192403,0.244351,Normal
13,0.923513,0.246823,0.221645,Normal
13,-0.0604057,0.943052,0.439807,Normal
10,-0.286123,0.42448,0.558269,Normal
14,-2.92933,0.214279,1,Critical
11,-1.74553,1.03435,1,Critical
23,-0.287999,0.253482,0.418975,Normal
5,0.735402,0.410684,0.289595,Normal
4,0.319704,1.07985,0.532888,Normal
10,0.157031,1.06899,0,Warning
2,0.165431,0.771397,0.827397,Normal
10,1.58914,0.507726,0.75016,Warning
11,0.821062,0.534326,0.338882,Normal
18,0.426502,0.689213,0.277521,Normal
2,3.64495,0.0917873,0.999495,Critical
1,-2.55211,1.12303,0.95041,Critical
0,0.644058,0.877941,0.291767,Normal
1,-1.90342,0.877066,0.857319,Warning
17,-2.00988,0.520961,0.646578,Warning
8,0.0581042,1.08934,0.0516878,Normal
15,0.266833,0.0268748,0.255702,Warning
23,0.865667,0.297324,0.397636,Normal
9,2.65861,0.385647,0.587778,Normal
18,0.546921,0.33129,0.652265,Warning
19,-0.443476,1.03384,0,Normal
8,0.763773,1.20602,0.378889,Normal
14,1.43408,1.18127,0.821928,Warning
4,-0.165216,0.309484,0.262474,Normal
3,-0.293365,0.866859,0.416178,Normal
19,-3,0.501611,0.447909,Normal
22,-1.03644,0.613809,0.550927,Normal
17,-0.186659,0.645375,0,Normal
0,0.100889,0.422065,0.0768088,Normal
6,-0.619361,0.246809,0.197549,Normal
8,0.0165252,0.867365,0.57612,Normal
13,0.438544,0.20087,0,Normal
22,-0.395765,0.22379,0,Normal
8,0.108294,0,0,Normal
16,-0.259162,1.53587,0.274215,Normal
5,-0.202836,0.359243,0.199816,Normal
6,0.1088,0.69518,0.332579,Normal
6,2.07767,0.711671,0.680829,Warning
15,-0.950795,0.402493,0.391129,Normal
15,1.05402,0.777523,0.199115,Warning
9,-0.788632,0.590079,0,Normal
5,0.405595,0.390364,0.146651,Normal
1,-0.42108,0.88601,0.26162,Normal
20,5.05435,0.872611,0.384717,Normal
15,-1.23024,0.546959,1,Critical
21,2.38439,0.572112,0.741796,Warning
22,0.118209,0.698503,0.526803,Normal
11,-0.731644,0.959348,0.287021,Normal
14,-1.79917,0.55531,0.715118,Warning
19,0.820815,0.7376,0.402993,Normal
19,-0.231939,0.63646,0.0720751,Normal
16,-1.02608,0.689438,0.658342,Warning
4,0.609713,0.349005,0.403332,Normal
19,-0.911456,0.808734,0.488407,Normal
2,0.611767,0.794063,0,Normal
7,1.77363,1.20109,0.271666,Normal
5,0.418957,0.517657,0.386347,Normal
11,0.873852,1.25025,0.394897,Normal
6,1.93257,0.343083,0.495187,Normal
10,-1.7673,0.471205,0.90299,Critical
8,-0.413321,1.11158,0,Warning
21,1.43339,0.439659,0.741646,Warning
19,0.0618504,0.365435,0.0954258,Normal
6,-0.131438,1.10244,0.598144,Normal
14,-2.22841,1.21717,0.64345,Warning
1,0.533247,0.142345,0.680943,Warning
7,1.54974,0.424342,1,Critical
22,1.07641,0.524232,1,Warning
1,-0.620688,1.21504,0.356646,Normal
8,-2.45888,0.194202,0.727218,Warning
18,-2.49475,0.231102,0.842181,Warning
8,-0.28784,0.671941,0.38615,Normal
11,-3,0.538985,0.570051,Normal
20,-3,0.879238,0.583948,Normal
11,-2.35955,1.32046,0.702338,Warning
21,2.79816,0.637022,0.733892,Warning
0,-2.80752,0.644977,0.507109,Normal
12,-0.70422,0.472441,0.306303,Normal
5,-0.919737,0,0.27669,Normal
19,1.12224,1.28571,0.659593,Warning
22,0.276823,0.691238,0,Normal
8,0.395307,0.0728806,0.209794,Normal
6,-0.493577,0.392052,0.126529,Normal
23,0.179826,0.933512,0.437049,Normal
23,0.302628,0.15072,0.163028,Normal
13,-0.939392,0.328644,0.557926,Normal
19,2.55787,0.108093,0.706799,Warning
1,-2.81581,0.490481,0.752676,Warning
15,-2.28525,0.234728,0.998192,Critical
17,4.58611,0.303302,0.607108,Warning
1,-2.16031,0.315701,1,Critical
10,-2.11241,0.698388,0.54224,Normal
14,-0.122891,0.433228,0.53618,Normal
19,1.3615,1.23714,0.909702,Critical
10,2.41513,1.60425,0.921538,Critical
17,-0.696282,0.519902,0.133659,Normal
16,-0.291632,0.762099,0.0938484,Normal
7,0.0547579,0,0.271921,Normal
7,0.214209,0.420206,0.502131,Normal
16,0.0693628,0.180774,0,Normal
8,-0.206906,0.629138,0.584479,Normal
17,0.273129,0.685968,0,Normal
19,1.26422,0.575789,1,Critical
16,0.603252,0.586988,0.543245,Normal
20,2.47775,0.607849,0.604491,Warning
5,-0.00146901,0.841887,0.0803202,Normal
2,0.7323,0.49415,0.150941,Normal
12,-1.79245,0.697927,0.928827,Critical
18,0.184087,0.288682,0.542139,Normal
2,1.25767,0.835203,0.791649,Warning
5,-0.0982761,0.261864,0,Normal
16,0.423758,0.189777,0.830559,Warning
17,3.0263,0.641629,0.770442,Warning
3,0.8001,0.572579,0.138168,Normal
0,0.419332,0.362255,0.16,Warning
1,-2.68667,0.273377,0.674649,Warning
19,-0.332563,0.404192,0,Normal
2,-0.555106,0.58275,0.233364,Normal
1,1.5943,0.313666,1,Critical
22,0.922971,1.31952,0.376238,Normal
8,0.37325,0.556973,0.201987,Normal
21,-2.32428,0.177303,0.365231,Normal
22,1.08436,1.22957,0.743263,Warning
10,0.699076,0.649349,0.14969,Normal
5,0.864115,0.461417,0.278048,Normal
14,3.02251,0.691763,0.72895,Warning
1,0.188879,0.147428,0,Normal
22,0.157456,0.574392,0.0513959,Normal
16,-3,0.749454,0.875206,Warning
20,-1.087,1.13161,0.0442173,Normal
18,-1.43255,0.543666,1,Critical
15,-0.54334,0.415737,0.418411,Normal
0,-1.0787,0.184766,0.403781,Normal
23,0.0311855,0.373714,0.456369,Normal
12,-3,0.820679,0.773725,Warning
9,-0.106389,0.626498,0.707257,Normal
18,-0.527739,0.482855,0.672453,Warning
17,-0.127834,0.495694,0.635085,Normal
21,-2.40434,0.235886,0.476087,Normal
9,-0.0463865,0.625433,0,Normal
12,1.74438,0.651313,0.834574,Warning
22,0.0377693,1.45722,0.141897,Normal
18,0.0759273,0.878675,0.258554,Normal
13,-0.887872,0.581803,0.652749,Warning
13,0.389293,0.314533,0.0597231,Normal
12,-0.257303,0.385685,0.646283,Warning
22,-0.57987,0.821831,0.389846,Normal
22,-3,0.165011,0.432204,Normal
1,-3.81016,0.236665,1,Critical
0,-1.48011,0,0.922008,Critical
15,1.97964,1.11793,0.890524,Warning
2,0.122922,0,0.0878335,Normal
3,2.54576,1.06734,0.880932,Normal
22,1.58758,0,0.768954,Warning
1,-0.156396,1.03614,0,Normal
23,0.598687,0.761544,0.197541,Normal
2,-0.539053,1.1707,0.574615,Normal
2,-0.366506,0.0818409,0.00701943,Normal
5,1.93483,0,0.92941,Critical
4,0.118007,0,0.248317,Normal
21,-3,1.03706,0.605549,Critical
8,-0.840911,0.650021,0,Normal
7,-1.90703,0.719855,0.198618,Normal
8,2.96942,0.153651,1,Critical
2,0.786816,1.09402,0,Normal
17,0.340159,0.770958,0,Normal
21,-0.703086,0.749694,0.0877754,Normal
5,-2.01682,0.659382,0.923834,Critical
9,1.36581,0.959742,0.810089,Warning
19,-1.72322,0,0.494537,Normal
1,-0.448522,1.20345,0.155285,Normal
3,2.67091,0.692624,0.795032,Critical
11,-1.16696,1.02395,0.34985,Normal
11,-3,0.155727,0.658238,Warning
15,-3,0.554671,0.654425,Warning
2,-3.78454,1.45951,1,Critical
3,1.02211,0.443683,0.701075,Warning
7,0.276404,0.748681,0.265261,Normal
11,0.129592,0.731822,0,Normal
18,-1.11171,0.28079,0.570406,Normal
3,-0.18422,0.102815,0.399112,Normal
8,2.73367,0.77664,1,Critical
15,0.060593,0.139685,0,Normal
11,0.131881,0.543883,0.313412,Normal
4,2.44834,0.240926,1,Critical
19,-0.469672,0.743273,0.488914,Normal
16,0.142053,0.395537,0.393824,Normal
16,0.600595,0.929424,0.268727,Normal
14,0.0527489,0.51823,0.149514,Normal
2,2.56329,0.431879,0.884402,Warning
11,2.58874,0.646842,0.393726,Normal
16,-2.36672,0.599668,0.976444,Critical
20,0.586641,1.25605,0.380129,Normal
6,2.0165,1.14212,0.735707,Warning
14,2.96801,0.816056,1,Critical
3,-0.391043,0.593044,0,Normal
17,-0.120549,0,0.546568,Normal
11,1.08181,0.396006,0.914176,Warning
20,-0.710347,0.491565,0.402753,Normal
8,3.07153,0.802566,0.99616,Critical
4,1.38286,0.403331,0.688706,Warning
22,-3,1.17254,1,Critical
11,3.38698,1.05494,0.569468,Normal
13,-1.33667,0,1,Critical
5,2.76146,0.979802,1,Critical
15,1.49205,0.317675,0.365137,Normal
0,-2.39436,0.529424,0.935047,Critical
9,-3,0.0440562,0.583296,Normal
18,-2.78331,0.659062,0.867608,Warning
11,-0.286123,0.194046,0.348527,Normal
8,-0.594489,1.01447,0.0764011,Normal
1,2.2525,0.375442,0.645336,Warning
22,3.27943,0.112774,0.85952,Warning
10,1.13658,0.841238,0.768854,Warning
19,-3,0.734095,0.546619,Normal
2,-0.270596,0.868434,0.390473,Normal
7,-0.980218,1.01549,0,Normal
8,-0.39004,0.672089,0.317241,Normal
21,-1.88657,0.774819,0.523665,Normal
7,0.838392,0.200245,0.263575,Normal
21,0.475448,0.164483,0.478951,Normal
20,0.936919,0.529085,0.275976,Normal
17,0.905879,0.0133443,0,Normal
17,-0.988423,0.309859,0.514392,Normal
2,-0.800504,0.277264,0.549605,Normal
8,0.0242946,0.501221,0.266443,Normal
10,0.205129,0.993987,0,Normal
1,0.793626,0.892035,0.235528,Normal
5,2.19716,0.756387,0.487535,Normal
7,-3.60447,0.520844,0.634455,Warning
2,-2.05437,0.817608,0.656865,Warning
19,-0.0185018,0.834007,0.725234,Normal
11,0.272105,0.517089,0.215475,Normal
18,0.701789,0.575488,0.284108,Normal
12,-2.63023,0.840581,0.563931,Normal
1,-0.2861,1.13767,0,Normal
18,0.0437271,0.991928,0.0415874,Normal
4,0.248826,0.0505688,0.252059,Normal
4,-0.278794,0.448434,0.0223632,Normal
15,1.08273,0.157709,0.365167,Normal
20,-0.510378,0.236416,0,Normal
12,0.268845,0.673033,0.140034,Normal
2,-3.25796,0.941147,0.476423,Normal
8,-0.0313648,0,0,Normal
21,0.308141,0.259666,0.41464,Normal
22,2.97421,0.268798,0.827686,Warning
15,3.27482,0.299994,0.71017,Warning
21,-0.633081,0.342677,0.168276,Normal
4,-0.930209,0.225684,0.6831,Warning
15,-3,0.464051,1,Critical
0,0.933014,0.888656,0.49749,Normal
20,1.53674,0,0.77428,Warning
23,0.415046,0,0.451459,Normal
11,0.390823,0.663316,0.421283,Normal
16,-3,0.617393,0.466972,Normal
19,-2.49659,0.964774,0.88086,Warning
20,-0.731653,0.249829,0,Normal
0,-2.94669,0.572923,0.559764,Normal
23,-3,1.06658,1,Critical
11,-0.227335,0.223207,0.640129,Normal
9,0.0909124,1.36378,0,Normal
1,0.362893,1.23856,0.377789,Normal
21,1.98203,0.897677,0.59018,Normal
21,2.00967,0.87352,0.939924,Critical
17,1.84104,0.385585,0.573257,Normal
14,2.17567,0,0.512059,Normal
5,-0.527659,0.740786,0.568679,Normal
8,-0.275812,0.611325,0.477754,Normal
0,-1.64581,1.39299,0.932702,Critical
13,0.205909,0.363484,0.0482928,Normal
16,2.45534,1.42305,0.75931,Warning
19,2.2034,1.23647,0.786138,Warning
12,3.18903,0.82825,0.642004,Warning
18,2.37386,0.880782,0.79505,Warning
5,2.68959,1.00799,0.885421,Warning
11,-1.11449,0.598811,0.914216,Warning
7,0.321391,0.745874,0.193863,Normal
23,-1.16634,0,0.476224,Normal
14,-0.863797,0.345982,0.49514,Warning
7,-0.0145185,0.0693321,0.114259,Normal
3,0.974364,1.01939,0.209185,Normal
13,-0.482454,0.892536,1,Warning
18,0.106059,0.189938,0.499923,Normal
14,0.101137,0.312698,0.725919,Normal
13,-2.24871,0.229462,0.599674,Normal
21,1.29995,0.549202,0.848295,Warning
1,0.0750723,0.753058,0.604501,Normal
9,-3,0.496254,0.920601,Critical
12,-3,0.998556,0.884476,Warning
10,0.890223,0.974096,0,Normal
5,0.911505,0.66351,0.259004,Normal
21,0.725327,0.812762,0.377441,Normal
1,-0.43973,0.76768,0.341051,Normal
8,1.67566,0.444544,1,Critical
12,-3,0.840884,0.578567,Normal
14,0.0381223,0.950677,0.0615872,Normal
4,-0.356453,0.82282,0.517779,Normal
21,2.59242,0.346929,1,Critical
7,-3.3127,0.847426,0.743418,Warning
11,1.59988,1.59861,0.942977,Critical
14,0.858248,0,0.479545,Normal
15,-0.527789,0.350988,0,Normal
21,-0.364637,0.395317,0.498948,Warning
10,-1.10807,0.69111,0.417636,Normal
22,-0.334138,0.840914,0.288869,Normal
18,3.41271,0.41356,0.68742,Warning
10,1.03579,0.244296,0.72364,Warning
7,-0.308325,0.368714,0,Normal
4,-0.772968,1.05691,1,Warning
22,1.09279,0.887034,0.465146,Warning
12,-3,0.489316,0.606073,Warning
1,-0.101935,0.751579,0.184122,Normal
16,-1.1374,0.954881,0.327945,Normal
21,0.52932,0.325831,0.260362,Normal
1,-0.629606,0.0687232,0.106065,Normal
17,-0.246035,0.836402,0.360259,Warning
13,-2.56682,1.09293,0.75863,Warning
1,1.50783,0.33531,1,Critical
15,2.64462,0.171681,0.924484,Critical
14,-2.64722,0.761016,1,Critical
18,0.0978708,0,0.548096,Normal
18,2.14567,0,0.802941,Warning
13,1.13147,0.60136,0.781327,Warning
13,-3,0.268564,0.64338,Warning
13,0.277412,0.216188,0.180787,Normal
4,0.92483,0.560002,0.183368,Normal
11,-1.23614,1.2043,0.596397,Normal
15,-1.03313,0.640752,0.636861,Warning
16,0.354703,0.651172,0.0723237,Normal
10,-0.0233732,0.805028,0.630901,Normal
4,0.43867,1.04584,0.463261,Normal
12,-3,0.480793,0.235659,Normal
21,0.0226746,0.820086,0,Normal
11,0.427538,0.126435,0.0888582,Normal
13,-0.668058,0.406515,0.417181,Normal
10,-0.229956,0.71806,0.50777,Normal
18,-2.18926,0.889553,0.687339,Warning
17,-1.00428,0.860414,0.346371,Normal
2,-0.164488,0.808883,0,Normal
16,2.03583,0,0.873889,Warning
21,-3,0.572538,0.563062,Normal
21,0.226842,0.889832,0,Normal
21,-0.202581,1.26069,0.258217,Normal
0,-0.500789,0.41743,0.226685,Normal
19,-3,0.381861,0.254133,Normal
4,0.49737,0,0,Normal
16,1.45425,0.41748,0.938591,Critical
5,0.843129,0.203157,0.0813832,Warning
14,-0.570334,0.29963,0.478821,Normal
22,-0.307151,1.1128,0.406008,Normal
0,1.15592,0.640844,0.797179,Warning
16,3.0949,0.510918,0.6015,Warning
0,-3.24865,0,0.607153,Warning
1,-2.20003,0.562012,1,Critical
9,0.997559,1.00916,0,Warning
8,0.247682,0.479615,0.118043,Normal
18,-2.74175,1.02763,0.181874,Normal
18,0.965472,0.814663,0.397109,Normal
10,0.696264,0.615812,0,Normal
14,1.29871,0.052737,1,Critical
9,-0.568187,0,0.498267,Normal
4,1.87753,0.981322,1,Critical
20,2.14443,1.02749,0.571442,Normal
1,-1.06313,1.17073,0.554546,Normal
16,0.163487,0.995652,0,Normal
22,0.858435,0.914208,0.416251,Normal
8,2.92299,0,1,Critical
12,3.09696,0.465524,0.984156,Critical
23,-1.87204,0.943164,1,Critical
21,-0.677445,1.02432,0.601749,Warning
11,-3,0.100869,0.878016,Warning
4,0.264097,0.318119,0.228074,Normal
5,0.441355,0.524865,0.538836,Normal
2,-1.21142,0.41559,0.63467,Warning
7,-1.57522,0.449668,1,Critical
15,0.825868,0.594108,0.264974,Normal
22,2.36471,0.222247,1,Critical
7,-2.83877,0.227622,0.874696,Warning
19,0.0723429,0.68341,0.217866,Normal
3,-0.199159,0.866191,0.35575,Normal
7,-0.476333,1.01056,0.135598,Normal
19,-1.60859,0,0.71731,Warning
1,-0.727796,0.853681,0.0905464,Normal
11,3.67667,0.364946,1,Critical
10,-0.83669,0.914987,0.13081,Normal
5,-3.76685,0.317526,0.969421,Critical
22,1.0577,0,0.626518,Warning
18,0.831588,0.0408856,0.0967466,Normal
9,-0.28292,1.0676,0.275749,Normal
10,-0.924339,0.494738,0.371958,Normal
23,0.936899,1.11421,0.364447,Normal
1,1.26097,0.231659,0.445623,Normal
3,0.341117,0.681268,0.122708,Normal
12,-2.60356,0.346197,0.988111,Critical
20,-0.0237257,0.747684,1,Normal
17,-0.666611,0.580519,0.545078,Normal
16,-2.86553,0.769191,0.874363,Warning
22,3.15075,0,0.446227,Normal
12,3.8965,0.461003,0.418331,Normal
18,2.19213,0,0.408129,Normal
15,0.258633,1.09679,0.0695718,Normal
13,-0.529637,0.199788,0.286418,Normal
1,-0.452991,0.541979,0,Normal
19,0.487084,0.641285,0.27633,Normal
22,1.52077,0.721517,0.982274,Critical
17,-1.11471,0.116327,0.904261,Warning
12,-3,0.644028,0.350597,Normal
5,0.566134,0.2234,0.157729,Normal
11,-3,0.337389,0.369906,Normal
3,0.329318,0,0.107672,Normal
3,-1.67743,1.06775,0.379548,Normal
5,-0.0583352,1.16906,0.421149,Normal
20,-3,1.41162,0.873044,Warning
7,-0.975616,1.15879,0.534375,Normal
13,-0.43866,0.53142,0.14886,Normal
4,3.0148,0.396876,0.760275,Warning
1,-0.0660726,0.486671,0.392638,Normal
22,0.639439,0.278144,0.621732,Warning
12,-0.0216759,0.989406,0.861154,Normal
6,-0.659484,0.928036,0.228872,Warning
20,0.135101,0,0.257926,Normal
5,0.645012,0.743806,0.0607502,Warning
8,0.609546,1.03735,0.163187,Normal
15,1.35166,0.342659,0.566168,Normal
6,0.563323,0.212873,0.35177,Normal
8,2.35782,1.0671,1,Critical
2,0.62066,0.796195,0.260925,Normal
10,4.01869,0.033575,0.563533,Normal
8,-1.39447,0.186221,0.344291,Normal
14,-2.0391,0.757091,0.508163,Normal
23,-0.454961,0.346271,0,Normal
4,-1.11975,0.843495,0.209237,Normal
0,-2.6413,1.22939,0.65626,Warning
21,2.84752,0.642838,1,Critical
15,-0.440508,0.606947,0.156496,Normal
5,-3.53987,0.414504,1,Critical
16,-2.38497,0.655533,0.650504,Warning
11,-0.339698,0.222753,0.196567,Normal
5,-0.201904,0.743222,0.231983,Normal
13,-0.524578,0,0,Normal
15,-2.25903,0.655279,1,Critical
19,-0.357354,0.397083,0.0799525,Warning
20,2.72469,0,0.369373,Normal
3,0.347761,0.503964,0.562044,Normal
3,0.538526,0.199904,0,Normal
16,3.53246,0,0.72596,Warning
17,-0.115531,0.248595,0.198952,Normal
6,0.875159,0.542132,0,Normal
17,0.155761,0.566038,0.0967823,Normal
1,0.358852,0.447054,0.616301,Normal
1,-0.0285398,0.378486,0.186029,Normal
17,0.265635,0.659201,0,Normal
0,2.55693,0.390703,0.602273,Warning
0,-1.80075,0.465919,0.743374,Warning
19,-0.761683,0.24804,0.0824971,Normal
13,-0.828032,0.71311,0.476425,Normal
3,2.97105,0.465665,1,Critical
4,-0.282858,1.13904,0.845267,Normal
20,-1.64566,1.0988,0.74825,Normal
16,0.524494,0.669239,0.197368,Normal
15,-0.206103,0.59627,0.708623,Normal
15,-0.770051,0.0907926,0.460906,Normal
8,-0.0763176,0.343924,0,Normal
4,1.90756,0.432652,0.574753,Normal
21,-0.710219,0.640441,0.0019956,Normal
1,0.881278,0.951066,0.714148,Warning
1,-1.10566,0.99332,0.394324,Normal
16,0.269148,0.648737,0.395851,Normal
18,-1.15118,0.697073,0.635861,Warning
18,0.375821,0.655993,0.177527,Normal
4,-2.3558,0.70782,0.927154,Critical
21,0.177999,0.629683,0.359701,Normal
17,-0.165338,0.616174,0.576529,Normal
13,-0.347324,0.189846,0.20314,Normal
5,-3.71015,0.252109,0.706532,Warning
6,2.27989,0.141587,0.608704,Warning
13,-3,0.451856,0.204388,Normal
22,0.19826,0.335112,0.275469,Normal
7,0.0946066,0.582503,0,Normal
18,0.0222761,0.899511,0.138015,Normal
22,-0.861724,0.0574795,0.233119,Normal
2,-4.36313,0.663859,1,Critical
9,-1.03168,0.985703,0.802546,Warning
0,0.196715,0.622228,0,Normal
11,3.72102,0,1,Critical
17,-1.5936,0.455988,0.547195,Normal
2,-0.781151,0.737055,0.168966,Normal
14,1.86492,0.920942,0.745795,Warning
3,-3.39755,0.796596,0.801186,Warning
13,0.158989,0.619702,0.313034,Normal
20,4.64711,0.437117,0.639349,Warning
18,1.43565,0.415897,0.59941,Normal
21,-1.63868,0.960052,0.665129,Warning
10,0.242859,0.427134,0.446719,Normal
2,0.0860831,0.64479,0.494274,Normal
22,0.449669,0.816155,0.318034,Normal
8,-1.94373,0.861866,0.652214,Warning
2,2.4215,0.964822,0.587865,Normal
9,2.4501,0.140075,0.710459,Warning
16,-0.268124,0.29738,0.517313,Normal
5,2.15779,0.567007,0.770444,Warning
2,-0.354783,0.978774,0,Normal
12,4.0011,0.52993,0.662023,Warning
3,0.68226,0.378135,0.544873,Normal
19,0.133819,0.2377,0,Normal
12,-0.39549,0.374013,0.126774,Normal
1,-2.00198,0.579404,0.630352,Warning
11,0.819915,0.118454,0,Normal
18,-0.325438,1.12952,0.580243,Normal
9,4.00887,0,0.920756,Critical
7,1.86179,0.360242,1,Critical
22,-0.542438,0,0.374686,Normal
8,-1.08148,0.459251,0.745331,Warning
15,-1.64381,0.609864,1,Critical
7,-2.18372,0.710576,0.208511,Normal
17,-0.0823706,0.441883,0.330564,Normal
23,0.290743,0.766843,0.239795,Normal
4,-0.476526,0.256704,0.0632838,Normal
14,0.0599966,0.469419,0.201288,Normal
20,1.42477,0.420737,0.738962,Warning
8,1.41386,1.01263,1,Critical
23,1.62371,0.627602,0.484958,Normal
1,0.376276,0.246295,0.270624,Normal
8,1.24177,0.480985,0.673516,Warning
19,-1.00665,1.34976,0.90156,Warning
5,-0.543363,0.865007,0.206599,Normal
7,-1.14638,0.0682403,0.594335,Normal
7,-2.22873,0.88987,0.606039,Warning
1,0.629138,0.00682439,0.453066,Normal
12,-0.859303,0.217955,0.24678,Normal
19,0.427785,0.13906,0.434567,Normal
21,0.444952,0.519991,0.579173,Normal
9,0.567558,0.858137,0,Warning
7,4.56092,0.492877,0.578241,Normal
16,1.6246,0.461808,0.754414,Warning
23,0.116242,0.318533,0.379397,Normal
17,-1.17526,1.50306,1,Warning
17,-3,0.906163,0.539386,Normal
19,-0.118247,0.856346,0.300652,Normal
3,2.74928,0.312643,0.859538,Warning
8,2.15159,0.518153,0.592809,Normal
11,3.5406,0.304023,0.845479,Warning
23,-0.339072,0.218359,0.378462,Normal
0,-0.760548,0.793665,0.137924,Normal
14,-0.455087,0.871363,0.770276,Warning
1,0.0381736,0.840178,0.343701,Normal
23,1.63809,0,1,Critical
9,2.45666,0.378854,0.553031,Normal
3,-0.680407,0,0.0261734,Normal
12,-0.066635,0.755925,0.355987,Normal
0,0.304374,0.375865,0,Normal
2,0.627011,0.92327,0.405285,Normal
13,-0.837651,0.0618718,0.619471,Warning
16,1.65781,0.538206,1,Critical
17,0.393334,0.360704,0.434635,Normal
13,4.45966,0.535929,0.698257,Warning
1,0.679376,0.333427,0.000303146,Normal
19,-2.20835,0.575043,0.937395,Critical
10,-1.73559,0,0.714701,Warning
21,-0.848924,0.768705,0.127962,Normal
4,-2.44971,1.21564,0.940596,Critical
5,2.59795,0.454685,0.735288,Warning
23,0.959209,0.413439,0,Normal
9,1.01276,1.02966,0.682452,Warning
22,-3,0.774437,0.626791,Warning
20,0.585901,0.71226,0.0384042,Normal
14,-0.243873,0.815986,0.64993,Normal
12,-0.110965,0.664058,0.215227,Normal
9,0.441759,0.650599,0,Normal
19,0.479848,0.935468,0.275012,Normal
9,-1.49059,1.08375,0.380311,Normal
6,0.869656,0.690037,0,Warning
3,3.04916,0.380033,0.705971,Warning
2,-1.18634,0.705328,0.638219,Warning
13,-0.828032,0.806922,0,Warning
14,-1.8462,0.679408,0.740868,Warning
3,1.18267,0.677195,0.455219,Normal
23,-0.199694,0.198913,0.305364,Normal
9,-2.82667,0.601296,0.764631,Warning
18,-2.3755,0.428033,1,Critical
16,-0.257226,0.731237,0.212258,Normal
23,0.65225,0.430759,0.212566,Normal
4,0.534096,0.65645,0.309051,Normal
18,-0.0524031,0.568738,0.107527,Normal
6,0.270555,0.957683,0,Normal
3,-0.066283,0.600793,0.207544,Normal
14,3.51662,0.592758,0.915681,Critical
19,-0.138223,1.79056,0,Normal
17,-1.90416,0.750658,0.836496,Warning
5,-0.961142,0.403564,0.395759,Normal
9,-1.09896,0.518126,0.816063,Warning
12,1.31536,1.18509,0.631717,Warning
9,-1.11639,0.292159,0.510629,Normal
14,0.751104,0.593032,0.151739,Normal
9,0.814494,0.666771,0,Normal
14,-0.79286,0,0.295212,Normal
10,0.658809,0.766009,0.32141,Normal
17,1.00445,1.31439,0.832034,Warning
22,0.686062,0.530833,0.419401,Normal
21,1.84188,0.250171,1,Critical
14,0.593109,0.42151,0.498691,Normal
22,0.910067,0.618547,0.410875,Normal
4,0.978312,0,0.245132,Normal
10,-0.230433,0.827803,0.0433987,Normal
23,-0.46484,0.719621,0.19268,Normal
4,-0.604539,1.0023,0.197865,Normal
6,0.364984,0.258169,0.212786,Normal
10,-0.198252,0,0.254452,Normal
9,0.505762,0.859526,0,Normal
12,1.14173,0.317238,0.262576,Normal
0,-2.90794,0.482472,1,Critical
18,-1.46321,0.603551,1,Critical
22,0.969227,1.694,0.341,Normal
18,-1.69336,0.0791637,0.915578,Critical
21,-3,1.39165,0.787253,Warning
0,0.85908,0.254939,0.440124,Normal
6,1.04726,0.4861,1,Warning
8,1.232,0.553729,1,Critical
3,0.306244,0.248667,0,Normal
5,0.123526,1.02969,0.0564972,Normal
11,0.97326,0.0463013,0.496695,Normal
23,-2.30737,0.677999,0.971455,Critical
5,-1.73333,0.580358,0.269515,Normal
13,-0.527762,0.498748,0.634577,Warning
2,3.14543,0.200185,0.872518,Warning
0,-0.170776,0.952159,0.244581,Normal
16,0.589528,0.165767,0.557281,Normal
16,2.98773,0.862694,0.470782,Normal
21,-1.64193,0.985415,0.606779,Warning
10,0.343407,0.663872,0.444173,Normal
1,0.457961,0.494928,0.258477,Normal
17,2.515,0,0.536931,Normal
23,-0.225697,0.967852,0,Normal
0,0.336129,0.270621,0.278009,Warning
23,-0.489981,0.262827,0.394809,Normal
8,0.100448,0,0,Normal
10,0.51654,0.59242,0.621527,Warning
13,-0.0706347,1.59253,0.474097,Normal
23,-0.471939,0.163347,0,Normal
0,0.575643,0.208894,0,Normal
13,-0.450887,0.637757,0.490415,Warning
4,1.97308,0.857125,0.70856,Warning
19,0.860637,0.0659646,0.315074,Warning
15,0.0992616,0.578638,0,Warning
9,0.428855,0.696868,0.189874,Normal
20,-0.0837686,0.564415,0.425134,Normal
16,-1.01412,0.819807,1,Warning
9,2.63749,0.680853,0.601321,Warning
22,-0.874598,1.12117,0.234726,Normal
7,2.13222,1.35686,1,Critical
10,0.0681716,0.142642,0,Normal
2,-0.532655,0.690451,0.523572,Normal
10,2.00623,0.257018,0.320909,Normal
10,-0.222964,1.17269,0.899859,Normal
11,-3,1.10676,1,Critical
8,-0.663222,0.375379,0,Normal
17,-0.811778,0.738997,0,Normal
15,-0.640902,1.03868,0,Normal
23,0.10127,0.294772,0.351043,Normal
8,0.46878,0.283804,0.461651,Normal
17,-0.46531,0.31321,0.459608,Normal
18,-1.95995,0.481158,0.753498,Warning
16,-0.989971,0.80926,0.401628,Normal
7,-0.666627,0.688849,0,Normal
19,0.125646,0.0727874,0.0299375,Normal
5,-1.74853,0.275168,0.664484,Warning
22,-0.970625,0.991667,0.538114,Normal
7,-1.24454,0.45163,1,Critical
23,0.745027,0.709671,0.0167578,Normal
17,-0.567358,1.1254,0.575249,Normal
18,0.847844,0.77869,0,Normal
7,0.100433,0.371546,0.432548,Normal
11,0.15977,0.348011,0.57163,Normal
8,0.699532,1.08896,0.467483,Normal
15,0.118022,0.409559,0,Normal
3,1.35999,0.989367,0.491454,Normal
21,2.80205,0.757446,0.939311,Critical
18,-1.52055,0.521566,0.676315,Warning
3,3.00017,1.33132,0.803495,Warning
20,1.04566,0.461552,0.290999,Normal
14,0.707102,1.08191,0.309011,Normal
7,0.43269,0.463529,0.311262,Normal
2,-2.42155,0.272636,0.680423,Warning
14,-0.0128524,1.16438,0.272967,Normal
5,-1.0938,0.049642,0.582691,Normal
18,0.976121,0,0,Normal
10,-1.77974,0.768568,1,Critical
8,0.596734,0.157276,0.283613,Normal
8,2.37754,0.475938,1,Critical
9,0.722945,0.878281,0.269719,Normal
21,-1.98666,0.308633,0.823947,Warning
15,3.02102,0.391498,0.909416,Warning
0,-0.00643789,0.802247,0.0667412,Normal
20,0.466006,0.360577,0.329214,Normal
18,2.53231,0.168568,0.74966,Warning
9,-3,0.00969631,0.962973,Critical
22,-2.74331,0.220475,0.574859,Normal
2,-1.97609,0.263658,0.18021,Normal
0,0.191997,0.0426902,0.343619,Normal
11,-0.329857,0.447677,0,Normal
6,0.0326759,0.0174172,0.11283,Normal
12,-0.638927,0.676778,0.180975,Normal
8,2.38399,0.555524,0.989209,Critical
20,1.28463,0.95104,0.586887,Warning
18,-3,0.629112,1,Critical
20,-0.775235,0.594978,0.101366,Normal
17,1.06661,0.535128,0.770269,Warning
22,0.227045,0.90699,0.589328,Normal
0,0.523289,0.216758,0.283651,Normal
1,-0.282914,1.04428,0.107922,Normal
19,0.176778,0.319212,0.209867,Normal
12,2.38966,0.058515,0.336598,Normal
20,-0.524507,0,0.371518,Normal
16,0.41011,0.194638,0.517412,Normal
12,1.71391,0.289109,0.601737,Warning
5,-3.34795,0.949913,0.901798,Critical
12,-3,0.190515,0.752039,Warning
9,0.77921,0.458634,0.679018,Warning
11,-2.29208,1.08967,0.957375,Critical
14,2.95456,0.206778,0.852475,Warning
21,1.67512,0.1997,0.444438,Normal
22,-2.32863,0.848313,0.835829,Warning
5,0.844418,0.527887,0.0343253,Normal
23,-1.72213,1.05751,1,Critical
14,0.642383,0.586853,0.333821,Normal
15,0.969346,0.791632,0.655381,Warning
8,-0.424444,0.478063,0.206387,Normal
20,1.01076,0.348567,0.61456,Warning
23,0.165153,1.18933,0.0225414,Normal
18,3.3587,0.550103,0.496263,Normal
14,3.89514,0.516672,1,Critical
13,2.6892,0.679067,0.773146,Warning
0,2.13339,1.17888,0.938066,Critical
18,0.835377,0.615534,0.469427,Normal
15,-2.7005,0.471145,0.467469,Normal
15,1.42784,1.29104,1,Critical
13,-2.78893,0.778971,0.839569,Warning
13,0.552638,0.318888,0.14927,Normal
14,0.162874,0.271512,0.65466,Normal
9,2.46253,1.16847,0.714831,Warning
4,-0.688493,0.155872,0.000648858,Normal
17,-0.147342,1.07136,0.339676,Normal
23,-2.71591,0.549926,0.748927,Critical
3,-0.600997,0.824587,0,Warning
8,-2.18653,0.734518,0.23563,Normal
12,-1.25936,0.56847,0.371341,Normal
3,0.0710909,0.215077,0.557489,Normal
1,0.509718,0.549395,0,Normal
19,-0.972271,1.19628,0,Normal
3,-2.6699,0.632378,0.647561,Warning
16,-0.478027,0.384201,0.10239,Normal
6,-1.07844,0,0.795947,Warning
18,-2.04818,0.893714,0.948725,Critical
9,-0.106976,0.201475,0.377334,Normal
14,-0.481592,0.632466,0,Normal
20,0.551488,1.20065,0.929952,Warning
9,0.802848,1.31034,0.466246,Normal
19,-2.10612,0.339216,0.805034,Warning
9,1.12456,0.480289,0.731106,Warning
19,-0.0291169,0.959603,0.5226,Normal
6,-0.775086,0,0,Normal
13,-1.77234,0.367504,0.856712,Warning
7,0.975034,0.223378,0.310102,Normal
9,0.331271,0.909729,0.260871,Normal
10,0.254648,0.829583,0.76838,Normal
0,-1.51497,0.749712,0.856325,Warning
13,-1.06331,0.46008,1,Warning
9,-0.977598,1.27586,0.235229,Normal
16,0.783359,0.00381641,0.20858,Normal
7,-0.288489,0.3833,0.34336,Normal
12,0.683359,0.011645,0.102357,Normal
13,0.497702,0.673333,0.836074,Warning
22,-0.180396,0.573182,0.546848,Normal
15,2.40532,0.00922406,0.771943,Critical
1,0.347509,0.521933,0.0838652,Normal
5,3.78055,0.423168,0.880322,Warning
15,0.647578,1.1903,0.0296126,Normal
22,0.28665,0.353149,0,Normal
0,-0.983374,0.685064,0.116495,Normal
2,2.64054,0.270797,0.848415,Warning
22,-0.605372,0,0.434084,Normal
18,0.925392,1.0475,0.183354,Normal
6,0.886054,0.534549,0,Normal
19,-0.849053,1.08898,0.410921,Normal
20,3.10438,0.100224,0.915294,Critical
22,2.49591,0.640781,1,Critical
12,2.75408,0.804063,0.529678,Normal
13,1.42374,0.811062,1,Critical
22,-1.55565,0.293226,0.994946,Critical
10,-0.0254005,0.415063,0.347932,Normal
23,-3,0.807454,0.452928,Normal
9,-1.66901,0.791894,0.406625,Normal
2,-0.697097,0.985968,0.337011,Normal
6,0.292609,0.606721,0.218441,Normal
13,0.32378,0.259583,0.355566,Normal
4,-0.431331,0.159209,0.51186,Normal
15,2.61708,1.24306,1,Critical
10,0.717423,0.366167,0.272076,Normal
7,-2.96079,0.476335,0.968299,Critical
22,-0.720316,1.15975,0.40275,Normal
22,-0.811785,0.831748,0.682726,Warning
1,-0.201587,1.25238,0.0546875,Normal
7,-0.859393,0.852608,0.0940705,Normal
17,0.0626247,0.709833,0.0284819,Normal
3,-1.09906,0.00640334,0.680762,Warning
23,-0.170053,0.566621,0.158894,Normal
11,-0.809434,1.4205,0,Warning
20,0.0783517,0.835765,0.14407,Normal
21,-1.02317,0.287348,0.857251,Warning
2,0.633581,0.125766,0.781416,Warning
21,0.180174,0.154857,0.360757,Normal
12,-2.08853,1.84767,0.875008,Warning
18,-3,0.389608,0.401098,Normal
10,1.05335,1.00365,0.572155,Normal
5,1.08404,0.808696,0.67693,Warning
20,1.87637,0.882489,0.84812,Warning
5,-0.247193,0.252624,0,Normal
8,0.120135,0.912635,0.402273,Normal
13,0.137788,1.48515,0.298512,Normal
13,-0.63644,0.59781,0.111729,Normal
6,-0.653911,0.251305,0.161914,Normal
6,0.0318569,0.204346,0.586437,Normal
18,0.29532,0.900138,0.307852,Normal
9,-0.718376,0.684561,0.197806,Normal
18,-0.159044,0.419878,0.627108,Normal
15,-0.621257,0,0.506637,Normal
15,1.45499,1.28718,1,Critical
7,0.941642,0.361573,0.29005,Normal
4,0.687916,0.575647,0.424788,Normal
4,0.0678502,0.396282,0.38603,Normal
15,-0.566868,0.846026,0.0879539,Normal
8,0.0165073,1.01077,0.0447862,Normal
18,3.73206,0.380372,0.790625,Warning
6,0.253922,0,0.0401796,Normal
6,-1.22928,0.704782,0.710488,Warning
17,0.185711,1.14897,0.488157,Normal
2,1.61825,0.76886,0.576527,Normal
8,-0.0666495,0.00940315,0,Normal
13,-0.113833,0.656812,0.137295,Normal
1,2.37433,0.380274,0.693914,Warning
4,0.949126,0.911841,0.561386,Normal
8,-2.22242,0,0.904668,Critical
5,0.876723,0.58158,0.260927,Normal
15,0.503904,0.407373,0.114515,Normal
12,0.165802,0.770183,0,Normal
13,0.706017,0.690399,0.601997,Warning
23,0.484676,0.883438,0,Normal
15,1.66225,0.519288,0.60199,Warning
22,1.91472,0.100128,0.86433,Warning
14,0.426196,0.11131,0.401964,Normal
7,0.177041,0.651963,0,Normal
2,1.81774,0.872986,1,Critical
11,0.142045,0.614259,0.419254,Normal
14,-3,0.339398,0.781068,Warning
1,-1.63328,1.28921,0.645772,Warning
1,3.93479,0,0.745831,Warning
19,-0.779535,0.80687,0.0680093,Normal
21,0.62942,0.485084,0.223911,Normal
6,3.05767,0.801303,0.440659,Normal
23,0.252531,1.11701,0.532752,Normal
6,0.844229,0.0607222,0.474185,Normal
21,-2.26067,0,1,Critical
11,0.616323,1.20652,0.330587,Normal
21,-0.150659,0.803901,0,Normal
13,0.719237,0.79888,0,Normal
10,-0.73621,0.611768,0.443695,Normal
3,-2.53969,0.412881,0.210616,Normal
0,-2.69537,0,0.751539,Warning
22,0.580596,1.32453,0.163565,Normal
18,-0.277146,0.0456204,0.236907,Normal
2,-3.36608,1.06543,0.705699,Warning
0,-0.117094,0.745366,0.258681,Normal
14,2.26013,1.09768,0.706061,Warning
15,0.044532,0.51415,0.75509,Normal
3,-1.17933,0.509914,0.719385,Warning
16,0.546129,0.496836,0.278475,Normal
17,0.615455,1.37928,0.141354,Normal
13,0.171846,0.867985,0.394482,Normal
18,2.31443,0.822204,0.60378,Warning
23,-1.36591,0.499656,0.893557,Warning
11,2.7867,0.973588,0.615067,Warning
13,-2.1865,0.99446,1,Critical
23,-0.0191896,0.965546,0.399726,Normal
18,0.739217,0,0.123595,Normal
23,2.66412,0.704459,1,Critical
15,-1.26498,1.27364,0.556322,Normal
23,1.30685,0.730218,1,Critical
15,-1.31879,0.916318,0.907766,Critical
11,2.49859,0.433357,0.482144,Normal
0,2.41307,0.304727,1,Critical
14,0.999251,0.525754,1,Warning
4,0.715922,0.330375,0.0466909,Normal
2,-0.180995,1.31543,0.248529,Normal
5,1.80942,0.683946,0.691009,Warning
19,0.068009,0.932179,0.00754936,Normal
15,-0.805489,1.07293,0.307318,Normal
8,3.91903,0.524358,0.464994,Normal
16,0.0491162,0,0.288482,Normal
23,0.315797,0.954384,0.19123,Normal
12,-0.176724,0,0.0521743,Normal
4,0.303727,0.293143,0.488939,Normal
6,-0.0553298,0.746783,0.473085,Normal
12,-0.488959,0.880992,0.322595,Normal
13,-2.64626,0.279649,0.559159,Normal
14,-0.0365807,0.834649,0.0249533,Normal
0,0.173055,0,0.234016,Normal
12,1.17291,0.286004,0.854203,Warning
23,-0.171277,0.367404,0.205609,Normal
11,-0.718177,0.350113,0.483995,Normal
7,1.28512,1.04351,0.529688,Normal
20,-0.772879,0.169645,0.677108,Warning
11,-1.0016,0.586236,0.815039,Warning
21,-0.741575,0.163425,0.387037,Normal
10,1.86345,0.422421,0.697023,Warning
12,0.00634424,0.717285,0.310351,Normal
5,-1.05629,0.417829,0.783509,Warning
12,2.7053,0.0558564,0.807289,Warning
23,-0.47884,0.830575,0,Warning
13,2.6262,1.11008,0.902075,Critical
10,3.57044,1.17937,0.823232,Warning
20,0.475931,0.527829,0,Warning
14,-0.735421,1.10229,0.111683,Normal
18,0.456217,1.78891,0,Normal
10,-0.222676,0.914351,0.027956,Normal
13,-1.1673,0,1,Warning
18,0.36546,0,0.0669007,Normal
9,0.505198,0.622205,0.0808807,Normal
0,-0.292104,0.0715707,0.247979,Normal
17,0.596925,0.4588,0.27679,Normal
22,-1.0876,0.764457,0.683151,Warning
5,-0.116105,1.13467,0,Normal
11,-0.0794054,0.00380279,0.253266,Normal
15,-3,0.481746,0.641509,Warning
20,0.330939,0.501008,0,Normal
11,-2.65442,1.46438,0.930879,Critical
18,-0.363729,0.701486,0.332135,Normal
6,-1.08174,0.848166,0.589103,Normal
14,3.49599,1.31167,0.518337,Normal
17,-3,0.397516,0.854207,Warning
12,1.26268,0.500276,0.596136,Normal
1,0.121124,1.24772,0.130404,Normal
14,-3,0.227941,0.583748,Normal
4,-0.1141,0.613577,0.0946629,Normal
21,-0.859219,0.556344,0.226302,Normal
15,-3,0.139068,0.913387,Critical
1,-2.05505,0.670732,0.203644,Normal
23,1.01217,0.980018,0.358027,Normal
21,1.65242,0.605067,0.686444,Warning
19,-0.665638,0.694133,0.0957219,Normal
7,0.81372,0.567745,0.490911,Normal
15,0.166362,0.380528,0,Normal
22,2.97359,0.238335,0.588641,Normal
16,-0.80883,0.696186,0.3368,Normal
4,-1.43567,0.949738,0.222004,Normal
21,1.52459,0.868418,0.642001,Warning
3,-2.51164,0.655844,0.678378,Warning
16,3.11112,0.910264,1,Critical
19,0.382298,0.561587,0.786687,Normal
12,1.42916,0.467077,0.753911,Warning
22,2.30043,0,1,Critical
20,-1.01591,1.41167,0.373102,Normal
9,0.58505,0.510163,0.221082,Normal
18,1.922,0.562197,1,Critical
7,0.258783,0.247502,0.445801,Normal
13,0.278344,0.417296,0.181313,Normal
22,-0.316531,0.232212,0.414567,Normal
10,-3,0.376266,0.568352,Normal
2,-1.80031,0.742943,0.734349,Warning
13,0.650283,1.3789,0.28365,Normal
0,-2.27722,1.15492,0.880082,Warning
0,2.02398,0.38552,0.878896,Warning
22,0.622637,0.547176,0.907689,Critical
7,-0.542365,0.81619,0.263473,Normal
8,0.679568,0.28303,0.418797,Normal
19,0.920373,1.17785,0,Normal
18,1.13748,0.712267,1,Warning
16,-2.61025,0.850246,0.883435,Warning
5,-2.79504,0.517086,0.787921,Warning
11,-0.674699,0,0.473567,Normal
7,0.589153,0.708162,0.327927,Normal
5,-2.47642,0.557849,0.928815,Critical
14,-1.17284,0.623081,0.69567,Warning
19,1.03336,0.426393,0.69964,Warning
11,-0.0130784,0.70282,0.156054,Normal
17,3.44715,1.22553,1,Critical
2,0.69433,0.584193,0.354611,Normal
12,-0.152414,0.523776,0.490427,Normal
11,0.426445,1.14792,0.203171,Normal
4,2.75614,0.320675,0.668576,Normal
0,0.645088,0.445186,0.276393,Normal
8,-3.9452,0.662873,1,Critical
20,1.17696,0.50327,0.466962,Normal
1,-0.0623892,0.38084,0,Normal
3,0.64917,0.241997,0.301883,Normal
13,0.708973,0.406341,0.326187,Normal
11,3.64824,0.320368,0.871345,Warning
22,-1.44648,0.559249,0.81188,Warning
4,-0.128476,0.753794,0.261973,Normal
21,-0.0136164,0.644963,0.511614,Normal
16,0.497306,0.319127,0,Normal
12,0.584005,0.485953,0.351536,Normal
16,0.0141564,0.987618,0,Normal
22,-0.226183,0.0415603,0.216432,Normal
3,2.09789,1.01228,0.748357,Warning
19,0.464993,0.311368,0.259929,Normal
15,-0.617541,0.617203,0,Normal
18,0.361893,0.948972,0.266058,Normal
21,-1.62064,0.830933,0.517637,Normal
13,-0.180839,0.0485945,0.0221359,Normal
21,0.682199,0.510986,0.384013,Normal
20,-0.0998815,0.687213,0.23917,Normal
1,0.520631,0.241639,0,Normal
12,0.221147,0.277006,0.160911,Normal
20,0.684261,1.02057,0.647114,Warning
19,-1.64622,0.152308,1,Critical
10,0.412302,0.0131474,0.0201466,Normal
7,-2.19276,0.448985,1,Critical
19,-0.685272,1.24873,0.886069,Warning
14,-0.295494,0.0261586,0.84702,Normal
3,-0.782612,0.119675,0.189248,Normal
7,-1.03061,0.915832,0.579886,Normal
21,-0.179227,1.09674,0.206086,Normal
2,-0.00976067,0.467311,0.311224,Normal
8,0.969231,0.864955,0.608416,Warning
1,-1.9829,1.31083,1,Critical
6,1.09347,0.151058,0.832902,Warning
19,-0.0306432,0.860054,0,Normal
3,3.41975,0.593007,0.752769,Warning
15,1.90064,0.834762,0.784659,Warning
20,-1.43665,0.921308,0.777793,Normal
1,-0.825926,0.536815,0.141467,Normal
8,-0.107506,0.72115,0,Normal
22,-2.33496,1.58666,1,Critical
12,0.225106,0.926751,0.689964,Normal
14,2.2423,0.600684,0.469397,Normal
0,-0.608576,0.427492,0.592125,Normal
20,-0.484511,0.20184,0.433229,Normal
18,0.420284,0.612072,0.348693,Normal
10,-0.027094,0,0.249511,Normal
21,-3,0.612764,0.704561,Warning
22,-0.456009,0.9276,0.342816,Normal
6,0.360872,0.402742,0,Normal
16,0.626413,1.06694,0.483395,Normal
16,1.47793,0.435708,0.545347,Normal
5,-0.0430943,0.710998,0.486714,Normal
0,-3.67188,1.18799,0.935542,Critical
19,-0.292988,1.16963,0.480084,Normal
16,-0.967994,0.668965,0.0747245,Normal
7,2.13821,0.737426,0.745638,Warning
8,1.28266,0.460362,0.964668,Critical
8,-1.0467,1.17174,0.537483,Normal
8,-0.0981898,0,0.451732,Normal
22,-1.47474,0.550355,1,Critical
1,-0.503177,0.79775,0,Normal
2,-0.349545,0.0714368,0.282627,Normal
18,-0.744687,1.15899,0.283466,Normal
8,0.269589,0.302477,0.372,Warning
1,-1.82721,0.479489,0.739859,Warning
1,-1.20144,0.189622,0.752482,Warning
10,-0.664883,0.521847,0.489017,Normal
12,0.908682,0.162291,0.15923,Normal
14,-1.2883,0.621811,0.775593,Warning
23,0.292634,0.849784,0.498465,Normal
17,-0.48812,0.654876,0,Normal
3,0.188214,0.322015,0.48516,Normal
1,-1.03976,0.806383,0.984275,Warning
13,-3,0.303143,0.979405,Critical
16,-0.0149701,0.0873927,0,Normal
6,-0.265886,0.107581,0.013053,Normal
2,-1.2685,0.281264,0.84189,Warning
7,2.4201,0.0326045,0.954758,Critical
2,-0.207181,0.357097,0.261292,Warning
20,-2.40852,1.03631,0.804282,Warning
7,3.36519,0.901196,0.542674,Normal
11,2.88986,1.22491,1,Critical
22,-1.42235,0.58596,1,Critical
22,-1.76836,0.842007,0.78952,Warning
14,0.482605,0.645745,0,Normal
15,1.05704,0.407367,0.485657,Normal
1,-2.70538,0.517395,0.70953,Warning
0,-0.00830518,0.208417,0,Normal
10,2.80144,1.26822,0.6678,Warning
22,-0.12009,0.727257,0.0409265,Normal
1,-2.3084,0.613826,0.648076,Warning
21,0.24294,0.308576,0.534027,Normal
10,3.44863,1.31899,1,Critical
20,-2.30491,0.420031,0.349867,Normal
20,-1.31417,1.07346,1,Critical
12,1.02177,0.527821,0.583424,Normal
8,0.0941374,0.570622,0.178667,Normal
19,1.20058,0.83059,0.834474,Warning
4,-0.770194,0.200003,0,Normal
10,-0.00774241,0.323653,0,Normal
11,-0.612023,1.43926,0.722537,Normal
21,0.299243,0.293758,0.41963,Warning
5,-2.81458,0,0.551418,Normal
8,3.99896,0,0.700664,Warning
6,0.277344,0.488416,0.803418,Warning
23,-0.388177,1.15373,0.855279,Warning
16,0.662219,1.23931,0.0845155,Normal
6,1.27039,0.730322,0.518256,Normal
11,0.69439,0.547282,0,Warning
1,-0.499587,1.19313,0.591051,Normal
6,4.59807,0,0.374125,Normal
1,0.0597992,0.896524,0.306187,Normal
14,-3,0.674503,0.576179,Normal
12,-0.0105158,1.06024,0.438658,Normal
16,0.126024,0.361158,0.372246,Normal
22,0.177029,0.962176,0.178531,Normal
0,0.418557,1.00421,0.278874,Warning
18,-0.624949,0.671001,0,Normal
13,-0.323191,0,0.479139,Normal
18,1.54437,0.32464,1,Critical
3,-0.351046,0.281217,0.105667,Normal
17,2.12132,0.223425,0.395889,Normal
5,-0.760658,0.805658,0.327443,Normal
19,-3,0.613507,0.903491,Critical
20,-0.399066,1.68606,0.52966,Normal
23,-2.1333,1.41407,0.564666,Normal
1,-0.267258,0.587514,0,Normal
8,2.24237,0.775183,0.96204,Critical
8,0.661532,0.334792,0.41376,Normal
13,-1.2564,0.737074,0.86662,Warning
13,-0.900623,0.254229,0,Normal
22,-0.0342945,1.10442,0.135169,Normal
21,-0.760418,0.134881,0.511564,Normal
16,-2.83656,0.577624,0.541005,Normal
1,-0.180369,0.11259,0.0725006,Normal
18,2.91474,1.01154,1,Critical
23,2.44573,0.628932,0.293068,Normal
21,1.00313,0.890181,0.603857,Warning
9,0.587994,0.304686,0.302834,Normal
12,0.120342,0.827402,0.266095,Normal
13,0.0311281,0.483199,0,Normal
15,-0.0185306,1.16518,0.114049,Normal
0,-3.54988,0.390739,0.406896,Normal
17,-0.511695,0.534062,0.357694,Normal
18,0.431362,1.46982,0.232312,Normal
14,1.07724,0.0814805,0.690413,Warning
15,-0.0330527,0.363389,0.277196,Warning
13,-0.863371,0,0.37997,Normal
21,0.843185,0.668221,0.298694,Normal
16,1.12532,0.250796,0.388282,Normal
13,-2.24154,0.448376,1,Critical
10,-3,0.995149,0.520831,Normal
6,-0.804899,0.630751,0.530405,Normal
16,-0.593931,0.713927,0,Normal
9,0.026774,0.313019,0.210087,Normal
12,2.23552,0.113166,1,Critical
3,-1.04755,1.5344,0.975504,Warning
12,-0.247705,0.338383,0.166438,Normal
14,-0.0285495,0.686214,0,Normal
21,0.0708276,1.49422,0.144737,Normal
22,0.14226,0.958505,0.277737,Normal
6,0.183687,0.742233,0.166064,Normal
23,4.22744,0.181622,0.778467,Warning
9,0.772554,1.86172,0,Normal
0,2.89239,1.0758,0.578609,Normal
6,-1.01394,0.38333,0.557428,Normal
2,-0.35553,0.762355,0,Normal
8,-1.15517,0.621866,0.778703,Warning
17,-0.957726,0.550172,0,Normal
23,-0.333153,0.799244,0.205435,Normal
15,-1.71144,0.805288,0.798759,Warning
23,4.8563,0.445573,0.543182,Normal
3,0.949929,1.44266,0.398952,Normal
2,0.685573,1.31763,0.0026093,Warning
3,2.67808,0.662348,0.924294,Critical
7,-0.325045,0.29612,0,Normal
9,-0.00638666,1.08077,0,Normal
21,-0.0685286,0.335397,0.344526,Normal
8,1.07513,0.936704,0.356024,Normal
17,0.309714,1.18238,0,Normal
5,-1.2143,0.433483,0.873746,Warning
22,2.90124,1.3625,1,Critical
15,-1.19791,1.1593,0.823387,Warning
16,-1.66398,0.745613,0.40572,Normal
11,-0.095165,0,0.226079,Normal
4,3.2648,0.79391,0.898641,Warning
11,-0.476319,0.745942,0.128984,Normal
6,0.445454,0.403149,0,Normal
17,-0.845031,0.0118171,0.116351,Normal
11,-1.1264,0.814247,0.528789,Normal
4,-0.305462,0.651402,0,Normal
19,0.939963,1.26064,0.282945,Normal
20,-1.17258,0,0.811476,Warning
10,-2.08078,1.14042,0.424458,Normal
3,-0.835482,0.835085,0.377822,Normal
7,0.611476,0.0746854,0.692468,Warning
19,2.59603,1.00383,0.803126,Warning
0,-1.11024,0.782387,0.982787,Warning
6,2.50736,0,0.537087,Normal
11,-0.118899,0.350341,0.272139,Normal
21,-1.30531,0.752228,1,Critical
23,-0.396012,0.526676,0,Normal
15,0.320037,0.538098,0.182158,Normal
1,0.390194,0.163369,0.180952,Normal
23,-0.0341079,0.854112,0,Normal
7,1.51964,0,0.571705,Normal
17,1.59316,0,0.683826,Warning
17,3.2592,0.376445,0.994858,Critical
5,0.888979,0.588743,0.177902,Normal
9,-0.0472479,0.860932,0.393467,Normal
20,0.816595,0.946755,0.405213,Normal
15,-0.151562,0.513463,0.233297,Normal
18,-0.729649,0.673142,0.296819,Normal
10,1.8234,0.262701,0.840187,Warning
3,-1.60283,0.299475,0.637082,Warning
2,0.358087,1.07638,0,Normal
9,-1.69038,1.04846,0.773927,Warning
16,-0.950839,0.288216,0.07875,Normal
20,0.366523,1.26323,0.0410072,Normal
18,0.10953,0,0.123292,Normal
20,1.14287,0.584486,0.976607,Warning
12,1.0925,1.06945,0.567902,Normal
18,1.40953,0.489077,1,Critical
19,3.04193,0.309752,0.453878,Normal
21,0.133746,0.401538,0.0917392,Normal
23,0.319018,0.352749,0.288698,Normal
20,-0.4172,1.30757,0.639834,Warning
17,-0.433849,0.573735,0,Normal
21,-3,0.546435,1,Critical
1,0.904573,0.914748,0.11064,Normal
9,-0.120971,0.172836,0.738876,Normal
3,0.876611,0.466096,0.339996,Normal
8,-1.21461,0.486618,0.748879,Warning
16,-0.651165,0.860974,0.161402,Normal
20,-0.0781732,0.261904,0.396004,Normal
20,-0.374781,0.351089,0.615244,Normal
9,-2.97544,0.598158,0.543184,Normal
7,-0.0522393,0.291216,0.548817,Normal
19,-0.99436,0.671655,0,Normal
4,-1.11172,0,0.876154,Warning
8,2.84251,0.982751,0.515701,Normal
5,-1.74337,0.319903,0.394753,Normal
11,-0.443493,0.259301,0.669325,Warning
12,-0.118972,0.435664,0.301621,Normal
10,0.471867,0.931214,0.289009,Normal
17,0.00234514,0.034235,0.297087,Normal
6,-2.1129,1.0982,0.694884,Warning
21,-1.01108,0.370374,0.685307,Warning
13,-1.50334,0.800345,0.63902,Warning
17,0.238348,1.2021,0.237188,Warning
16,-0.463009,0.362053,0.503301,Normal
10,1.31063,0.199404,1,Critical
21,0.696123,1.23907,0.224309,Normal
13,0.491913,0.618251,0.385747,Normal
17,-2.14355,0.824609,0.673512,Warning
9,-0.798807,0.514299,0.319008,Normal
21,0.350609,0.429052,0.333624,Normal
11,-0.282073,0.00693631,0.258885,Normal
0,-1.54059,0.250077,1,Critical
16,2.6392,1.12976,0.565968,Normal
22,0.566517,0.607283,0.122419,Normal
20,-0.523915,1.01712,0.272665,Normal
23,0.0206834,0.612143,0,Normal
23,3.13129,0.245373,0.362754,Normal
13,-2.98835,0.188418,0.731468,Warning
16,-0.545236,0.165634,0.393083,Warning
18,-0.0324806,0,0.433296,Normal
12,0.162326,0.940418,0.280662,Normal
5,0.18728,1.0279,0.00876184,Normal
6,-0.34171,0.525667,0.541212,Normal
3,-0.107755,0.497619,0.379554,Normal
13,0.454825,0.873812,0.650992,Warning
7,-2.98673,1.05465,0.637318,Warning
22,-1.31871,0.620659,1,Critical
17,-1.23771,0.734747,0.745229,Warning
16,0.325135,0.676586,0.262006,Normal
15,-0.727249,0.577252,0.288724,Normal
3,-0.206587,1.41895,0.212383,Normal
0,-2.76479,0.16645,0.776789,Warning
4,-2.61144,0.086637,0.979447,Critical
2,-1.35527,0.108781,0.557474,Normal
16,-2.85389,1.30017,1,Critical
6,-3.23742,0.746284,0.977676,Critical
14,-0.341276,0.835802,0,Normal
6,-1.36812,0.418736,0.820113,Warning
20,3.57456,0.757733,0.686214,Warning
17,-0.723448,0.214586,0.348832,Normal
2,-1.06644,0.300928,0.831771,Critical
20,0.858478,0.82028,0,Normal
14,0.53972,0.245976,0.387137,Normal
14,1.47712,0.285754,0.906641,Warning
10,1.17078,0.550226,0.903011,Warning
11,-0.0716676,0.621692,0.498321,Normal
18,-1.68597,0.698807,0.914716,Critical
2,-0.366214,1.02787,0,Normal
21,0.505904,0.221621,0.0881096,Normal
16,-0.928014,1.18002,0.377382,Normal
10,-1.9932,0.190342,1,Warning
5,0.1812,1.03397,0.333967,Normal
22,0.506583,0.359971,0.169944,Normal
15,0.641908,0.37193,0.380637,Normal
8,-0.124018,0.200315,0.367041,Normal
22,1.18871,0.0535512,0.798268,Warning
8,1.93978,0.465896,0.532036,Normal
4,-2.96645,0.490328,0.802779,Warning
6,-0.0810949,0.567447,0.189586,Normal
18,-0.0542464,1.05786,0.274944,Normal
1,-2.75256,0.405242,0.591137,Normal
18,-0.278559,0.225754,0.431963,Normal
16,0.426428,1.12359,0.2567,Normal
17,-1.85335,0.314729,1,Critical
12,-1.36447,0.365014,0.805608,Warning
1,1.02977,0,0.767919,Warning
8,0.13721,0,0.0666499,Normal
20,0.725945,0.0942074,0.308679,Normal
8,0.796546,0.911111,0.498397,Normal
5,-1.02093,0,0.499963,Normal
3,1.26298,0.220734,1,Critical
14,0.149761,0.324248,0.396812,Normal
7,3.13803,1.23865,0.57264,Normal
5,-2.11608,1.06257,0.585943,Normal
10,2.80971,0.484659,0.612034,Warning
13,-0.324705,0.906437,0.121886,Normal
19,4.1455,0,1,Critical
1,-0.140127,0.097317,0.0277422,Normal
17,-1.58817,0.470463,0.751899,Warning
19,0.179505,0.174064,0.61012,Normal
7,-0.57702,0.515904,0.42218,Normal
1,0.388475,0.754403,0.583459,Normal
15,-1.39867,0.117718,0.909773,Critical
9,0.635412,0.441483,0.332296,Normal
2,0.153847,0.828045,0,Normal
14,-1.74289,0.698203,0.499623,Normal
1,1.65737,1.11646,0.502996,Normal
3,1.10606,0.545892,0.17647,Normal
22,-0.870724,0.200048,0.271321,Normal
13,0.697845,0.76726,0.304378,Normal
15,-2.79311,0.206041,0.519447,Normal
21,0.58013,1.03586,0.368299,Normal
3,3.63839,1.03384,1,Critical
2,-0.209835,0.595657,0.1672,Normal
15,1.2087,0.109209,0.852094,Warning
9,2.47469,0,1,Critical
17,1.51872,1.39806,0.647371,Warning
12,-0.239893,0.506315,0.690493,Normal
3,-0.120027,0.615191,0.113941,Normal
17,-1.54818,0.776774,0.907669,Critical
3,1.99199,0.687697,0.360517,Normal
8,-0.533849,0.354494,0.350233,Normal
9,-1.69444,0.626902,0.776122,Warning
12,0.784707,1.3751,0.542895,Normal
9,2.2918,0.419145,0.584333,Warning
14,0.354616,0.107131,0.619333,Normal
21,-0.836582,0.928679,0.805641,Warning
9,-0.775291,1.10015,0.289315,Normal
18,-0.30855,0.753145,0.0732778,Normal
12,3.06834,0.430186,0.858465,Warning
13,1.17682,0.414977,0.631767,Warning
23,0.469237,1.24569,0.593409,Normal
22,-0.279705,0.970345,0.083547,Normal
6,-0.869134,0.665846,0.501826,Normal
1,-0.904872,0,0,Normal
14,-0.742262,0.577461,0.600615,Warning
3,0.424075,1.03006,0.217511,Normal
19,-1.01849,0.32038,0.332325,Normal
5,0.0413678,0.748349,0.0618228,Normal
6,0.517749,0.69329,0.449045,Normal
1,1.24522,0.941086,0.109532,Normal
3,0.297042,1.1528,0.308972,Normal
12,-0.447198,0.353782,0.411276,Normal
23,-0.35703,0.811683,0.0468057,Normal
0,3.92416,0.84593,0.838439,Warning
18,-2.30567,0.174064,0.768218,Warning
0,0.421084,0.388525,0.330365,Normal
7,0.548385,0.85503,0.0794532,Normal
20,-0.787622,0.329136,0.259176,Normal
1,-0.0405612,1.08557,0.258646,Normal
4,1.7634,1.00956,0.665693,Warning
22,-1.7449,1.17248,0.376607,Normal
19,2.35396,0.587386,1,Critical
21,0.751479,1.00086,0.314874,Normal
18,2.5408,0.30572,0.969615,Critical
23,-3,0.538882,0.454703,Normal
23,2.97587,1.44339,0.909855,Critical
20,1.07016,0.56013,0.659177,Warning
22,-0.786012,1.55272,0.498908,Normal
10,0.62984,0.0153835,0.129662,Normal
12,-0.00503211,0,0,Normal
2,-4.18271,1.0366,0.826622,Warning
3,2.17629,0.930182,0.732749,Warning
22,2.97479,0.446507,1,Critical
16,0.601671,0.153324,0.51617,Normal
23,2.47995,1.14366,1,Critical
8,3.442,0.372182,0.555787,Normal
10,-2.80889,0.556149,0.576788,Normal
8,0.48358,0.457681,0.103604,Normal
11,0.937337,0.765952,0.927689,Warning
9,-1.93034,0.62213,0.554389,Normal
5,1.14523,0.453629,0.99585,Warning
22,-3,1.09765,0.568623,Normal
11,-1.15362,1.13878,0.818871,Warning
13,0.348655,0.456862,0.00988299,Normal
9,-0.660311,0.112167,0.432142,Normal
10,-0.587938,0.567069,0.235804,Normal
9,-1.54299,1.17716,0.807194,Warning
19,-0.415616,0.35239,0.32192,Normal
7,-0.597424,0.342325,0.233091,Normal
22,-0.669486,0.630892,0.159776,Normal
23,1.24852,0.641506,0.928887,Critical
17,1.02198,0.621165,0.903178,Warning
19,0.293045,0.207557,0,Normal
18,-2.40194,0.838458,0.909188,Critical
11,1.60467,0.12699,0.908401,Critical
1,0.900753,0,0.562723,Normal
23,0.0870864,1.00781,0.289795,Normal
1,-0.366235,0.654646,0.362597,Normal
0,0.055594,0.271066,0,Normal
14,-0.349916,0.649277,0.316814,Normal
18,-1.52368,0.954115,0.693237,Warning
6,-0.856384,0.112369,0.693256,Warning
19,-1.77095,0.0187942,0.692823,Warning
23,0.106315,1.2402,0.427917,Normal
21,1.05564,0.580059,0.832013,Warning
4,0.376219,0.912036,0.406338,Normal
13,1.75039,1.29894,0.992384,Critical
3,-2.80747,0.189881,0.631244,Warning
5,2.31798,0.0314134,0.818615,Warning
3,0.193836,0.124762,0.624536,Normal
5,-0.35569,0.327639,0.478661,Normal
5,-0.676022,0.962062,0.372118,Normal
16,-0.0440702,0,0.198804,Normal
9,-0.057452,0.0694499,0.130498,Normal
16,1.11268,0.0294085,0.86618,Warning
4,-1.84207,0,0.805317,Warning
3,-0.465485,0.0397419,0,Normal
15,-0.611922,0.265662,0,Normal
12,3.70088,0.961325,0.654957,Normal
14,-0.778386,0.0448716,0.213572,Normal
8,-2.55298,1.16382,0.934501,Critical
15,-1.45532,0.536885,0.718632,Warning
21,-2.21115,0.28889,1,Critical
22,-0.647553,0.684435,0.316685,Normal
1,0.581107,0.730803,0.173783,Normal
3,0.12605,0.691304,0,Normal
12,2.62161,0.691527,1,Critical
19,0.447217,0.863834,0.26526,Normal
8,0.0232123,0.0440298,0.432452,Normal
12,-0.357668,0.847723,0,Normal
9,-0.0653112,0.404,0,Normal
20,-0.252975,0.384575,0.700215,Normal
3,-3.52321,0.378823,0.588736,Normal
11,2.12865,0.874047,0.800267,Warning
17,0.822298,0.415424,0.125299,Normal
19,-2.79777,0.900395,0.548316,Normal
13,0.720405,0.773309,0.147518,Normal
8,2.06294,1.06321,0.407261,Normal
21,0.463467,0.729843,0.500828,Normal
9,-0.289918,0.309013,0.491994,Normal
10,2.15251,0.274529,0.780224,Warning
0,0.0635415,0,0.187097,Normal
13,-0.723736,1.42862,0.681271,Critical
22,-0.101727,0.545289,0.220095,Normal
7,-1.05795,0.406808,0.647014,Warning
10,-0.312572,0.312244,0.257996,Warning
6,-0.127082,0.791451,0.336492,Normal
16,-1.37999,0.392528,0.420409,Normal
13,1.70825,1.25051,0.713687,Warning
18,-0.0174328,0.498537,0.287521,Normal
7,-0.205112,1.40652,0.518259,Normal
19,-0.134876,0.925798,0.27072,Normal
8,-0.475878,0.715389,0.352669,Normal
9,0.0410294,0.997297,0.179623,Normal
22,0.104332,0.891239,0.322281,Normal
22,0.530982,0.0615584,0.112945,Normal
21,0.433938,0.201826,0.128934,Normal
23,-0.851171,0.746438,0,Normal
17,-0.0597642,0,0.206902,Normal
18,-1.00344,0.0641181,0.867467,Warning
4,1.54079,0.951697,0.980919,Critical
0,-0.400285,0.206004,0.308503,Normal
5,0.744861,0.232637,0.235544,Normal
22,-2.89394,0.483504,0.708161,Warning
3,-2.90671,0.925069,0.721426,Warning
4,-1.46972,0.655045,0.690644,Warning
2,2.39624,0.302506,0.786109,Warning
16,1.23932,0.69781,0.799216,Warning
11,0.0906183,0.781234,0.12236,Normal
5,2.39365,0.896783,0.616482,Warning
6,2.75789,0,0.69506,Warning
1,-2.87968,0,0.628342,Warning
16,1.21134,0.330277,1,Critical
14,1.91666,1.03793,0.61139,Warning
13,0.467256,0.525846,0.197614,Warning
1,2.7529,0.633898,0.738598,Warning
8,-0.909891,0.730518,0.483511,Normal
7,-1.17711,0.704885,0.536472,Normal
8,-0.221868,0.18166,0.485786,Normal
17,3.12342,0.597901,0.490626,Normal
11,1.59154,0,0.706057,Warning
4,0.0395395,0.456853,0.141421,Normal
3,-0.479842,0.381061,0.10432,Normal
2,0.408236,0.330555,0.223479,Normal
10,1.33803,0.752106,0.922428,Critical
19,-0.974267,0.602795,0.219315,Normal
13,0.0200256,0.212998,0.152449,Normal
18,-0.89452,0.515045,0.40318,Normal
16,-1.29502,1.01116,1,Critical
6,0.432635,0.271483,0.360069,Normal
16,0.0528916,0.851796,0.188175,Normal
20,0.358193,1.1325,0.152728,Normal
1,2.2603,0.982002,0.786419,Warning
17,1.61135,0.249679,0.70739,Warning
12,-1.88991,0.481962,0.665735,Warning
10,0.390934,1.47064,0.512235,Normal
15,-2.17302,1.11232,0.723535,Warning
15,-2.18795,0.412141,0.745571,Warning
6,-0.29546,0.529469,0.119416,Normal
17,-2.13441,0.0166777,0.507009,Normal
10,2.21119,0.61005,0.415899,Normal
12,0.586039,0.843362,0.243713,Normal
16,0.468788,0.167528,0.124895,Normal
0,0.298482,0.339199,0.284306,Normal
7,-0.828638,0.402905,0.23906,Normal
19,1.56274,0.822366,0.590133,Normal
5,-2.4593,1.39027,0.365533,Normal
21,0.432231,0.405836,0.493914,Normal
16,0.423234,1.26701,0.270868,Normal
16,0.494939,0.976022,0.241493,Normal
12,0.180212,0.376815,0.120838,Normal
1,1.04984,0,0.0449353,Normal
6,0.987436,1.11516,0.47943,Normal
14,0.330159,0.807037,0.449063,Normal
13,1.24139,1.00976,0.810733,Warning
4,-2.52259,1.09259,0.605767,Warning
11,1.00268,0.480381,0.852647,Warning
5,-1.36127,0.647002,0.882212,Warning
1,-1.62763,0.29601,0.835361,Warning
15,0.321047,0.0357992,0.203171,Normal
3,0.0171023,0.457822,0.222112,Normal
10,-0.394491,0.627562,0.158943,Normal
23,0.468915,0.190873,0.811256,Warning
1,0.340287,0.360977,0.157147,Normal
7,-3.6471,0.509312,0.68266,Warning
9,-3,0.646205,0.775203,Warning
2,1.10941,0.300558,0.245309,Normal
23,0.860944,0.690095,0,Normal
18,1.33888,0.460741,0.707704,Warning
14,0.773189,0.0320066,0,Normal
22,0.562532,0,0.205123,Normal
9,0.251505,1.22532,0.542346,Normal
3,0.05213,0.206667,0.225883,Normal
16,0.232692,0.925103,0.174346,Normal
21,1.94791,0.354735,1,Critical
0,-0.794173,0.579517,0.470604,Normal
17,0.730547,0.902297,0.224019,Normal
3,3.5392,0.971274,0.796255,Warning
0,0.456401,0,0.593295,Normal
2,-0.791455,0.480765,0,Normal
16,0.781784,0.542549,0.504531,Normal
20,-2.3478,0.925906,0.870097,Warning
0,-0.669052,1.07862,0.392827,Normal
21,-2.71717,0.592718,0.6175,Warning
22,-0.403088,0.765604,0.296227,Normal
22,-0.593016,0.595037,0.161767,Normal
13,-3,0.517414,0.504758,Normal
7,2.58394,0.962317,0.753701,Warning
22,-0.333844,1.0945,0.670403,Normal
17,1.91224,0.579684,0.62784,Warning
1,0.101032,0.71475,0.269579,Normal
9,-3,0.754822,0.785142,Warning
5,-0.127698,0.425676,0.210419,Normal
1,1.11268,0.500052,0.712398,Warning
21,2.39389,1.32738,1,Critical
10,-0.368205,1.1093,0,Normal
23,-0.267436,0.360235,0.106039,Normal
15,-0.393607,0.978697,0.509766,Normal
15,-0.331872,0.0793178,1,Normal
18,2.34874,0.480345,0.982218,Critical
18,-0.587854,1.29287,0.146255,Normal
19,-0.189557,0.139144,0,Normal
13,0.314559,1.42517,0.287616,Normal
7,-0.0871946,0.342047,0.295902,Normal
20,-0.0241467,1.0035,0.924743,Normal
0,-0.0888274,1.17933,0.312882,Normal
3,-0.408235,0.966394,0.248723,Normal
3,0.337947,0.485474,0.604001,Normal
6,-0.79637,0,0.421907,Normal
13,-0.711753,0.928297,0.429972,Normal
19,-0.910845,0.0656105,0.17145,Normal
6,-2.66124,0.576031,0.609614,Warning
8,1.29628,0.981592,0.946082,Critical
15,-1.11716,0.0927665,0.316498,Normal
14,2.14623,0.809597,0.361222,Normal
7,0.434902,0.876504,0.48748,Normal
20,2.29699,0.757692,0.395104,Normal
6,1.12676,0.444682,0.379111,Normal
22,-1.41947,1.14635,0.553386,Normal
0,0.437118,0.939857,0.110252,Normal
16,0.11422,0.427512,0.127725,Warning
8,-2.5324,0,0.231887,Normal
9,0.304585,0.243255,0,Normal
16,-0.227301,0.735465,0,Normal
5,-0.195883,0.339342,0.121928,Normal
15,-3,1.1365,0.565055,Normal
3,-0.800174,0.492492,0.149136,Normal
4,-0.258357,0.890129,0.300686,Normal
14,1.92472,0,0.374475,Normal
23,0.450698,0.657199,0.680883,Warning
2,2.60974,0.266835,1,Critical
23,-1.08566,0.79585,0.556694,Normal
18,0.495739,0.729185,0.149911,Normal
19,1.92699,0.281107,0.935216,Critical
10,1.30136,0,0.733031,Warning
4,-0.167914,0.935961,0.127773,Normal
18,0.662404,0.354673,0.838754,Warning
4,-0.768368,0.674059,0.346056,Normal
6,-0.897374,0.0943759,0.165619,Normal
20,-2.69894,0.638318,0.711125,Warning
13,-0.0114151,0.522997,0.340302,Normal
1,0.421365,0.472593,0.153361,Normal
20,0.194213,0.887186,0.0563929,Normal
21,-2.45001,0,0.785275,Warning
4,-0.11181,0.867972,0.315435,Normal
21,1.78909,0.458249,0.69743,Warning
9,-0.708986,0.414481,0.657868,Warning
0,-3.03719,0.456703,1,Critical
11,-0.0520789,0,0.398934,Normal
13,1.20263,0,0.744684,Warning
19,-2.64418,0.815735,0.726507,Warning
15,0.319434,0.765197,0.361014,Normal
23,-0.48375,0.337228,0,Normal
6,0.307882,0.0463641,0,Normal
22,0.951173,0.668643,0.293436,Normal
10,-1.54282,1.04726,0.63463,Warning
16,0.296618,0.838462,0.347711,Normal
11,-0.177846,0.974416,0.0797601,Normal
9,-0.168028,0.254018,0.101166,Normal
23,-0.725798,0,0.406225,Normal
9,0.135008,1.01722,0,Normal
23,2.34322,0.591902,0.784613,Warning
20,-1.05547,0.432341,0.966419,Warning
1,1.29528,1.11271,1,Critical
20,0.725069,0.405077,0.414961,Normal
5,0.615511,0.970508,0.715724,Warning
18,-2.92185,0.984342,0.209159,Normal
18,0.0237175,0.888631,0.370212,Normal
3,-0.212067,0.791919,0,Normal
20,1.02756,0.462258,0.837284,Warning
6,0.0452246,0.402162,0.574057,Normal
7,0.268494,0.72318,0,Warning
11,0.508865,0.490701,0,Normal
5,0.997841,0.528277,0,Normal
17,1.74148,0.846664,1,Critical
3,0.743278,0.812881,0,Normal
5,0.0985682,1.38177,0.489086,Normal
15,-0.75436,0.542465,0.638783,Warning
10,1.78306,0,0.894085,Warning
3,0.238213,0.620429,0.21984,Normal
8,-0.373655,1.55314,0,Normal
4,-2.18638,1.05509,0.819627,Warning
18,2.20599,1.86909,1,Critical
2,-0.270128,0.640097,0.145643,Normal
5,-1.36574,0.646138,1,Critical
10,1.33165,0.148222,0.789671,Warning
7,0.355674,0,0.171039,Normal
11,0.602801,0.945416,0.415661,Normal
11,2.99236,0.680765,0.278365,Normal
21,-0.0931531,0.653136,0,Normal
1,0.533745,0.641963,0.271904,Normal
20,0.717282,0.541269,0.244725,Normal
6,-1.09507,1.64088,0.885362,Warning
18,3.91419,0.564601,0.658549,Warning
13,1.15326,0.632826,1,Warning
14,-1.26362,0.988915,0.308201,Normal
1,0.386186,1.32059,0.22682,Normal
23,0.00437827,0.331677,0.355154,Normal
0,-2.1783,0.972382,0.246798,Normal
10,0.967615,0.430592,0.50994,Normal
14,3.57554,0.376777,1,Critical
7,0.436207,0.815425,0.450232,Normal
4,3.07419,0.694654,0.693345,Warning
15,-2.11415,0.660129,0.620347,Warning
0,0.755573,0.637377,0.314974,Normal
10,0.930868,0.577864,0.214668,Normal
16,3.38905,0.167249,0.316814,Normal
5,-1.02005,0.692458,0.738473,Warning
15,-0.876633,1.60172,0,Normal
2,-0.257932,0.768294,0.406953,Normal
20,-1.74246,1.35444,0.664171,Warning
23,-3,0.193259,1,Critical
22,-0.593714,0.393525,0,Normal
9,-0.996538,1.37009,0.172409,Normal
6,0.507314,0.93742,0.183691,Normal
19,-0.16378,0.362315,0.0904105,Normal
14,1.3071,0.315912,0.970857,Critical
19,0.397231,0.893432,0.26492,Normal
8,-1.98016,0.870543,0.812396,Warning
18,0.29983,0.807166,0,Normal
21,3.33311,0.901778,0.520012,Normal
20,3.56028,0.127075,0.734786,Warning
12,-3,0,0.446066,Normal
9,1.38608,0.559567,1,Critical
21,1.07711,0,0.707304,Warning
2,-2.67421,1.77059,1,Critical
3,-0.347416,1.11214,0.769494,Normal
17,0.843817,1.6474,0.297686,Normal
12,-0.302554,0.900424,0.0392817,Normal
15,0.806471,0.703605,0.244787,Normal
22,-0.988763,0.248679,0.240162,Normal
5,0.794581,0.795377,0.176199,Normal
8,1.02671,0.368064,0.835715,Normal
17,-2.94434,0.504556,1,Critical
20,-1.8572,0.617268,0.902776,Critical
16,-0.828953,1.13127,0.365584,Normal
7,0.037243,0.720109,0.266066,Normal
13,0.175353,0.711678,0.171119,Normal
17,0.770805,0,0.474438,Normal
10,0.712168,0,0.174644,Normal
1,-0.288788,0.959326,0.250048,Warning
19,-0.0853914,0,0.129185,Normal
2,-0.308249,0.752474,0.749402,Normal
23,0.738498,0.406944,0,Normal
2,0.966982,0.912497,0.138777,Normal
15,-2.87683,0.309728,0.862891,Warning
18,-2.12319,0.871934,0.640054,Critical
12,0.196962,0.744802,0.352543,Normal
19,-0.181496,0.661191,0.265608,Normal
23,-1.96875,0,0.319658,Normal
11,-2.25992,0.959919,1,Critical
13,0.217285,0.634238,0.420138,Normal
8,0.834272,1.05436,0.175921,Normal
14,-1.88961,0.503209,0.996565,Critical
17,0.42252,0.739847,0.107542,Normal
5,2.80343,0,0.599442,Normal
13,-1.08081,0.174499,0.674894,Warning
16,-0.245544,1.24025,0.112917,Normal
18,0.132192,1.13723,0,Normal
17,-0.965196,0.465732,0.239596,Normal
22,0.307452,0.784747,0,Normal
5,0.653232,1.32569,0.50021,Normal
23,-1.02871,0.711029,1,Critical
15,-0.996036,0.223571,0.0544728,Normal
22,2.57876,0,0.237538,Normal
16,-0.473961,0.3618,0.447194,Normal
16,0.889483,0.656408,0,Normal
16,-2.24312,0.563352,1,Critical
18,3.63706,0.848087,0.532586,Normal
1,1.87943,1.18714,0.237284,Normal
21,1.07681,0.406373,0.859403,Warning
17,2.01915,0.797531,0.919874,Critical
9,-0.113556,0.0440631,0.347792,Normal
2,-0.0206753,0.177248,0.109453,Normal
5,-0.617701,0.911669,0.171353,Normal
8,-1.97435,0.430787,0.50934,Normal
18,0.673701,0.837572,0.376728,Normal
9,-1.81203,1.20835,0.959256,Critical
23,0.620305,0.754767,0.386207,Normal
2,-2.81998,0,1,Critical
22,-1.40868,1.06215,0.844873,Warning
13,0.971285,0.479708,0.403105,Normal
15,-0.475374,0.295382,0.250949,Normal
14,0.842475,0.951029,0.285519,Normal
3,-0.219636,0.498171,0.478495,Normal
15,0.244033,0,0.496118,Normal
3,2.72421,0.807167,1,Critical
19,0.189546,0.400227,0.132682,Normal
2,1.0354,0.377246,0.696136,Warning
14,-0.252627,0.805942,0.162865,Normal
11,-0.727346,0.417962,0.38987,Normal
9,1.0902,0,0.878093,Warning
9,-1.06638,0.204478,1,Warning
17,0.72842,0,0.187838,Normal
20,4.24888,0.400955,0.699512,Warning
3,-0.7271,0.521235,0.0783701,Normal
21,0.0322035,0.509053,0.183697,Normal
11,0.166666,0.930799,0.314613,Normal
14,-0.0657564,0.89252,0.478498,Normal
6,0.0418918,0.450272,0.143502,Normal
10,-2.50264,1.18158,0.719563,Warning
13,1.02133,0,0.771767,Warning
8,-3.02392,0.227756,1,Critical
0,-0.702382,1.28019,0,Normal
12,-2.51702,1.47535,0.3495,Normal
21,-0.254019,0.0966151,0.568292,Normal
14,1.09707,0.586377,0.545789,Normal
2,0.47388,0.772576,0.384311,Normal
1,-0.265414,0.780201,0,Normal
9,0.579989,0.901388,0.214858,Normal
11,0.120375,0.483976,0.0602203,Normal
3,3.31894,0.904229,0.530288,Normal
1,-2.91475,0.364534,0.547589,Normal
20,-0.457425,0.872023,0.395986,Normal
21,-0.238841,0.532068,0,Normal
13,1.35737,0.518999,0.77003,Warning
22,2.31771,0.331733,1,Critical
8,0.866391,0.16474,0.0138762,Normal
11,1.63467,0.456637,0.713685,Warning
1,-0.0720778,0.904601,0.388123,Normal
9,-2.5174,0,0.709516,Warning
11,-0.3835,0.985145,0.198077,Normal
11,-2.93394,0.829315,0.650414,Warning
21,-2.96308,0.187413,1,Critical
19,-3,1.27711,0.795088,Warning
23,-0.298886,0.934104,0.0433884,Normal
3,-1.72598,0.988787,0.705627,Warning
2,-3.79894,0.992908,0.288588,Normal
13,-0.942501,0.862812,0.310937,Normal
16,1.57675,0.567972,0.793183,Warning
7,2.21744,0.452149,1,Critical
14,-0.113588,1.15091,0.388046,Normal
22,0.29894,0.860709,0.377195,Normal
11,-0.772435,0.475068,0,Warning
0,0.109754,0.816716,0.296676,Normal
20,-2.31395,0.163778,0.864198,Warning
12,-0.440966,0,0.4335,Normal
6,3.83163,0.683157,0.622208,Warning
16,-1.14037,0.0661768,0.271351,Normal
11,0.0590539,0.525953,0.283092,Normal
11,0.226797,0.420731,0.0597078,Normal
20,-0.646227,0.310699,0,Normal
15,-0.181672,1.05959,0.0338773,Normal
0,-4.12402,0.921154,0.867395,Warning
14,2.20955,0.215929,0.709614,Warning
19,-0.769439,0.850077,0.195688,Normal
4,-1.98078,1.53921,0.892767,Warning
8,1.50141,0.828827,0.498434,Normal
7,-0.0791997,0.266985,0.117247,Normal
17,-1.43424,0.37536,0.997561,Critical
15,0.636451,0.973634,0.725034,Warning
15,0.765722,1.0576,0.122817,Normal
19,-2.57494,0.882675,1,Critical
10,3.37674,0,0.557681,Normal
18,0.204265,0.941176,0.115127,Normal
5,0.372165,0.00782559,0.424354,Normal
15,-3,1.1586,0.482245,Normal
8,0.254417,0.989887,0.215343,Normal
13,0.322283,0.673371,0.0749218,Normal
16,1.9557,0.344523,0.553274,Normal
14,2.9273,0.272711,0.657221,Warning
4,-0.152082,0.602995,0.226825,Normal
2,-0.557004,0.158227,0,Warning
13,0.583122,0.241255,0.583204,Normal
4,0.0804625,0,0,Normal
22,-2.34547,0.370909,0.849236,Warning
15,0.0225226,0.506998,0,Normal
20,-0.49233,0.0278932,0,Normal
9,-0.40054,1.14639,0.558996,Normal
6,-0.289938,1.28183,0.523162,Normal
10,0.203177,1.0287,0.192016,Normal
23,-1.77019,0.597168,0.586342,Normal
6,-0.723193,0.850645,0.142265,Normal
23,-0.324371,1.11119,0.145934,Normal
22,0.244371,0.233328,0.276334,Warning
20,0.973401,0.551195,0.445394,Normal
21,0.593211,1.06184,0.143246,Normal
4,0.381712,1.17128,0.328419,Normal
1,0.445691,0.227938,0.437825,Normal
8,0.605025,1.00185,0.228955,Warning
14,0.922696,0.30504,0.433742,Warning
10,0.108167,0.439663,0,Normal
7,-0.30474,1.08924,0.20711,Normal
21,-0.740598,0.644069,0.0233831,Normal
8,-0.174849,0.591927,0.220934,Normal
22,1.08482,0.613433,0.777816,Warning
11,-0.31373,0.911412,0.619957,Normal
22,-3,0.584137,0.799693,Warning
14,1.0626,1.36965,0.963394,Warning
13,0.326309,0.711818,0.342149,Normal
2,-0.648648,0.72666,0.0301618,Normal
0,-2.71766,0.958548,0.845055,Warning
14,-1.99097,1.1157,0.71226,Warning
5,-0.0104022,0.101818,0.702151,Normal
3,-0.442355,1.28056,0.202882,Normal
11,0.106541,0.555485,0.211215,Normal
4,-1.67808,0.571036,0.558028,Normal
3,-3.19595,0.382948,1,Critical
3,1.04935,1.07468,0.216065,Normal
12,-0.669756,1.15557,0,Normal
7,-0.681236,0.158418,0,Normal
3,-0.368425,1.4385,0,Normal
14,0.600471,0.652632,0.892836,Warning
15,0.0606578,0.568741,0.0189339,Normal
7,0.428245,0.668457,0.017819,Normal
19,2.0233,1.24771,1,Critical
23,-0.0569674,1.18695,0.050884,Normal
20,-0.492603,1.05291,0.275318,Normal
22,0.47886,0.694592,0.353139,Normal
5,-1.3312,0.687581,0.773607,Warning
5,0.211326,0.221615,0.597448,Normal
22,2.29324,0.742076,0.562493,Normal
9,0.147074,0.874185,0.491586,Normal
15,-1.94845,0.643033,0.992935,Critical
11,-1.84722,1.05395,0.564946,Normal
13,-1.50778,0.0894758,0.629483,Warning
11,0.580512,0.413345,0.194642,Normal
20,-2.30032,0.0498026,0.808421,Warning
14,0.323304,0.985882,0.459998,Normal
1,-2.81163,0.620828,0.634235,Warning
5,0.336569,1.12846,0.392136,Normal
6,0.447236,0.879184,0.364589,Normal
5,1.93476,1.40629,0.925096,Critical
2,-0.977806,0.407674,0.132454,Normal
20,-0.147523,1.06275,0.358647,Normal
2,0.402082,0.914821,0.382238,Normal
22,0.415038,1.15217,0.54792,Normal
11,-0.432676,0.45407,0.417286,Normal
8,-1.7673,0,0.906043,Critical
8,-1.2821,0.287254,0.864291,Warning
4,-0.179769,1.09111,0.633016,Normal
8,-0.998138,0,0.0471175,Normal
13,0.00104418,0.540543,0,Normal
2,-0.38909,0.473902,0.247375,Normal
23,-0.73921,0.294838,0,Normal
16,-0.502953,0.40042,0.48678,Normal
9,-1.9847,1.11723,0.848936,Warning
8,3.77059,0.631232,0.806418,Warning
14,0.742949,1.16538,0.140925,Normal
19,2.15017,0.463309,0.559069,Normal
4,-0.541316,0.096244,0.510706,Normal
7,0.679435,0.450956,0,Normal
1,-0.780651,0.0454832,0.118846,Normal
22,0.881265,0.119622,0.365286,Normal
14,0.340864,0.816311,0.113089,Normal
0,0.29778,0.348125,0.0219669,Normal
10,-0.26834,0.775759,0.305095,Normal
23,-3,0,0.811308,Warning
1,0.620427,0.312902,0,Normal
20,0.378977,0,0.267308,Normal
15,-0.439949,0.428494,0.248268,Normal
9,-0.193633,0.460886,0.0746345,Normal
23,-0.363364,1.28196,0.224984,Normal
18,-1.37598,0.661554,0.546202,Normal
8,0.771155,0.793266,0.818076,Warning
21,0.835689,0.639657,0.0745467,Normal
7,0.520911,0.326954,0.278456,Normal
19,-1.37224,0.0160091,0.636478,Warning
21,-2.40568,0.295267,0.7322,Warning
3,-1.49487,0.600153,0.90077,Critical
2,0.824035,0.570357,0,Normal
8,-0.0654218,0.99478,0.10106,Normal
4,0.495189,0.84004,0.446649,Normal
9,3.42133,1.05396,0.64111,Warning
5,-0.272122,0,0,Normal
7,-1.83345,0.731606,0.346899,Normal
14,-0.198034,0.769599,0.588742,Normal
17,-0.384526,0,0.454559,Normal
8,1.60907,1.032,0.994813,Critical
17,0.119408,1.16204,0.630486,Normal
8,-0.0665827,1.47485,0.334968,Normal
20,0.616076,0.287305,0.103411,Normal
18,-1.22337,0.24367,0.796517,Warning
1,-1.04187,0.497547,1,Warning
16,0.533712,0.395093,0.62283,Warning
19,-1.19957,0.882246,0.524137,Normal
19,-1.86624,0.763953,0.713881,Warning
12,-1.06956,1.26338,0.662403,Warning
12,0.869011,0.00674196,0.669801,Warning
4,3.34232,0.949277,0.853391,Warning
7,0.197464,1.19213,0.308988,Normal
17,-2.55232,0.167401,0.360382,Normal
1,-0.323654,0.32954,0.346372,Normal
21,1.05902,0.748806,0.928009,Warning
22,-0.599667,0.987842,0.491209,Normal
4,-0.329243,0.820155,0.416957,Warning
6,0.230981,0.529834,0.20758,Normal
23,2.61175,0.824797,0.751566,Warning
20,2.36713,1.08577,0.65101,Warning
17,4.51,0.677478,1,Critical
23,-0.035423,0.301836,0.157921,Normal
5,1.26446,0.491408,0.208975,Normal
13,1.68575,0.578408,0.363501,Normal
23,0.040569,1.38863,0.424659,Normal
8,1.91104,0,1,Critical
7,-0.846357,0.809439,0.293569,Normal
4,0.126321,0.593439,0.201795,Normal
15,-2.27428,1.17381,0.819756,Warning
14,-0.585211,0.240699,0.341015,Normal
7,0.161184,0.725345,0.0523208,Normal
11,2.87974,0.249426,0.74279,Warning
20,1.17543,0.0967587,0.666934,Warning
12,0.199851,0.595205,0.168312,Normal
2,-0.169382,0.705087,0,Normal
22,0.102748,0.267609,0,Normal
13,-0.47539,0.879615,0.307873,Normal
13,1.43919,1.12412,1,Critical
15,0.907185,0.584417,0.106224,Normal
22,-0.420525,1.73498,0.36624,Normal
0,0.553959,0.0849205,0,Normal
3,0.574269,0.703045,0,Normal
18,0.776495,0.702987,0.362,Normal
19,2.06243,0.680844,1,Warning
4,0.0140031,0.79398,0.0323106,Normal
0,2.83472,0.207506,1,Critical
2,-0.618671,0.635134,0,Normal
8,-0.0607115,0.640336,0.0647718,Normal
12,1.09253,0.933685,0.797421,Warning
7,2.46898,0.723742,0.521116,Normal
10,0.153442,1.20212,0.621315,Normal
20,-2.4377,0.554522,0.976394,Critical
10,2.8948,0.22084,0.198797,Normal
13,-2.48148,0.751132,1,Critical
3,0.895109,0.383997,0,Normal
2,-1.57989,0.589618,0.337352,Normal
7,2.35406,0,0.492611,Normal
9,-0.768341,0.314265,0.526008,Normal
3,1.86851,0.527085,0.823211,Warning
13,4.19846,0.851772,0.868174,Warning
4,-2.18157,0.714788,0.853981,Warning
9,-0.197092,0.321348,0.0704104,Normal
22,-2.0904,0.182937,0.540591,Normal
14,-0.702431,0.584135,0.400501,Normal
11,3.90028,0.771965,1,Critical
6,0.883474,1.0012,0.15813,Warning
18,-0.207085,0.640954,0.298014,Normal
1,-2.57476,0.423428,0.455266,Normal
11,-0.806385,0.897412,0.0834075,Normal
13,-0.943445,0.695335,0,Normal
23,2.24423,0.635099,0.758522,Warning
9,0.144179,0.314362,0.294789,Normal
8,2.0173,1.08257,1,Critical
0,0.868804,0.73235,0.632891,Warning
6,-0.476477,0.398242,0,Normal
4,-3.2004,0.732012,0.984729,Critical
20,0.742495,0.63647,0.396166,Normal
18,0.985938,0.533735,0.33473,Normal
8,-1.58056,0.419534,0.734164,Warning
16,-1.85794,0.421864,0.60172,Warning
7,-2.81572,1.5595,0.484304,Normal
3,0.0122613,0.48671,0.148789,Normal
20,-2.19912,0,0.826217,Critical
21,-0.37434,1.01185,0.0459037,Normal
18,3.59144,0.578474,0.590507,Normal
8,2.52983,0.177642,0.704196,Warning
4,-1.62084,0.778213,0.837355,Warning
9,-2.06882,1.2484,1,Critical
3,-0.75827,0.5914,0.296601,Warning
7,1.84843,1.41937,0.652929,Normal
13,0.17115,0.338179,0.411207,Normal
14,-0.915281,1.02627,0.0485659,Normal
12,0.384038,0.725254,0.0503723,Normal
15,0.721901,0.657388,0.425675,Normal
22,0.671306,0.296265,0.335793,Normal
0,2.77573,0.578196,0.853307,Warning
6,-1.96202,0.837949,0.760109,Warning
13,1.40104,0.341885,0.709094,Warning
18,0.45954,0.789644,0.357506,Normal
13,0.0447057,0.507836,0.076989,Normal
12,1.15579,0.210796,1,Warning
15,0.438743,0.234188,0.307546,Normal
14,0.448186,0.745102,0.26778,Normal
7,1.56108,1.13267,0.963648,Critical
11,0.488776,0.519034,0.000920125,Normal
19,0.0854647,1.49979,0,Normal
13,3.3418,0.154603,0.695699,Warning
23,-2.85859,0.543475,0.705279,Warning
16,0.59333,0.895116,0.218375,Normal
18,0.207529,0.95591,0.721014,Normal
0,-0.385762,0,0,Normal
21,-0.191847,0.62884,0.425054,Normal
13,-0.614834,1.09945,0.307523,Normal
9,-0.234107,0.336686,0,Normal
9,0.110615,0.314762,0.0729555,Normal
12,0.465148,0.225241,0.570751,Normal
7,-2.38818,0,0.764837,Warning
18,0.141162,1.00597,0.499178,Normal
17,1.28314,0.616582,0.360273,Normal
21,-1.45486,0.924317,0.992442,Critical
5,-0.121275,0.343742,0,Normal
22,1.58606,0.692485,0.483548,Normal
18,0.107471,0.690835,0.345258,Normal
13,-3,1.03218,1,Critical
15,1.33011,0.99871,0.659844,Warning
19,-0.225745,0.0106193,0.364868,Warning
9,1.34395,0,0.436808,Normal
9,4.21645,0.364721,0.695304,Warning
4,-2.74087,0.491131,0.779892,Warning
8,-3.4462,0.775165,0.857104,Warning
6,1.06742,1.03584,0.350033,Normal
15,0.346523,0.00517565,0,Normal
13,3.68212,0.999114,0.855192,Warning
20,-0.948525,0.64335,0.342366,Normal
14,-0.527489,0.750805,0.339178,Normal
3,-0.590019,0.705547,0,Normal
2,1.44088,0.361132,0.884734,Warning
0,-0.299265,0.260639,0.44364,Normal
17,-0.901375,0.492175,0.0680821,Normal
10,2.50868,0.787627,0.770238,Warning
21,-3,0.615892,0.190417,Normal
5,0.888788,0.141608,0.276477,Normal
3,-0.234798,0.305576,0.590765,Normal
2,1.12944,0.55763,0.575387,Normal
21,0.326778,0.86826,0.0355881,Normal
20,-0.0614856,0.975672,0.336267,Warning
19,-1.89983,0.546306,0.997397,Warning
23,-0.199803,0.671154,0.186522,Normal
13,-1.90655,0.397278,0.989908,Critical
3,-0.0416326,0.552341,0.327056,Normal
17,-0.620539,0,0.472745,Normal
14,-0.100729,0.562595,0.00621753,Normal
18,2.66676,0.51837,1,Critical
23,-0.0797858,0.524466,0.259359,Normal
12,0.962591,1.18088,0.317025,Normal
15,0.696016,0.597904,0.204201,Normal
8,0.0225285,0,0.0275651,Normal
23,1.04913,0.500828,0.892027,Warning
19,0.581951,0.880509,0,Normal
18,3.07012,0.651766,0.967969,Critical
10,-0.188571,0.901523,0.280308,Normal
20,0.596723,0.0890259,0.464313,Normal
7,-0.133724,0.860593,0,Normal
3,0.291695,0.649305,0.600985,Normal
13,0.765279,0.250492,0.0597524,Normal
3,-1.99286,1.22149,0.705175,Warning
9,3.15501,0.859538,0.653659,Warning
9,-0.336464,0,0.619207,Normal
2,-0.00880499,1.3802,0.541604,Normal
18,-0.126923,1.01488,0.301037,Normal
13,0.106017,1.21975,0.398287,Normal
16,-1.15116,0.163107,0.474635,Normal
10,-0.967649,0.902316,0,Normal
3,-3.38323,0.953116,0.870832,Warning
5,-0.347048,1.16951,0.268116,Normal
15,2.28721,0.75521,0.954261,Critical
23,-2.22792,1.19357,0.712607,Warning
5,1.12514,0.726298,0.52071,Normal
14,0.423319,0.394485,0.0737098,Normal
12,0.584035,0.189276,0.310555,Normal
1,0.727916,0.478474,0.362703,Normal
11,0.497895,0.0819799,0.323085,Normal
14,3.0295,0.380038,0.82152,Warning
20,0.206101,1.75173,0,Normal
22,2.82451,0.571442,0.844227,Warning
1,0.575892,0.630292,0.364698,Normal
18,-0.711441,0,0.993044,Warning
1,1.96875,0,0.615106,Warning
8,-1.97218,0.295068,0.763481,Warning
0,0.427825,0.513266,0.123453,Normal
2,1.19011,0.349637,0.315594,Normal
20,3.16338,0.743658,0.580619,Normal
9,0.480205,0.757378,0.415403,Normal
6,3.81212,1.09955,0.512656,Warning
8,0.929812,0.783422,0.192058,Normal
18,1.06492,0.558689,0.348365,Normal
6,1.10676,0.629038,0.760979,Warning
11,-0.302563,0.703619,0.329882,Normal
11,-3,0.349686,1,Critical
9,2.98177,0.321504,0.777859,Warning
5,-0.917454,1.16907,0.442736,Normal
21,-0.19649,0.228387,0.200142,Normal
17,-0.263653,0.774358,0.554168,Normal
20,-1.5775,0.727575,1,Critical
11,2.25627,0.522007,1,Critical
9,0.0437946,0.769613,0.0671285,Normal
2,0.984672,0.0916002,0.227367,Normal
17,-1.29541,0,0.437408,Normal
8,0.328551,0.782704,0.555369,Normal
9,-0.253075,0.784245,0,Normal
21,-3,1.02837,0.505512,Normal
23,-3,0.852722,0.927357,Critical
19,0.420617,0.51213,0.468469,Normal
1,-0.0299596,0.209258,0.501409,Normal
8,-1.1007,0.845454,0.24186,Normal
13,0.481675,0.417957,0.246389,Warning
17,0.35098,0.817437,0,Normal
4,-0.683842,0.908767,0,Normal
14,-0.347617,0.988504,0.167918,Normal
22,-0.660775,1.14136,0.290976,Normal
18,2.88662,0.724184,0.931517,Critical
22,1.67588,0.443474,0.608576,Warning
10,0.691798,1.16162,0.185525,Normal
10,-0.427367,0.40779,0.510907,Normal
15,0.346291,0.635423,0.133894,Normal
9,-0.591515,0.612212,0.392442,Normal
6,-0.62916,0.353376,0.142468,Normal
3,0.906024,0.341379,0,Normal
9,0.333048,1.5779,0.206875,Normal
3,0.566651,0.263307,0.569198,Normal
0,1.10843,0.880504,0.92577,Warning
17,-2.14597,0.687895,0.706167,Warning
14,-3,0.575838,0.939473,Critical
19,0.595183,0.619988,0.319162,Normal
2,0.42285,0.489877,0.0654898,Normal
14,-3,0.56263,0.515084,Normal
21,0.826915,0.708423,0.432477,Normal
1,-1.10798,0.675805,1,Warning
0,0.467037,0,0.509625,Normal
2,1.19343,0.252145,0.930982,Warning
7,2.47245,0.326378,0.631933,Warning
9,0.576688,0.719793,0.378792,Normal
1,0.540999,1.03986,0,Normal
21,2.33302,0.868908,1,Critical
11,-1.00544,1.1798,0.530267,Normal
23,3.42857,0.0986585,0.827903,Warning
12,-0.5239,1.08671,0.477739,Normal
22,1.85467,0.55449,0.54825,Normal
18,0.446672,0.940725,0.45671,Normal
19,1.03937,0.167876,0.936321,Warning
23,-0.00026982,0.398664,0.485401,Normal
9,-1.74436,0.436341,0.461489,Normal
13,0.25468,1.05261,0.810671,Normal
22,-0.702311,0.622836,0.1343,Normal
16,0.307371,0.491452,0.0732955,Normal
8,-0.0766463,0.200735,0.248849,Normal
10,0.220993,0.640507,0,Normal
17,-0.842628,0,0.480864,Normal
6,-0.464355,0.310365,0.257091,Normal
1,-0.0347111,0.700965,0.193225,Normal
1,1.04925,0.597426,0.573835,Warning
13,-0.0257164,0.846418,0.476887,Normal
1,-2.44595,0.413097,0.921592,Critical
0,-0.280373,1.17618,0,Normal
19,2.86267,0.24117,1,Critical
8,0.1421,0.478308,0.352317,Normal
19,0.014593,0.446037,0.424105,Normal
16,-0.591071,0.438551,0,Normal
22,0.482113,0.912265,0.376283,Normal
6,-1.42201,0.248278,0.722018,Warning
4,0.174754,0.264113,0.365646,Normal
1,2.74907,0.821877,0.674363,Warning
11,-0.612154,0.411754,0.291038,Normal
18,-0.538795,0.494158,0,Normal
6,-0.784978,0.458784,0.0541975,Normal
19,-0.260734,0.656102,0.770377,Normal
5,3.97939,0.746822,0.834899,Warning
16,-0.152528,1.65537,0.0452316,Normal
19,-2.10504,0.319426,0.747411,Warning
19,-1.05341,0.767012,0.994375,Warning
23,-0.85785,0.717994,0.31309,Normal
7,4.64481,1.01225,0.881922,Warning
1,-0.521708,0.569009,0.475696,Normal
1,0.674801,0.352805,0.273246,Normal
18,0.626705,1.35266,0.631825,Warning
12,3.23941,0.233331,0.786362,Warning
2,-0.219298,0,0.124969,Normal
8,-0.268727,0,0.459621,Normal
7,-0.296407,0.931874,0.665163,Normal
7,2.54664,0.453671,0.633771,Warning
15,-0.824452,0.931557,0.333933,Normal
8,-2.4798,0.760051,0.899523,Warning
6,1.19016,0.821342,0.69293,Warning
15,0.209005,0.944849,0.739721,Normal
17,0.404406,0.895319,0.609473,Warning
7,-3.21438,0.82154,1,Critical
0,-0.394827,0.604486,0.208948,Normal
12,-0.424507,0.890657,0.577194,Normal
20,-0.0180974,0.92804,0.337472,Normal
1,-2.61512,0,1,Critical
22,-0.891017,0.494222,0.130254,Normal
15,-0.504397,0,0.315258,Normal
17,-0.104434,0.42719,0.399211,Normal
12,2.26248,0.764857,0.914396,Critical
7,-0.71672,1.18459,0.528417,Normal
12,0.299209,0.541965,0.370146,Normal
4,-1.56955,0,0.806184,Warning
5,-2.82107,0.679864,0.478646,Normal
16,0.477557,0.96304,0,Normal
7,-0.75865,0.0890259,0.345889,Normal
12,1.43877,0.814461,0.501422,Normal
23,-0.619737,1.19294,0.519387,Normal
2,-0.0448281,0,0.0727905,Normal
0,0.243425,0.756776,0.262498,Normal
9,-0.138903,0,0.389993,Normal
20,-0.133428,0,0.284695,Normal
3,0.71807,0.87654,0.832776,Warning
17,-0.602179,0.531328,0.261377,Normal
16,1.96852,0.0698573,0.898806,Warning
14,-1.02994,1.04653,0.76447,Warning
21,0.810902,0.705316,0.515114,Normal
20,1.67658,0,1,Critical
6,0.16405,0.465037,0.047573,Normal
11,0.912791,0.95852,0,Normal
0,1.04075,0.999884,1,Warning
13,-1.79864,0.126012,1,Critical
3,0.0271765,1.0038,0.166688,Normal
6,-0.0957486,0.0350333,0.153137,Normal
10,-0.0734744,0.937272,0.0711197,Normal
0,-0.799812,0,0,Normal
15,2.25765,0.570246,0.811106,Warning
7,0.408918,1.22401,0.351016,Normal
1,-0.062135,0.00332118,0.434114,Normal
10,0.0943987,1.07227,0.24698,Normal
6,0.980379,0.689752,0.300988,Normal
22,-2.30313,1.09174,0.632781,Normal
18,0.00715076,0.222615,0.243686,Normal
18,-1.82148,0.245352,0.806797,Warning
10,0.249412,0.862706,0.301947,Normal
7,3.38125,0.985862,0.995052,Critical
17,-1.2283,0.802014,0.765467,Warning
17,0.232564,0.163128,0.366893,Normal
12,0.38713,0.0676829,0.220817,Warning
14,-2.06227,0.86993,0.563919,Warning
7,-2.00541,0.355947,1,Warning
4,0.156968,0.0826808,0.0907955,Normal
3,0.00327393,0.389106,0.492496,Normal
22,-2.03389,1.16706,0.725154,Warning
8,0.78305,0.821036,0.0822187,Normal
14,1.15306,0,0.849892,Warning
22,-0.0323262,0.284671,0.431,Normal
21,2.26471,1.16294,0.832505,Warning
3,-2.06504,1.11242,0.963815,Critical
9,-2.74157,0.294129,0.543737,Normal
20,1.97707,1.23318,1,Critical
1,0.30647,0.783071,0.302025,Normal
12,0.343787,0.405713,0.283023,Normal
10,0.128823,0.044384,0.0831511,Normal
21,-0.0411847,0.697454,0.326135,Normal
10,0.28667,0.951602,0.0362951,Normal
11,0.296874,0.999252,0,Normal
22,0.323912,0.588243,0.785424,Normal
13,-0.861006,0.417194,0,Normal
17,-2.3379,1.03518,0.929412,Critical
13,0.226202,1.00378,0,Normal
8,2.95941,1.03773,0.802303,Warning
11,2.31921,0.565495,0.720242,Warning
10,-1.21703,1.33127,0.866911,Warning
13,0.944031,1.10578,0.462333,Normal
19,1.89553,1.07976,0.828258,Warning
8,-0.476575,0.909137,0,Normal
14,-0.103214,0.0186977,0.0855873,Normal
8,-1.5196,0.203143,1,Critical
2,1.82737,0,0.571206,Normal
23,-3,1.03749,0.51354,Normal
9,0.00599979,0.167356,0.460397,Normal
22,-0.284682,1.30011,0,Normal
14,1.58631,0.666298,1,Critical
22,3.3386,0.380527,0.902899,Critical
18,0.130213,1.54301,0.197093,Normal
18,0.550726,0.792628,0,Normal
23,0.402214,0.682198,0.270397,Normal
16,-1.02181,0.758487,0.473448,Normal
14,-0.177604,1.25451,0.339483,Normal
20,1.39691,0.953368,0.930214,Critical
10,-2.48855,0.0978455,0.847777,Warning
13,-0.100388,1.2864,0.169732,Warning
3,0.657933,0.461059,0.432342,Normal
10,-0.957262,0.958716,0,Normal
12,-0.993978,1.23941,0.345696,Normal
18,-0.429357,0.866399,0.204077,Normal
11,-0.56834,0.44146,0,Normal
21,-0.0630198,1.37778,0.0231192,Normal
20,0.0720306,0,0.116572,Normal
20,-2.37818,0.521507,0.809696,Critical
20,0.53887,0.674358,0.192084,Normal
9,-2.20694,0.731398,0.567156,Normal
0,-0.213974,0,0,Normal
19,-2.35392,0.358313,0.674685,Warning
19,2.85748,0.549033,0.94063,Critical
21,-2.58863,0.679053,1,Critical
8,2.19662,1.0279,0.704727,Warning
20,0.0568294,0.7296,0.165059,Normal
18,3.73604,0.557895,1,Critical
8,0.57211,0.720661,0,Normal
9,-2.8026,0.542811,0.571794,Normal
17,0.416497,0.34509,0,Normal
2,2.6899,0.447083,0.681446,Warning
2,0.367068,0.851885,0.117756,Normal
22,0.191583,1.30869,0.500872,Normal
20,1.56979,0.493828,1,Critical
10,-2.10379,0.749873,0.46705,Normal
21,-3,0.00452624,0.939609,Critical
16,-0.840457,0.702293,0.509715,Normal
7,0.816902,0.575425,0.376343,Normal
4,0.561912,0.781775,0,Normal
13,-0.317962,0.686809,0,Normal
2,2.65424,0.760338,0.58786,Normal
20,3.23683,0.886067,0.693929,Warning
18,-1.12961,0.425596,0.653615,Warning
12,1.75957,0.302939,1,Critical
6,0.467923,0.0849351,0.213026,Normal
4,3.10213,0.0958626,0.699475,Warning
19,-0.0605234,0.980249,0,Normal
9,-3,0,1,Critical
3,3.3729,1.02161,0.708042,Warning
22,0.192397,0.787407,0.570874,Normal
21,-0.170203,0.740865,0.368336,Normal
10,-0.300401,0.538292,0.444789,Normal
12,2.37589,0.21153,0.730898,Warning
2,-2.72117,1.41418,0.754046,Warning
6,-3.85328,0.974196,0.901277,Critical
18,-0.175261,0.444363,0.255044,Normal
23,-0.101256,0.628833,0.283212,Normal
2,0.346933,0.771784,0.557868,Normal
16,0.133877,0.464329,0,Normal
11,-0.350175,0.168469,0.631323,Normal
21,0.353391,0.910112,0.373458,Normal
14,0.688876,0,0,Normal
16,-0.0626296,0.485144,0.219753,Normal
9,-1.2776,0.589016,0.86341,Warning
6,2.45696,0.566498,0.680886,Warning
12,-1.25718,0.902689,0.615836,Warning
19,-0.50838,0,0.441001,Normal
10,4.06315,0,0.493267,Normal
11,0.932914,0.527901,0.324815,Normal
2,-3.81062,0.976224,0.989145,Critical
16,-0.434235,0.740929,0.24318,Normal
17,-3,0.888657,1,Critical
22,0.435032,1.08059,0.557604,Normal
6,-0.268031,0.877306,0.212299,Normal
7,-3.76556,0.505882,0.865312,Warning
18,3.14028,0.677918,1,Critical
20,0.263181,0.704799,0.515917,Normal
20,-2.64664,1.51905,0.64805,Warning
2,-0.690074,0.836413,0.174297,Normal
6,-1.71574,0.884199,0.540385,Normal
11,-3,0.710606,0.753564,Warning
16,-0.0257887,0.332895,0.433534,Normal
3,-2.22955,0.0605223,0.578842,Normal
8,-1.50783,0.424786,0.83984,Warning
13,-1.97707,0.293628,0.638566,Warning
1,2.18453,0.898634,0.529811,Normal
17,1.69973,0.433042,0.882064,Warning
21,2.17116,0.268095,0.786842,Warning
8,2.35822,1.13048,0.281463,Normal
12,-3,0.750251,0.464557,Normal
20,-0.243204,0.87263,0.478618,Warning
8,-0.0453995,1.08655,0.0495771,Normal
11,0.521618,1.44837,0.729488,Warning
14,-2.27346,0.328735,0.398716,Normal
19,-0.656768,0.87999,0.533554,Normal
12,-0.333132,0.263701,0.003871,Normal
12,1.95147,0.69391,0.594536,Normal
16,-2.1027,0.362143,0.612973,Warning
7,-2.22559,0.901881,0.798313,Warning
21,3.35455,0,0.922516,Critical
9,0.190263,0.858765,0.280885,Normal
7,-3.68494,1.01846,0.304729,Normal
16,-2.66295,0,0.468114,Normal
23,-0.207886,0.0289578,0,Normal
7,-1.5596,0.581915,0.828134,Warning
7,-0.397043,0.751389,0.367656,Normal
12,-0.513494,0.196146,0.827366,Warning
6,2.88524,1.39386,0.611797,Warning
9,-0.125943,0.212051,0,Normal
22,-0.140007,0.389126,0.452135,Normal
13,1.12029,1.13003,0.945003,Warning
15,0.826563,0.664447,0.207251,Normal
15,-0.28345,1.16684,0.056295,Normal
20,1.36968,0,0.41813,Normal
16,0.253833,0,0.0359949,Normal
22,1.86742,0.896605,1,Critical
20,-1.9563,0.609321,0.928034,Critical
18,0.0885817,0.856883,0,Normal
7,-0.0756956,0.442385,0.145786,Normal
21,1.18818,0.234119,1,Warning
18,2.64051,0.400614,0.704417,Warning
2,0.379393,1.10711,0.502192,Normal
9,-2.62717,0.776254,0.65273,Warning
2,3.71535,0.53981,0.753648,Warning
8,-3.76665,0.940915,0.688444,Critical
2,3.33353,0.0841348,0.892496,Critical
16,2.4587,1.08709,0.550509,Normal
23,0.791377,1.26881,0.554651,Normal
8,-0.0408738,1.14382,0.495973,Normal
5,-1.19228,0.773061,0.716854,Warning
9,-0.161626,0.479783,0,Normal
8,-1.21028,0.430905,0.469672,Normal
4,1.21343,0.0203825,0.344143,Normal
20,2.06042,0.699214,0.9315,Critical
3,0.272675,0.756967,0,Normal
22,0.19178,0.632004,0.154154,Normal
7,-1.36467,0.519,0.871118,Warning
17,-0.873438,0.59874,0.433375,Normal
1,-0.284968,0.685067,0.0552095,Normal
8,-1.10596,1.09399,0.826835,Warning
2,-1.67159,1.20329,0.671716,Warning
1,-1.19391,0,0.862572,Warning
18,-0.182257,0.35963,0.15375,Normal
6,-0.162872,0.92372,0.544186,Normal
20,1.62539,0.522459,0.753309,Warning
9,0.971272,1.08704,0.5983,Normal
18,-0.777226,0.704415,0.155343,Normal
4,0.343918,0.362281,0,Warning
6,2.17532,1.0465,0.31212,Normal
11,4.3913,0.866504,0.899051,Warning
13,2.30788,0.901152,0.432894,Normal
14,1.46034,0.639962,0.33617,Normal
12,1.30249,0.748673,0.435152,Normal
8,-2.27371,0.228153,0.979036,Critical
21,0.410089,0.765646,0.00362834,Normal
7,-3.61328,0.770198,0.637346,Warning
20,-0.974075,1.22739,0.0649783,Normal
12,0.387811,0.368187,0.340731,Normal
16,-0.653613,0.785514,0.104591,Normal
9,0.861001,0.92274,0,Normal
17,-0.24731,0.805944,0.421827,Normal
16,-1.11485,1.05025,0.883957,Warning
3,0.08914,0.771273,0.19551,Normal
9,-0.8808,0.586158,0.558696,Warning
16,3.22993,0.568558,0.392033,Normal
1,-3.09322,0.414547,1,Critical
8,-0.853755,0.162366,0.259989,Normal
7,-0.89853,0.590214,0.424681,Normal
14,0.469483,0.995978,0.317924,Normal
7,0.910922,0.0985878,0.641203,Warning
13,0.236951,0.771452,0.617797,Normal
2,-2.94868,0.839429,0.907537,Critical
16,0.0524788,0.518939,0.504212,Normal
20,0.207915,0.865154,0.616906,Normal
11,-3,0.328696,1,Critical
0,4.41401,0.954706,0.722124,Warning
21,-0.262166,0,0.261535,Normal
9,1.7425,0.453215,1,Critical
7,2.61033,0,0.346934,Normal
13,0.190751,0.697433,0.747583,Normal
5,-0.119303,0.400153,0.535526,Normal
6,-3.75075,0.737059,1,Critical
19,0.731483,0.655743,0.255811,Normal
21,1.17762,0.532564,0.573343,Normal
19,0.09043,0.224808,0,Normal
8,-0.311307,0.340918,0,Normal
6,-0.958284,0.868841,0.135218,Normal
20,-0.519917,0.531346,0.622536,Warning
3,0.852141,1.18535,0.629828,Warning
13,-0.68425,0.173282,0.29563,Normal
22,2.70833,0.621354,0.675223,Warning
7,-2.5432,0.394172,0.831534,Warning
10,0.0498463,0.076835,0,Normal
0,1.50769,0.278035,0.802036,Warning
16,1.49313,0.236206,0.925585,Critical
8,-0.809506,0,0.676518,Warning
18,0.702772,0.445788,0.378987,Normal
21,1.62743,0.510843,0.35478,Normal
12,-0.520474,0,0.434203,Normal
23,-0.164164,0.981692,0.267526,Normal
17,3.18223,0.660502,0.941575,Critical
10,-0.357863,0.762192,0,Normal
1,-1.91752,0.687019,0.801206,Warning
23,-0.856956,0.510498,0.112632,Normal
0,0.15863,0.55233,0.205509,Normal
19,-0.2213,0.114581,0,Normal
2,2.36305,0.61955,0.408919,Normal
19,1.32544,0.238779,0.769943,Warning
8,0.530329,1.03971,0.244468,Normal
5,2.6001,0.909857,0.973326,Critical
14,0.610107,0.841676,0,Normal
19,-0.561371,0.766134,0.0601912,Normal
9,0.760994,0.452168,0.811754,Warning
22,-0.682082,0.630223,0.160312,Normal
6,1.10642,0.687408,0.35457,Normal
8,0.38043,0.166455,0.0738782,Normal
21,1.10863,0.35999,0.982265,Warning
3,-2.15025,0.996383,0.64768,Warning
22,1.87412,0,0.64596,Warning
19,-3,0.413936,0.891983,Warning
18,-0.155561,1.03563,0.317592,Normal
20,1.86734,0.518636,0.74317,Warning
23,-0.309319,0.795007,0.280344,Normal
7,-3.07398,0.976684,0.425853,Normal
1,-0.178963,0,0.0358988,Normal
12,-0.104901,0.493844,0.458246,Normal
14,-1.96384,0.433199,0.794395,Warning
7,1.07424,0.458091,0.842074,Warning
1,-0.781582,0.176244,0.026735,Normal
8,-2.11131,0.924728,0.944931,Critical
15,0.330344,0.56734,0,Normal
15,-3,0.690698,0.802679,Warning
18,2.83224,0.29308,0.992991,Critical
0,1.70215,1.07176,0.663092,Warning
15,-2.67866,1.00865,0.0442299,Normal
8,-0.272046,0.3541,0.071796,Normal
17,0.433489,1.02711,0.113151,Normal
5,-0.520466,1.3072,0,Normal
17,-1.36264,0.330608,0.91214,Critical
12,-0.994044,0.596666,0,Normal
17,0.797269,0.494613,0.279551,Normal
1,0.66477,0.804272,0.176524,Normal
3,-0.152994,0.254384,0.190657,Normal
21,1.96455,0.733958,0.707631,Warning
8,-0.418588,0.692318,0,Normal
9,-1.73156,0.273172,0.834636,Warning
9,-1.51524,0.823571,0.320063,Normal
17,-3,0.431563,0.685924,Warning
18,1.67707,0.679298,1,Critical
20,3.07118,1.72688,0.518502,Normal
7,1.8429,0.80658,0.556866,Normal
1,-0.471558,1.04094,0.028579,Normal
15,-3,0,0.895796,Warning
7,2.17496,1.52388,0.887258,Warning
0,4.07421,0.234347,0.666513,Warning
1,-1.67693,0.961312,0.996236,Critical
5,2.5993,0.611645,0.704786,Warning
4,-2.24999,0.038495,0.689981,Warning
12,1.21663,1.36905,1,Critical
6,0.207877,0.264672,0.528736,Normal
8,2.74768,1.48554,0.807475,Warning
4,-0.49511,0.733657,0,Normal
11,-1.42696,0.126297,0.715081,Normal
17,2.48249,0.792658,1,Critical
13,-0.772269,0.755966,0.596742,Normal
8,0.0567023,0.664828,0.223275,Normal
18,-0.165478,0.345389,0.0479402,Normal
22,0.86827,0.582277,0.153803,Normal
12,0.0161872,0.364314,0.0411829,Normal
14,-0.889101,0.565795,0.184333,Normal
2,-0.0154821,0.488658,0,Normal
12,-0.469649,0.598536,0.22125,Normal
5,-0.273083,0.134032,0,Normal
20,0.185478,0.618195,0.0416201,Normal
6,-0.84199,0.742563,0.322179,Normal
10,0.53966,0.684263,0,Normal
20,3.10334,0,0.997568,Critical
6,-0.159084,0.688778,0,Normal
0,-3.12853,0.87583,0.761952,Warning
6,0.170863,0.61658,0.521999,Normal
20,-0.496833,0.679847,0.409155,Normal
18,0.539378,1.2778,0.75899,Warning
2,1.53251,0.094071,0.803618,Warning
14,-0.243838,0,0,Normal
19,-1.36601,0.597023,0.673464,Critical
15,-3,0.996575,1,Warning
20,0.505112,0.357126,0.217713,Normal
22,-0.396152,1.2021,0.695827,Normal
19,0.0301592,0.531618,0,Normal
12,0.113401,0,0.27986,Normal
13,0.207158,0.706807,0.53407,Normal
11,3.13319,0.0997313,0.906289,Critical
21,-0.947244,0.798567,0.450548,Normal
12,-1.84912,0.971855,0.661956,Warning
9,0.954507,0.0528383,0.198712,Normal
19,-0.63261,0.754964,0,Normal
2,-0.556222,1.07419,0.376643,Normal
18,0.118042,0.247536,0.901594,Normal
12,0.472774,1.42207,0,Normal
16,1.95605,1.09736,0.747612,Warning
23,2.71717,0.616376,0.672036,Warning
21,2.8378,0.771981,0.956692,Critical
23,-0.989915,0.0755551,0,Normal
19,0.500834,1.17056,0.415227,Normal
21,-0.638556,0,0.100796,Normal
8,-2.91131,0.93423,0.962389,Critical
14,-0.158856,0,0.116295,Normal
23,-0.725292,0.532839,0.62956,Warning
12,-3,1.11535,0.637702,Warning
20,2.29088,1.12827,0.603477,Warning
16,-2.99876,0.596652,1,Critical
6,-0.610842,0.756965,0.617473,Warning
5,2.41054,0.658955,0.674956,Warning
13,-2.30679,1.04259,0.735302,Warning
20,2.36907,1.15073,0.654165,Warning
15,-0.323846,0.433363,0.0703497,Normal
10,-1.02668,1.05515,0.988694,Warning
18,2.97936,0.487112,0.912149,Critical
3,-1.23275,0.161494,0.594474,Normal
13,-0.122371,0.608332,0,Normal
1,0.921698,0.748545,0.42845,Normal
6,-2.84176,0.542411,1,Critical
5,-0.336003,0.394558,0.217425,Normal
20,-2.71892,0.600254,0.806013,Warning
22,-3,0,0.368244,Normal
23,2.73485,1.05636,0.766666,Warning
12,-3,0.791702,1,Critical
1,3.49577,0.267981,1,Critical
22,-1.59651,0,0.431146,Normal
8,2.3805,1.10753,1,Critical
6,-0.0861988,0,0.125025,Normal
7,2.65459,0.691285,0.499312,Warning
3,2.48609,0.423026,0.527165,Warning
17,-0.0354811,1.08716,0.343865,Normal
14,-2.14451,0.315487,0.700156,Warning
9,-0.167671,0.405078,0.551319,Normal
13,-1.78385,0.245799,0.57189,Normal
11,-1.02051,0.562802,0.539879,Normal
5,0.810165,0.797842,0.0137749,Normal
5,0.512873,1.24458,0.420163,Normal
4,-1.8688,0.730281,0.396889,Normal
23,-2.19641,0.925883,0.983069,Critical
22,2.84688,0.820345,0.653018,Warning
16,1.54915,0.742526,0.781164,Warning
19,0.598818,0.245621,0.654315,Warning
21,0.390798,0.541131,0.246019,Warning
5,0.187865,0.42512,0.258246,Normal
13,0.378464,0.0440026,0.191473,Normal
0,1.37447,0.449836,0.471407,Normal
8,-0.847967,0.998831,0.803971,Warning
9,2.98656,0.410732,0.328255,Normal
6,-3.33852,0.795264,1,Critical
23,1.20884,0.465044,0.866277,Warning
22,-0.241,0.38561,0.151549,Normal
22,-0.215503,0.336487,0.260724,Normal
13,-2.96729,1.27627,0.824772,Warning
10,-0.116244,1.39226,0.140362,Normal
19,3.05298,0.564019,1,Critical
23,0.81796,0.483221,0.38586,Normal
9,0.627598,1.02234,0.06279,Normal
18,-0.963308,0.143173,0.226619,Normal
7,0.92295,0.255312,0.273211,Normal
18,-0.756483,1.10067,0.129447,Normal
19,0.361396,0.291649,0.171456,Normal
21,2.92236,0.942436,1,Critical
13,-0.618955,0.612205,0.134447,Normal
22,-2.60405,0.59066,0.913754,Critical
2,-0.46039,1.30859,0.485442,Normal
17,-1.26167,0.674628,0.573308,Normal
7,-0.998202,0.794515,0.227822,Normal
21,2.88294,0.644378,0.469066,Normal
10,-0.39867,0.965627,0,Normal
2,-0.865548,0.525847,0.341235,Normal
6,2.22884,0.613227,0.747186,Warning
22,1.36281,1.58487,0.644522,Warning
7,1.03498,0.0567158,0.391285,Normal
23,-0.714865,1.1314,0.13136,Normal
7,0.166527,0.0885651,0.58024,Normal
4,3.38096,0.417886,0.694561,Warning
11,0.448294,1.00027,0.496751,Normal
7,-0.302898,0.217105,0.180597,Normal
7,0.357398,0.459474,0.56484,Warning
12,0.923087,1.09681,0.421728,Normal
23,-2.97731,0.705214,0.754684,Warning
2,3.23128,0.556027,0.50321,Normal
9,2.88013,1.03664,0.316771,Normal
2,-0.624845,0.0559043,0.0914056,Normal
13,0.377859,1.10808,0,Normal
7,-0.653606,0.58383,0.116165,Normal
22,-2.29729,0,1,Critical
20,-1.98566,0.24853,1,Critical
22,-0.433018,0.635942,0.673433,Warning
14,-0.461648,0.0615315,0.388053,Normal
7,0.52657,0.710015,0.29033,Normal
1,-0.0260073,0.309892,0.408852,Normal
18,0.0321842,0.850746,0.242803,Normal
15,4.09044,0.244915,0.905763,Critical
19,-0.219787,0.659442,0.419869,Normal
11,-0.109354,0,0.562677,Normal
10,0.0288948,0.665878,0.054343,Normal
20,0.354506,0.510939,0.444337,Normal
9,0.259032,0.202978,0,Normal
18,1.78519,0.935167,0.563574,Normal
1,-0.608943,1.29361,0.0141858,Normal
20,-1.04363,1.19865,0.473407,Normal
18,0.300623,1.48617,0,Normal
12,-2.66008,0.252611,0.764773,Warning
16,-0.173174,0.775276,0.225075,Normal
18,-1.14906,0.450282,1,Warning
22,0.889694,0.551072,0.398393,Normal
12,0.120253,0.972535,0.16667,Normal
1,-3.12926,1.00293,0.61704,Warning
9,1.65021,1.03266,0.652365,Warning
4,0.956717,0.546847,0.318567,Normal
23,-0.84746,0.450344,0.596165,Normal
7,-1.01599,0,1,Warning
13,-0.456619,0.947543,0.321328,Normal
22,-1.05175,0.578355,0.560675,Warning
8,1.62537,1.2897,1,Critical
9,-0.97601,0.63035,0,Normal
12,2.77358,0.640071,0.775263,Warning
7,3.2677,0.0850685,1,Critical
19,1.42673,0.307724,0.584648,Normal
12,-0.04297,0.266818,0.562141,Normal
8,1.0845,0.866426,0.785801,Warning
0,0.0472239,0.578745,0.338528,Normal
7,0.759913,0.606374,0.148917,Normal
10,0.748342,0.18531,0.266753,Normal
12,3.72774,0.118358,0.914829,Critical
22,0.798897,0.585977,0.221037,Warning
10,-1.04124,0.0873838,0.527105,Normal
1,-2.09958,0.372587,0.914407,Critical
8,0.303054,0.263654,0,Normal
22,4.55267,1.20781,0.503309,Normal
13,-1.24156,0.579375,0.393692,Normal
17,0.539917,0.265544,0,Normal
11,0.622885,0.654668,0.334846,Normal
14,-0.795291,0.59322,0.102168,Normal
8,-0.456941,0.0141864,0,Normal
10,-2.88164,1.21959,0.613966,Warning
6,-3.75918,0.492211,0.674027,Warning
19,2.88412,0,0.633271,Warning
20,-0.313224,0.244565,0.417715,Normal
11,-0.238148,0.422427,0.222072,Normal
6,2.09597,0.894354,0.875328,Warning
16,-0.493232,0.182637,0,Normal
1,0.971629,0.722766,0.545165,Normal
13,0.919438,0.338355,0,Normal
20,1.29734,0.315952,0.677714,Warning
8,0.896026,0.531153,0.0269286,Normal
4,-1.41483,1.05048,0.960466,Critical
17,0.179884,1.06209,0.0496354,Warning
2,2.92985,0.453925,1,Critical
8,-0.264508,0.838907,0.471738,Normal
2,0.390354,0.75387,0.269614,Normal
10,-0.229711,0.398117,0.253328,Normal
2,0.103907,0.652047,0,Normal
13,0.880338,1.5872,0.238693,Normal
7,-0.55975,1.16317,0.314615,Normal
6,2.0857,0.7127,1,Critical
13,0.588523,0.733154,0,Normal
17,0.591372,0.0464278,0.212801,Normal
13,2.3316,0.636959,1,Critical
10,-1.44912,0.460626,1,Critical
2,-1.4429,1.18533,0.955544,Critical
9,0.544869,1.13373,0,Warning
19,3.48719,0,0.662914,Warning
19,-1.92065,0.216642,0.638771,Warning
19,1.29787,0.687702,0.281264,Normal
9,0.201668,0.357217,0.116205,Normal
18,-1.13712,0.857949,0.417958,Normal
8,2.01169,0.787151,0.648983,Warning
0,-0.999888,0.351312,0,Normal
6,1.64455,0.668681,0.736163,Warning
3,-0.274392,1.02392,0.203535,Normal
5,-0.844406,1.02461,0.488352,Normal
6,0.336607,0.172654,0.769669,Normal
16,3.28474,1.19049,0.774444,Warning
11,1.61746,0.813875,0.714471,Warning
7,0.810398,1.00535,0,Normal
7,-3.68869,0.550092,0.943518,Critical
18,-3,0.741643,0.507206,Normal
17,-3,0.67802,0.684008,Warning
19,-0.0652053,1.09948,0,Normal
15,-1.38059,0.242435,0.806561,Warning
2,0.353615,0.54586,0.265341,Normal
18,0.8294,0.382421,0.0808347,Normal
9,-2.89783,1.09878,1,Critical
3,-2.76878,0.635653,0.762581,Warning
2,0.278918,0.47515,0,Normal
21,-3,0.535424,0.703054,Warning
18,3.21938,0.210785,0.707732,Warning
14,0.449813,0.508748,0.262112,Normal
8,-2.46721,0.820844,0.692978,Warning
19,-1.10513,0.481687,0.822478,Warning
6,2.58234,0.976271,0.665307,Warning
17,1.36636,0.709462,0.632864,Warning
3,-4.23413,0.698222,1,Critical
20,-1.01239,1.08534,0.449387,Normal
12,-0.16716,0.516607,0.123153,Normal
9,2.37634,0.508715,0.695453,Warning
13,-0.855269,0.142275,0,Normal
4,-0.306637,0.728913,0,Normal
1,-0.832781,0.58795,0.186481,Normal
4,-2.39143,0.378043,0.479287,Normal
23,-1.29504,0.610586,0.939677,Critical
9,1.2535,0.931973,0.475666,Normal
17,0.271675,1.02587,0.78049,Normal
2,-0.978557,1.05381,0.0755187,Normal
12,1.36725,0.508262,0.896508,Warning
17,-2.29058,0.0636758,0.734423,Warning
10,-0.997807,1.28395,0.220554,Normal
17,2.16864,0.878214,0.86367,Warning
9,-1.23272,0.417622,0.934816,Critical
7,1.20659,0.625676,1,Critical
17,-1.97443,0.331336,0.553716,Normal
18,-1.22275,0.2615,0.616264,Warning
20,0.0477894,0.718553,0,Normal
20,3.8647,0.717571,0.673769,Warning
23,1.23392,0.944738,0.614304,Warning
16,0.842953,0.17239,0.00855244,Normal
2,-2.92479,1.31585,0.462003,Normal
8,0.738141,0.81007,0.414975,Normal
7,-2.19046,0.15288,0.835369,Normal
14,-1.91214,1.1343,0.731046,Warning
2,2.37015,0.396631,1,Critical
16,-1.148,0.0164791,0.473332,Normal
11,-2.95904,0.542138,0.833256,Warning
2,-0.716375,0.564735,0.0685899,Normal
5,-0.0899294,0.71453,0,Normal
10,0.139372,0.811402,0.129043,Normal
3,0.272528,0.669594,0.37416,Normal
8,-0.773075,0.749813,0,Normal
8,2.8929,0.684449,0.996893,Warning
8,0.426807,0.34189,0.32091,Normal
14,-0.1475,0.708417,0.131262,Normal
12,-2.63833,0.40193,0.638447,Warning
6,0.2119,0.721606,0.307133,Normal
18,-0.266165,0.548979,0,Normal
2,0.0544006,0.138371,0,Normal
1,-0.191426,0.656167,0.391588,Normal
9,-3,1.35021,0.903392,Critical
2,-0.0965798,1.14857,0.216243,Normal
18,2.13037,0.751777,1,Critical
12,0.34886,0.327421,0.456499,Normal
16,-0.339221,0.24285,0.770509,Normal
15,-0.815324,0.345523,0.321942,Normal
5,2.13282,0.356887,0.780277,Warning
11,0.766271,0.906886,0.474427,Normal
16,-2.49071,0.182729,0.392862,Normal
3,-0.192719,0.272719,0.227801,Normal
19,0.301724,0.404941,0.878434,Normal
23,0.749409,1.01098,0.07309,Normal
3,-0.469313,0.438367,0.329158,Normal
8,-1.05329,0.505028,0.378251,Normal
2,0.0594362,1.08295,0,Normal
2,0.363615,0.424083,0,Normal
2,-1.83442,0.0842469,0.533445,Normal
3,3.88129,0.429877,0.816974,Warning
15,0.12691,0.370422,0.220258,Normal
22,1.10243,0.223537,0.957896,Warning
7,0.717506,0.430044,0,Normal
21,0.970287,0.00316272,1,Warning
6,-2.53133,0.822085,0.918684,Critical
13,-0.441286,0.482682,0.152941,Normal
2,2.1982,0.298724,0.933304,Critical
1,-1.02976,0.829575,0.727402,Warning
15,2.71554,0,0.840764,Warning
16,0.296397,0.790092,0.0645915,Normal
14,-1.06384,0.719755,0.731161,Warning
10,-0.201116,0.827059,0.299211,Normal
9,1.84284,0.696619,0.688907,Warning
11,-0.0845733,0.940621,0.26289,Normal
4,-2.51401,0.935089,0.755622,Warning
16,2.83136,0.337211,1,Critical
18,-0.756902,0,0.512305,Normal
14,1.74037,0.960727,0.599522,Normal
5,3.733,1.14344,0.596329,Normal
13,-1.65723,0.812983,0.619337,Warning
12,0.183892,0,0.222182,Normal
1,1.14435,0.842621,0.853955,Warning
3,-4.0816,0,0.5454,Normal
16,1.50952,0.577241,0.733781,Warning
5,1.22297,0.985457,0.962381,Critical
13,-2.84838,0.806306,1,Warning
13,-2.77483,0.387535,1,Critical
19,-0.179566,0,0.0183349,Normal
1,2.37499,1.12761,1,Critical
3,-0.368256,0.177599,0.214585,Normal
11,0.726809,1.94836,0,Normal
6,0.230981,1.01275,0.509767,Normal
12,-0.344986,0,0,Warning
12,-3,0,0.903881,Critical
0,2.5422,0.354387,0.861272,Warning
13,0.58754,0.263014,0.0540406,Normal
18,2.63802,0.24803,1,Critical
10,-0.199252,0.38702,0.181882,Normal
7,-0.148207,0.507484,0.431293,Normal
18,-3,0.469252,1,Critical
9,-0.956199,0.726043,0.315934,Normal
21,-2.86132,0.912404,0.91503,Critical
20,1.9888,0.27495,0.93908,Critical
3,3.17084,0.935779,0.571881,Normal
23,0.0941759,1.51596,0.0855296,Normal
12,-0.52228,1.05123,0.129705,Normal
2,-0.0791031,0,0.375546,Normal
13,-2.62967,0.165923,1,Critical
18,-2.01632,0,0.562412,Normal
1,-1.95697,1.18545,0.463382,Normal
16,0.906446,0.338004,0.315143,Normal
7,-0.101431,0.801928,0.372997,Normal
18,0.637656,0.698547,0,Normal
15,-2.39521,0.448352,1,Critical
21,2.68074,0,0.553813,Normal
20,1.96033,0.678611,0.961653,Critical
2,0.852984,0.761611,0.299443,Normal
6,-0.892166,1.24493,0.0132654,Normal
13,-0.925893,0.630533,0.102629,Normal
15,-2.96645,0.425931,0.775477,Warning
22,3.54735,0.645897,0.754966,Warning
13,-1.28631,0.830424,0.7846,Warning
12,-0.525083,0.603124,0,Normal
18,0.163069,0.571324,0.346574,Normal
1,3.92804,0.902849,0.641398,Warning
2,-1.25845,0.724056,0.54246,Normal
18,-1.23345,0.104576,1,Critical
8,2.5278,0.864558,0.589399,Normal
21,0.534123,0.412887,0.108162,Normal
16,-3,0,0.180083,Normal
12,1.8734,0,0.787092,Warning
9,-0.935333,0.71794,0.0198854,Warning
17,-3,0.540599,0.390528,Normal
9,-2.9408,0.510995,0.732137,Warning
23,-1.07012,0.921592,0.990622,Warning
7,1.99397,0.215406,0.98516,Critical
20,-0.460384,0.299115,0.0995981,Normal
21,-3,0.74613,1,Critical
15,-0.00893376,0.066207,0.22474,Normal
15,2.39581,0.327601,0.715643,Warning
4,0.808632,0.416016,0.0695377,Normal
19,-0.320301,0.466563,0.588889,Normal
3,0.28964,0.638457,0.433844,Normal
16,-2.20624,0.454474,1,Critical
3,0.656002,0.371492,0.656948,Warning
0,1.23748,0.618843,0.893252,Warning
10,-0.605576,0.59387,0.492333,Normal
11,-2.31663,0.403935,0.202103,Normal
19,0.237966,0.562324,0,Normal
10,2.41627,0.521626,0.842704,Warning
3,-3.08953,0.814292,0.337437,Normal
17,0.719476,0.42781,0.150625,Normal
15,-0.0781656,0.207493,0.438858,Normal
17,-0.981688,0.654517,0.473245,Normal
8,1.04148,0.783113,0.592065,Normal
15,-0.248341,0,0,Warning
2,2.85255,0.514392,0.429755,Normal
8,-0.334405,0.646914,0.211771,Normal
5,3.00204,0.310733,0.741113,Warning
18,2.5456,1.17068,1,Critical
8,3.4402,0.62407,0.680644,Normal
13,-1.39615,0,0.0896481,Normal
11,-1.32678,0.0967573,0.576874,Normal
18,-1.25258,0,0.966946,Warning
18,-1.97774,0.534876,0.597064,Normal
13,-2.82027,1.08038,0.876755,Warning
9,-2.66587,0.197726,0.87721,Warning
14,0.686112,0.893232,0.334313,Normal
8,1.0677,1.47084,1,Warning
1,-2.56573,0.448715,0.50105,Normal
6,-0.796984,0.566078,0.257027,Normal
6,2.33646,0.586794,0.592799,Normal
18,-0.501901,0.370131,0.383046,Normal
8,5.06936,0.254507,0.938945,Critical
11,-0.42195,0.38739,0,Normal
9,0.296536,0.0836682,0.745056,Normal
14,-0.290265,0.290007,0.275658,Normal
20,2.67999,0.750676,0.600055,Warning
14,3.13883,0.128052,0.622868,Warning
23,-0.166694,0.432758,0,Normal
1,1.11164,0.910313,0.789139,Warning
22,1.23116,0.380939,0.913451,Critical
22,0.347426,0.686141,0.132113,Warning
17,0.443881,0.644455,0.108038,Normal
19,0.222483,0.234629,0.292201,Normal
17,1.35975,1.29697,0.815712,Warning
12,-0.85033,0.40263,0.511602,Normal
1,0.595309,1.03744,0,Normal
3,0.766531,0.744208,0.2613,Normal
12,-0.385392,0.882522,0.261442,Normal
20,-3,0.207346,0.215355,Normal
22,0.0118759,0.18654,0,Normal
2,2.28655,1.19617,0.685649,Warning
1,0.728098,0.375903,0.678374,Warning
4,-0.634782,0.526674,0.128011,Normal
1,2.76259,0.55336,0.680315,Warning
16,-2.11289,1.24378,0.566657,Normal
10,-0.220336,0.537719,0.354926,Normal
20,-1.97194,0.528639,0.902217,Critical
4,-0.194786,0.218061,0,Normal
16,1.85395,0.904178,0.812481,Warning
22,0.477171,0,0,Normal
10,0.375834,0.776287,0.0455155,Warning
6,0.091022,0.693666,0.97347,Normal
5,-0.787698,0.577857,0.339879,Normal
2,0.600495,0.310335,0.560808,Normal
1,-0.468109,0.435612,0,Normal
0,1.21504,0.432909,0.447905,Normal
7,-3.48339,1.16686,0.7369,Warning
18,-0.459042,0.852528,0.2931,Normal
17,-0.0232972,1.25791,0.283824,Normal
1,-2.27837,0.748248,0.854582,Warning
18,-3,0.0223118,0.452721,Normal
9,-1.95166,1.15954,0.562056,Normal
22,4.25189,0.677842,0.597413,Normal
12,1.28572,0,0.437045,Normal
13,-1.75876,0.921709,0.898111,Warning
6,1.18612,0.188431,0.85593,Warning
20,-0.842821,0.468636,0.213662,Normal
9,0.914026,0.207083,0.163153,Normal
7,-0.302493,0.427779,0.409539,Normal
8,0.333486,0.889124,0.467137,Normal
23,-0.0140706,0.518279,0.064405,Normal
9,-1.8475,1.13455,0.825616,Warning
22,0.16196,1.19415,0,Normal
20,2.11606,1.13406,1,Warning
22,-0.319304,0.557576,0.182745,Normal
19,-2.23546,0.257497,1,Critical
8,-0.29881,0.476955,0,Normal
23,0.340105,0.753189,0.491297,Normal
6,-0.605944,0.204453,0.541045,Normal
17,0.906378,0.492315,0.533367,Normal
13,0.140774,1.07392,0.200306,Normal
12,2.47371,0.00050588,1,Critical
8,0.4981,0,0.230943,Normal
19,1.29486,1.24535,0.354924,Normal
13,-0.681015,0.522696,0.543654,Normal
21,0.266528,0.540673,0.519147,Normal
9,-1.90415,0.698726,0.754364,Warning
0,-0.587104,0.863642,0.446583,Normal
12,0.630725,0.898326,0,Normal
6,2.99703,0.0399433,0.830212,Warning
2,0.593317,0.938945,0.434407,Normal
16,0.281038,0.652194,0.237573,Normal
12,1.1028,0.715968,0.667771,Warning
15,0.831841,0.744507,0.202278,Normal
15,0.764705,0.577869,0.286224,Normal
4,1.15021,0.64628,0.808221,Warning
13,-0.152513,0.539218,0.178116,Normal
3,-1.64504,0.985547,0.653073,Warning
0,-0.834279,0.42907,0.337424,Normal
15,0.0103464,1.05592,0.196272,Normal
14,-0.350332,0.993961,0.16804,Normal
7,1.17424,0.400808,1,Warning
12,1.53735,0.253481,1,Critical
15,-1.4986,1.01539,0.101082,Normal
19,2.6958,0.506609,1,Critical
10,3.22032,0.740418,0.535241,Normal
2,-2.97493,0.95455,0.766081,Warning
16,1.47913,1.16201,0.788814,Warning
5,-1.87711,0.603443,0.403098,Normal
13,1.10845,0.688072,0.780211,Warning
17,0.771881,0.248474,0.24854,Normal
9,-0.893783,0.874332,0,Normal
18,0.776106,0.546262,0,Normal
0,-2.37458,1.25727,0.868283,Critical
8,3.95026,1.08468,0.710393,Warning
17,-0.603708,0.664532,0.300852,Normal
7,0.310993,0.81092,0.211873,Normal
1,-0.307187,0.261162,0.344114,Normal
17,-0.816727,0.691349,0.417515,Normal
8,-0.45073,1.40012,0.319412,Normal
15,-0.359024,0.325349,0,Normal
2,1.74248,1.16196,1,Critical
14,-0.0918562,0.568519,0.137875,Normal
23,-0.460122,0.707956,0.0425488,Normal
16,0.610525,0.295038,0.199306,Normal
2,-3.13539,0.510639,0.683958,Warning
1,-0.939952,1.1682,0.41415,Normal
17,1.02328,0.940112,0.7561,Warning
14,-0.37814,0.485632,0,Normal
1,-2.99004,1.03725,0.840185,Warning
17,0.223349,0,0.23434,Normal
10,-3,0.572404,0.327854,Normal
18,0.433495,1.35455,0.0782994,Normal
19,0.44333,0.314278,0.327723,Normal
21,3.87168,0.8196,0.520336,Normal
9,2.24525,0.510333,0.688808,Warning
6,0.268202,0.664154,0.0784017,Normal
14,-0.909759,0.398515,0.258936,Normal
4,2.19767,0.699311,0.407745,Normal
11,-1.29716,1.0748,0.616989,Warning
12,1.26633,0.950038,0.647226,Warning
20,-2.74277,0.539146,0.719702,Warning
12,4.23526,0.371925,0.86324,Warning
0,-0.847513,0.297641,0.415608,Normal
3,-0.00332191,0,0.367551,Normal
2,3.16501,0.28686,0.698501,Warning
4,-0.755996,0.557676,0.047864,Normal
5,0.490478,0.608857,0,Warning
23,1.12297,0.73811,0.73188,Warning
6,0.373267,0.882381,0.921713,Normal
5,0.681832,0.774084,0.489507,Normal
2,0.0150271,0.740851,0.687135,Normal
15,-0.746605,0.802788,0.988019,Warning
3,0.159589,0.44188,0,Normal
3,0.272348,0,0.290784,Normal
18,0.193023,0.206398,0.201747,Normal
20,4.1973,0.699843,0.38639,Normal
13,0.529125,0.292147,0.532343,Normal
20,-0.917534,0.554335,0.24818,Warning
22,-1.06517,0.38245,0.962805,Warning
8,-0.652587,0.393215,0.520417,Normal
16,0.249072,0.790599,0.82338,Normal
6,0.731453,0.489882,0.199855,Normal
11,0.565853,0.971804,0.398456,Normal
13,-1.68564,0.79472,0.899494,Warning
5,1.30297,0,1,Critical
6,-0.229686,0.348375,0.14009,Normal
0,-0.674261,0.162513,0.208597,Normal
14,-3,0.460264,0.481161,Warning
4,-2.01331,0.790083,0.600184,Warning
0,-2.24027,1.63216,0.845853,Warning
17,-0.487595,0.299969,0.335595,Normal
19,2.14897,0.3546,0.391612,Warning
22,-2.18204,0.876858,0.661769,Warning
13,2.0773,1.12846,1,Critical
1,-0.449955,0.808678,0.189632,Normal
18,-0.90366,0.478152,0.293791,Normal
18,0.0133672,0.606935,0.746399,Normal
9,0.113721,0.392083,0.412655,Normal
4,0.50987,0.156425,0.402797,Normal
15,-2.49613,1.06245,0.99095,Critical
3,2.3317,0.386576,0.817547,Warning
7,-1.92172,0.377726,0.458274,Normal
19,0.562066,0.090175,0.468769,Normal
18,2.97853,0.906417,0.622019,Warning
9,-0.495373,0.13637,0.0130816,Normal
1,-0.645492,0.915165,0.0367252,Normal
5,0.0463918,0.426363,0.497606,Normal
21,0.214478,1.04276,0.240906,Normal
3,-3.09716,1.07458,0.734433,Warning
10,-0.514975,0.632079,0,Normal
20,-0.104561,0.815522,0.30591,Normal
20,-0.665442,0.640498,0.324044,Normal
17,-0.131142,0.276166,0.238618,Normal
11,2.32307,0.181878,1,Critical
14,0.375424,0.5037,0.556369,Normal
0,-1.83544,0.71217,0.44925,Normal
9,-0.273522,0.712944,0.15759,Normal
4,1.9153,0.769345,0.330615,Normal
11,-2.6307,0.944064,0.486407,Normal
4,-1.40458,0,1,Critical
19,-3,0.816557,0.715182,Warning
23,-2.26003,0.149608,1,Critical
8,-1.94772,0,1,Critical
20,-1.07711,1.01787,0.894455,Warning
1,-0.513459,0.904635,0,Normal
18,-1.26571,0.676741,0.669277,Warning
17,3.23912,0.964299,1,Critical
21,1.73755,0.592133,0.576071,Normal
22,-0.810524,0.967911,0.0451964,Normal
15,-2.45638,0.764608,0.444949,Normal
21,0.734223,0,0.144409,Normal
1,0.520867,0.872544,0,Normal
2,-1.174,0.806336,0.82912,Warning
8,0.691428,1.25216,0,Normal
2,-1.50212,1.04071,0.177669,Normal
8,-0.856445,0.305041,0.0893104,Normal
21,0.289335,0.72054,0.153786,Normal
14,3.40997,0.343757,0.802543,Warning
8,-2.99289,0.552739,0.784062,Warning
12,-0.591607,0.510287,0.214603,Normal
0,1.87703,0.546289,0.640895,Warning
13,1.74058,0.608377,0.6752,Warning
13,-1.95806,0.348102,0.70852,Warning
12,2.05243,0.0620267,0.825891,Warning
20,0.399435,1.23825,0.107174,Normal
2,2.36568,0.200132,0.70827,Normal
9,-2.53045,0.790511,1,Critical
6,-1.188,0.119088,0.814018,Warning
2,-2.70228,0.114965,0,Normal
12,-0.531518,0.358194,0.226762,Normal
23,0.880713,0.844213,0.568766,Normal
0,-0.158208,0.227422,0.0377525,Normal
20,1.80201,0.101699,0.532143,Normal
5,0.331357,0.0397582,0.180272,Normal
22,-0.655125,0.481358,0.525409,Normal
1,1.19931,0.867146,0.625363,Warning
6,1.52083,1.35975,0.800337,Warning
4,0.444569,0.688024,0.0854528,Normal
8,2.69929,0.380431,0.70555,Warning
22,0.403692,0.0516404,0.362143,Normal
7,0.800405,0.280005,0.477876,Normal
16,0.184329,0.531863,0.258721,Normal
11,-0.88733,0.602489,0,Warning
20,0.739382,0.120159,0.44126,Normal
1,-2.70951,0.212755,0.660058,Warning
7,0.189324,0.0390207,0.0611322,Normal
21,1.50705,0.980323,0.580328,Normal
1,-0.591269,0.723912,0.0407276,Normal
19,1.59862,0.790566,1,Critical
11,0.0881263,0.167542,0.438535,Normal
13,3.1494,0.540689,1,Critical
2,0.2144,0.35195,0.0528689,Normal
12,1.77599,0.495055,0.751459,Warning
10,-0.856458,0.877145,0.246435,Normal
21,-1.00046,0.839139,0.653427,Warning
12,-2.71298,0.719084,0.118015,Normal
1,1.70268,0,1,Critical
21,2.13996,0.283319,1,Critical
17,2.0222,0.425761,0.391998,Normal
6,0.672529,0.243815,0.292921,Normal
23,-3,1.01764,0.72627,Warning
23,-1.84638,0.69137,1,Critical
19,0.999631,0.939778,0.407317,Normal
0,0.583939,0.708966,0.65689,Warning
15,-0.128858,0.342118,0.328145,Normal
21,-0.538403,0.209711,0,Normal
23,-0.194159,0.272613,0.0569492,Normal
14,-2.27969,0.8512,0.650845,Warning
21,-0.37303,0.446513,0.0696449,Normal
11,0.397345,0.628001,0.547805,Normal
7,0.36726,0.460061,0.100969,Normal
13,-2.44744,1.12733,0.825658,Warning
12,1.74131,0,0.817019,Warning
22,-0.462703,0.395608,0.225188,Warning
5,2.4361,0,1,Critical
7,-0.0721775,0.537182,0.20236,Warning
16,3.10821,0.604274,0.945764,Critical
11,-1.16047,1.18755,0.459363,Normal
14,-2.0021,1.28011,0.972761,Critical
3,-1.75678,0.415485,0.616941,Warning
17,2.2572,0.533298,1,Critical
10,-0.430614,0.609761,0.313099,Normal
13,1.24368,0.00294788,0.974218,Critical
14,-1.76051,0,0.549591,Normal
17,3.34084,1.17563,0.596161,Normal
17,1.70827,0.269737,0.67299,Warning
18,1.00954,0.584759,0.699954,Warning
16,-0.787668,1.09432,0.228787,Normal
21,-0.327115,0.445273,0,Warning
13,-0.738152,0.682465,0.314907,Normal
15,2.83117,0.347014,0.745707,Warning
15,0.538821,0.359286,0,Normal
20,-0.153008,0.371306,0.426903,Normal
16,-0.56598,0.497498,0.0812835,Normal
12,-1.35178,0.228108,0.659663,Warning
19,-1.28828,0.871679,0.52024,Normal
11,-0.052603,0.531316,0.18918,Normal
2,0.144294,0.385875,0.801889,Normal
23,-2.37555,1.11893,0.871416,Warning
9,-1.76375,0.535408,0.710543,Warning
7,-0.0126564,1.05892,0.0377549,Normal
20,2.52193,0.00705963,1,Critical
9,-2.07148,1.0189,0.468813,Normal
18,-0.361494,0.808766,0.22755,Normal
22,-1.29988,1.06504,0.207873,Normal
17,0.360994,0.481922,0.191039,Normal
20,-1.27802,0.331217,0.48923,Normal
4,-2.61367,0.690412,0.841754,Warning
16,1.31614,0.447765,0.496035,Normal
18,-1.85608,0.00792854,0.695848,Warning
3,-1.07957,0.33783,1,Warning
14,0.954984,0.439142,0.0715006,Normal
6,0.160061,1.18116,0.25397,Normal
20,2.55749,0.762648,0.664339,Warning
15,-0.760556,0.475624,0,Normal
14,2.34788,0.163327,1,Critical
0,-0.184438,1.2247,0.715159,Normal
5,0.381701,0.34545,0.400871,Normal
7,0.736174,0.674827,0.585063,Normal
23,1.28951,0.342082,0.716944,Warning
10,1.27878,1.17496,0.835663,Warning
3,1.37833,0.136498,1,Critical
21,-2.20837,1.24403,0.696677,Warning
7,-2.05816,1.1157,0.974297,Critical
3,0.466606,0.78192,0.651001,Warning
8,2.83346,0.26906,0.216784,Normal
2,-2.21524,0.944048,0.653142,Warning
3,2.52388,0.788346,1,Critical
22,-2.69845,0.644623,0.99614,Critical
18,-2.68445,0.810211,0.312658,Normal
7,0.187968,0.674334,0.510257,Normal
0,0.25641,0.361926,0.621192,Normal
8,0.746307,0.979861,0.608634,Warning
19,-0.0152177,0.229054,0.097615,Normal
13,1.1666,0.78043,0.868161,Warning
22,-2.69358,0.595285,1,Critical
21,-0.246451,0.478429,0.536223,Normal
0,-0.460804,0.528171,0.784893,Warning
19,0.528304,0,0.231696,Normal
8,-1.27948,0.109426,0.775163,Warning
17,-1.921,0,0.65493,Warning
16,0.380399,0.812526,0.0639209,Normal
2,1.11923,0.204602,0.785298,Warning
17,0.844693,0.52325,0.0954604,Normal
15,-1.44243,0.397877,0.466049,Normal
15,-0.606563,0.617143,0.291879,Normal
10,-0.186539,0.776949,0,Normal
6,0.669709,0.646416,0.29521,Warning
15,2.13144,0.409488,0.635524,Warning
1,1.87084,0.397761,0.535103,Normal
14,0.841164,1.01645,0.626822,Warning
0,4.25841,0.923152,0.917696,Critical
0,0.621709,0.190752,0.102476,Normal
11,-0.580318,0.815398,0.167648,Normal
8,1.09257,0.442355,1,Warning
5,-0.356613,0.798931,0.423848,Normal
8,-0.158892,0.0828126,0.315965,Normal
23,2.61281,0.612992,0.96931,Critical
7,-0.901055,0.749167,0.0332602,Normal
11,-0.411176,1.19797,0.353697,Normal
21,-3,1.01651,0.545337,Normal
2,2.58272,0.474821,0.771035,Warning
17,1.98034,1.06629,0.769174,Warning
22,0.374091,0.728875,0.540671,Normal
7,-1.47269,0.566281,0.355185,Normal
12,-0.636454,0.495587,0.312847,Normal
20,0.0582492,0.371557,0.415794,Normal
2,0.409495,0.728513,0,Normal
10,-3,0.360063,0.520052,Normal
7,2.74592,0,0.673973,Warning
6,1.74302,0,0.76372,Warning
12,-0.300159,0,0.0896636,Normal
1,-0.913867,0.602027,0,Normal
22,-0.703537,0.302603,0.452274,Normal
22,0.216137,0.635971,0.149607,Normal
18,0.311226,0.123727,0.233475,Normal
20,1.91015,0.685611,0.448573,Normal
21,-0.926985,1.16482,0.314211,Normal
6,-2.48045,0.900905,1,Critical
8,-2.49982,0.378483,0.929151,Critical
10,-0.14808,0.801865,0.357799,Normal
18,0.65458,0.750716,0,Warning
5,-0.93358,0.758481,0.386894,Normal
13,0.918633,1.29892,0,Normal
12,3.6749,0.496522,0.619637,Warning
12,-3,0.860016,0.564832,Normal
11,-1.06633,0.901573,0.837886,Warning
7,-0.0502921,0.898482,0.41565,Normal
1,1.16918,0,0.740108,Warning
2,-0.725921,0.503529,0.317802,Normal
8,0.161216,0.619684,0.00927101,Normal
14,-3,0.209437,0.879791,Warning
3,0.701659,0.303536,0,Normal
6,0.941841,0.493999,0,Normal
7,1.50028,0.360028,1,Critical
16,-0.742152,0.89347,0.142518,Normal
5,1.50341,0.672089,0.391462,Normal
8,-0.724266,0.28869,0.251866,Normal
14,0.721883,0.49861,0,Normal
2,-0.679082,0.145231,0.218868,Normal
7,0.156395,0.362561,0,Normal
12,-1.50137,0.506072,0.659211,Warning
13,0.725321,1.16673,0.0188073,Normal
9,-1.27264,0.483586,0.986423,Critical
14,-2.66849,0.623862,0.438382,Normal
4,-1.70048,0.695694,0.614081,Warning
11,-1.27271,0.830093,0.883491,Warning
17,0.210581,1.12801,0,Normal
6,-0.802013,0.244053,0.274373,Normal
7,0.080572,0.869043,0,Normal
16,-0.813176,0.840125,0.121518,Normal
6,-3.16217,0.581647,0.551201,Normal
22,0.465252,1.04678,0.416139,Normal
17,0.0251045,0.458812,0.0692146,Normal
13,0.64408,0.243664,0.388465,Normal
23,-0.713141,0.358713,0.593573,Normal
9,0.450743,0.433998,0.164137,Normal
2,-0.506757,1.03282,0.0757369,Normal
6,-0.167001,1.01099,0.379587,Normal
17,0.835565,0.741966,0.187623,Normal
23,0.202734,0.944566,0.208481,Normal
16,0.152848,0.612617,0,Normal
10,1.85606,1.11151,0.772743,Warning
9,-1.21772,0.394002,0.758464,Warning
12,0.637686,0.323375,0.558029,Normal
0,-0.933459,0.919554,0.2611,Normal
21,4.02897,1.01563,0.457009,Normal
18,0.247011,0.122847,0,Normal
7,-2.39974,0.945493,0.608523,Warning
4,-0.25547,0.218348,0.486131,Normal
14,2.52514,0.296882,0.879143,Warning
14,0.20951,1.39796,0,Normal
20,-1.23432,1.13389,0.599239,Normal
14,2.69674,0.179121,0.999573,Critical
4,0.630127,0,0.483416,Normal
16,-0.317544,0.866589,0,Normal
18,-2.34395,0,0.504716,Normal
15,-0.753205,0.915768,0.453455,Normal
8,-3.40535,0.88894,0.345544,Normal
20,-0.873793,0.196105,0.530548,Normal
13,4.24063,0.519711,1,Critical
15,0.0985549,0,0.201172,Normal
1,-1.11142,0.541871,0.550859,Normal
4,1.23258,0.177664,0.567761,Normal
18,0.487872,0.423626,0.396554,Normal
4,0.0114796,1.58739,0.264619,Normal
8,-0.932866,1.05509,0.0750571,Normal
16,0.0455376,1.32075,0.501409,Normal
17,2.47841,0.94899,1,Critical
15,-0.0191602,0.414336,0,Normal
16,0.16758,0.138162,0.215647,Normal
6,0.505153,0.543716,0.120305,Normal
15,0.97676,0.613138,0.0716223,Normal
18,-2.25276,0.806517,0.777601,Warning
19,-3,0.846055,0.708397,Warning
3,4.37553,0.759765,0.583888,Normal
2,-0.850501,0.237993,0.874614,Warning
14,3.54295,0.208899,0.262359,Normal
14,-1.08467,0.38117,0.924209,Warning
23,-0.0574064,0.629833,0,Normal
4,-2.45293,0.389179,0.456397,Warning
4,-0.367553,0.0998618,0.273448,Normal
11,-2.13423,1.41152,0.626483,Warning
17,-0.438764,1.11379,0.337005,Normal
12,0.49312,0.644626,0.272021,Normal
21,0.0480129,0.694624,0.466014,Normal
7,-1.55366,1.11648,1,Critical
23,-0.0450404,1.09125,0.306848,Normal
9,-0.650458,0.581845,0.357307,Normal
4,1.37507,0.314988,0.570075,Normal
13,-0.55962,0.433633,0.518077,Normal
20,2.5372,0.74383,0.607183,Warning
3,0.528145,0.611078,0.696842,Warning
19,-0.646795,1.43098,0.853213,Warning
0,-2.28471,0.987688,0.429311,Normal
9,2.56661,0,0.83028,Warning
13,0.141537,0.330321,0.120764,Normal
0,-0.906765,0.299483,0.421694,Normal
16,-1.31173,0.444742,0.930411,Critical
17,-0.107818,0.781351,0.038359,Normal
23,0.606182,0.414929,0.328384,Normal
16,-3,0.749353,0.886974,Warning
5,0.529395,0.965284,0,Normal
7,1.91645,0.357906,0.803394,Warning
0,-3.78001,0,0.873819,Warning
4,1.56153,0.122454,0.907611,Critical
15,-0.930971,0.323791,0.116242,Normal
22,1.23006,0.837988,0.692638,Warning
0,3.11914,0.49587,0.682358,Warning
1,-1.93739,1.12206,0.494914,Normal
18,-0.315028,0.6261,0,Normal
22,-3,1.24816,0.638668,Warning
23,-3,0.503253,1,Warning
12,-0.409018,0,0.570428,Normal
0,0.0880607,0.694175,0.845341,Normal
19,0.75679,0.0554252,0,Normal
10,-0.314831,0.703935,0,Normal
9,1.07559,0.929269,0.255098,Normal
10,-0.741233,1.39162,0.151241,Normal
17,-0.969636,0.49096,0.688437,Warning
1,-0.072002,0.0747135,0.615408,Normal
23,0.892298,0.329285,0.331848,Normal
1,0.582284,1.33205,0.376281,Normal
3,0.892084,0.0229785,0.164959,Normal
13,0.165465,0.60228,0.72058,Normal
5,3.75754,0.251345,0.537319,Normal
19,-0.317953,0,0.293575,Normal
20,0.170502,0.624342,0.231786,Normal
20,3.55682,0.374357,1,Warning
16,0.515068,1.01167,0.106101,Normal
6,-2.69649,0.649068,0.506358,Normal
1,-1.43287,1.33172,1,Critical
17,-1.34945,0,1,Warning
1,-0.578285,1.24465,0.248858,Normal
8,0.23568,1.4294,0.303888,Normal
7,0.491861,1.2689,0.275482,Normal
16,3.61763,1.16295,1,Critical
0,0.129041,0.540524,0.864237,Normal
2,1.57233,0.791135,0.758292,Warning
1,-0.592149,0.839485,0.292481,Normal
3,-2.8505,0.124001,1,Critical
17,-2.09819,0.900008,1,Critical
16,-2.84826,0.629453,0.717235,Warning
3,-1.07359,0.803586,0.592368,Normal
7,0.663728,0.35168,0.121701,Normal
13,-3,0.470842,0.711662,Warning
17,1.18072,0.191801,1,Warning
12,0.81192,0.462024,0.655002,Warning
7,0.163532,0.67362,0.22333,Normal
20,-1.45668,0.835829,0.750993,Warning
20,-0.46653,0.34724,0.206005,Normal
3,-0.00770068,0.825043,0,Normal
4,-0.445502,1.04043,0.181413,Normal
13,1.23363,1.33896,0.491456,Normal
0,2.9142,0.743066,1,Warning
21,0.838927,0.625388,0,Normal
9,0.0892894,0.696588,0.480155,Warning
7,0.118043,0.962723,0.584988,Normal
1,-0.0986372,0.757787,0.0644325,Normal
11,0.842713,0,0.00974595,Normal
5,1.25009,0.37534,0.75604,Warning
9,0.285284,1.53925,0.186099,Normal
8,-2.54201,0.792049,0.616018,Warning
3,0.561048,1.26482,0.508779,Normal
3,-2.97324,0,0.64049,Warning
4,-0.301852,0.337385,0,Normal
16,-0.325143,0.424315,0.38847,Normal
2,-0.992487,0.39047,0.102362,Normal
2,-2.16516,1.45648,0.732626,Warning
17,0.511479,0.765287,0.509658,Normal
17,0.662511,0.634991,0.568125,Normal
2,2.69329,0.129483,0.811416,Warning
13,-0.141127,0.792181,0.4002,Normal
12,0.5637,0.280823,0.156864,Normal
5,2.11708,0.209275,1,Critical
13,1.4234,0.745217,0.59695,Normal
5,-0.770638,1.06033,0.401959,Normal
20,0.845925,0.0433969,0.00737562,Normal
16,-2.327,0.891873,0.653064,Warning
19,1.7262,1.22587,0.758794,Warning
2,0.140435,0.920384,0.282395,Normal
22,-0.0477408,0.46188,0.231159,Normal
21,0.881937,0,0,Normal
3,-2.63007,0.622367,0.647045,Warning
18,0.169626,0.722627,0.357816,Normal
17,0.295193,0.592418,0,Normal
6,1.59527,0.836382,0.753325,Warning
19,1.67079,1.10399,1,Critical
1,-0.810372,0.167424,0.077774,Normal
0,2.10254,0.431501,0.445065,Normal
11,2.36134,1.47149,0.576804,Normal
0,0.840379,0.0258503,0.305631,Normal
18,0.270737,1.37839,0.591096,Normal
6,0.155957,0.578873,0.545794,Normal
17,-0.464678,0.495851,0.11952,Normal
21,-1.65028,1.22668,1,Critical
1,3.60915,0.10784,0.802625,Warning
15,0.20611,0.469666,0.276599,Normal
21,2.15068,0.291468,0.953187,Critical
9,-0.658539,0.566191,0.199962,Normal
11,-3,0.132951,0.290368,Normal
8,-2.93551,0.431068,0.603867,Warning
11,-1.56874,0.242346,0.908027,Critical
21,0.12838,0.260692,0.336767,Normal
0,1.34467,1.00845,0.705558,Normal
22,2.5646,0.97021,0.57446,Normal
1,-0.0102138,0.165242,0.027019,Normal
10,-0.613075,0.47282,0.607541,Warning
2,2.5369,0.463543,0.683996,Warning
19,-2.40548,0.600975,1,Critical
9,-2.44768,0.625666,0.955958,Critical
3,-1.6646,0.696491,0.847824,Warning
3,-1.66563,1.10635,0.76786,Warning
7,-0.140323,0.975467,0.506793,Warning
19,-2.97858,0.521727,0.898031,Warning
13,0.389843,0.682303,0.251079,Normal
1,0.751675,1.09252,0.0443146,Normal
13,-3,0.359497,1,Critical
11,-0.780023,0.58522,0,Normal
19,0.0643582,0.795837,0.446937,Normal
4,-2.15087,0.0636215,0.665667,Warning
21,-3,1.31737,0.728838,Warning
4,-0.641822,0.021906,0.390184,Normal
6,2.6057,1.1243,0.929049,Critical
12,-0.955014,0,0.605035,Warning
20,1.07296,0.735235,0.775353,Warning
4,-0.210004,0.67339,0.230665,Normal
1,-1.13479,0.818511,0.718024,Warning
15,-1.71393,0.323945,0.675108,Warning
16,0.641397,0.428169,0.479342,Normal
3,-0.892929,0.194128,0.357018,Normal
13,-2.62204,0.295536,0.952778,Critical
22,2.13264,0.0962057,0.726298,Warning
9,0.654988,0.519088,0.433052,Normal
7,-2.41033,1.16186,0.896197,Warning
17,3.24617,0.524983,0.486442,Normal
7,-0.610207,0.998817,0.328973,Normal
7,-1.17594,0,0.734688,Warning
1,-0.521512,0.271735,0.277899,Normal
0,0.678968,0.759467,0.472353,Normal
3,0.567194,0,0.290357,Normal
23,-0.976472,0.691043,0.219048,Normal
2,2.24318,0.978158,0.676384,Warning
1,-0.219124,0.316299,0.357451,Normal
2,1.54157,0,0.473695,Normal
4,1.36214,0.958416,0.815495,Warning
20,-0.408023,0.970444,0.09538,Normal
13,0.370238,1.25275,0.67769,Normal
9,0.0867015,0.788524,0.375192,Warning
14,4.0418,0.43892,0.787543,Warning
23,-0.647538,0,0,Normal
17,0.523399,0.533737,0.744674,Critical
9,0.259782,0.778667,0.248737,Normal
9,-1.06788,0.496379,0.756035,Warning
23,0.223452,0.637745,0.0420789,Normal
9,0.258234,0.491035,0.539022,Normal
18,-0.686113,1.19966,0.396692,Normal
14,0.651817,0.78061,0.339166,Normal
21,-2.06135,1.59255,0.68562,Warning
3,2.73428,0.135186,0.833599,Warning
14,-2.24427,0.82272,0.411538,Normal
13,0.936987,0.528586,0.0373809,Normal
2,-0.825454,0.0230511,0.378102,Normal
20,0.44531,0.537442,0.361892,Normal
7,-1.2243,0.612853,0.993726,Critical
18,0.87436,0.349036,0.10862,Normal
23,0.0424855,0.558221,0.227379,Normal
15,-0.335259,0,0.233688,Normal
15,1.87629,0.77812,0.568561,Normal
20,2.4916,0.521368,0.700919,Warning
22,-2.51702,1.06528,0.756557,Warning
23,-0.0588012,0.757134,0.500724,Normal
11,1.2061,0.483682,0.833113,Critical
4,-2.4994,0.552051,1,Critical
23,-3,1.32838,1,Critical
9,-1.34026,1.18473,0.907859,Critical
10,-3,1.02568,0.262533,Normal
3,0.021268,1.13007,0.111235,Normal
16,-0.467438,0.484716,0.464371,Normal
19,0.808725,0.228754,0.36652,Normal
0,2.95863,0.617862,0.32806,Normal
2,-1.48196,0.35386,0.538718,Normal
2,0.460706,0.451759,0.15638,Normal
7,0.874415,0.881975,0,Normal
1,-0.211833,1.01989,0,Normal
18,-0.717779,0.973468,0.02419,Normal
2,-1.25971,1.24157,0.708354,Warning
15,0.675486,0.529936,0.0169537,Normal
6,1.14408,0.709513,1,Warning
21,0.208442,0.934363,0.0203051,Normal
21,1.3376,0.423878,0.403854,Normal
17,0.144453,0.204662,0.259214,Normal
0,1.32069,0.060809,0.674126,Warning
15,-0.140981,1.13077,0.430107,Normal
15,-0.178647,0.970769,0.0752086,Normal
3,2.1419,0.722076,0.393437,Normal
1,-2.35425,0.889695,0.941064,Critical
1,0.703943,1.13243,0.138305,Warning
23,3.34322,0.87324,0.678641,Warning
20,-0.621328,0.958835,0,Normal
21,-0.474379,0.759006,0.314779,Normal
9,-0.280619,0.719162,0.214709,Normal
6,-1.73086,0.976226,0.580541,Normal
20,-0.374003,0.246832,0.297844,Normal
4,-4.30084,0.416185,0.78688,Warning
23,2.45483,0.623328,0.80174,Warning
10,-0.917718,0.890167,0.340956,Normal
15,0.290424,0.991035,0.541098,Normal
5,-0.672564,0.501725,0,Normal
19,-0.24102,0.623606,0.114167,Normal
8,-2.53235,1.39313,0.504741,Normal
5,0.917137,0,0.362367,Normal
20,0.82045,0.303196,0.984792,Warning
9,0.453684,0.14246,0.157416,Normal
10,-2.7661,0.906298,0.767797,Warning
21,2.51012,0.756448,0.772867,Warning
19,-0.705415,0,0.10037,Normal
15,0.691678,1.1815,0.394154,Normal
11,0.0920115,0.888579,0.249919,Normal
20,-1.69271,0,0.889213,Normal
14,-2.53651,0.076064,0.922871,Critical
3,1.53202,0.4486,0.757994,Warning
4,2.56334,0.599833,0.670769,Warning
2,4.25552,0.580591,0.644173,Normal
18,-1.51467,1.54203,0.84489,Warning
6,0.299498,0.293714,0.395768,Normal
4,-0.424772,0.783941,0.215262,Normal
22,-0.0225072,0,0.488384,Normal
17,0.12142,0,0.252969,Normal
19,-1.11651,0.807455,0.708213,Warning
9,0.631105,0.696641,0.636897,Warning
0,-0.640137,0.95924,0,Normal
12,-1.89648,0.216629,0.965901,Critical
0,0.254621,0.476714,0.0819644,Normal
7,0.161978,0.358065,0.288704,Normal
0,-0.0955704,0.989597,0.37884,Normal
0,4.09914,0.867079,0.934994,Critical
11,-0.686932,0.801561,0.551755,Normal
6,-2.87167,0,0.748872,Warning
9,0.98732,0.702822,0.115866,Normal
15,3.51298,0.239837,0.805696,Warning
19,-1.01268,0.786794,0.571433,Normal
14,0.661919,0.573002,0.196981,Normal
13,0.303487,0.370653,0.482362,Normal
12,-0.289803,0.00571751,0.513786,Normal
10,-0.245529,0.779184,0,Normal
13,-0.371996,0.760681,0,Normal
4,-0.0676002,0.40556,0.184389,Normal
16,-0.97537,0.827432,0.0836604,Normal
15,0.37556,0.684179,0.761969,Normal
20,-1.38284,0.339392,1,Critical
16,-0.404975,0.557588,0.528822,Normal
14,-1.22316,0.226589,0.722235,Warning
19,-0.728793,0,0.256908,Normal
0,0.628992,0.809746,0.179163,Normal
17,-0.617633,0.240426,0.530624,Normal
22,-0.0396965,0.604783,0.362473,Normal
18,-3,0.684051,0.728729,Normal
23,0.571126,1.04372,0.775388,Warning
17,0.125022,0.452572,0.385522,Normal
13,1.40583,0.345274,0.490174,Normal
20,0.471671,0.958437,0.0722426,Normal
5,-0.208289,0.919337,0,Normal
10,1.58382,0.426318,0.811724,Warning
6,0.0606705,0.57805,0.152891,Normal
10,0.87424,0.991747,0.74375,Warning
11,-0.671367,0.0375875,0,Normal
4,-0.126572,0.721282,0,Normal
6,0.0124665,0,0.35808,Normal
15,0.475558,0.438913,0.383694,Normal
1,0.358456,1.6251,0.342967,Normal
20,-1.26454,0.676429,0.861996,Warning
16,0.404902,0.292001,0.0614456,Normal
18,0.661339,0.614897,0.0447629,Normal
4,-0.174629,0.0928947,0,Normal
8,-0.240323,0.27497,0.234346,Normal
21,0.0672563,0.93589,0.154468,Normal
5,-0.804004,0.913626,0.00859164,Normal
12,-0.660139,0,0.66103,Warning
16,1.30279,1.41336,0.252589,Warning
4,-3.30948,0.836272,0.758769,Warning
14,-2.77356,0.312017,0.865919,Warning
4,-2.06488,0.0685936,0.998615,Critical
12,-2.54709,0.0997761,0.799331,Warning
22,1.20907,0.0480452,0.617431,Warning
16,0.261744,0.987551,0.496134,Normal
19,0.928632,0.155618,0.171368,Normal
1,-1.67101,1.18545,0.868814,Warning
6,-2.74951,1.21834,0.786857,Warning
21,-0.299109,0.210388,0.206897,Normal
14,-1.41263,0.0540858,0.857127,Critical
1,-2.38586,0.749024,1,Critical
2,-0.0647567,0.0687226,0.673741,Normal
13,0.715416,0.480119,0.204997,Normal
19,1.46325,0,0.471498,Normal
16,0.0338,0.598036,0.50417,Normal
1,-0.419129,1.0241,0.295733,Normal
14,-0.28747,1.12756,0.299311,Normal
8,0.682841,0.353199,0,Normal
20,-3,0.594483,1,Critical
0,3.4219,0.62691,0.527171,Normal
18,2.5484,1.02008,1,Critical
6,-1.583,0.205861,0.404078,Normal
2,-2.51507,0.535299,0.661083,Warning
15,-1.81261,0.584793,0.739814,Warning
18,-2.22459,0.503601,1,Critical
16,-3,0.374657,0.97933,Critical
9,-0.479118,0.997534,0.374084,Normal
13,0.385587,0.914689,0,Normal
7,-0.014254,1.10588,0.538228,Normal
13,0.465721,0.768166,0.662266,Warning
2,0.826532,0.708091,0.570448,Normal
3,-3.55657,0.444752,0.698426,Warning
12,3.69023,0.732665,0.661401,Warning
18,3.89767,0,0.779897,Warning
7,3.00053,0.63302,0.431989,Normal
6,-0.417667,0.666969,0.869705,Warning
11,1.25445,0.390055,0.312211,Normal
22,2.88818,0.26415,0.909529,Critical
3,0.467842,0.309143,0.275268,Normal
7,-1.86767,0.165496,0.643705,Warning
9,0.366532,0.574832,0.113439,Normal
0,-1.97926,0.761439,0.809896,Warning
21,1.19308,0,0.472406,Normal
2,-4.454,0.555103,1,Critical
5,-0.042996,0.164146,0.295602,Normal
4,-1.35415,0.887722,0.429187,Warning
0,0.0239394,0.505872,0.393712,Normal
2,-2.01002,0,0.510033,Normal
14,-0.368776,0.982337,0.564711,Warning
0,0.675412,0,0.0759669,Normal
5,0.143818,0.370016,0.310441,Normal
13,-0.0460565,0.398695,0.568864,Normal
10,-2.08856,0.374868,0.893957,Warning
14,2.14837,1.07727,0.293074,Normal
14,-0.320957,0.334648,0.000984578,Normal
7,-0.235136,0.749329,0.535497,Normal
20,0.166678,1.05715,0.280959,Normal
5,-1.78147,0.703766,0.643217,Critical
23,0.112534,0,0.267124,Warning
22,0.261331,0.577918,0.382144,Normal
13,0.857466,1.01192,0.25758,Normal
11,0.940886,1.02789,0.686311,Warning
6,-1.38029,0.38859,0.727773,Warning
16,-0.0774272,1.08533,0.236252,Normal
5,2.63341,1.02754,0.5562,Normal
1,0.634089,0.671902,0,Normal
7,-1.68551,0.67447,0.939224,Critical
17,0.412373,0.512436,0,Normal
13,-1.10973,0.710411,0.784524,Warning
13,-0.0358084,0.718667,0.265154,Normal
19,1.40997,0.902862,0.683349,Warning
17,0.430329,1.04794,0.307388,Normal
11,0.762005,0.878685,0.34402,Normal
20,0.221627,0.952046,0.326737,Normal
12,-2.34715,0.969133,0.441251,Normal
15,1.83035,0.42003,0.671374,Warning
21,-1.55652,0.874133,0.570505,Normal
19,2.08717,1.0563,0.983771,Critical
22,-3,0.657429,0.919892,Critical
0,-0.186431,0.378657,0.179029,Normal
10,0.944857,0.242055,0.483684,Normal
11,1.61107,0.317666,0.560745,Normal
5,0.114707,1.06521,0.342152,Normal
14,0.0679874,0.562885,0.227403,Normal
22,-0.398905,0.849122,0.27392,Normal
10,0.520123,0.754544,0.151969,Normal
2,3.92315,0.162446,1,Critical
9,-1.77716,0.694055,0.263156,Normal
18,0.339827,0.735224,0.262016,Normal
22,0.0427166,0.371947,0.14237,Normal
18,-0.465551,0.77858,0,Normal
23,0.225992,0.266378,0.546024,Normal
5,-1.75877,0,0.284157,Normal
14,-2.73119,1.08703,0.827331,Warning
12,-2.25345,1.20224,1,Critical
12,-1.72164,0.0498304,0.832101,Warning
11,3.08792,0.805659,0.388678,Normal
2,-0.95147,0.739992,0.259923,Normal
23,0.31002,0,0.699609,Normal
12,1.06665,0.585383,0.576184,Normal
5,4.19347,0.169594,0.160517,Normal
9,-0.684985,0.687789,0.281788,Normal
0,-1.83117,0.851568,0.77042,Warning
11,-1.17162,0.565674,0.995553,Warning
12,-2.17783,0.602503,0.632182,Warning
5,-2.35675,1.06082,0.625873,Warning
20,-1.59405,0.384043,0.617725,Warning
18,0.607023,0,0.0667161,Normal
12,-0.751333,1.10321,0.552214,Normal
6,0.880286,0.433924,0.618362,Warning
7,0.218307,0.413597,0,Warning
6,0.750503,0.721135,0.56297,Normal
7,-0.0281662,0.239593,0.6378,Normal
16,0.170675,0.291429,0.572832,Normal
11,-3,0.211172,0.726782,Warning
17,0.613721,0.492811,0.126663,Warning
23,-0.268892,0.496404,0.293256,Normal
1,-3.20533,0.963729,0.850264,Warning
13,0.474043,0.590026,0.262416,Normal
5,-0.955161,0.627189,0.329024,Normal
17,-1.22902,0.00611236,0.426726,Normal
6,-0.429317,0.918121,0.250562,Normal
5,-2.23883,0.158123,0.507883,Warning
9,0.045695,0.393104,0.221926,Normal
6,2.97833,0.379843,0.314248,Normal
8,0.280339,0.617285,0.297094,Normal
11,0.125349,0.771067,0.0539792,Normal
6,1.00115,0.917713,0.60435,Warning
6,0.800924,0.187711,0,Normal
6,-1.46672,1.08922,0.384617,Normal
15,-0.004669,0.634805,0.244882,Normal
2,1.51542,0.385105,0.956239,Critical
12,0.695578,0.38155,0.254928,Normal
15,-2.06562,0.521995,0.685359,Warning
9,-0.134797,0.24118,0.168651,Normal
2,0.370819,0.585187,0,Normal
10,1.02157,0.693466,1,Warning
21,1.09082,0.906027,0.321061,Normal
19,3.46081,0.87196,0.289455,Normal
2,-0.262704,0.677417,0.455617,Normal
13,-0.406619,0.142856,0.144379,Normal
6,-0.06458,0.842489,0.217131,Normal
2,3.1956,0.042172,0.247495,Normal
16,-2.896,0.292603,1,Critical
5,0.31778,1.29842,0,Normal
11,-1.04546,0.794232,0.54481,Normal
14,1.16894,0.312269,1,Warning
7,1.81933,0.735769,0.679098,Warning
20,2.03814,0.980592,0.922473,Critical
8,-3.26955,0,1,Critical
16,0.206113,0.515908,1,Normal
1,3.40498,0.994699,1,Critical
14,0.638407,0.591162,0.149915,Normal
9,-3,0.019472,0.904878,Critical
2,1.05629,0.393077,0.65322,Warning
18,0.712413,0.476161,0.110801,Normal
7,1.42568,0.801862,0.688481,Warning
15,-1.79918,1.23066,0.637447,Warning
7,-1.42408,0.537402,0.430255,Normal
15,-3,0.328526,1,Critical
13,-0.570479,0.874509,0,Normal
12,3.36007,0.288183,0.869928,Warning
1,-0.0072559,0.890864,0.220216,Normal
10,-2.38417,0.541527,1,Critical
5,0.19877,0.497867,0,Warning
21,-0.161513,0.945185,0.232948,Normal
13,2.65107,1.09509,1,Critical
4,-3.02148,1.64146,0.411594,Normal
14,-0.503009,0,0.032959,Normal
8,1.83646,0.815834,0.639398,Warning
1,0.539276,0.957527,0.570125,Warning
20,1.17659,0.596728,0.659397,Warning
11,3.57358,0.873761,0.734317,Warning
9,0.521085,0.315369,0.353848,Normal
7,0.237969,0.569798,0.338519,Normal
10,0.476302,0.526536,0.691429,Warning
2,-2.6503,0.96232,0.792839,Warning
6,-0.0489704,0.0911648,0.469648,Normal
22,0.38259,0.288635,0.491021,Normal
23,-0.0201735,0.379842,0.192596,Normal
12,0.332473,0.721272,0,Normal
0,-2.23214,1.08056,0.766352,Warning
22,-0.492318,1.58845,0.170834,Warning
11,-2.75656,0.165958,0.681403,Critical
11,-1.11379,0.42324,0.695706,Warning
20,1.96098,0,1,Critical
14,-2.90577,0.986802,0.854572,Warning
21,-0.439148,0.649343,0,Normal
10,2.64305,0.334999,0.717205,Warning
1,-1.35142,0.470455,0.405267,Normal
5,0.403671,0.400866,0.267201,Normal
11,1.34106,0,0.944512,Critical
2,-1.80895,0,0.576566,Normal
3,-2.6387,0.396243,0.926977,Critical
10,-0.570983,0.119982,0,Normal
6,-2.62541,0.209515,0.934206,Critical
3,2.33693,0.106864,0.574827,Normal
19,-2.23776,1.17037,0.422841,Normal
13,1.04006,0.934474,0.87786,Warning
13,1.55227,1.06247,0.687869,Warning
10,0.681667,0.925292,0.670617,Warning
16,-0.322848,0.289214,0.061077,Normal
0,-0.64145,0.472429,0.153121,Normal
19,-1.77749,0.160089,0.658431,Warning
18,2.30052,1.47519,0.533479,Normal
5,-1.17375,1.23539,0.6716,Warning
3,-0.264435,0.557595,0.307213,Normal
7,-0.329347,0.383356,0.245872,Normal
5,-1.89051,1.05902,0.825392,Warning
16,-2.07291,0.741408,0.752708,Warning
21,1.85146,1.48608,0.794323,Warning
14,-0.772994,0.173969,0.0075321,Normal
6,-0.614908,0.1922,0,Normal
7,-3.22626,0.493702,0.668902,Warning
22,0.218399,0.649269,0.0415317,Normal
5,-0.597293,0.104732,0.0123963,Normal
14,-2.90845,0.0663411,0.336144,Normal
9,-2.26625,0,0.648303,Warning
11,3.9874,0.0111065,0.668638,Warning
5,0.310739,0.606142,0.384102,Normal
23,-0.646447,0.214588,0,Normal
7,-0.325339,0.0602936,0.460176,Normal
10,0.631642,0.724975,0.192535,Normal
22,-0.0763734,0.791181,0.0283376,Normal
14,0.967956,0.676626,0.788385,Critical
4,-0.650318,1.05803,0.178573,Normal
22,0.44514,0.338354,0.072756,Normal
20,-0.143019,1.73113,0.526928,Normal
14,1.05685,0.5799,0.78735,Warning
2,2.66154,0.763659,0.835132,Warning
12,0.0190518,0.943356,0.306317,Normal
15,-0.612304,0.914447,0.220736,Normal
14,0.529078,0.72715,0.509392,Normal
3,0.421286,0.615741,0.327553,Normal
4,-3.10707,0.676285,0.831587,Warning
5,-2.73779,0.944484,0.882984,Warning
0,-2.08455,0.240869,1,Critical
10,2.0001,1.10474,0.413205,Normal
6,0.833161,0.528411,0.0705939,Normal
3,-1.85782,1.16657,0.89607,Warning
16,1.08343,0.13616,0.730354,Warning
16,0.269042,0.56705,0,Normal
10,-0.828045,0.013628,0,Normal
23,0.531492,0.300047,0.698441,Warning
5,-0.0738287,1.04368,0.241822,Normal
16,1.51025,0.915415,0.715074,Warning
7,-0.692017,0.580797,0.0916752,Normal
16,0.300407,0.841641,0.217652,Normal
18,2.30334,0.712587,0.471693,Normal
15,-2.89467,1.30772,0.768794,Warning
9,0.317666,0.957418,0,Warning
0,-0.344149,0.494438,0,Normal
8,1.73063,1.23874,0.5323,Normal
13,0.770753,0.683422,0.243002,Normal
4,-2.72171,0.518169,0.620492,Warning
11,-0.686958,1.21295,0.429108,Normal
15,-0.410756,0.577324,0,Normal
21,-0.123429,0.241607,0.491487,Normal
9,-0.212769,0.743638,0.28669,Normal
7,1.26135,1.12636,0.925648,Critical
7,1.77458,0.428721,1,Critical
10,-0.756713,0.111908,0.230248,Normal
9,0.0357158,1.17572,0.238557,Normal
17,-0.680668,1.05485,0.424502,Normal
8,1.35314,0.963087,0.565617,Normal
17,-0.224682,0.393492,0.458198,Normal
11,2.1849,1.37429,0.330571,Normal
2,0.738301,0.824533,0.16122,Normal
3,2.29094,0.319917,0.403394,Normal
5,0.0448068,0.132414,0.46583,Normal
6,1.41192,0.681728,0.381717,Normal
6,-4,0.390482,0.687598,Warning
11,-0.15312,0,0.198576,Normal
2,1.0506,0.122889,0.303978,Normal
19,0.20395,0.634377,0,Normal
10,-0.234497,0.617889,0.0314429,Normal
21,2.2257,0,0.436061,Normal
8,0.95537,1.2909,0,Normal
22,0.388662,0.56382,0,Normal
12,2.46297,0.587716,0.660582,Warning
22,0.0836674,0.207756,0,Normal
9,0.243524,0.243571,0.199958,Normal
23,0.476023,0.326627,0.135672,Normal
18,-0.668975,0.186912,0.395969,Normal
8,-0.973583,0.690967,0.549744,Normal
19,0.203524,0.814934,0.539231,Warning
23,0.694313,0.244327,0.690422,Warning
4,2.09592,0.157799,0.371153,Normal
20,2.35638,0.833175,0.381698,Warning
16,-0.956022,1.19073,0.664587,Warning
22,2.2716,0.859936,0.795849,Warning
21,-3,0.703335,0.780003,Warning
22,0.867474,0.208327,0.440409,Normal
23,1.15496,0.477608,1,Critical
7,0.338875,1.33282,0,Normal
20,0.673814,0.80229,0,Normal
4,-0.555398,0.529908,0.135602,Normal
0,-4.02465,0.616668,1,Critical
8,2.08336,0.374538,0.847233,Warning
6,2.35209,0.382044,1,Critical
8,-0.536887,1.37242,0.3953,Normal
17,0.0203607,0.446304,0.204658,Normal
15,3.74216,0.311872,0.55605,Normal
0,-3.3476,0.56174,0.77645,Warning
10,2.08248,0.75975,1,Critical
13,-0.978073,0.978546,0.281016,Normal
15,0.516492,0,0.202256,Normal
20,1.55486,0,0.623909,Warning
9,-0.239701,0,0.347236,Normal
10,0.110325,0.689763,0.626475,Normal
23,-1.95666,0.557419,0.753327,Warning
2,0.799376,0.746271,0.190526,Normal
14,-2.34032,1.02354,0.740263,Warning
18,0.124922,0.0906868,0.494062,Normal
23,-1.00333,0,0.632193,Warning
3,0.19517,0.395247,0.0621357,Normal
0,0.569308,0.0672015,0,Warning
19,1.36361,0.157793,1,Critical
4,3.6815,0.123843,0.736547,Warning
4,-3.29336,1.12067,0.687679,Warning
15,0.794015,0,0.42157,Normal
19,2.56016,0.564708,0.971215,Critical
9,1.58372,0,0.604815,Warning
5,-0.220673,0.0369575,0.156218,Normal
7,-2.81444,0.456127,0.47175,Normal
11,-1.48001,0.733783,1,Critical
10,-0.311154,0.620649,0.436968,Normal
18,-0.11168,1.09586,0,Normal
11,-0.315301,0.358149,0.410154,Normal
19,-0.477437,0.616774,0,Normal
19,0.642045,0.480646,0.471496,Normal
16,-0.363032,1.47224,0.697774,Normal
10,-3,0.673162,0.862091,Warning
14,0.456169,0.695927,0.243304,Normal
20,-0.509864,0.105751,0.169696,Normal
6,1.34835,1.26173,0.758528,Warning
3,-1.01511,0.962797,0.679301,Warning
8,-2.85694,0,0.815313,Warning
18,0.272423,0.876598,0.163271,Normal
16,0.87016,0.989084,0,Normal
18,-0.229643,1.0828,0.221784,Normal
15,0.259908,1.0243,0,Normal
18,-1.06139,0,0.989149,Warning
21,1.04626,1.18609,0.852055,Warning
14,-0.946028,0.77963,0,Normal
20,-0.707976,0.190928,0.428272,Normal
9,-0.0348508,0.260282,0,Warning
20,-0.825353,0.802663,0.119185,Normal
0,-1.81694,0.468167,0.644732,Warning
7,1.3782,0.396242,0.728095,Warning
23,-3,0,0.339638,Warning
22,-1.27668,0.086172,1,Critical
20,0.637079,0.17494,0.182823,Normal
19,-0.095456,0.688851,0.690397,Normal
13,-0.648066,0.517784,0.629512,Warning
20,-0.1224,0.706014,0.210494,Normal
12,-0.811842,0.249182,0.48106,Normal
23,0.512701,0.347858,0.240349,Normal
0,-0.115468,0.553284,0.165301,Normal
11,-2.44267,0.567471,0.141012,Normal
18,-2.81793,0.452814,0.957653,Critical
5,-0.534991,0.758585,0.0938969,Normal
6,-3.59955,0.660953,0.584926,Normal
5,1.35266,0.516473,0.672578,Warning
21,-0.822112,0,0.541987,Normal
11,-0.524865,0.766339,0.534531,Normal
11,0.318953,0.678809,0,Warning
17,-3,0.35532,0.935587,Critical
22,0.696208,1.13115,0.43618,Normal
1,-0.118691,0.918976,0.113542,Normal
3,-0.991405,0.304253,0.239196,Normal
15,-0.165431,0.715348,0.165495,Normal
8,0.195812,0.705941,0.503512,Normal
7,0.0986005,0.181213,0,Normal
13,2.42404,0.821912,0.772198,Warning
21,-0.0206037,0.302605,0.376055,Normal
14,0.225751,0,0.516263,Normal
21,-0.427161,0.944575,0.470599,Normal
14,-1.0304,0.749362,0.74734,Warning
13,3.81947,0.842496,0.428041,Normal
3,-0.804083,1.36077,0.6589,Warning
0,-0.679443,0.167105,0.36772,Normal
7,1.16782,0,0.741814,Warning
10,-0.846248,0.340066,0.375583,Normal
7,-3.17268,1.43611,0.65072,Warning
14,-0.38411,0,0.41394,Normal
16,-1.87181,0.207885,0.651271,Warning
8,-0.614122,0.794287,0.239938,Normal
4,0.510301,0.264413,0.131159,Normal
7,-2.72914,0.297784,1,Critical
11,2.56132,0.781134,0.895013,Warning
0,-0.214693,0.802828,0.29415,Normal
11,-3,0.17541,0.977308,Critical
3,-0.0243134,0.479979,0,Normal
22,-1.61489,0.872779,0.508775,Normal
20,-0.310917,0.611674,0.733459,Normal
20,-0.294657,1.57331,0.135573,Normal
1,2.64127,0.284555,0.526972,Normal
18,-3,1.40416,1,Critical
19,2.04055,0.894989,0.952496,Critical
11,0.545845,0.782681,0.310844,Normal
7,0.665932,0,0.0411749,Normal
4,-2.50456,0.881937,0.570969,Normal
16,2.01287,0.842895,0.574235,Normal
7,0.917982,1.25562,0,Normal
7,-0.361906,0.0969641,0.685332,Normal
22,-2.19946,0,1,Critical
3,-0.817319,1.37779,0.465828,Normal
3,0.252565,0.0622489,0.668547,Normal
0,3.87791,0.70155,0.404291,Normal
13,1.60828,1.08116,0.843867,Warning
21,0.524638,0.202488,0.259251,Normal
15,-0.419894,0.898751,0.509229,Normal
21,2.65951,0.910958,0.758223,Warning
20,-0.810791,0.956843,0.112572,Normal
5,-1.82594,0.49086,0.699444,Warning
23,-0.270511,0.550533,0.400186,Normal
23,2.71129,0.802499,0.609818,Warning
16,-0.509181,0.554542,0.20026,Normal
12,0.0780405,0.234854,0.265125,Normal
8,2.80741,0.271344,0.682174,Warning
12,1.43919,0.783891,0.726009,Warning
14,-2.87909,1.21514,0.995943,Critical
20,-0.548041,1.23163,0.412144,Normal
22,0.562571,0.402895,0.0702936,Normal
12,0.491175,0.951454,0,Normal
14,-0.211679,0.94931,0.241904,Warning
22,3.25706,0.42059,0.996865,Critical
6,0.528545,0.894182,0.583401,Normal
21,2.00037,0.501738,0.311316,Normal
16,1.97085,1.05348,0.522575,Normal
7,-0.732938,0.410031,0,Normal
12,-0.73588,0.46038,0.48725,Normal
11,0.0257545,1.055,0.168397,Normal
10,0.146422,0.161019,0.600576,Normal
0,-0.354528,1.11118,0.110326,Normal
3,-0.267338,0.853649,0.471312,Normal
9,-0.790818,0.632505,0.496807,Normal
18,-0.258643,0.24863,0.326039,Normal
15,-1.41192,0.796143,0.90628,Critical
23,1.65121,1.14877,0.542918,Normal
2,-1.97775,1.16158,0.69191,Warning
18,-2.73929,0.442337,1,Critical
9,-0.716198,0,0.331417,Normal
0,-0.0739729,0,0.194616,Normal
10,0.905579,0.708227,0.729622,Warning
6,-2.63067,1.74792,0.569172,Normal
9,-1.25474,0.371583,0.612274,Warning
15,0.298597,0.743895,0.458007,Normal
0,-0.414974,0.403604,0,Normal
22,-0.968297,0.697734,0,Normal
21,-0.513525,0,0.29652,Normal
6,0.370361,0,0.403161,Normal
20,0.370812,0.854702,0.483292,Normal
12,-0.324873,1.15443,0,Normal
21,0.327225,0.664378,0.353476,Normal
5,0.275376,0.206999,0.782566,Normal
0,0.165054,0.344044,0.519387,Normal
6,-0.804377,0.239379,0.747931,Critical
7,-0.624844,0.657157,0.705526,Warning
18,-3,0.664476,1,Critical
0,3.38817,0.784863,0.767076,Warning
10,0.876068,0.481268,0.413222,Normal
11,0.254018,0.723845,0.341375,Normal
12,-3,0.429311,0.822182,Warning
9,2.43612,0,0.653178,Warning
14,0.902523,0.858281,0.102879,Normal
7,-0.435572,0.830986,0.716327,Warning
4,1.22942,1.13689,1,Critical
5,-0.0218591,0.79115,0,Normal
14,-2.69048,0.547855,0.764916,Warning
19,-0.40047,1.9325,0.519931,Normal
12,-0.000711348,1.249,0.102133,Normal
16,0.735271,0.269561,0.161925,Normal
4,-0.0893752,0.512778,0.0739837,Warning
8,0.254995,0.0609033,0,Normal
10,2.56898,1.09004,0.763653,Warning
20,1.29928,0.367724,0.780389,Warning
11,0.482313,0.229443,0.397234,Normal
4,-0.56987,0.63674,0.271437,Normal
0,-0.642344,0.658868,0.183996,Normal
11,-0.310786,0.330849,0,Normal
4,0.226356,0.0507535,0.290836,Normal
6,-0.217146,0.748934,0,Normal
14,0.0673953,0.768919,0.237593,Normal
20,-0.407816,0,0.562561,Normal
17,-1.86365,0.362331,0.926523,Critical
11,1.31778,1.49861,1,Critical
18,-0.0776227,0.881238,0.578633,Normal
6,0.784304,1.35301,0.358113,Normal
18,-0.0314699,0.162905,0,Normal
2,0.823235,1.01938,0,Normal
11,2.46445,0.578889,0.838015,Warning
2,0.689699,0.35586,0,Normal
22,-0.793894,0.481496,0.443653,Normal
3,3.84715,0.636258,1,Critical
0,-0.823466,0.172099,0.487097,Normal
7,2.50795,0.660415,0.587832,Normal
16,-3,0.785289,0.838419,Warning
9,0.214535,0.0471815,0,Normal
17,-0.511289,0.357928,0.495715,Normal
11,-2.5146,0.612483,0.951546,Critical
14,2.16481,0.893625,0.0617785,Normal
7,0.793703,0.0916335,0,Normal
0,2.09719,0.121022,0.36221,Normal
20,-2.12799,0,0.468448,Normal
6,-0.290892,1.20904,0,Normal
17,-0.119569,1.04595,0.256037,Normal
16,0.342173,0.629657,0,Normal
6,-0.309064,0.0220472,0.180552,Normal
0,0.242134,1.27791,0.230707,Normal
2,1.20685,0.365384,1,Critical
7,0.752959,0.64746,0.794054,Warning
13,-0.652184,0.471281,0.418705,Normal
19,1.8977,0.238656,0.663935,Warning
11,-0.242702,0.861536,0.0917435,Normal
4,-3.03655,0.786118,0.809994,Warning
18,1.54295,1.39396,1,Critical
22,1.40134,0.430949,0.855416,Warning
11,0.279348,0.515602,0.174005,Normal
16,-0.517125,0.11963,0.438625,Normal
13,0.199642,0.363996,0.187573,Normal
21,-2.81328,0.642081,0.223738,Normal
16,0.0942601,0.77306,0.286087,Normal
8,-2.41413,0.81563,0.47096,Normal
17,-2.65176,1.17293,0.550017,Normal
22,0.00664161,1.03383,0.337664,Normal
5,3.14505,0.47995,1,Critical
18,0.220712,0.707377,0.414528,Normal
20,0.737388,0.807297,0.360265,Normal
5,-0.517444,1.25091,0.623683,Warning
12,0.448006,0.908924,0.203957,Normal
10,-1.74013,0.21972,0.614926,Warning
6,3.10785,0.545134,0.89249,Warning
3,-0.201093,1.01561,0.366272,Normal
12,-0.691425,0.523294,0.288354,Normal
16,0.730054,0.382893,0.00303216,Normal
23,-0.911072,0.310367,0.593536,Normal
7,-2.60305,0.822198,0.529627,Normal
8,0.141585,0.673403,0.216146,Normal
18,-0.200021,0.514176,0.29207,Normal
23,-0.250608,0.0810269,0,Normal
0,1.26431,1.09822,0.536794,Normal
20,0.456648,0.474064,0,Normal
14,-0.434548,0.147311,0,Normal
3,-0.0495498,0.894059,0.819267,Normal
11,-2.33205,0.663419,1,Critical
15,-0.341521,0.615154,0.168,Normal
10,-2.89719,0.717797,1,Critical
7,0.585147,1.39377,0,Normal
3,-0.48467,1.04514,0,Normal
8,-0.138109,0.975875,0,Normal
18,-2.55982,1.06663,1,Critical
5,-0.305503,0.846194,0,Normal
22,0.125546,0.746646,0.288437,Normal
5,-0.643428,0.69237,0.521157,Normal
17,-1.62991,1.05226,0.721339,Warning
18,-2.39401,0.378788,1,Critical
19,-1.04482,0.335348,0.811795,Warning
7,0.423656,0.340434,0.0733692,Warning
3,-1.38093,0.970921,0.72272,Warning
22,0.55053,0.98405,0,Normal
16,-3,0.909162,0.805517,Warning
21,-0.857385,0.448883,0.095396,Normal
12,1.18935,0.720855,0.910089,Warning
11,-2.0192,0.466422,0.865921,Warning
13,-1.25172,0.082251,0.845212,Warning
23,0.231159,0.503067,0.458748,Normal
18,-0.748125,0.968711,0,Normal
19,-0.788733,0.943693,0.29944,Normal
1,-0.693276,0,0.193857,Normal
17,-0.457461,0.501584,0.227798,Normal
20,1.30248,0.014612,0.300177,Normal
19,0.374616,0.145274,0.0783837,Normal
5,-0.216306,1.23086,0.177091,Normal
22,-0.608434,0,0.275577,Normal
20,-0.170966,0.518973,0.770493,Normal
4,0.54556,0.729986,0,Warning
2,-0.585828,0.37732,0.0933425,Normal
5,-0.670766,0.562239,0.149613,Normal
12,-2.99712,0.2918,0.826232,Warning
18,-0.951339,0.678588,0,Normal
14,2.51773,0,0.944132,Critical
20,-2.44738,0.944799,1,Critical
22,-0.203868,0.4295,0.243395,Normal
13,1.06778,0.383164,0.489251,Normal
9,-0.526463,0,0.296615,Normal
23,1.26069,0.815921,1,Critical
12,-0.277092,0.830023,0.130974,Warning
5,-0.0210617,0.428549,0.357757,Normal
9,0.93344,0.0667349,0.386354,Normal
21,-1.02789,0.353837,0.669382,Warning
1,2.18818,0.907217,0.984585,Critical
6,-0.910654,1.34276,0.183924,Normal
19,-0.558064,1.11568,0.325498,Normal
10,-1.59578,1.29866,0.924911,Warning
1,-1.67808,0.961705,0.623799,Warning
9,-1.83665,1.05658,0.889278,Warning
0,2.88966,0.302163,0.620153,Warning
6,-0.353403,0.51287,0,Normal
4,-0.655639,0.284331,0.371079,Normal
0,0.0952592,0.329192,0,Normal
2,2.22946,1.32054,0.881504,Warning
11,-2.68527,0.619062,0.939632,Critical
4,-0.214891,0,0.118008,Normal
10,0.0292231,0.941619,0.150848,Normal
14,-1.95801,0.431697,0.618016,Warning
5,3.48593,1.09523,0.283332,Normal
15,0.0391607,0.501608,0.581576,Normal
16,-2.53183,0.558791,1,Critical
11,1.20883,0.607296,1,Critical
19,0.397613,0.546133,0.110538,Normal
21,-3,0.805284,0.45042,Normal
20,-3,0.479987,0.589006,Normal
12,2.31514,0.534415,0.286348,Normal
6,2.01183,1.16102,0.55237,Normal
14,0.702476,0.702188,0.414008,Normal
7,0.869398,0.685742,0.156595,Normal
8,-0.20766,0.575599,0.273503,Normal
21,2.56491,1.00983,0.496826,Normal
19,-0.357507,0.434586,0.326934,Normal
18,0.219469,0.202006,0.144726,Normal
21,-0.840099,0.308394,0.258914,Normal
13,-2.06155,0.882549,0.68367,Warning
20,-0.537581,0.943353,0,Normal
16,0.436523,1.02406,0.535714,Normal
17,0.541273,0.688209,0.741418,Warning
17,0.294463,0.958233,0.154525,Normal
16,-1.93937,0.526443,0.616799,Warning
13,-1.04284,0.894761,0.74394,Warning
22,3.92886,0.536114,0.851178,Warning
19,1.34323,0.115081,0.696918,Warning
6,-0.110254,1.09119,0.310344,Normal
14,0.390275,0.504209,0.196671,Warning
14,3.40459,0.744542,0.885961,Warning
20,-2.79106,0.400018,0.922573,Warning
9,-3,1.08035,1,Warning
22,-2.21386,0.622698,0.651019,Warning
18,1.08183,0.618749,0.859379,Warning
6,1.57223,1.13477,1,Critical
6,-0.972972,1.68477,0.397934,Normal
5,-1.01675,0,0.492483,Normal
13,4.13257,0.995214,0.751482,Warning
10,3.01842,0.0602096,0.245006,Normal
2,-2.45181,0.7452,0.997051,Critical
9,1.20522,0.274133,0.602017,Warning
2,2.69366,0.551974,1,Critical
16,0.574484,1.17459,0.350956,Normal
0,0.195043,0.413326,0.684613,Normal
7,1.00519,0.233584,1,Warning
15,-0.145558,0.536823,0.0960342,Normal
12,0.87999,0.201313,0,Normal
2,-0.87848,0.699857,0.446809,Normal
12,0.122256,0.811497,0.41995,Normal
23,1.08082,0.51144,0.962084,Warning
0,-0.101611,0.0918708,0.325906,Normal
10,1.37289,0.813104,0.814722,Warning
17,0.86557,0.117375,0.543488,Normal
18,-0.881653,0.91179,0.404439,Normal
23,-2.29551,0.690386,0.646615,Warning
4,-0.597595,0.394237,0,Normal
22,-1.94325,0.875155,0.868598,Warning
15,-0.789474,1.15444,0.33325,Normal
10,-0.187795,0.323986,0.129175,Normal
5,3.19386,0.618048,1,Critical
19,1.20107,0.196843,0.593254,Normal
6,0.0191766,0.327059,0.249099,Normal
21,-0.564767,1.26922,0.258802,Normal
8,0.100832,0.654376,0.560984,Normal
3,-0.0583929,0.631266,0,Normal
16,-1.52161,0.360373,0.89639,Warning
18,-1.4984,1.03074,0.726425,Warning
21,1.3686,0,0.690739,Warning
18,2.99678,0,0.410215,Normal
15,1.1786,0.436159,0.573713,Normal
18,-2.62944,0.511038,0.465605,Normal
7,3.01457,0,0.280876,Normal
9,-0.693368,0.36645,0,Normal
13,-2.48809,0,0.388592,Normal
17,3.28829,0.0229666,0.749159,Warning
21,0.340301,0.840468,0.30452,Normal
15,0.342158,0.980191,0.038784,Normal
15,0.897305,0.659494,0.769496,Warning
9,0.545462,0.768012,0.184093,Normal
1,0.367809,0.313773,0.487385,Normal
20,-0.526694,0.827611,0.0887531,Normal
5,-3.59493,0.335313,0.222388,Normal
17,1.84089,1.01524,0.931699,Critical
8,-2.7062,1.49968,0.206846,Normal
4,1.48651,0.74737,1,Critical
4,0.0901044,0.782624,0.131772,Normal
14,0.176097,0.881259,0.193644,Normal
11,1.56581,0.588091,1,Critical
14,-0.282875,0,0.321941,Normal
4,0.656148,0.944916,0.454729,Normal
4,-1.16806,1.1642,0.400031,Normal
2,-2.16383,0.632993,0.745346,Warning
8,-2.2546,0.534791,0.550569,Normal
10,0.564009,0.00431845,0.266329,Normal
8,0.659411,0.264222,0,Normal
13,0.803441,0.390534,0.200664,Normal
10,0.515464,1.23106,0.223775,Normal
5,0.72932,0,0.0448399,Normal
17,2.32692,1.4721,0.753368,Warning
11,-3,0.657041,1,Critical
15,-0.00545939,0.319183,0,Normal
4,0.279982,0.350497,0.489045,Normal
23,2.98396,0.273163,0.592215,Normal
1,-0.168885,0.0750677,0.208404,Normal
17,2.7352,0.0205507,0.388681,Normal
14,0.586766,1.32427,0,Normal
3,0.763671,0.503559,0.301582,Normal
8,-0.689986,0.593595,0,Normal
3,0.661725,1.08099,0.0339162,Normal
22,-0.757536,0.333815,0.596947,Normal
9,0.496711,0.615646,0.448778,Normal
21,-0.724329,0.523681,0.554109,Normal
16,-0.145249,0,0,Normal
19,-0.000665133,0.243913,0.0300457,Normal
14,0.424409,0.901136,0.153267,Normal
4,-0.524397,0.296446,0.0349981,Normal
19,-0.806407,0,0.334558,Normal
9,1.56048,0.543249,1,Critical
4,1.90975,0.310168,0.695391,Warning
15,-0.717805,0.151968,0.205207,Normal
22,0.92426,0.886329,0.337027,Normal
18,0.496529,0.206426,0.374301,Normal
15,1.15065,0.595539,0.873793,Warning
3,2.31536,0.880984,0.591975,Normal
10,-0.228715,0,0.644617,Normal
3,-2.69204,1.1559,0.55196,Normal
0,-2.83793,0.246541,0.86702,Warning
20,-0.996049,0.871863,0.0203039,Normal
0,-0.133538,0.365219,0.892371,Normal
18,-1.01638,1.14285,1,Warning
17,-2.69542,1.1286,0.560876,Normal
17,-0.0703042,0.587571,0.228756,Normal
23,-0.703245,1.0191,0,Normal
21,0.00925456,0.515469,0.555959,Normal
11,2.27466,0.409194,0.650747,Warning
4,-0.493691,0.724685,0.102606,Normal
19,0.858915,1.16869,0.139089,Normal
20,-3,0.495542,1,Critical
8,-0.105127,0.679137,0.333901,Normal
6,0.849376,0.933722,0.192824,Normal
12,1.77369,0.38857,0.476532,Normal
23,0.945361,0.602603,0.313812,Normal
4,0.302599,0.805246,0,Normal
12,-0.195733,0.553011,0,Normal
21,0.950892,0.849921,0.521727,Normal
21,-3,0.61244,0.851728,Warning
7,-0.535664,0,0,Normal
21,-2.60192,0.599981,0.530347,Normal
18,0.34869,0.90788,0.233456,Normal
23,0.24017,0.589808,0.349114,Normal
20,-0.611239,0.534808,0.10536,Normal
12,-0.440524,1.51444,0.765917,Warning
9,-2.36266,1.01123,1,Critical
1,-0.966322,0.762643,0.426661,Normal
4,3.13872,0.647492,0.72953,Warning
8,-1.33442,0,0.367405,Normal
7,-0.10261,0.476446,0.402437,Normal
2,0.46721,0.125513,0.507472,Normal
0,-2.37311,0.671851,0.546039,Normal
0,-1.40329,1.00422,0.757973,Warning
7,0.731797,1.26317,0.110019,Normal
16,0.945668,0.531943,0.142791,Normal
19,0.5695,1.4856,0.236015,Normal
15,-0.671955,0.390961,0.606081,Warning
8,0.748551,0.237992,0.31951,Normal
15,0.30824,1.08922,0.734702,Normal
2,-0.195152,0.745435,0.493159,Normal
2,-0.423306,0.892398,0.769667,Warning
18,-0.54947,0.311794,0.750336,Warning
1,-1.42436,0.425525,1,Critical
16,1.08703,0.169268,0.593415,Normal
5,-0.355584,0.941845,0.74954,Normal
1,1.94209,0.964979,0.973377,Critical
7,-3.74528,0.556759,1,Critical
15,-0.395602,0.606824,0.341962,Normal
12,-0.252648,1.40696,0.290809,Normal
16,3.5983,0.350742,0.377597,Normal
13,-2.23361,0.697545,0.53334,Normal
0,1.99717,0.423155,0.997853,Critical
6,-1.93671,0.694883,1,Critical
1,2.47779,1.3226,0.406682,Normal
22,-0.876585,0.547946,0.559886,Normal
3,2.76141,0.12275,0.902609,Critical
3,0.803458,0.6359,0,Normal
8,-0.0308357,0.76952,0,Normal
3,4.30251,0.626002,0.681471,Warning
11,2.73994,1.00609,0.535566,Normal
21,-1.96244,0,0.389676,Normal
17,2.90235,0.636803,0.981624,Critical
5,-0.0444816,0.97211,0.161282,Normal
22,-0.82757,0.878965,0.484231,Normal
3,0.148509,0.0193427,0.319691,Normal
1,1.11942,0.334475,0.549122,Normal
2,-0.28126,0.505347,0.184541,Normal
13,-3,0,0.617824,Warning
6,-1.34373,0.513708,1,Critical
6,1.45049,0.70909,0.690713,Warning
5,0.457934,0.44238,0.514618,Normal
23,0.546876,1.01024,0.335691,Normal
3,-2.30782,0.840336,0.582226,Normal
2,-0.187929,0.628093,0.314476,Normal
12,0.114076,0.520461,0,Normal
10,-1.34,0.894965,0.73267,Warning
10,-3,0.573293,1,Critical
12,-2.70366,0.447111,0.757803,Warning
18,0.20711,0.729655,0.676451,Normal
7,-2.66132,0.152652,0.924363,Critical
17,1.46266,0.792006,0.765732,Warning
6,2.45049,0.582142,0.79862,Warning
5,-0.824134,0.019094,0.195503,Normal
6,-2.45271,0.435724,0.627561,Warning
17,0.28099,0.121736,0.118629,Normal
13,0.412663,0.872532,0.42812,Warning
8,1.60994,0.293515,0.924279,Critical
3,1.52309,0.545907,0.442388,Normal
11,1.48701,0.59155,0.511687,Normal
11,-3,0,1,Critical
3,1.87555,0.104813,0.979002,Critical
0,0.126351,0.674357,0.215051,Normal
23,1.71761,0.489808,0.499507,Normal
20,-0.931587,0.515287,0.297102,Normal
18,-0.203813,1.31232,0.460528,Normal
23,-0.819931,0.720271,0.213991,Normal
6,2.31802,0.720044,0.908376,Critical
20,-2.27337,0.38164,0.822844,Warning
9,-0.191377,0.890193,0.580154,Normal
15,0.734047,0,0.244398,Normal
6,-0.320394,0.923839,0.140878,Normal
6,1.2522,0.542552,0.602034,Warning
0,-2.55725,0.940755,0.709693,Warning
16,2.0804,0.81163,1,Critical
23,2.76624,0.606803,0.86061,Warning
21,-0.18677,0.235181,0.132669,Normal
14,0.741503,0.642829,0.238099,Normal
13,-0.901144,0.429559,0.81607,Warning
9,1.29205,0.29669,1,Critical
14,-0.923914,0.854811,0.334249,Normal
15,-0.149763,1.24144,0.360868,Normal
0,0.681227,0.48952,0.460906,Normal
7,1.79609,0.618267,0.408623,Normal
12,0.0519065,0.686515,0.742077,Normal
15,3.73829,0.299105,0.910549,Critical
7,-0.875507,1.10821,0.0836912,Warning
6,4.46034,0.008434,1,Critical
17,0.0356632,0.935029,0.486844,Normal
16,0.701744,0.47495,0.000548955,Normal
20,0.383257,0.00353531,0.295304,Normal
2,-1.44215,0.795691,0.631782,Warning
3,-0.435859,1.2538,0.042115,Normal
15,2.09267,0.468569,0.699621,Warning
1,0.447308,0.651259,0.0565253,Normal
16,-2.18791,0.812212,0.727862,Warning
19,3.25545,0.976187,0.903217,Critical
17,2.68128,1.03669,0.311664,Normal
22,1.21778,0.311498,0.985089,Critical
12,-2.84566,0.788265,0.410574,Normal
12,2.82902,0.0836102,0.788451,Critical
2,-1.13564,0,0.929233,Warning
8,0.591866,1.0291,0.396173,Normal
0,-0.820531,0.710546,0.147188,Normal
9,2.14007,1.07829,0.873746,Warning
14,-1.02608,0.858224,0.796229,Warning
6,2.47519,0.818191,0.806722,Warning
3,0.916034,1.08835,0.605503,Warning
18,-0.193293,0.226658,0.180182,Normal
10,-0.927688,0.946504,0.43851,Normal
2,2.66496,0.247041,0.636918,Warning
16,-1.63637,0.65966,0.469304,Normal
8,1.27834,0.132806,0.885949,Critical
7,2.5321,0.610233,0.862321,Warning
14,3.38466,0.391718,1,Warning
8,0.556415,0.76673,0.0433223,Normal
18,-2.33418,0.357931,1,Critical
21,0.944642,1.08091,0,Normal
23,3.18795,0.463987,0.617608,Warning
1,0.637299,0.718096,0.718663,Warning
16,-0.371079,0.451444,0.398641,Normal
17,-1.60769,0.0427373,0.763314,Warning
8,0.165916,0.449421,0.495883,Normal
13,3.87955,0.522379,0.937289,Critical
20,0.293797,1.15298,0.387658,Normal
13,-2.81828,0.985179,1,Critical
16,-3,0.408154,0.569562,Normal
19,-0.7128,0.664265,0.379226,Normal
9,-0.141126,1.0879,0.226029,Normal
18,0.00674683,1.22309,0.680594,Normal
6,-0.125404,0.666184,0,Normal
1,2.0982,0.590622,0.485774,Normal
2,0.567368,0.890159,0.324893,Normal
6,-2.53423,1.59171,0.838551,Warning
17,1.64698,0.628177,0.781024,Warning
9,1.41132,0.51388,0.306345,Normal
9,-2.1736,0.443771,0.311099,Normal
9,-1.38066,0.295965,1,Critical
18,-0.119174,0,0,Normal
21,3.08646,1.52013,0.881597,Warning
13,2.36237,0.688669,1,Critical
22,0.481734,0,0.49059,Normal
2,4.2322,0.298633,0.93653,Critical
12,-1.47733,0.668751,0.898699,Warning
21,0.0741219,0.825947,0.017479,Normal
15,0.938175,0.130199,0.0426661,Normal
17,0.583809,0.839946,0.254437,Normal
22,1.2139,0.153792,0.525292,Normal
12,2.68113,0.890825,0.504389,Normal
20,-0.3061,0.38706,0.155163,Normal
21,1.76814,0.0840063,0.528538,Warning
11,0.103967,1.46372,0.592704,Normal
2,0.00618971,1.43773,0.704441,Normal
8,-1.25696,0,0.582523,Normal
20,-0.575607,0.877747,0,Normal
10,2.34342,0.75945,0.757938,Warning
1,0.343538,1.15727,0.434809,Normal
15,1.9051,0.668918,0.733477,Warning
6,3.8884,0.904764,0.589158,Normal
18,4.21893,0.882126,0.781793,Warning
12,4.09033,0.48136,1,Critical
17,-1.33375,0.70937,0.724835,Warning
22,0.0286724,0.674976,0,Normal
20,-2.76009,0.412968,1,Critical
8,0.685817,0.961167,0.487684,Normal
9,2.1602,0.934818,0.493624,Normal
12,0.195409,0,0.629806,Normal
23,1.54938,0,0.619767,Warning
0,-0.546402,0.415761,0,Normal
17,-1.05343,0.671869,0.771275,Normal
23,-0.92381,1.13137,0.519066,Normal
14,0.047852,0.558243,0.337341,Normal
15,-0.116607,0.0963085,0.559515,Normal
18,-0.438857,0.701936,0.767015,Warning
12,1.8743,0.192295,0.711854,Warning
11,0.0690267,1.02434,0,Normal
9,0.439919,0.818943,0.40546,Normal
15,0.0205036,0.528542,0.197276,Warning
8,0.440449,1.06244,0,Normal
13,2.19858,0.465227,0.933158,Critical
18,-2.21985,0.709159,0.761808,Warning
9,2.17485,0.372218,0.643562,Warning
10,2.01209,0.497863,0.53442,Normal
17,-2.07575,0.546693,0.580926,Normal
12,-1.10326,0.261665,0.745596,Warning
4,-0.0758338,0.641739,0,Normal
21,-0.0498567,1.15904,0.375512,Normal
4,1.58062,0.447359,0.65398,Warning
6,-0.546522,0.605948,0.530583,Normal
13,0.953748,0,0.423831,Normal
21,4.05891,0.722758,0.692672,Warning
17,-0.505055,1.2061,0.290684,Normal
15,-0.813952,0.541895,0,Normal
22,3.56827,0.49815,0.686713,Warning
10,0.0409531,0,0.404643,Normal
8,0.810415,0.175888,0,Normal
0,-0.313924,0.569535,0.0456776,Normal
10,-1.05079,1.02977,0.427245,Normal
17,3.36828,0,0.977243,Critical
6,-0.958805,0.867674,0.628522,Warning
21,-0.259031,0.660535,0.311574,Normal
4,0.0276746,0.407487,0,Normal
12,-0.336842,0.231411,0.127429,Normal
17,0.444749,0.671434,0,Normal
6,-0.024916,0.961053,0.545537,Normal
21,2.05705,0.161722,0.89394,Warning
0,2.95006,0.669131,0.64456,Warning
3,-0.997434,0.298477,0.0643158,Normal
21,-0.821584,0.324129,0,Normal
7,-0.654947,0.980785,0.069071,Normal
6,-2.75209,0.268554,1,Critical
10,-3,0.982536,0.66878,Warning
16,2.26971,0.125091,0.354636,Normal
15,-1.06767,0.36315,1,Warning
12,0.0503063,0.356381,0.0650082,Warning
20,0.752324,1.02792,0.142952,Normal
3,-2.29233,1.09753,0.958674,Critical
5,-0.893875,0.813321,0.476416,Normal
2,0.13082,0.655757,0.0115903,Normal
9,-3,1.2943,0.135755,Normal
21,4.42513,0.502167,0.468323,Normal
15,-1.72397,0.450237,0.715578,Warning
5,-3.20551,0.921483,0.816837,Warning
8,-2.98925,0.47288,0.680408,Warning
2,-1.17058,0.465987,0.64846,Warning
17,-0.0282498,0.998737,0.702869,Normal
0,1.72392,0.597494,0.384031,Normal
16,0.235767,0.678635,0.283941,Normal
23,0.741847,1.07671,0.171474,Normal
13,-0.0488296,0.448992,0.33274,Normal
1,2.03593,0.467804,0.678575,Warning
8,-2.30964,1.09416,0.717428,Warning
20,-2.30566,0.785866,1,Critical
19,-2.4115,0.441098,0.761584,Warning
12,-2.05978,0.00277804,0.755476,Warning
13,0.465153,0.373553,0.2396,Normal
14,-0.199954,1.06913,0.245031,Normal
2,0.997211,0.693623,0.135225,Normal
22,-0.292052,0.166824,0.063763,Normal
22,4.23564,0.563481,1,Critical
23,3.2577,0.583643,0.839612,Warning
14,1.23143,0.655848,0.556539,Normal
9,1.77517,0.622397,1,Critical
14,-3,0.716721,0.847693,Warning
2,0.342593,1.18391,0.0759292,Normal
1,-0.462893,0.548456,0.100809,Normal
23,0.117951,0.978023,0.52738,Normal
4,2.52123,0.930975,0.743324,Warning
8,0.920852,0.813305,0.328135,Normal
0,-0.630077,1.04754,0.373312,Normal
18,-3,0.659648,0.649277,Warning
10,0.155165,1.4791,0.0534471,Normal
0,0.538179,0.659288,0.422191,Normal
15,0.376901,0.543737,0.039128,Normal
20,-1.52316,0,0.442156,Normal
17,-0.600101,0.26883,0.564706,Normal
10,-0.0395762,1.1728,0.853343,Normal
21,2.44794,1.16658,0.993848,Critical
21,0.0750507,0.995351,0.716717,Normal
6,0.219162,1.12634,0,Normal
1,-0.613979,1.06022,0.410441,Normal
14,1.53245,0.440296,0.272086,Normal
6,-0.701613,0.083904,0.109675,Warning
21,1.03572,0.0225601,0.571476,Normal
15,-2.67892,0.419511,0.789668,Warning
14,-3,0.602786,0.609128,Warning
4,2.77457,0.536907,0.587015,Normal
21,2.05908,0.992713,1,Critical
8,-0.395413,1.49203,0.374112,Normal
18,2.75466,0.235883,1,Critical
15,0.922701,0,0.305645,Normal
7,-0.408424,0.494412,0.0330899,Normal
15,-0.969262,0.746228,0.22077,Normal
7,-3.36936,0.563994,0.705764,Warning
17,-1.32921,0.869488,0.684079,Warning
8,1.5573,0.581228,0.548776,Normal
0,2.91972,0.942783,1,Critical
9,0.148553,1.1473,0,Normal
3,-0.954864,0.0689548,0.45987,Normal
17,0.0700708,0,0.299075,Normal
20,0.867594,0.983501,0.268793,Normal
22,-2.6465,1.16863,0.71674,Warning
0,-0.645599,0.366837,0.148696,Normal
16,0.571785,0,0.373558,Normal
2,-0.44942,0,0,Normal
4,0.284362,0.575695,0.204111,Normal
10,-0.930318,0.908699,0.64143,Warning
15,0.437841,0.43203,0.264646,Normal
0,-0.0605159,0.121709,0.0482278,Normal
7,-0.747419,0.140884,0.608591,Warning
8,0.100931,0.746295,0,Normal
8,-1.70967,0.380066,1,Critical
4,-0.0465612,0.0360439,0,Normal
7,-0.339485,0,0.18736,Normal
13,-0.744569,0.818565,0,Normal
10,2.04957,0.638728,0.984431,Critical
17,0.313332,0,0.417283,Normal
21,0.137804,0.205216,0.058186,Normal
1,-0.298907,0.631524,0.325184,Normal
22,-0.376907,0.319703,0.143103,Normal
13,-0.636028,1.16336,0.0975805,Normal
15,-0.528566,0.956311,0.247912,Normal
10,1.28158,0.865219,0.421309,Normal
5,-2.02274,0,0.710677,Warning
13,-0.371313,0.482909,0.524887,Normal
9,0.842142,0.974498,0.4919,Normal
3,3.57841,1.34228,0.479243,Normal
7,2.52382,0.454358,0.440718,Normal
17,-0.736949,0,0.730519,Warning
3,-2.06364,0.746312,0.624543,Warning
0,0.285708,0.43504,0.324899,Normal
0,-1.26711,0.624726,0.636279,Warning
13,-1.84833,0.858997,0.654312,Warning
13,-3,0.627353,0.798959,Warning
12,0.36813,1.48402,0.0903842,Normal
14,-0.736987,0.339954,0.096779,Warning
22,-3,0.575626,1,Warning
13,-0.237443,0.502408,0.339836,Normal
20,1.27444,0.914319,0.807469,Warning
20,1.52025,0.131586,0.693937,Warning
21,0.299856,0.592638,1,Normal
18,-1.29021,0.373227,0.733902,Warning
7,2.1625,0.605031,0.640604,Warning
4,-1.02257,0.321728,0.808841,Warning
6,2.45539,1.15164,1,Warning
4,2.03559,0.35785,1,Critical
4,0.0507834,0.2926,0.153641,Normal
10,-0.605937,0.100639,0.197758,Normal
13,-0.811204,0.92615,0.216776,Normal
10,1.94078,0.151008,0.592254,Normal
12,-3,0.596697,0.844923,Warning
23,0.236103,0.0565831,0.179759,Normal
12,-0.041908,0.832652,0.318793,Normal
9,3.18914,0.214038,0.89802,Warning
20,-1.14031,0.255952,0.755612,Warning
10,-3,1.84816,0.319892,Normal
12,-0.158523,0,0.140764,Normal
8,-1.96726,0.913524,0.823787,Warning
10,-0.836315,0.916964,0.0477872,Warning
19,1.02348,0.532906,0.437405,Normal
0,-0.419771,0.920905,0.368376,Normal
3,0.142092,0.390362,0.432853,Warning
2,0.269515,0.0543324,0,Warning
7,1.04351,0.717835,0.86973,Warning
19,0.815715,0.992255,0.104049,Normal
1,1.98235,0.383964,0.873906,Warning
8,-1.1289,1.34106,0.778172,Warning
13,2.33762,0.8118,0.158553,Normal
5,-3.48637,0.32112,0.717577,Warning
22,3.54512,1.19831,0.274312,Warning
19,0.277958,0.482704,0.259978,Normal
9,-0.975972,0.737403,0.310212,Normal
10,-1.13101,0.0602872,0.539883,Normal
16,-0.574309,1.30387,0.270193,Normal
10,0.522781,1.06459,0.233167,Normal
17,-2.52868,0.78389,0.944118,Critical
20,-0.351016,0.999801,0.208363,Normal
17,-3,0.541027,0.822665,Warning
18,1.88252,0.704637,0.88263,Warning
4,-0.275018,0,0.576432,Normal
19,-0.501224,0.946342,0.206227,Normal
16,0.0270254,0.022902,0.300135,Normal
9,-0.697199,1.15144,0.313708,Normal
21,-2.48387,0.957322,0.817673,Normal
23,0.400514,0.717753,0.157233,Normal
6,-0.404287,0.564264,0.569084,Normal
2,0.147453,0.861627,0.459219,Normal
11,-0.363348,0.785353,0.269777,Normal
21,0.06841,1.10073,0.314281,Normal
12,-0.0928341,0.261915,0,Normal
10,-0.36499,0.444546,0.711202,Normal
11,-2.00242,0.489665,1,Critical
8,0.794991,0.945869,0,Normal
3,-0.0233527,0.7137,0.352866,Normal
4,-3.28534,0.182393,0.925704,Critical
10,-1.91301,0.66095,1,Critical
23,2.33903,1.25893,0.164061,Normal
19,-1.58861,0.210227,1,Critical
4,-1.02242,0.609064,0.733296,Warning
6,0.212216,0.423609,0.220969,Normal
20,0.157748,0.309418,0.399572,Normal
10,0.813663,0.248509,0.249257,Normal
8,2.40156,0.882564,0.720459,Warning
0,-0.0136061,0.510337,0.0405936,Normal
0,0.819467,1.49474,0.376452,Normal
5,-2.09135,0.479538,0.701897,Warning
14,-3,0.231089,0.973259,Critical
11,-0.39213,0.630629,0,Normal
14,3.83963,0.908372,0.337818,Normal
18,-1.13602,0.284664,0.93725,Warning
17,0.0617152,0.0852585,0.255574,Normal
11,3.00718,1.13751,0.570721,Normal
14,1.73818,0.398362,1,Critical
20,0.598648,0.213216,0.302953,Normal
4,-0.010103,0,0.525561,Normal
13,2.84524,1.07016,0.252926,Normal
18,-0.356621,0.449019,0.781051,Normal
9,-1.70203,0,0.633406,Warning
1,-0.340426,0.519003,0.163451,Normal
15,0.181263,0,0.73706,Normal
21,-0.756764,0.114956,0.0715585,Normal
5,-0.752635,0.479255,0.416969,Normal
18,3.85142,0.528886,1,Critical
13,0.183893,1.20327,0.613187,Normal
16,-0.549735,0.825632,0.0365539,Normal
22,0.403206,0.930273,0.411487,Normal
16,-0.441744,1.30408,0.262545,Normal
10,0.0129764,0.467461,0,Normal
4,1.1758,0.221191,0.764549,Warning
3,0.484466,0.644471,0.457021,Normal
13,-1.09883,1.117,0.460451,Normal
22,-3,0.650518,0.930486,Critical
11,-0.0784597,0.456963,0,Normal
2,0.544725,0.693539,0.665441,Warning
15,-0.130512,0.40419,0.29952,Warning
3,2.32979,1.3831,0.602723,Warning
7,4.12206,0.0537616,0.447851,Normal
22,-0.599604,0.771735,0.294308,Normal
22,-0.540673,0.634707,0.619298,Warning
22,1.9115,1.18801,0.931675,Critical
23,-0.236272,0.756786,0.536133,Normal
2,-1.54586,0.658093,0.758891,Warning
2,-0.0727755,0.353754,0.475242,Normal
9,-0.402886,0.613879,0.146705,Normal
10,3.73448,0.498818,0.40181,Normal
1,-0.460512,1.01018,0.515084,Normal
18,-0.104341,0.405809,0.371481,Normal
12,-0.614616,0.796416,0,Warning
3,-0.47083,0.856567,0.428943,Normal
15,2.03508,0.30244,0.5395,Normal
9,0.449367,1.09824,0.20247,Normal
16,-2.95792,0.878873,0.822448,Warning
19,1.57358,1.03997,0.716884,Warning
19,1.37137,0.465945,0.976947,Critical
8,-1.04489,0.113212,0.345422,Normal
16,-0.00549932,1.12542,0.465645,Normal
18,-0.30141,0.180203,0.3996,Normal
8,0.179391,0.742404,0.231639,Normal
6,2.08956,0.722272,0.531387,Normal
22,-0.0170852,0.221449,0.162553,Normal
17,-2.46735,0.95206,0.479515,Normal
0,0.457824,1.29947,0.269764,Normal
23,-1.32313,0.656377,0.441867,Normal
7,1.35615,0.984975,0.807391,Warning
18,-0.205562,0.298354,0.675638,Normal
21,-2.77438,0.656156,0.623471,Warning
13,-3,1.07884,0.984944,Critical
1,-0.190429,0,0.843659,Normal
20,-2.27158,0.390563,0.550511,Normal
20,-2.17949,0.974154,0.735839,Warning
14,-2.22194,0.159181,0.335265,Normal
16,0.647529,1.21517,0.45299,Normal
2,0.261243,0.637691,0.332196,Normal
9,-2.84183,0.776389,0.773528,Warning
6,0.259885,0.30746,0.166586,Normal
0,-0.24172,0.578722,0.522242,Normal
12,-0.252902,0.0658663,0.165665,Normal
23,-1.73801,0.265119,0.273925,Normal
5,-2.67564,0.333301,0.913154,Critical
14,1.82918,1.03533,0.701941,Warning
2,0.446485,0.932272,0.129476,Normal
6,-0.419833,0.511035,0.53441,Normal
10,-2.2968,0.336933,0.807334,Warning
23,-2.08831,0.630559,1,Critical
11,0.0394164,0.777912,0.257387,Normal
18,1.94754,0.888171,1,Critical
2,1.09235,0.817133,0.867159,Warning
15,1.03097,0.620952,0.925795,Normal
21,0.78705,1.23743,0.242203,Normal
7,1.28875,0.671537,0.584511,Normal
3,-0.00202379,0.66685,0.46462,Normal
13,2.08179,0.200674,0.765118,Warning
1,-1.43138,0.50285,1,Critical
23,-0.887083,0.107989,0.0996854,Normal
5,0.670659,0.435805,0.501872,Normal
18,-0.243243,0.271274,0.865418,Normal
11,1.70952,0.288843,0.691297,Warning
5,-1.1663,0.0827695,0.64481,Warning
17,-0.491088,1.14367,0.45672,Normal
4,0.977272,0.917906,0.418065,Normal
1,-2.1502,0.231595,0.829038,Warning
4,2.66924,0.36866,0.868787,Warning
18,2.00966,0,0.999931,Critical
17,-3,0.526253,0.639608,Warning
9,-0.690101,0.430161,0.0451568,Warning
3,2.14352,0.74838,1,Critical
3,3.26788,0.947034,0.719609,Warning
14,0.271329,0.797435,0.139539,Normal
10,-2.46567,0,0.527922,Normal
2,0.139176,0.444842,0.445735,Warning
18,-0.629174,0.839871,0.455205,Normal
18,1.08158,0.715896,0.720142,Warning
1,-0.264868,0.795692,0.185957,Normal
2,-0.243437,0.662574,0,Normal
23,2.80984,0.314674,0.375682,Normal
1,0.041754,0.937225,0,Normal
21,1.30399,0.312044,0.829939,Warning
16,4.10814,0.832435,0.894711,Critical
4,1.89512,0.585227,0.839731,Warning
19,1.358,1.19433,0.419859,Normal
13,-0.707467,0,0.382008,Normal
7,-2.4696,0.863686,0.288359,Normal
14,2.60773,0.196195,0.930403,Critical
20,-0.653353,0.534762,0.446048,Normal
0,-0.9341,0,0.077573,Normal
18,-3,0,0.883596,Warning
11,-1.00287,0.0619251,1,Warning
10,-0.530056,0.209107,0.127518,Normal
5,0.60314,0,0.420729,Normal
16,-0.421305,0.845145,0.487944,Normal
18,2.84214,0.704164,0.773236,Warning
13,-1.01688,0.487931,0.676969,Warning
8,0.119605,0.969264,0.325409,Normal
11,-1.79749,0.624181,0.795197,Warning
23,0.0384288,0.43681,0.586461,Warning
8,-0.642882,0.389147,0.395794,Normal
16,0.423888,1.27696,0.447312,Normal
20,-0.834527,0.63495,0.205093,Normal
8,1.32097,0.295679,0.768958,Warning
7,0.494328,0.0824842,0.482236,Normal
20,-1.28925,0.397258,0.689176,Warning
4,-0.135275,0.405846,0.337917,Normal
14,1.15206,0.993361,0.841163,Warning
23,0.613268,1.08202,0.72291,Critical
5,1.57173,0.0272491,0.700428,Warning
0,-0.998159,0.440428,0.0576519,Normal
0,0.142463,0.343516,0.172859,Normal
14,-1.03667,0,0.729184,Warning
7,0.217554,0.462365,0.058239,Normal
9,0.537517,0.85518,0.0547524,Normal
4,1.17823,1.09192,0.548372,Normal
22,-0.181771,1.10993,0.0835156,Normal
11,2.00016,0.70235,0.877498,Warning
23,0.0247301,0.280308,0.49314,Normal
9,-3,0.830848,0.947459,Critical
19,0.353173,0.446314,0.0793386,Normal
20,-1.05073,0.225135,0.404738,Normal
21,-1.2556,0.82473,0.677151,Warning
8,0.340493,0.167095,0.0804529,Normal
7,-0.0989927,0.903109,0.557932,Normal
21,-3,0.468145,0.53225,Normal
5,-0.811844,0.253157,0.436945,Normal
4,2.15551,1.10249,0.518034,Normal
19,0.586202,0.223158,0,Normal
3,0.85726,0.733335,0.428181,Normal
2,0.047479,0.424995,0.673506,Normal
21,0.83982,1.37435,0.43132,Normal
0,0.256781,1.18209,0.303523,Normal
3,0.679426,0.796614,0.044646,Normal
3,-0.120954,0.198724,0.245881,Normal
8,-0.965506,0.172558,0.331499,Normal
7,0.034074,0.38281,0.490905,Normal
6,0.188384,0.786985,0.186839,Normal
7,0.229249,1.24976,0.0920128,Normal
2,-1.69405,0,0.678964,Warning
3,-0.0801374,0,0,Normal
22,-0.0907843,0,0.0539023,Normal
16,-0.649601,1.74908,0.35124,Normal
10,-2.6907,1.20512,0.637501,Warning
12,-1.37256,0,0.800316,Warning
17,-1.36402,0.898972,1,Critical
1,-0.269508,0.417312,0.696337,Normal
3,3.57052,0.257301,0.649763,Warning
19,-0.120839,0.488298,0.173219,Normal
19,-0.692177,0.56742,0.508575,Normal
14,-1.21393,1.20283,0.602433,Warning
14,0.820556,0.46217,0.203104,Normal
15,-1.06442,0.539836,0.669268,Warning
21,-2.56237,0.275264,0.567524,Normal
19,-0.627181,1.18301,0.189337,Normal
6,0.107195,0.622827,0.0341628,Normal
7,-2.76249,0.407807,0.786673,Warning
0,0.304307,0.274323,0.534221,Normal
9,-0.0377689,0.849351,0.666162,Normal
0,0.888028,0.455931,0,Normal
15,0.284581,1.05257,0.652547,Normal
8,4.05273,1.19875,0.807829,Warning
18,-0.803417,0.0706334,0.00842758,Normal
0,-0.210726,0,0.654577,Normal
5,1.01944,0.561941,0.399716,Warning
4,2.6533,0.457246,0.759408,Warning
6,-0.470346,0.760156,0.206439,Normal
15,1.01311,0.105373,0.5122,Normal
11,-1.98397,0.305724,0.223994,Normal
6,3.22667,1.78129,0.504654,Normal
5,-3.02684,0.585714,0.648779,Warning
2,-1.1069,0.23645,0.881452,Warning
18,-3,0.0192655,0.965668,Critical
18,0.871417,0.941585,0.6631,Warning
6,0.169436,1.06827,0.612045,Normal
20,0.763308,0.963933,0.351161,Normal
18,-0.0116927,0.759766,0,Normal
21,0.710301,0.0455595,0.159582,Normal
23,0.00864027,0.487605,0.542481,Normal
17,-0.125972,0,0.454544,Normal
23,3.61044,0.186117,0.859148,Warning
0,-2.77482,0.804324,0.926268,Critical
6,-2.39091,0.517356,0.578233,Normal
9,-0.586285,1.66807,0.0392007,Normal
2,-0.627761,0.612788,0,Normal
7,0.512321,0.716824,0,Warning
12,-2.63729,0.110016,0.71265,Warning
13,-3,0.536745,0.456562,Normal
16,-0.153371,0.466852,0.360057,Normal
1,-2.5384,0.725999,1,Critical
20,3.50941,0.495356,0.628098,Warning
2,-0.506903,0.54006,0.36623,Normal
14,-3,0.873362,0.269772,Normal
6,-0.741946,0.0127471,0.266451,Normal
6,-2.28513,0.271063,0.674723,Warning
4,1.6512,0.715634,0.953221,Critical
18,-0.416847,0.773572,0.193323,Normal
2,3.1024,1.3098,0.727135,Warning
17,1.15323,1.01906,0.56027,Normal
5,-1.27577,1.16369,1,Critical
4,-2.94922,0.221979,0.721798,Warning
3,0.269474,0.98062,0.0594478,Normal
22,-1.49423,0.440039,0.491177,Normal
0,-2.99397,0,0.556258,Normal
6,-0.071355,0.600941,0.471251,Normal
20,-0.139354,0.186668,0.0930692,Normal
22,-3,0.886975,0.650107,Warning
4,-0.0174023,0.865138,0.45697,Normal
16,-0.909274,0.311314,0.100992,Normal
9,-3,0.447556,1,Critical
3,-2.94759,0.599111,1,Critical
22,-1.35847,0.12213,0.88443,Warning
6,1.9229,0.492848,0.582735,Normal
5,1.95895,1.37388,1,Critical
0,-2.43783,0.991579,0.579776,Normal
11,-1.26659,1.00888,0.924587,Critical
21,-2.33726,0.363446,0.846497,Warning
0,-4.43141,0,1,Critical
13,-1.28671,0.8588,1,Critical
3,-0.0635562,0.64881,0.190694,Warning
8,0.747007,0.667149,0.0884119,Normal
7,-2.36452,0.366666,0.971333,Critical
13,-1.26464,0.23426,0.839519,Warning
23,-0.0339164,0.616525,0,Normal
19,-0.289417,0.322183,0.0406774,Normal
16,-0.272187,0,0.655952,Normal
3,-0.315884,0.636707,0,Normal
4,-2.59967,0.699536,0.595916,Normal
5,-0.195152,0.377774,0,Normal
18,2.34912,0.561991,0.765886,Warning
6,-0.5047,0.087719,0.433379,Normal
22,0.291395,0.696152,0.0670005,Normal
13,-0.577037,0.379609,0.383122,Normal
4,2.77204,0.258109,0.627108,Warning
10,-0.225867,0.655779,0,Normal
20,-0.363881,0.32387,0.0335637,Normal
16,3.08705,0.611421,0.387927,Normal
1,-0.201884,1.34168,0.190387,Normal
20,0.183478,0,0,Normal
16,0.411268,0.996303,0.331708,Normal
20,1.48812,1.19877,0.981794,Critical
2,2.46188,1.06029,1,Critical
19,-2.51322,0.954298,1,Critical
1,-0.0818669,0.869159,0.377412,Normal
2,-2.39953,1.62609,0.912515,Critical
17,-1.45874,0.706915,0.567236,Normal
4,-1.30505,0.474623,0.341101,Normal
23,0.0856877,0.673563,0.388585,Normal
21,-0.888046,0.186192,0.435416,Normal
9,0.196819,0.798643,0.488161,Normal
15,-0.802508,0.800639,0.271459,Normal
12,1.13378,0,0.853287,Warning
22,-2.52509,0.764725,0.538989,Warning
1,0.58875,0.389088,0.227871,Normal
3,-0.532588,0.71598,0.109451,Normal
19,2.64316,1.21187,0.427468,Normal
16,-1.41516,0.914003,1,Critical
7,2.6716,0.380111,0.811234,Warning
23,-1.00362,0.508667,0.584317,Warning
23,2.14756,0.592558,0.339603,Normal
6,3.14799,0.709763,0.853584,Warning
20,-0.455243,0.486627,0.316154,Normal
19,0.397865,0.617058,0.0373468,Normal
9,-1.67755,0.711296,0.495269,Normal
8,-0.479142,0,0.388535,Normal
23,-0.690026,0.107427,0.229274,Normal
19,0.136346,0.361414,0.00646861,Normal
17,-0.0674279,0.602935,0.318521,Warning
5,-0.558919,0.734403,0.41655,Normal
15,-2.36762,0.743978,0.785895,Warning
11,-0.331289,0.522162,0.760985,Normal
18,0.882586,0.402477,0.206967,Normal
16,1.72933,0,1,Critical
20,3.38105,1.27784,0.691703,Warning
12,1.51495,0.8411,0.492964,Normal
22,0.457422,0.341142,0.244556,Normal
8,0.275953,0.0289094,0.359773,Normal
9,-0.0993122,0.941208,0.0705648,Normal
6,-0.263383,0.532152,0,Normal
9,-2.26609,1.20777,0.800094,Warning
7,0.167091,0.980054,0,Normal
18,0.238612,0,0.245491,Normal
18,2.77211,1.08927,0.999698,Critical
19,0.634793,1.54264,0.2276,Normal
9,-0.228226,0.767492,0.217075,Normal
13,-0.519646,0.315405,0.360422,Normal
19,-1.58124,0.883978,0.971293,Critical
3,-0.581522,0.50793,0,Normal
18,-2.44826,0.527994,0.676471,Warning
13,0.143002,0,0.504283,Normal
11,0.0318473,0.708047,0.148664,Normal
23,0.013019,0,0,Normal
17,-0.268708,0.459586,0.0275694,Normal
4,0.246748,0.491101,0.471409,Normal
5,-0.731711,1.69273,0.503442,Normal
12,-0.239319,0.862381,0.333358,Normal
6,0.0972999,1.1182,0.385418,Normal
12,-0.0957062,0.730756,0.413192,Normal
18,0.730852,1.05135,0.617573,Warning
11,-0.206512,0.509059,0.358733,Normal
9,-0.428454,0.393597,0.295024,Normal
3,-2.70915,0.201664,0.788674,Warning
1,-2.62888,0.722708,0.804974,Warning
22,-0.376165,0.31209,0.339258,Normal
18,2.32415,0.10494,0.549007,Normal
14,-2.90341,0.391062,0.973286,Critical
9,-0.651909,1.13978,0,Normal
21,0.213605,0.524066,0.120371,Normal
21,1.66657,0.904733,0.274654,Normal
14,-0.607165,0.924072,0.317442,Normal
16,-1.58683,0.978944,0.588315,Normal
12,-1.02509,0.675773,0.750437,Warning
20,0.34654,0.937594,0.595285,Normal
16,3.02202,0.82267,1,Critical
6,2.36574,0.609574,0.465611,Normal
12,-0.813647,0.681141,0.427189,Normal
11,-1.35313,0.862417,0.720876,Warning
14,-1.0496,0.523942,1,Warning
14,0.430864,0.902429,0.332468,Normal
15,0.592707,0.366473,0.319529,Normal
15,-3,0.590995,0.51975,Normal
5,0.146162,0.760774,0.506111,Normal
20,0.788449,0.812913,0.323611,Normal
18,-0.499541,0.200951,0.0254394,Normal
5,0.0127799,0.668523,0,Normal
10,0.213175,0.950617,0.138596,Normal
4,2.14759,1.00628,0.737326,Warning
16,1.99148,0.165856,0.50034,Normal
7,0.102736,0.824584,0.255227,Normal
20,2.44013,0.91456,0.401576,Normal
9,-2.28362,0.534027,0.530044,Warning
1,0.584528,0.432652,0.446779,Normal
16,-0.237499,0.55506,0,Normal
15,-0.578984,0.792827,0,Normal
2,4.47425,0.755345,0.715567,Warning
8,-0.15369,1.19906,0.306181,Normal
13,-0.629359,0.202917,0.617493,Warning
21,-0.5179,1.0614,0.339645,Warning
16,-0.505878,0.727184,0.265465,Normal
15,-2.64323,0.263052,0.820013,Warning
4,-0.097082,0.478727,0.430459,Normal
3,-2.89281,0.401207,0.747437,Warning
12,0.463483,0.591905,0.104659,Normal
8,0.765532,0.755174,0,Warning
17,-0.818763,0.182281,0.0257315,Normal
7,0.598459,0.450422,0.44156,Normal
2,-0.61053,0,0.959596,Warning
4,0.50632,0.744469,0.407101,Normal
15,-1.05409,0.452257,0.936014,Warning
10,-2.54407,0.0674657,0.0513144,Normal
15,0.147553,0.544394,0.447673,Normal
5,-1.44982,1.2432,0.79491,Warning
10,-3,0.138436,0.875269,Warning
18,-1.76455,0.518694,0.742063,Warning
0,0.0340952,0.0866327,0.151572,Normal
21,-2.37419,0.139346,0.547243,Normal
18,0.988055,0.577538,0.244897,Normal
6,0.211882,0.229418,0.231732,Normal
3,-3.23661,1.26088,0.753001,Warning
1,0.00605685,0.232946,0,Normal
5,1.50608,0.374407,0.533138,Normal
8,-2.43809,0,1,Critical
11,-0.139091,1.187,0,Normal
4,0.603161,0.10939,0.246468,Normal
12,-2.08234,0.391238,0.818246,Warning
3,-2.6591,0.144897,0.837183,Warning
11,-1.74047,1.4542,0.839461,Warning
16,2.24518,1.47602,0.926916,Critical
14,-0.0544962,0.207316,0.508203,Normal
13,-0.698939,0.353169,0.332936,Normal
9,0.100986,0.858548,0.373434,Normal
0,-2.43239,0,0.491535,Normal
15,4.70651,0.176795,1,Critical
11,-0.28171,0.0964152,0.455751,Normal
11,0.768863,0.750936,0.474495,Normal
12,2.91476,0.651465,0.933169,Critical
2,-0.403662,0.729242,0.955833,Critical
4,0.275754,1.68192,0.269224,Normal
22,2.5318,0.178076,0.703655,Critical
2,3.69551,0.488985,0.970462,Critical
14,2.71488,0,0.699857,Warning
9,-3,0.758057,1,Critical
8,1.79499,0.567913,0.945962,Critical
5,-0.827037,0.732261,0.674645,Warning
23,-0.257276,0.756822,0.693348,Normal
21,2.42081,1.46336,0.300876,Normal
22,-3,1.25131,1,Critical
23,0.355904,0.0963476,0.0268553,Normal
3,-1.50599,0.956988,0.804465,Warning
8,0.37304,0.469583,0.428753,Normal
8,0.161033,0.828214,0,Normal
18,-3,0.115076,0.604859,Warning
0,2.13813,0.392669,0.488493,Normal
15,-2.66019,0,0.878815,Warning
12,0.16057,0.913689,0.296417,Normal
17,0.399661,0.646868,0,Warning
7,-0.701423,1.26091,0.567514,Normal
9,0.678853,0.678001,0.612758,Warning
6,-0.324273,1.46041,0,Warning
8,1.63955,0.346772,0.928916,Critical
11,1.38754,0.467476,0.811885,Warning
13,2.98235,0.607392,0.356543,Normal
7,-1.17375,0.120696,0.791304,Warning
13,-0.393227,0.735041,0.443807,Normal
22,-0.0991962,0.152461,0.137762,Normal
7,-0.788787,0.796836,0.334228,Normal
9,-1.16962,1.07118,0.616867,Warning
14,-1.55022,0.854701,0.264519,Normal
9,2.30111,0.597531,0.898527,Warning
8,1.9153,0.41344,0.32313,Normal
15,-0.747984,0.183858,0.180508,Normal
7,4.31443,0.683723,0.99458,Warning
11,1.82672,1.31121,1,Critical
3,2.79282,0.841157,0.586646,Normal
3,1.00098,0.237207,0.80947,Warning
3,-0.0459096,1.19729,0,Normal
20,-0.286777,0.19204,0.705343,Normal
14,0.579004,0.525786,0.40079,Normal
15,2.12204,1.09811,1,Critical
21,-0.284647,1.16313,0.363772,Normal
2,0.340849,0,0,Normal
20,0.630683,0.77912,0.206002,Normal
17,-2.15242,0.493573,0.98498,Critical
9,0.725031,0.454943,0,Normal
6,-1.45923,0.724113,0.98929,Critical
23,0.16829,0.20203,0.595587,Normal
9,-2.1613,0.601437,1,Critical
16,-1.31174,0.499553,0.631846,Warning
14,-0.953962,1.44516,0.564948,Normal
1,-0.692046,1.066,0.268654,Normal
5,0.498669,0.46253,0.415214,Normal
21,-0.248854,0.714637,0.444893,Normal
20,0.210676,0.753068,0.626544,Normal
2,0.419063,0.45058,0.523222,Normal
12,-0.254207,1.18359,0,Normal
13,0.157442,0.282226,0.339788,Normal
8,2.47711,0.347946,0.715659,Warning
22,0.2612,1.09711,0.0337105,Normal
4,-1.70742,0.242695,0.861641,Warning
1,0.574252,0.901454,0.316025,Normal
13,0.786167,0.818376,0.145262,Normal
1,2.19948,0.120088,0.366475,Normal
11,2.75555,0.578768,0.594761,Normal
23,-0.0161028,0.202993,0,Normal
3,0.551889,0.46205,0.65449,Warning
12,-1.58812,0.927173,0.875354,Warning
16,-1.28661,1.11796,0.507622,Normal
4,0.530337,0,0.277266,Normal
3,3.21637,0.507315,0.801141,Warning
14,-1.29211,0,1,Critical
8,2.17774,0.460357,0.34309,Normal
12,-0.901469,1.43398,0,Normal
16,-1.53796,0.417048,0.424625,Normal
13,-0.0491056,0.44623,0.491726,Normal
1,0.885854,0.856717,0.419867,Normal
6,-1.55235,0.394544,1,Critical
16,0.217305,1.5198,0.280834,Normal
21,2.6901,0.417339,0.611336,Warning
20,-0.0638973,0.152823,0.862766,Normal
7,0.820953,0,0.275071,Normal
9,2.1916,0.294563,0.924752,Critical
7,2.47397,0.719918,1,Critical
19,-2.20498,1.12387,0.79941,Warning
8,0.71122,0,0.430947,Normal
7,0.0130701,0.928898,0.377448,Normal
21,0.0404028,0.811107,0,Normal
12,-0.614871,0.333091,0.464829,Normal
10,0.359887,0.500205,0,Normal
0,-0.757789,0.757212,0.0110857,Normal
22,1.68375,0.64562,0.84967,Warning
10,0.634697,0.716928,0.066146,Normal
2,-3.7479,0.272712,0.828102,Warning
22,1.07191,0.547158,0.663576,Warning
19,-0.197978,0.10171,0.518874,Normal
3,-0.482673,0,0,Normal
20,-0.66461,0,0.327467,Normal
20,0.742298,1.22765,0.315969,Normal
23,-0.973836,0.195613,0.31457,Normal
18,-1.92813,0.198231,0.777885,Warning
9,-2.58647,0.110131,0.787559,Warning
6,-0.688055,0.212743,0.122332,Normal
13,-1.26385,1.14524,0.484752,Normal
11,0.0632758,0.117657,0.405297,Normal
5,-0.200451,0.339605,0.0380385,Normal
5,-3.03828,0.559215,0.95071,Critical
22,2.87863,0.668007,0.817187,Warning
8,4.30183,0.693925,0.621195,Warning
16,-0.781374,1.08514,0.016987,Normal
8,-2.63128,0.910787,0.509282,Normal
15,2.14545,0.232924,0.827839,Warning
8,0.416121,1.45045,0.310014,Normal
13,-1.1262,0.592338,0.559431,Normal
5,-0.567678,0.398656,0.199626,Normal
8,0.373815,0.942915,0.475681,Normal
14,-3,0.494647,1,Critical
20,-3,0.614588,0.981841,Critical
10,0.742713,0.960018,0.580773,Normal
21,-3,0.252889,1,Critical
16,0.766599,0.778243,0.617215,Warning
8,-0.245004,0.581791,0.0356929,Normal
20,1.2909,1.01921,0.882852,Warning
18,-1.09721,0.512133,1,Warning
11,2.56499,0.233437,0.518495,Normal
20,3.60253,0.412042,0.361174,Normal
18,-0.461529,0.730032,0.30425,Normal
0,-3.04106,0.694707,0.54874,Normal
18,0.179696,0,0.453768,Normal
12,1.35691,0.509489,1,Critical
22,-3,0.149582,0.841717,Warning
17,-0.745466,1.03561,0.571551,Normal
1,0.165053,0.389338,0.47916,Normal
22,2.35561,1.27179,0.914798,Critical
9,-1.65246,0.997589,0.743454,Warning
15,-0.779228,1.13382,0.0766486,Normal
12,-2.19596,0.940528,0.704267,Warning
17,0.292858,0.0250065,0.394092,Normal
1,1.13776,0.887004,0.850999,Warning
23,-0.281473,0.439157,0.463968,Normal
20,-0.000832489,0.495423,0.397814,Normal
6,1.03785,0.553618,0.702457,Warning
23,-0.0318749,0.885968,0.109085,Normal
19,-2.46912,1.36612,0.586954,Normal
23,0.116886,0.954295,0.614238,Normal
5,-0.674909,0.577022,0.271351,Normal
21,0.244759,0.0873096,0,Normal
7,0.304572,1.0645,0.0831961,Normal
11,3.4176,0.62979,0.697186,Warning
9,-0.0950994,0.0663218,0.311466,Normal
4,2.74779,0.569206,1,Critical
11,0.750089,1.40629,0.0960098,Normal
1,0.0915873,0.657106,0.437291,Normal
12,-3,0.20226,1,Critical
0,1.60309,0.447279,0.589842,Normal
5,1.75407,0,0.453501,Normal
11,-3,0.480849,0.852636,Critical
23,-2.34475,1.43783,0.718485,Warning
5,-3.88798,1.32866,0.960345,Critical
20,-0.430213,0.250296,0.285939,Normal
1,-1.45234,0.507657,0.938029,Critical
9,-0.50258,1.70327,0,Normal
9,2.93884,0.827641,0.737468,Warning
13,-2.17324,0.973626,0.425971,Normal
15,-0.707479,0.920275,0,Normal
15,2.54725,0.663695,0.543525,Normal
2,0.16304,1.18866,0.492953,Normal
8,-0.889264,0.444942,0.162872,Warning
0,-0.041988,1.11574,0.444625,Normal
14,2.3705,0.274523,0.180592,Normal
22,0.959172,1.08801,0.274315,Normal
2,0.164061,0.7155,0,Normal
19,-0.606409,0.862185,0.141266,Normal
21,-0.154097,0,0.0945245,Normal
22,-0.270413,0.886765,0.146442,Normal
19,0.501736,0.712724,0.0843548,Normal
22,0.396692,0,0.305945,Normal
18,0.455325,0.28673,0.108596,Normal
21,-0.21173,0.772217,0.190645,Normal
6,-0.0580705,0.0356432,0.226511,Normal
5,0.533905,0.757464,0.334407,Normal
5,-0.94884,1.15854,0,Normal
7,0.102525,0.45301,0,Normal
23,-0.469808,0.857939,0.353065,Normal
4,-0.173713,0.715051,0.278493,Normal
19,0.331448,0.744872,0.433679,Normal
4,-2.85785,0.602031,0.992815,Critical
5,-2.98082,0.366638,1,Critical
13,-0.12244,0.504102,0,Normal
22,-1.70925,0.721379,0.984193,Critical
5,-0.00670133,0.486432,0.50326,Normal
20,-2.7223,0.0933809,0.751072,Warning
2,0.199856,0,0.0991379,Normal
6,3.08286,1.00372,0.737325,Warning
0,-0.905939,0.780611,0.886698,Warning
1,-1.50075,0.765825,1,Critical
19,-0.0687102,0.257893,0.00373473,Normal
21,0.721103,1.02328,0.078408,Normal
21,0.554126,0.909854,0.214733,Normal
22,-2.84236,0.904387,0.735761,Warning
21,0.179924,0.650709,0.403871,Normal
1,1.33981,1.00211,0.805325,Warning
6,-0.365355,1.56975,0.0650577,Normal
22,-2.68368,1.22139,0.705346,Warning
22,-2.34334,0.340649,0.951152,Critical
4,-0.0756223,1.39244,0.0470834,Normal
5,1.6278,0.646565,1,Critical
16,-0.0105977,0.793552,0.407968,Normal
17,0.537217,0.944959,0.352521,Normal
21,-1.3687,1.10249,0.736934,Warning
15,-0.398558,0.881264,0.212813,Normal
23,0.0300828,1.36244,0.225604,Normal
4,0.691211,0.964819,0.289365,Normal
14,-0.0641422,0.932397,0.124696,Normal
22,-2.05957,1.1246,0.977003,Critical
21,-2.75285,0.557425,0.752465,Warning
18,-0.880492,0.765027,0.270089,Normal
2,-1.18427,0.221704,0.42527,Normal
11,-2.30962,0.193257,1,Critical
19,0.125095,0.457708,0.277281,Normal
3,-0.707498,1.15721,0.294431,Normal
22,-0.41647,0.597044,0.197255,Normal
21,2.68395,0.182616,0.442238,Normal
23,2.89449,0.571445,0.736844,Warning
1,-1.86541,0.619144,0.983644,Critical
20,0.338897,0.266123,0.333181,Normal
11,0.100025,0.699732,0.357513,Normal
10,-1.89152,0.58323,0.870395,Warning
11,-2.03852,0.914165,0.786898,Warning
0,-0.408969,0.5772,0.515678,Normal
8,1.65018,0.48898,0.976707,Critical
21,-3,0.588149,0.834948,Warning
10,1.96827,0.727738,0.663984,Warning
15,1.60648,0.0722723,0.487636,Normal
4,-0.356329,0.458169,0.353909,Normal
0,1.4332,0.0661472,0.807085,Warning
9,-0.787539,0.46619,0.560165,Normal
8,0.971276,0.0203156,0,Warning
21,-0.670337,0.747433,0.586876,Normal
11,0.259443,1.23026,0.144008,Normal
16,-2.36973,0.936764,0.404967,Normal
11,-0.943065,0,0,Normal
11,1.94588,0.641197,0.865194,Normal
0,-0.62671,0.323314,0.355388,Normal
23,-0.309641,0.432339,0.821409,Normal
5,-3.86351,0.385562,0.364725,Normal
9,-2.28525,0.147627,0.83283,Warning
4,0.134856,0.290297,0.231775,Normal
4,1.06666,0.494062,0.404426,Normal
6,1.09473,0.292715,0.926148,Warning
6,-0.523779,0.174496,0.0496422,Normal
15,2.99439,0.820276,0.446164,Normal
4,-0.771642,1.08309,0.251878,Normal
4,-0.693067,0.767399,0.229849,Normal
16,0.856438,0.977903,0.138663,Warning
17,-0.0304081,0.574267,0.288487,Normal
3,-2.12606,0.4338,0.615534,Warning
7,0.490946,0.800241,0.120614,Normal
23,0.242278,0.195214,0.448161,Normal
12,2.40736,1.64315,0.771459,Warning
1,0.83302,0.748024,0.247138,Normal
7,-0.150689,0.0419345,0.350153,Normal
22,-3,1.00345,0.15137,Normal
9,0.882156,1.09413,0.179005,Normal
20,3.40786,0.695007,1,Critical
17,0.818686,0.692348,0,Normal
9,2.60103,0.555528,0.457636,Normal
19,-0.047311,0.283568,0.231288,Normal
17,-2.32474,0.453962,1,Critical
15,-0.47119,0.479012,0.285426,Normal
23,-0.250294,0.11738,0.583247,Normal
1,-4.30103,0.352953,1,Critical
19,-0.800536,0.205989,0.168391,Normal
20,-2.84347,0.146421,0.781757,Warning
20,1.48999,1.26239,0.515937,Normal
17,-0.533248,0.482311,0.369592,Normal
3,-0.753791,0.547927,0.415389,Normal
8,-3.17843,0.381872,1,Critical
20,-1.01707,0.970992,0.346435,Normal
0,-1.01823,1.06301,0.997089,Warning
7,-0.581906,1.23588,0.300293,Normal
14,0.036698,0.314743,0.278392,Normal
11,-0.137344,0.392435,0.334436,Normal
9,-2.08703,0.573979,0.725567,Warning
20,0.561674,0.784352,0.563251,Normal
7,2.0315,0.665588,0.37174,Normal
16,-0.405353,0.264062,0.177453,Normal
2,0.299666,0.755214,0.0872007,Normal
18,-0.0627959,0.85336,0.165117,Normal
19,-3,0.634621,0.795484,Warning
0,0.0877574,0.309006,0.58869,Normal
2,-2.01932,0.567383,0.303354,Normal
23,0.849178,0.524371,0,Normal
9,0.299452,0.958496,0.307392,Normal
6,-0.621708,0.0885005,0.385074,Normal
17,-0.105669,0.652371,0.170056,Normal
5,1.48661,0.200399,0.257409,Normal
8,-3.55615,0.32181,0.593616,Normal
23,-1.62744,0.0437206,0.562459,Normal
12,2.49518,0.543494,0.676491,Critical
12,0.50049,0.577464,0,Warning
12,-3,0.443835,0.617538,Warning
17,0.0711839,0.788106,0.831552,Normal
2,-0.0975214,0.0479546,0,Normal
3,-3.33371,1.00184,0.669086,Warning
15,0.501552,0.254292,0.283588,Normal
17,0.629138,0.727867,0.336982,Normal
22,-0.634417,0.413943,0.0349696,Normal
12,-0.56709,0.30223,0.0631912,Normal
14,0.222147,0.604651,0.00689962,Normal
22,0.557437,0,0.409433,Normal
12,-1.35625,0.443073,1,Critical
18,-0.668736,0.986532,0,Normal
20,0.558984,0,0.0105414,Normal
6,0.151013,0.135328,0.296703,Normal
22,-0.68512,0.923563,0.244043,Normal
8,-1.38771,0.236815,0.432743,Normal
20,-0.773922,0.19505,0,Normal
11,-0.198326,0,0,Normal
6,0.192799,0.00537967,0.486843,Normal
3,0.350771,0.247833,0.4102,Normal
3,0.361392,0.160244,0.328327,Normal
5,0.722082,0.805028,0.683844,Warning
5,1.03472,0.106489,0.356491,Normal
15,-2.67697,0.458478,0.650882,Warning
7,-0.871826,0.985234,0.273104,Normal
10,-0.540493,0.213265,0.655883,Warning
11,0.376639,0.440056,0,Normal
8,-0.0699648,0.280425,0.374777,Normal
2,-0.830036,0.605449,0.150931,Normal
17,-1.35193,0.56897,1,Warning
15,-3,0.739955,0.609451,Warning
6,0.107637,0.567679,0.362327,Normal
17,3.2129,1.08927,1,Critical
11,-1.03528,0.622027,0.838828,Warning
7,-0.0922755,0.0467526,0,Normal
2,-0.361022,0.0178608,0.52526,Normal
22,0.942277,0.548114,0.39223,Normal
10,-0.99405,0.643218,0,Normal
14,-2.74773,0.925515,0.453279,Normal
22,-0.309056,0,0,Normal
3,-0.162119,0.757734,0.422165,Normal
15,-0.243151,0,0.234169,Normal
23,-2.14071,0,0.674892,Warning
10,-0.912535,0.670986,0.0556566,Normal
13,0.743554,0.271395,0.0134045,Normal
17,1.24273,0.390577,0.854685,Warning
17,-0.798242,0.417867,0.0533925,Warning
9,2.64704,0.0330537,0.527889,Normal
14,3.72519,0.34102,1,Critical
21,0.633561,0.403474,0.294489,Normal
3,-0.136508,0.786778,0.535752,Normal
21,-0.0717497,1.17519,0.30125,Normal
21,-1.57033,0.374079,0.696822,Warning
14,0.292893,0.669366,0.529278,Normal
15,1.68842,0.741909,0.908136,Critical
0,0.804911,0.668583,0.0946897,Normal
16,0.027908,0.0823453,0.444343,Normal
2,-0.602019,0.624735,0.523703,Normal
5,-2.99555,0.518041,0.67524,Warning
12,-0.164064,0.549498,0.178861,Normal
2,1.18976,0.803459,0.288107,Normal
4,0.625465,0.0300592,0.57377,Normal
15,-2.28521,1.21516,0.619134,Warning
16,0.340265,0.321081,0.598789,Normal
14,-0.348708,0.843631,0.215042,Normal
23,0.978521,0.636504,0.0375604,Warning
0,0.0162593,1.18515,0.361439,Normal
10,0.687186,0.903553,0,Warning
18,1.13354,0.748708,0.605564,Warning
17,-2.42181,0.71647,0.826741,Warning
20,-2.99478,0.490844,0.792224,Warning
15,-2.00559,0.522091,0.816943,Warning
6,3.9896,0.474313,0.710803,Warning
20,-0.413325,0.695258,0.151544,Normal
15,0.174988,1.14974,0.170245,Warning
17,-3,0.795543,0.557887,Normal
9,-3,0.722884,0.826179,Warning
16,-0.591731,0,0.535496,Normal
14,-2.36961,0.603131,0.640228,Warning
2,-1.19542,0.406743,0.735058,Warning
1,-2.9003,0.276786,1,Critical
18,0.712218,0.780946,0.344838,Normal
13,1.96177,0.0597892,0.957194,Critical
20,-2.64515,0.295416,1,Critical
14,-0.0730638,0,0.369705,Normal
16,1.9086,0.293631,0.428177,Normal
5,-1.58443,0.541214,0.980214,Critical
6,0.0217587,0,0.0155686,Normal
7,0.30656,0.5076,0.040942,Normal
6,1.27815,0.710696,0.493008,Normal
20,-1.66399,0.181177,0.916497,Critical
2,-2.27104,1.25261,0.6282,Warning
19,0.345225,0.911311,0.15218,Normal
3,-1.72892,0.311832,0.802772,Warning
21,-0.20224,0.518983,0.36952,Normal
8,0.390468,0.7723,0.587185,Normal
21,-0.308859,0.959288,0.513262,Normal
9,-0.912977,0.281387,0.186365,Normal
0,0.767166,0.569584,0.292829,Normal
18,0.0225564,0.538412,0.237933,Normal
11,2.47745,0.323829,0.846432,Warning
21,0.33222,0.347241,0,Warning
1,1.80529,0.075705,0.491342,Normal
5,-2.06936,0.435797,1,Critical
13,-0.826673,0.818797,0.218014,Normal
22,2.00767,0.337997,0.541653,Normal
9,1.9726,0.446207,0.619313,Warning
17,-3,0.913456,0.612297,Warning
21,0.719053,0.731111,0.0845476,Normal
3,-0.0810823,1.34655,0,Normal
4,0.25255,0,0.327172,Normal
4,-1.66019,0.516346,0.59689,Normal
9,-3,0.816087,0.757527,Warning
20,1.08763,0.305736,0.731933,Warning
23,-0.328218,0.25699,0,Normal
15,0.230139,0.408529,0.375836,Normal
4,-1.19821,1.06914,0.822078,Warning
15,-0.907583,0.261878,0.254959,Normal
23,0.218175,0.351577,0.00139972,Normal
10,1.04573,0.465792,1,Warning
15,0.869042,1.15168,0.312183,Normal
23,4.15532,0,0.784642,Warning
9,-1.69975,1.05752,0.846426,Warning
20,0.400245,0.885082,0.636094,Warning
14,-0.599618,0.327622,0.488312,Normal
3,-1.11533,0,0.725359,Warning
20,0.316573,0.687475,0,Normal
6,-0.52859,0.814089,0,Normal
2,0.270116,0.97509,0.278762,Normal
2,-0.110286,0.63499,0.31993,Normal
22,-0.16281,0.702322,0.0741171,Normal
6,-0.74187,0.200502,0.223054,Normal
20,-2.0249,0.437417,0.706962,Warning
10,0.260034,1.07686,0.659917,Warning
12,-0.730896,1.20947,0.157951,Normal
15,2.11238,0.539421,0.977047,Critical
13,-3,0.0916172,0.594929,Normal
19,0.723239,0.181104,0,Normal
18,2.71064,0.696969,0.457578,Normal
14,3.24585,0.162853,0.812315,Warning
16,-0.237818,0.393121,0.282257,Normal
22,-0.303605,0.506725,0.112078,Normal
18,-0.259336,0.709729,0.395273,Normal
1,0.406948,0.274566,0,Normal
8,2.87234,0.161804,1,Critical
13,0.266529,0.541148,0.209909,Normal
14,0.449086,0.23569,0.143302,Normal
12,-0.0798676,0,0.578462,Normal
13,2.32977,0.816303,1,Critical
7,-0.0291318,0.956545,0.0407598,Normal
5,-0.303895,0.401825,0.379449,Normal
21,1.26713,1.24604,0.653053,Normal
9,-0.0623365,0.567858,0.49794,Normal
11,0.0527921,1.06108,0.388894,Normal
16,2.21539,0.146921,0.504855,Warning
11,0.216337,1.06325,0.61682,Normal
12,2.07993,0.589053,0.521835,Normal
21,0.990458,0.790878,0.261306,Normal
11,0.969387,0.487132,0.231697,Warning
20,0.165634,0,0.277463,Normal
16,-0.342353,0.562747,0,Normal
14,0.161277,1.02565,0.367889,Normal
14,-2.05125,0.19129,0.944125,Critical
21,1.83334,1.27435,1,Critical
17,1.7487,1.07843,0.239001,Normal
3,-0.63142,0.947676,0.324942,Normal
17,2.85621,0,0.841984,Critical
18,0.94124,0,0.597486,Normal
12,1.13167,0.98364,0.467764,Normal
16,0.138355,0.280956,0.292124,Normal
6,-2.34584,0.141582,0.82291,Normal
10,-0.0139826,1.38109,0.185617,Normal
1,3.37659,0.671606,1,Critical
3,0.600214,0.43711,0.338799,Normal
22,-1.92756,0.847974,0.421516,Normal
16,-2.49163,0.621583,0.761376,Warning
10,-1.03568,0.87406,1,Warning
16,0.663609,0.62839,0.576254,Normal
5,1.11884,0.646415,0.770582,Warning
13,0.558162,0,0.590037,Normal
22,-0.832496,0.888959,0.376905,Normal
16,-1.67931,0.931856,0.878641,Warning
7,0.544497,1.02386,0.675122,Warning
22,-2.34624,0.961427,0.539953,Normal
7,0.806597,1.36413,0.241115,Normal
4,4.0458,0,0.250076,Normal
14,-0.381085,1.01575,0.630313,Normal
8,0.804501,0.35094,0.351504,Normal
16,0.419947,0.101647,0.322319,Normal
19,-3,0.576302,0.416405,Normal
6,0.131935,0.53628,0.451579,Normal
14,-0.543493,0,0.488165,Normal
17,0.700758,0.223463,0.421725,Normal
4,0.98151,0.0725103,0.160168,Normal
22,0.0972712,0.790462,0.374398,Normal
23,-0.38594,0.368419,0.269764,Normal
13,-0.666426,0.68071,0.359572,Normal
16,-1.37961,0.585446,0.672571,Warning
18,0.121199,1.28935,0.154163,Normal
7,-1.38946,1.08653,0.595466,Normal
9,-1.89352,1.01504,0.862387,Warning
16,4.184,0.62533,0.861208,Warning
6,-0.181867,0.645811,0.293223,Normal
4,0.726927,1.63469,0.260092,Normal
23,0.562638,0.944995,0.325596,Normal
3,-1.5385,0.405227,0.800799,Warning
21,0.0670238,1.03811,0.360108,Normal
11,-0.219363,0,0.140433,Warning
8,-0.596758,1.04793,0.00106773,Normal
12,0.871597,1.15221,0.148828,Normal
12,-0.0658272,0.497975,0.0614617,Normal
10,1.99023,0.94867,0.806239,Warning
17,-1.25542,0.655296,0.660379,Warning
4,-0.393063,0.402824,0.086138,Normal
8,1.21666,0.349846,1,Critical
22,0.786079,0.595675,0.648416,Warning
12,2.57644,0.665418,0.755444,Warning
6,-0.893205,0.340752,0.143503,Normal
19,1.68779,0.48661,0.658366,Warning
6,1.19899,0.928299,0.791361,Warning
15,-2.29727,0.558129,0.939929,Critical
0,0.728844,0.654665,0.760712,Warning
5,0.424855,0.50669,0.428472,Normal
14,-0.086736,0.485874,0.568836,Normal
3,-1.80025,0.730412,0.713558,Warning
22,1.41762,0.646162,0.325547,Normal
5,1.74022,0.338813,0.126079,Normal
11,-3,0.585767,0.761064,Warning
8,1.07187,0.911596,0.867047,Warning
20,0.876032,0.669393,0.00195667,Normal
16,0.650996,1.15672,0.166846,Normal
4,2.96814,1.29536,0.692653,Warning
22,1.01059,0.759322,1,Warning
20,0.468054,0.803002,1,Warning
6,-0.284248,0.190602,0.624281,Warning
5,-2.61712,0.370949,0.729551,Warning
9,0.0540111,0.730295,0.535511,Normal
6,-2.6057,0.231617,0.972846,Critical
18,2.40068,0.585478,0.490387,Normal
12,-0.31276,0.694551,0.31422,Normal
0,3.02009,0.832968,0.810272,Warning
1,-2.87726,0.153346,1,Critical
16,0.306901,0,0.2685,Normal
4,0.38816,0.21437,0.300009,Normal
9,-3,0.0408584,0.71381,Warning
23,2.10961,1.12818,0.662064,Warning
4,0.333436,0.393011,0.564925,Normal
9,-0.163959,0.0115037,0.397783,Normal
10,-0.0535932,0.415606,0.52745,Normal
6,0.713429,1.11673,0,Normal
12,0.214245,1.12123,0.554356,Normal
12,-2.38503,0.60615,0.842396,Warning
8,0.304311,0.55634,0.220037,Normal
19,-0.231584,0.764961,0.139985,Normal
22,0.884083,0.0993443,0.188741,Normal
20,2.38861,0.616465,0.724528,Warning
17,-0.940968,0.432215,0.527217,Normal
10,-0.375855,0,0.689979,Warning
19,-0.44326,0.584271,0.151548,Normal
3,1.75458,0.256738,0.461024,Normal
8,-0.673428,0.00359581,0.526941,Warning
0,0.184208,1.19184,0.215805,Normal
15,-0.760231,0.233641,0.0875343,Normal
12,2.53961,0.861501,1,Critical
20,1.84691,0,0.203341,Normal
17,0.0795038,0.493774,0.251464,Normal
18,-0.00857437,0.886954,0.140947,Normal
1,-1.93136,1.33015,0.151739,Normal
15,-0.64383,0.253146,0,Normal
8,0.871827,0.715603,0.322468,Normal
5,-0.843058,1.31282,0.327154,Normal
21,0.105773,0.307594,0,Normal
22,0.322752,0.149364,0.31867,Normal
6,-0.595838,1.02243,0,Normal
10,-0.175923,0.83373,0.0730265,Normal
7,0.389904,0.578945,0.229846,Normal
17,1.11982,0.448506,0.779548,Warning
23,0.439313,0.325901,0,Normal
14,-3,1.23176,0.640534,Warning
13,0.233987,0.794601,0.133858,Normal
5,-0.546177,1.11817,0.175466,Normal
13,0.0214147,1.16116,0.245846,Normal
13,1.4332,0.168368,0.837155,Warning
0,-0.407957,0.685454,0.312172,Normal
21,0.167791,0.98348,0.290134,Normal
6,-0.508775,0.62507,0.396128,Normal
9,-0.802092,0.86908,0.309936,Normal
5,-1.92567,0.903595,0.308041,Normal
16,-1.30693,0.0856605,0.599755,Normal
14,0.26627,0.587821,0.351445,Normal
16,0.0801948,0.274729,0.254683,Normal
18,-1.1215,0.422037,0.683135,Warning
1,-1.61387,0.411304,0.559931,Normal
11,0.570491,0.444125,0,Normal
11,-1.16638,1.31263,0.895215,Warning
1,1.84222,0.987898,0.687897,Warning
6,2.22214,1.38249,0.923573,Critical
0,-0.520221,0.606905,0.330044,Normal
7,0.74389,0.282915,0.544102,Normal
8,-3.28032,0.0648117,0.644517,Warning
1,0.241882,0.713777,0.00416885,Normal
10,-0.045747,0.530197,0.176624,Normal
20,1.54541,0.601736,1,Critical
19,-0.520272,0.279386,0,Normal
16,-0.325264,0.0959218,0.271772,Normal
4,-0.306861,0.0854675,0.0173939,Normal
17,-0.680135,0.808585,0.456679,Normal
19,4.19871,0.501512,0.423569,Normal
17,-1.10695,0.194564,1,Warning
12,-0.346629,0.174739,0.0376059,Normal
17,-0.652401,0.288469,0.303393,Normal
15,0.247098,0.499656,0.101255,Normal
9,0.213429,0.518029,0.221504,Normal
0,-1.2163,0.318323,0.591363,Warning
12,-0.195588,0.266475,0.219716,Normal
5,-0.866135,0.646216,0.495946,Normal
20,-1.07629,0.508356,1,Warning
23,-0.660452,0.270555,0.249553,Normal
21,-0.134703,0.325977,0.229413,Normal
4,-2.35343,0.170653,0.553871,Normal
21,-0.466644,0.707629,0,Normal
10,-0.636716,0.576706,0.303862,Normal
16,0.182257,1.01869,0,Normal
2,3.4179,0.382008,0.808879,Warning
3,-1.67747,0.862315,1,Critical
10,-1.1883,0.869474,0.567252,Warning
7,-3.94034,1.07514,1,Critical
11,-1.9289,0.614897,1,Critical
12,-1.15876,0.0848581,0.863519,Warning
15,-2.89894,0.500526,0.992998,Critical
22,0.538692,0.140496,0.071129,Normal
20,3.067,0.861793,0.551748,Normal
8,0.022314,1.1613,0.562029,Normal
10,-0.329873,0.786292,0.202749,Normal
11,3.68252,0.975789,0.661435,Warning
8,-0.642007,0.962355,0.261559,Normal
17,0.123413,0.464413,0.525038,Normal
16,1.12589,1.01099,0.590275,Normal
20,0.928542,0.559261,0.497784,Normal
8,0.279308,0.933449,0.225562,Normal
14,0.508804,1.33971,0.495147,Normal
13,-0.406995,0.640483,0,Normal
19,-0.11804,0.637649,0.542405,Normal
20,-1.01093,0.137091,0.675892,Warning
19,-1.04323,1.34992,0.848957,Warning
0,-3.45478,0,1,Critical
4,-0.192383,1.10294,0.394163,Normal
21,0.829302,0.47348,0.0697444,Normal
5,1.22663,0.675737,1,Critical
14,0.827366,0.15333,0.486631,Normal
1,-0.21777,0.758419,0.174163,Normal
21,1.76611,0.137753,0.414532,Normal
23,3.24926,0.579941,0.963096,Warning
8,-0.533131,1.14392,0.287131,Normal
3,-0.786702,1.29377,0.0181092,Normal
14,1.05583,0.777766,0.926217,Warning
21,0.512318,0.262455,0.0489675,Normal
22,0.991929,0.30731,0,Normal
20,-0.569857,0,0.28364,Normal
22,-3,0.165079,0.8998,Warning
15,-2.40163,0.135987,1,Critical
17,2.3846,0.550456,1,Critical
1,0.528191,0.220714,0.676049,Warning
6,-3.57011,0.449198,1,Critical
15,-1.82505,0.42287,0.93388,Critical
0,2.42128,0.617154,0.804015,Warning
10,-0.405676,1.22986,0.0595022,Normal
3,1.47881,0.691884,0.204103,Normal
18,1.8644,0.186482,0.726664,Warning
14,2.30649,0.347612,0.359129,Normal
7,-1.78341,0.508476,1,Critical
13,-0.85467,0.492059,0.132877,Normal
9,-2.38231,0.172784,0.347046,Normal
0,-1.21252,0.593817,0.441127,Normal
11,0.443793,0,0.382602,Normal
17,2.55333,1.06727,0.831402,Warning
21,1.23928,0.651677,0.391321,Normal
6,-3.15649,1.24566,0.69738,Warning
2,-0.989769,0.703232,0.538655,Normal
7,-0.715686,0.660888,0.146454,Normal
0,-0.00339257,0.838144,0.653756,Normal
21,1.12551,0,0.772401,Warning
17,0.823876,0.779457,0.330741,Normal
21,0.484829,0.171652,0.164768,Normal
3,-2.75245,0.922754,0.930406,Critical
22,3.32862,1.10202,0.895639,Warning
20,-1.52756,0.297311,0.948633,Critical
14,-0.350221,0.342811,0.592852,Normal
9,3.27608,1.3653,1,Critical
20,3.66517,1.21488,0.739637,Warning
19,0.248786,0.614739,0.0787989,Normal
19,-2.67354,0.7,0.722329,Warning
14,-1.34826,1.15374,0.991159,Critical
3,2.0072,0.355462,0.713427,Warning
23,-0.243933,0.735796,0.144845,Normal
3,1.10461,0.201143,0.496413,Normal
13,-0.0239396,0,0.681288,Normal
16,-0.417533,0.6685,0.637164,Warning
2,-0.0292265,1.19734,0.338045,Normal
1,-3.11254,0.755246,0.779821,Warning
17,1.13393,0,0.365884,Normal
12,-1.36832,0.588919,0.73174,Warning
4,1.75699,0.00875975,0.572459,Normal
2,-2.84654,0.852579,0.600788,Warning
8,-0.339676,0.133619,0.240115,Normal
22,-0.413671,0.503807,0.288001,Warning
11,-2.4734,0.422653,0.662655,Warning
4,-0.112833,0.402455,0.297024,Normal
11,-0.316825,1.06636,0.244488,Normal
0,-0.765226,1.05215,0.313809,Normal
1,1.37848,0.375468,0.363859,Normal
7,0.458512,0.832621,0,Normal
19,0.223543,1.30646,0.0502002,Normal
9,-0.395673,0.710902,0.378462,Normal
3,1.03664,0.460809,1,Warning
13,-2.90617,0.77193,0.678394,Warning
4,2.37386,0.733578,1,Critical
10,-3,0.694701,0.66532,Warning
10,-0.323737,0.128286,0.485846,Normal
19,-2.15171,0.626072,0.636935,Warning
14,1.90226,1.07972,1,Warning
0,-0.0253656,0.676356,0.41951,Normal
11,-0.461574,1.05278,0.391863,Normal
4,-0.149258,0.159724,0.401413,Normal
23,-0.69457,0.411415,0.222881,Normal
10,0.235319,0.917727,0.0670226,Normal
4,0.501708,0.329469,0.434723,Normal
22,-0.0351382,1.29771,0.191968,Normal
11,-0.0263225,0.503515,0.461862,Normal
14,-2.21989,0.369206,1,Critical
21,0.12601,1.08527,0.112194,Normal
19,-0.253881,0.892582,0,Normal
14,-1.12966,0.686555,0.81951,Warning
18,1.99111,0,0.619619,Warning
9,-0.375007,0.524568,0.276971,Normal
22,1.37888,0.511536,0.820915,Warning
3,-0.690679,1.7136,0.509745,Normal
6,2.66033,0.650738,0.949666,Critical
0,-0.414002,0.494884,0.355048,Normal
12,-0.367276,0.698452,0.872552,Normal
11,0.236824,1.2713,0.151938,Normal
18,0.829371,0.158692,0.519848,Normal
22,-2.45034,0.457172,1,Critical
1,1.04478,0.477603,0.880793,Warning
10,-0.231004,0.824425,0.116188,Normal
22,-1.22761,0.0532336,0.725093,Warning
22,0.270341,0.631523,0.0910224,Normal
1,1.84614,0.360561,0.703202,Warning
2,-2.08916,0.0643731,0.776796,Warning
7,-1.04974,0.285921,0.656591,Warning
20,0.84103,0.554447,0.527899,Normal
4,2.09326,0.515223,0.713374,Warning
20,2.30842,1.19812,0.680436,Warning
17,0.415474,1.1076,0.26198,Normal
4,0.355751,0.388072,0.281753,Normal
18,-3,0.545662,1,Critical
8,0.497398,0,0,Normal
3,4.85092,0.943263,0.373123,Normal
7,0.723794,0.0614905,0.0149534,Normal
9,-3,0.957734,0.697826,Normal
12,-2.59309,0.471708,0.930234,Critical
17,-2.94421,0.0156517,0.880342,Warning
17,-0.901959,0.801921,0.429319,Normal
17,1.29982,0,1,Critical
7,2.60998,0.326249,0.742582,Normal
6,0.550729,0.616686,0,Normal
19,3.46056,0.332023,1,Critical
13,2.34451,0.590295,0.829475,Warning
22,-0.0711108,1.17014,0.328784,Normal
17,-0.227289,1.08734,0,Normal
19,0.465755,0.893871,0.0490828,Normal
13,0.857458,0.0686537,0.0822669,Normal
19,4.09798,0,1,Critical
5,3.47397,0.735086,0.812478,Warning
19,-0.572106,0.646771,0,Normal
15,0.317544,0,0.179033,Normal
1,3.33695,0.605072,0.366017,Normal
15,2.21833,0.987279,1,Critical
10,-0.0137559,0.75232,0.033665,Normal
9,2.10261,1.18802,0.821615,Warning
1,-1.91045,0.954556,0.537549,Normal
3,-2.21607,0.251562,1,Critical
2,-0.128961,1.15163,0.23467,Normal
12,0.416037,0.106806,0.519484,Normal
15,0.234983,0.0197945,0.0574525,Normal
16,0.0440551,0.28658,0.603337,Normal
21,-2.04843,1.02363,0.982898,Critical
1,1.02765,0.126026,0.526601,Normal
16,0.157874,0.270803,0.35617,Normal
6,0.872195,0.911768,0.414882,Normal
20,2.58376,0,0.736469,Warning
1,2.80124,0.814135,0.608211,Warning
4,0.444229,0.429674,0,Normal
22,0.0426155,0.828954,0.598956,Normal
1,0.28437,0.496204,0.454587,Normal
21,3.43676,0.38327,0.893415,Warning
21,-2.42809,1.02347,0.711932,Warning
10,1.50835,0.595797,0.407025,Normal
9,0.348363,0.372975,0,Normal
16,2.82995,0.838997,0.42088,Normal
14,0.0673903,1.13491,0,Normal
4,1.0543,0.188092,0.743758,Warning
9,-0.185449,0.216779,0,Normal
16,-0.0173638,1.41743,0.487419,Normal
3,0.567064,0.880466,0.447709,Normal
2,0.0211395,0.277332,0.0682935,Normal
6,1.58388,0.531963,0.614303,Warning
16,2.7392,1.28296,1,Critical
19,-0.296897,0.135035,0.753542,Warning
18,0.735925,0.444922,0.495601,Normal
5,-0.278262,0.715928,0.375943,Normal
18,0.103756,0.380177,0.549615,Normal
13,-0.316272,0.573225,0.311797,Normal
18,0.844713,0.643693,0.310643,Normal
22,1.67672,0.936646,0.992957,Critical
17,-0.667065,0.496435,0.301741,Normal
20,-0.195899,0.177422,0.74884,Normal
3,-0.322362,0,0.739546,Normal
15,0.425124,0.797729,0.588729,Normal
3,-2.97216,0.233405,0.540898,Normal
2,-1.70221,0.784645,1,Critical
21,0.13418,0.322005,0.144461,Normal
20,-0.399047,0.878683,0.521453,Normal
16,1.93006,0,0.61481,Warning
17,0.436706,1.57276,0.389899,Normal
10,-3,0.817201,0.755269,Warning
18,1.80132,0.374345,0.578572,Normal
0,-0.019852,0.717247,0.6414,Normal
11,-0.231634,0,0.24948,Normal
7,0.897647,0.424237,0.453625,Normal
13,0.636349,1.26217,0.18205,Normal
0,0.659079,0.572136,0.192056,Normal
0,-0.457754,0.816426,0.185186,Normal
16,0.414915,0.684771,0.0503878,Normal
21,-0.0869919,1.00801,0,Warning
3,-0.957259,0.460729,0.277139,Warning
6,-0.815201,0.271462,0.384871,Normal
13,-0.341788,0.391308,0.175763,Normal
20,3.84686,0.461231,0.896091,Warning
14,-2.97209,0.290707,0.660279,Warning
13,2.13541,0.333832,0.865312,Warning
0,-0.547661,0.995267,0.350529,Normal
9,-0.33957,1.10034,0.162271,Normal
16,-0.456135,0.587605,0.325933,Normal
12,0.0315826,0.334943,0.223222,Normal
12,1.75988,0.73835,0.617986,Warning
3,1.28599,0,0.570132,Normal
8,-0.207471,0.628087,0.585144,Normal
11,1.70334,0,0.520186,Normal
12,0.157434,0.423909,0.471773,Normal
2,2.97414,0.464683,0.515976,Normal
7,2.62103,0.184884,0.745779,Warning
13,0.247404,0.577631,0.441107,Normal
23,0.222053,1.04487,0.477434,Normal
11,-0.130386,0.232622,0.430922,Normal
2,-0.105538,0.542261,0.124137,Normal
15,-1.11424,0,0.665578,Warning
13,-0.470527,0.725472,0.32106,Normal
15,0.36939,0.193741,0.369695,Normal
13,-0.0293313,0.758898,0.172727,Normal
8,0.932473,0.757367,0.537499,Normal
21,0.5847,0.351527,0,Normal
12,-1.30463,0.754742,0.954464,Critical
9,0.602597,0.554714,0.422178,Normal
2,-1.06047,0.734291,0.750776,Warning
0,-0.267363,0.619604,0.519062,Normal
20,1.19891,1.33543,0.843377,Warning
9,2.07539,0.245706,0.664849,Normal
20,2.37061,0.259455,0.978697,Critical
14,3.40932,0.160724,0.781687,Warning
20,-1.14243,0.680532,0.638266,Warning
8,0.0297123,0.502213,0,Normal
16,-3,0.209068,0.645523,Normal
1,2.70645,0.49716,0.814517,Warning
23,0.193049,0.45569,0.919098,Normal
15,-1.73644,0.829285,0.693908,Warning
14,-0.785173,0.358933,0,Normal
23,0.598008,1.022,0,Normal
16,-0.399514,0.299774,0,Normal
6,-1.08707,0.687964,0.541146,Normal
23,1.10667,0.190092,0.705992,Warning
13,1.04195,0.540007,0.653832,Warning
20,1.44504,0.553253,0.582606,Normal
14,1.68068,0.657986,0.405662,Normal
0,0.840792,0.688196,0.217447,Normal
6,3.29181,0.0518479,1,Critical
11,0.330082,1.06379,0,Normal
10,0.217062,0.835327,0.20819,Normal
3,-0.247971,1.15434,0.116339,Normal
17,-0.479546,0.732154,0.388773,Warning
11,-3,0.473796,0.330994,Normal
1,0.122809,1.08596,0.253402,Normal
2,0.167485,0.716993,0.429499,Normal
18,-2.27578,0.593223,0.818051,Warning
4,-3.26854,0.443872,0.701106,Warning
13,2.61571,0.862418,0.769778,Warning
5,0.158386,1.18361,0.643739,Normal
7,-0.777486,0.8201,0.155185,Normal
1,2.38497,1.49223,0.619157,Warning
14,0.80415,0.627003,0.552221,Normal
8,-1.25052,0,0.657464,Warning
12,-0.448948,0.334217,0.745457,Warning
21,-0.563897,1.54798,0.337361,Normal
6,-0.373854,0.792934,0.32232,Normal
13,-0.266993,0.0512075,0.195022,Normal
15,-0.389722,0.564034,0.509048,Normal
4,-0.176451,0.461706,0.00172311,Normal
18,-0.164271,0.322744,0.0904219,Normal
16,2.2755,0.418435,0.530825,Normal
10,0.92442,0.499857,0.498589,Normal
12,2.68486,0.438483,0.662886,Warning
16,-2.5492,0.600353,1,Critical
21,-1.48053,1.12561,0.854854,Warning
18,0.250757,0.659645,0.507868,Normal
3,0.213589,1.05534,0.338746,Normal
20,-1.54084,1.25476,1,Critical
12,-0.0349051,0.432767,0.227164,Normal
10,-0.364097,0.826512,0.26265,Normal
20,-0.98642,0.521572,0.475276,Normal
4,0.259862,0.256072,0.342231,Normal
6,2.38648,0.622613,1,Critical
5,0.0291432,0,0.593916,Normal
0,-2.45946,0.322176,0.907653,Critical
11,-0.814314,0.618034,0.381026,Normal
0,0.279403,0.425102,0.112144,Normal
9,0.186001,1.07661,0.411491,Normal
4,-0.36834,0.261678,0.499745,Normal
4,-1.76025,0.977034,0.190242,Normal
8,2.0264,0.929,0.923793,Critical
6,3.49648,0.762957,0.871227,Warning
12,0.130418,0.539154,0.614268,Normal
17,1.7084,1.01757,0.866914,Warning
21,2.58109,0.633576,0.633904,Warning
9,2.2612,0,0.946507,Critical
11,0.142432,0.31338,0.385107,Normal
23,-1.18336,1.26118,0.609873,Warning
14,0.375602,1.14381,0.12923,Normal
2,0.721144,0.072689,0.191784,Normal
21,-3,0.97912,0.811735,Warning
1,-3.45329,1.32946,0.924921,Critical
13,-0.984824,0.921009,0.471941,Normal
13,-2.13155,0.141906,0.370691,Normal
21,-0.775732,0.402889,0.0882857,Normal
23,-2.40993,1.11252,0.71308,Warning
8,-0.588682,0.899771,0.190047,Normal
13,-0.267637,1.1544,0,Normal
9,0.176984,1.03694,0.132551,Normal
6,-2.22451,0.101097,0.652791,Warning
6,-0.684594,0.938,0.359755,Normal
7,-2.6824,0.328065,0.971946,Critical
16,0.875022,0,0.440625,Normal
17,0.65963,0.728518,0.749236,Warning
1,-0.815178,0.772046,0.349921,Normal
9,-1.31093,1.00082,0.664827,Warning
2,-0.174361,0,0.42719,Normal
15,-0.714258,0.386212,0.174555,Normal
3,-0.737901,0,0.00487969,Normal
11,-0.564486,0.600564,0.175998,Normal
3,0.125305,0.438667,0.401472,Normal
5,-0.185914,0.462703,0.381774,Normal
14,-0.0594248,1.32776,0.0625042,Normal
4,-0.137969,0.858123,0.656046,Normal
12,-0.0188519,0,0.446025,Normal
23,-2.63051,1.04253,0.593321,Normal
4,3.64298,0.794214,1,Critical
8,1.02503,0.471657,0.353546,Warning
20,-1.42306,0.845038,0.463336,Normal
16,-0.0749584,0.258723,0,Normal
3,1.0041,0.852197,0.719327,Warning
2,0.398987,0.446038,0.623776,Normal
12,-0.328384,0.60716,0.266302,Normal
0,0.549804,0.49016,0.335381,Normal
18,2.999,0.353664,0.926558,Critical
2,-1.06253,0.0188008,1,Warning
6,-0.63359,0.769505,0,Normal
13,2.77256,0.0510303,0.707102,Warning
14,-3,0.565709,0.481873,Normal
21,-0.263973,0.452326,0.363411,Normal
1,-3.54986,0.519214,0.842894,Warning
10,2.98066,0.362404,0.605675,Warning
2,-2.43583,0.25067,0.391825,Normal
9,2.43695,1.15508,0.55625,Normal
3,2.83473,1.43622,1,Critical
2,0.360562,0.641607,0.297123,Normal
3,-0.756481,0.185488,0.456574,Normal
14,2.63554,0.852889,0.720521,Warning
5,-0.250519,0.423577,0.236808,Normal
3,0.678167,0.0466706,0.0819385,Normal
19,-0.214459,0.407276,0,Normal
11,1.69477,0,0.668223,Warning
9,0.104289,0.526828,0.545743,Normal
0,0.893743,0.480872,0.382082,Normal
17,1.37598,0.851964,1,Critical
7,-2.39977,0.218499,0.859461,Warning
3,-2.61343,0.48707,0.701826,Warning
9,-1.6112,0,0.927208,Critical
3,1.42241,0.494452,0.729433,Warning
23,2.27783,0,0.554236,Normal
6,2.89402,0.440002,0.688761,Warning
11,1.72449,0.533961,0.780765,Warning
23,1.95516,0.963448,0.861282,Warning
16,2.12233,0.712752,0.255952,Normal
0,0.499654,0.837423,0.152979,Normal
19,-3,0.85593,0.38765,Normal
12,3.93183,1.17575,1,Critical
6,-0.564944,0.59027,0.0361859,Normal
21,0.955413,0.759264,0,Normal
13,2.05399,0.54828,0.953482,Critical
12,-2.58585,0.861165,0.629188,Warning
4,-0.0139977,1.35012,0.428575,Normal
7,-0.363619,0.894777,0.530437,Normal
7,0.252132,0.407327,0.582398,Normal
19,-0.951678,0.398843,0,Normal
5,-0.561868,0.53583,0.288946,Normal
1,-0.134919,0.0386543,0.534909,Normal
18,-2.63574,1.29371,1,Critical
1,-2.80511,0.699603,0.475076,Normal
2,3.80981,0.344182,0.956093,Critical
5,1.75426,0.420596,0.42269,Normal
20,-0.135156,0.541068,0.566831,Normal
18,-2.79637,0.0998814,0.518779,Normal
20,0.115837,0.401225,0.0654459,Normal
21,1.02056,0.553515,0.417125,Normal
11,0.0226604,0.142006,0.517008,Normal
17,0.56869,0,0,Normal
2,0.119855,0.644325,0.611036,Normal
7,-0.867364,0.272594,0.0375635,Normal
2,-1.81041,0.75995,0.373325,Normal
16,0.341986,0.458643,0.237744,Normal
23,-1.5683,0.443832,0,Normal
15,0.166681,0.219799,0.243594,Normal
12,-1.19003,0.306573,0.879665,Warning
21,-0.956793,0.659637,0.340718,Normal
21,-2.09955,0.843106,0.583927,Normal
20,-0.00639983,0.404804,0.644887,Normal
22,-0.347882,0.320868,0.757858,Normal
10,0.511108,0.086295,0.558402,Normal
16,1.58646,0.653054,0.825196,Warning
8,-1.66053,1.28229,0.805398,Warning
22,2.51868,1.14232,0.610077,Warning
20,-1.60044,0.398744,0.825132,Warning
0,-2.5824,0.695685,0.657235,Warning
20,-3,0.510865,0.8766,Warning
22,-0.450438,0.00450904,0.496037,Normal
9,1.32699,0.430584,0.655013,Warning
15,0.0670013,1.0902,0.124912,Normal
4,0.726691,0.360284,0.114787,Normal
20,2.11009,1.00305,0.722811,Warning
13,3.51625,0.608634,0.778093,Warning
3,0.616657,1.22188,0.222901,Normal
18,2.16676,0.425045,0.843808,Warning
5,0.674215,0.333638,0.178024,Normal
18,-0.189216,0.266894,0.115399,Normal
21,0.674779,0.269671,0.555947,Normal
10,-1.60119,0.106566,1,Critical
13,-0.311359,0.875709,0.32245,Normal
22,-3,0.659953,0.724291,Warning
2,0.253113,0.598789,0.720252,Normal
4,-0.463395,0.545413,0.236646,Normal
17,0.603846,0.817398,0.705818,Warning
3,0.165708,0,0.273966,Normal
8,-1.78399,0.335929,0.395747,Normal
14,-2.91329,0.300383,1,Critical
10,-0.510691,1.30474,0.26795,Normal
3,-0.834159,0,0,Normal
0,3.32526,0.320492,0.886403,Warning
20,0.670206,0.810634,0.122661,Normal
0,0.380908,1.06381,0.716072,Normal
9,-0.578939,0.744154,0.13978,Normal
16,0.339909,1.55696,0.519265,Normal
5,-1.0179,0.138233,0.676529,Warning
17,-0.305921,0.559195,0.212166,Normal
14,0.918342,0,0.112059,Normal
19,-0.555894,1.32337,0.299047,Normal
9,-0.606489,0.251084,0.717705,Warning
10,-0.446942,0.681469,0,Normal
6,0.743158,0.0974052,0.377801,Normal
0,-3.65906,0.828133,0.995293,Critical
12,-0.335025,0.0785021,0.0647856,Normal
20,-1.8839,1.3323,0.34258,Normal
2,0.169853,0.981106,0.213454,Normal
16,0.27563,1.29385,0.651939,Normal
10,0.310165,0.424313,0.731054,Normal
5,-0.249902,0.57849,0,Normal
21,-0.605645,1.12762,0.427363,Normal
2,-0.489116,0.424882,0.0950827,Normal
9,-0.566117,1.00753,0.283035,Normal
7,0.29252,0.866081,0.244252,Normal
9,-3,0.329618,0.732055,Normal
13,0.189978,0.920724,0.461835,Normal
14,-0.22419,1.04843,0.557107,Normal
0,-3.08617,1.0759,0.740956,Warning
19,0.411319,0,0.144007,Normal
22,0.657136,0.959988,0.410384,Normal
11,-1.15257,0.976289,1,Critical
10,0.333764,0.154115,0.0554395,Normal
11,-0.500709,0.413588,0.471965,Normal
15,-1.73084,0.000570143,0.519006,Normal
6,-0.156624,0.59037,0.0264592,Normal
15,-2.27451,0.614694,1,Critical
19,-0.231186,0.038251,0.433601,Normal
8,0.0931233,0.0068112,0.627968,Normal
12,-1.40953,0.680117,1,Critical
22,-0.312156,0.619416,0.182033,Normal
20,1.06554,0.765618,0.707939,Warning
15,0.763893,0.728075,0.758196,Warning
2,0.549647,0.405597,0.193663,Normal
20,-1.0896,0.614156,0.510255,Normal
4,-2.93147,0.628536,0.379275,Normal
3,1.09736,0.586331,0.996297,Warning
8,-0.863194,0.792748,0.0390329,Normal
2,-0.922604,0.245232,0.229987,Normal
16,0.907403,0.480163,0,Normal
15,0.0265922,0.527188,0,Normal
4,1.17571,0.45496,0.49823,Normal
4,-1.36603,0.712201,1,Critical
7,0.126084,0.175654,0,Normal
0,0.348998,0.95564,0.499907,Normal
11,1.29196,0.360219,0.838889,Warning
1,-0.55926,0.813151,0.478567,Normal
22,-1.50596,0.282392,0.447092,Normal
4,-1.15674,0.941308,0.541671,Normal
5,-1.31517,0.171631,0.715395,Warning
10,0.933024,0.924103,0.704311,Warning
9,-0.954905,0.481882,0.309493,Normal
15,0.343664,0.811325,0.269511,Normal
12,0.307075,0.482538,0,Normal
3,-0.0130429,0.261747,0.188092,Normal
0,0.808673,1.38663,0.306514,Normal
8,0.736031,0.746922,0.111082,Normal
10,1.81152,1.12828,0.68954,Warning
19,1.1398,0.919764,0.553426,Normal
1,3.65842,1.16774,0.682192,Warning
5,-2.1729,0.390538,0.565003,Warning
6,-0.618478,0.657427,0.109422,Normal
22,-0.537241,0.865958,0.320097,Normal
23,2.45874,0,0.313463,Normal
1,-0.46938,0.149107,0.0479355,Normal
6,2.93201,0.882791,0.865852,Warning
5,-0.468102,0.949657,0.269711,Normal
23,-1.83155,0.155286,0.346267,Normal
4,-1.33403,0.649593,1,Critical
21,-0.266741,0.368851,0,Normal
21,-3,0.657808,0.712914,Warning
15,1.08761,0.886023,0.889372,Critical
23,-0.708513,0.54832,0.761528,Warning
8,-2.17291,0.954082,0.777198,Warning
10,0.616308,0.724649,0.457056,Normal
6,0.339859,0.485621,0.212617,Normal
12,-1.03927,1.10763,0.470823,Normal
4,-0.684369,0.467222,0.417516,Normal
23,0.210848,0.581383,0.179325,Normal
21,-0.0419969,0,0.286663,Normal
18,-2.20014,0.388191,0.466491,Normal
21,0.110976,0.35245,0.449555,Normal
2,0.684344,1.26095,0.249868,Normal
1,-3.1932,0.693589,0.944541,Critical
21,-2.00778,0.134918,1,Critical
17,2.9833,0.299052,0.347075,Normal
12,-3,1.62758,0.940879,Critical
6,0.981728,0.580423,0.140686,Normal
14,2.26309,0.490068,0.669001,Warning
22,2.85476,1.83383,0.718428,Warning
22,0.0525911,0.0571577,0.414541,Normal
18,0.744494,0.0943243,0.14302,Normal
20,0.802129,0.716128,0.48482,Normal
12,0.10496,0.781312,0,Normal
17,-0.00821288,0,0.0941757,Normal
15,-1.17556,0.211587,0.772426,Warning
22,-0.626098,0.506426,0.254437,Normal
4,-3.08625,0.0932448,0.881547,Warning
23,0.518798,0.857642,0.295327,Normal
10,0.117742,0.0618721,0,Normal
18,2.98853,0.137389,0.769382,Warning
8,-1.28343,0.418872,1,Critical
16,0.488934,0.223059,0.152418,Normal
10,-0.570955,0.645804,0.0965706,Normal
2,-2.47613,1.12088,1,Critical
14,0.276516,0.545062,0,Normal
20,2.2183,0.841384,0.808371,Warning
20,0.20329,0,0.125625,Normal
4,-1.11278,0.682644,0.441107,Normal
14,2.87156,0.506504,0.567071,Normal
15,-0.571875,0.894335,0.12901,Normal
22,-0.191809,0.515237,0.770328,Normal
2,0.295577,0.735474,0.13461,Normal
19,2.36143,0.416876,0.48855,Normal
9,-0.65072,0.340263,0.49557,Normal
18,-1.12583,0.984327,0.546155,Normal
15,-0.957118,0.44564,0.299129,Normal
12,1.17357,1.03195,0.494994,Normal
17,0.0329727,0.320122,0.255615,Normal
18,-0.192072,0.261257,0.14965,Normal
21,3.61799,0.623677,0.644848,Warning
12,1.05517,0.384023,0.773071,Warning
0,0.751522,0.628148,0,Normal
5,3.22578,0.125961,0.818423,Warning
4,3.82081,0.7608,0.39572,Normal
8,-0.491897,0.578006,0.0143953,Normal
1,-0.599342,1.11793,0,Normal
23,-0.884785,0.659527,0.8086,Warning
17,0.63467,0.719715,0.269074,Normal
7,2.6875,0.342634,0.44832,Normal
18,3.33346,0.676113,0.379738,Warning
23,0.331028,0.67046,0.37615,Normal
23,2.50684,0.610371,0.837733,Warning
19,0.0158421,0.445803,0,Normal
13,3.1075,0.393194,0.971449,Critical
7,2.16182,0.47686,0.75491,Warning
13,-0.0644013,1.00241,0.312404,Normal
13,0.0360318,0.816306,0.627595,Normal
1,-3.21169,0.562541,0.930817,Critical
15,-0.30272,0.7174,0.710722,Normal
19,-2.45513,0.681944,1,Critical
4,0.460021,0.33266,0.11135,Normal
19,-0.387414,0.825928,0.39442,Normal
12,-3,0.819163,1,Critical
6,-1.33329,0.606628,1,Critical
23,-0.59977,0.480853,0,Normal
7,-0.444462,0.327032,0,Normal
23,0.239728,1.18541,0.506865,Normal
3,-0.136912,0,0.472617,Normal
16,2.30033,0.522492,0.552502,Warning
0,-0.280617,0.733761,0.3094,Normal
14,0.205553,0.515109,0.520593,Normal
21,0.288799,0.864446,0.299991,Normal
13,-0.14293,0.809129,0,Normal
0,-3.04678,1.93767,0.842816,Warning
16,-0.0638762,0.175791,0,Normal
0,-3.95667,0.249809,0.581633,Normal
1,-0.0931056,0.616098,0,Normal
11,-0.781887,0.13076,0.480419,Normal
15,0.390068,0.57804,0,Normal
15,-0.640306,0.572799,0.569773,Normal
22,0.438259,0.54128,0.20152,Normal
0,-3.08596,0.596366,0.656019,Warning
11,-1.00825,0.0520292,0.6869,Warning
10,0.775363,0.3484,0.1908,Normal
14,0.704369,0.444839,0.212221,Normal
1,0.715008,1.41586,0.307206,Normal
4,0.0448609,0.226746,0.167951,Normal
16,0.441088,0.576883,0.377456,Normal
22,-0.598251,0.493389,0.459796,Normal
14,0.246543,0.449001,0.586398,Normal
9,1.28848,1.03886,0.920097,Critical
20,0.655858,0.690529,0.0159669,Normal
4,-3.43818,0.371332,0.316003,Normal
18,-1.00364,1.28868,0.72361,Warning
6,2.51313,0.509647,0.736002,Warning
12,2.82094,0.552838,0.66295,Warning
8,-3.40176,0.319759,0.630733,Warning
10,-1.03902,0.292746,0.384027,Normal
7,2.00746,1.36236,0.729242,Warning
19,-1.43568,0.93908,0.413772,Normal
0,-0.139501,1.3649,0,Normal
7,0.849205,0.260142,0.478734,Warning
20,-0.56909,1.31711,0.00234236,Normal
13,-0.203279,1.47475,0.455734,Normal
6,2.06567,0.882431,1,Critical
4,3.11384,0,1,Critical
5,-0.60382,0.849725,0.281665,Warning
18,1.42753,0.427142,1,Critical
21,4.11826,1.10661,0.894707,Warning
18,2.56976,0.371193,0.420773,Normal
2,0.209571,0.253796,0.457721,Normal
17,0.824368,0.417418,0.341344,Normal
3,-0.318807,0.662203,0.425241,Normal
22,-0.48417,1.01622,0.558756,Normal
12,0.64338,0.852119,0.392146,Normal
19,-0.319669,0,0.39115,Normal
6,-1.00395,0.604153,0.589406,Normal
14,-0.752375,0.845223,0,Normal
0,0.647795,0.896058,0.687538,Warning
6,0.79999,0.648151,0.56056,Normal
8,-0.0153134,0.83658,0.22353,Normal
5,-0.503659,0.680825,0,Normal
12,0.680796,0.594425,0.449809,Normal
20,2.61033,1.38389,0.452005,Normal
23,-1.36229,0.727809,0.721265,Warning
11,2.03604,0.362472,0.962131,Critical
16,2.81199,0.96658,0.617532,Warning
12,1.02197,0.967292,0.626688,Warning
16,0.729144,0.529807,0.393495,Normal
15,2.56803,0.60216,1,Critical
20,0.313964,0.187231,0.2853,Normal
8,-0.473394,0.947918,0.344691,Normal
0,0.26144,0.327922,0.307292,Normal
22,-2.07634,0.826985,0.787398,Warning
17,-0.580975,0.0902471,0.000221658,Normal
9,0.4364,1.19727,0.519265,Normal
8,1.44084,0.932698,0.859623,Warning
16,-0.516946,0.495385,0.65658,Warning
9,-0.706879,0.947951,0,Normal
12,0.586088,0.165434,0.18647,Normal
22,3.96261,0.867939,0.521164,Normal
15,1.00958,1.1638,0.894816,Warning
19,-0.512475,0.303377,0.406791,Normal
8,2.22098,1.06834,0.849969,Warning
13,3.2652,1.05879,0.619746,Warning
20,1.3016,0.743107,0.455859,Normal
13,2.31405,0,1,Critical
3,0.340345,1.35174,0,Normal
12,1.72851,0.603823,0.256367,Normal
13,0.339579,0.836732,0.210111,Normal
4,0.253298,0.328957,0.331593,Normal
10,-3,0.683387,0.718786,Warning
22,1.78083,1.39639,0.181986,Normal
22,1.31663,0.540147,0.739632,Warning
20,-0.62257,1.02651,0.0788871,Normal
19,2.16837,1.13851,0.286601,Normal
15,1.09109,0.633421,0.942487,Warning
17,-0.377551,0.187758,0.38537,Normal
0,-0.213698,0.485842,0.808251,Normal
13,-0.334547,1.09641,0.266611,Normal
15,-1.13657,0.650793,0.87132,Warning
10,0.281144,0.78151,0.486379,Normal
20,0.161085,1.0836,0.189798,Normal
17,0.133433,0.98713,0.576119,Normal
16,-3,0.771244,0.513947,Normal
2,-1.52371,1.12494,0.765335,Warning
18,0.552114,0.671681,0.400588,Normal
10,3.2824,0.308417,1,Critical
14,-0.561575,0.300075,0.0321695,Normal
21,1.17347,0.861874,0.495481,Normal
11,-0.14303,0.817032,0.7873,Normal
12,-0.951207,0.911207,0.15268,Normal
22,-0.908681,0,0,Normal
5,0.125273,0.79115,0.591831,Normal
16,-1.0851,1.2964,0.842367,Warning
14,-1.01267,1.16724,0.921599,Warning
23,2.15046,1.25961,0.789469,Warning
18,-3,0.0543016,0.430259,Normal
3,-1.17981,0.0264767,0.299959,Normal
20,-0.516496,1.03533,0.447801,Normal
4,1.51607,0.0758301,0.914791,Critical
17,-0.462772,0,0.314372,Normal
16,-2.60021,0.686154,0.893368,Warning
4,1.63122,0.217178,0.534408,Normal
7,-0.829676,0.0277475,0.110365,Normal
14,-2.78861,0.703808,0.815777,Warning
16,-1.03974,0,0.913141,Warning
14,1.8581,0.748645,0.635431,Warning
1,-1.26916,0.403566,0.701226,Warning
1,1.4687,1.43383,0.482729,Normal
11,0.160468,0.0215619,0,Normal
22,-1.50045,0.856711,0.614534,Warning
12,-3,0.184309,1,Critical
21,0.691314,0,0,Normal
5,0.205396,0.431208,0.510934,Normal
7,0.337932,0.789485,0.32947,Normal
10,-0.0342304,0.73808,0,Normal
8,1.50001,1.56498,0.826842,Warning
9,0.328636,0.349123,0.7388,Normal
0,-0.389202,0,0.370838,Normal
22,0.421705,0.365367,0.283108,Normal
16,1.55407,0,0.593723,Normal
17,-0.489385,0.298694,0.974954,Warning
15,3.1172,0.259419,0.885369,Warning
9,-1.59208,0.707332,0.753174,Warning
15,-0.136576,1.36939,0.17623,Normal
0,-1.04211,0,0.603697,Warning
19,-0.755048,1.352,0.865282,Warning
7,-0.85812,0.624109,0.0222481,Normal
2,3.26223,0.402631,0.719553,Warning
2,-0.493256,0.45693,0.565332,Normal
1,-2.10165,1.222,0.681406,Warning
7,-2.57057,0.621776,0.937455,Critical
10,0.715511,0.0831043,0.241531,Normal
13,3.93535,0.247112,0.984759,Critical
14,-0.257935,0.651872,0.245098,Normal
19,-1.19071,0,0.666053,Warning
10,-2.84364,0.277986,0.535079,Normal
19,1.75746,0.810645,0.585838,Normal
5,-0.680367,0.605715,0.48455,Normal
0,-0.114329,0,0.0783385,Normal
3,0.286734,0.595856,0.205389,Warning
6,2.45758,0.274187,0.535417,Normal
7,-0.617236,0.115933,0.0735626,Normal
20,1.77176,0.536342,0.663466,Warning
22,-2.83486,0.598856,1,Critical
15,2.27309,0.600866,0.644968,Warning
16,1.6506,0.278604,0.672377,Warning
14,-3,0.157331,0.871429,Warning
3,-0.324437,0.506131,0.0253594,Normal
12,-0.234948,0.521386,0.174124,Normal
21,0.0570021,0.668693,0.453277,Warning
10,1.98062,0.677914,1,Critical
3,1.16509,0.512299,0.869662,Warning
9,2.0767,0,1,Critical
12,-3,0.809669,0.441082,Normal
3,-0.396812,0.228539,0.388589,Normal
16,0.55487,1.22833,0.316628,Warning
18,0.48664,0.437124,0.0986634,Normal
18,-0.780417,0.663211,0.126064,Normal
9,0.413351,0.624203,0.143269,Normal
9,-2.5273,0.437993,0.97176,Critical
2,1.54873,1.04418,0.724686,Warning
18,0.72391,0.419396,0.606954,Warning
15,-1.16219,1.48221,0.898884,Warning
4,0.754554,0.430694,0.354411,Normal
11,0.287805,0,0.722995,Normal
11,-0.608353,0.819898,0.365562,Normal
21,-1.45143,0.745577,0.796607,Warning
15,0.124919,0.402667,0.0340737,Normal
13,2.70178,0,0.593422,Normal
2,-0.96206,0.450287,0.476739,Normal
2,0.422281,0.333198,0,Normal
2,-0.670927,0.697298,0.269565,Normal
22,0.12825,1.00162,0.418427,Normal
17,-0.811113,0.863411,0.48127,Normal
18,-1.7767,0.129531,0.902509,Critical
10,2.98415,0.560997,1,Critical
12,3.19263,0.790485,0.482872,Warning
6,-0.03745,0.91808,0.360539,Normal
5,-0.89469,0,0.810934,Warning
17,3.04724,1.12783,0.704891,Warning
16,1.15664,0.8415,0.617221,Warning
21,-0.923667,0.599341,0.140437,Normal
8,-0.887495,0.454304,0,Normal
19,-0.343201,0.538406,0.55139,Normal
6,2.88139,0.467897,0.636226,Warning
8,0.453221,1.20063,0.0392822,Normal
17,3.18992,0.15252,0.647609,Warning
12,-1.70731,0.149101,0.975898,Critical
5,-0.405906,0.97319,0.353924,Normal
22,-3,0.733732,0.71976,Normal
8,0.994885,0.531371,0.130913,Normal
9,-2.21154,1.00547,0.690132,Warning
16,0.477295,0.749062,0.400329,Normal
20,0.309492,0.93541,0.548217,Normal
8,0.133386,0.412143,0.258756,Normal
4,-0.250909,0.822697,0.265012,Normal
5,3.70578,0.498312,0.682704,Warning
12,1.03598,0.661934,0.955216,Warning
23,-2.20857,0.29311,1,Critical
19,-0.0445927,0.973836,0.243138,Normal
23,-0.282328,0.737531,0.231369,Normal
11,-3,0.614771,0.360804,Warning
16,-0.511684,0.404362,0.408227,Normal
5,-0.102725,0.480774,0.446778,Normal
17,-0.864126,0.24647,0.340627,Normal
20,3.89888,1.04705,0.726001,Warning
15,-0.30073,0.981434,0.1627,Normal
10,-1.65434,0.280234,0.499731,Normal
9,-0.385982,0.96116,0.567532,Normal
1,-3.47673,0.432223,0.235792,Normal
6,-1.34157,1.20241,0.0502596,Normal
4,2.33968,0.695799,1,Critical
1,-2.42171,1.01898,0.636725,Warning
3,1.07845,0,0.409903,Normal
15,2.51878,0.413838,0.847448,Warning
4,-0.729108,0.202892,0.181164,Normal
21,-0.155591,0.217662,0.438969,Normal
2,-0.270734,0.58293,0.117994,Normal
4,0.126042,0,0.591014,Normal
10,0.943334,0.551353,0.620583,Warning
16,-0.983069,0.633495,0.240249,Normal
13,-0.338336,0.417075,0.163332,Normal
15,0.476497,1.24646,0.0964112,Normal
4,0.685291,1.10332,0.554412,Normal
9,0.924455,0.454917,0.122525,Normal
14,-0.67045,0.707345,0.25952,Normal
0,0.450435,0.845165,0.250113,Normal
19,2.19511,0.481401,1,Critical
12,-0.0292608,1.33795,0.21864,Normal
23,2.1326,0.544868,0.794544,Warning
8,3.12757,0.454304,0.397136,Normal
3,-4.7414,0.0801121,0.937948,Critical
12,-2.50532,0.632662,0.87127,Warning
0,2.9263,1.08337,1,Critical
8,-0.196452,0.982149,0.858122,Normal
23,-2.19004,1.02057,0.598832,Normal
18,0.763003,0.581995,0.610382,Warning
23,0.419818,0.600292,0.292568,Normal
12,3.66591,0.804867,0.477424,Normal
21,-0.00732451,0.290464,0.131883,Normal
23,-0.924463,0.986321,0.260869,Normal
14,0.499783,0.868245,0.235941,Normal
7,-1.3062,0.301747,0.482584,Normal
5,0.265179,1.22848,0,Normal
6,1.72696,0.279931,0.683616,Warning
16,0.515775,0.922139,0,Normal
10,-0.693951,1.57869,0,Normal
3,-0.538456,0.823283,0.335647,Normal
1,-3.38595,0.786699,1,Critical
1,0.634911,0.703753,0.0956415,Normal
13,-1.96066,0.426255,0.577224,Normal
12,2.62532,0.15863,1,Critical
4,2.78746,0.658825,1,Critical
12,-0.598178,0.880186,0.576059,Normal
21,-0.134267,0.330865,0.259031,Normal
19,0.0202451,0.654812,0.418731,Normal
5,0.739051,0.224802,0.391611,Normal
21,-0.158338,0,0.552583,Normal
16,0.785516,0.315414,0.349166,Normal
6,-0.629108,0.597871,0,Normal
3,-1.66331,0.796022,1,Critical
9,-1.41594,1.06701,0.637067,Warning
17,-0.516298,0.628224,0.404321,Normal
9,-2.30052,1.08884,0.717913,Warning
13,-0.886899,0.842971,0.180009,Normal
15,-0.0500576,0.128263,0.459654,Normal
18,1.09631,0.0313925,0.70464,Warning
22,0.0406823,0.793686,0.332819,Normal
2,-0.473574,0.641023,0.20552,Normal
6,1.04044,0.709005,0.878993,Warning
12,0.988667,0.765161,0.277713,Normal
0,-0.351488,0.522593,0,Normal
2,-3.08706,0.42961,0.541351,Normal
13,0.352991,1.1831,0.0139599,Normal
9,1.18238,0.641383,0.825499,Warning
14,0.0109338,0.0874217,0,Normal
1,3.63972,0.984252,0.610688,Warning
12,-1.58848,1.12173,0.978441,Critical
13,-2.02902,1.18282,0.94041,Critical
11,-2.0161,0.761402,0.844095,Warning
12,3.37972,0.641443,0.763168,Warning
22,-2.93452,0.902202,0.826362,Warning
21,-1.79077,1.11139,0.913336,Critical
4,0.979992,1.1117,0.129365,Normal
21,-0.134767,1.10848,0.321567,Warning
18,-2.34053,0.573572,0.800705,Warning
17,0.118911,0.172244,0.0517689,Normal
9,0.0256701,0.51957,0.25847,Normal
23,0.278549,0.271095,0.0306182,Normal
5,2.48693,0.242529,0.775495,Warning
8,0.914563,0.903813,0.250241,Normal
2,-0.209237,0.653101,0,Normal
4,-2.72897,0.922409,0.396592,Normal
2,2.55651,0,0.851986,Warning
14,0.320118,0.512373,0,Normal
21,0.669668,0.856085,0.168507,Normal
9,-2.26737,0.585732,1,Critical
23,0.870011,0,0.346731,Normal
6,1.0875,0,1,Warning
8,-1.53491,1.16377,0.76431,Warning
12,0.314623,0.0860474,0.369549,Normal
9,0.745782,0.175104,0.702795,Warning
23,0.556137,0.635613,0.158839,Normal
23,-0.456047,1.14113,0.300583,Warning
12,-1.55916,0.803914,0.693432,Warning
18,-0.773312,0.254496,0.0350628,Normal
15,0.504237,0.736335,0.0886336,Normal
1,1.10806,0,0.797701,Warning
22,-0.0392154,1.47281,0,Normal
18,-1.10415,0.262677,1,Warning
16,-0.380998,0.255173,0,Normal
4,-1.48756,0.286499,1,Warning
13,-1.66805,0.283761,0.707948,Warning
16,1.85217,1.05178,1,Critical
16,-0.653001,0,0.370392,Normal
4,-0.580506,0,0.32532,Normal
4,1.35425,0.0273409,0.902663,Critical
20,-0.317861,0.195689,0.0306643,Normal
5,-0.871173,0.377088,0.325792,Warning
8,-3.31689,0.945341,1,Critical
15,2.26724,0.687336,0.763301,Critical
19,0.87424,1.2501,0.492786,Normal
18,2.51088,0.722396,0.96166,Critical
12,-0.669454,0.930606,0.0487456,Normal
8,0.144898,0.129576,0.493251,Normal
3,0.318097,0.689396,0.0853468,Normal
17,-0.0569617,0.875864,0.0808641,Normal
3,-0.217749,0,0.495721,Normal
21,-0.163657,0.229098,0.571795,Normal
23,0.398804,0.57105,0.224494,Normal
20,-3,1.40477,0.772727,Warning
17,-0.409129,0.739006,0.263928,Normal
0,0.856311,0.827575,0.0294632,Normal
6,0.107799,0.275261,0.48982,Normal
15,0.686641,0.100333,0,Normal
11,-1.39419,0,0.608024,Warning
2,1.25566,0.52994,0.593081,Normal
6,2.32152,0,0.676366,Warning
22,0.86584,0.410586,0.137848,Normal
16,-0.26418,0.419095,0.650012,Normal
1,-0.233683,0.0872045,0.584558,Normal
11,-0.122221,0.4841,0.0582449,Normal
9,-0.655585,0.368682,0.141373,Normal
21,-0.344988,0.560318,0.23924,Normal
2,-0.365252,0.26099,0.98731,Normal
4,2.48564,0.0817164,0.819652,Warning
15,-0.314797,1.07024,0.183912,Normal
13,3.35929,0.597276,0.356077,Normal
15,0.0859324,0.520792,0.143089,Normal
18,-0.245034,1.01529,0.421099,Normal
12,2.5573,0.492367,0.805504,Warning
17,1.1881,0.561351,1,Warning
18,1.65549,0.523474,0.558931,Normal
2,-1.65702,0.65198,0.918828,Critical
23,4.15241,0.971607,0.302085,Normal
3,3.62022,0.419082,0.432957,Normal
18,0.93928,0,0,Normal
1,-0.618018,0.977344,0.161769,Normal
10,0.803489,0.418369,0.0347251,Normal
17,2.35843,0.983263,0.733342,Warning
0,3.53681,0.511338,0.627135,Warning
23,1.28104,0.763345,0.960637,Critical
17,-1.55458,0.449402,1,Critical
21,-2.09786,0.233062,0.952199,Critical
1,-3.39203,0,0.488787,Normal
18,-0.605289,0.65632,0.576969,Normal
9,0.601146,0.807058,0.260762,Normal
23,-0.311317,0,0,Normal
21,0.478352,1.21797,0,Normal
23,0.67036,0.388253,0.331194,Normal
3,-0.546686,0.350501,0.173089,Normal
21,-2.32668,1.08312,0.761671,Warning
9,0.621383,0.250267,0.521064,Normal
9,-1.30709,0,0.746258,Warning
9,-1.36871,0.680588,0.817858,Warning
18,0.0717511,0.701362,0.689729,Normal
2,2.5334,1.09672,0.719453,Warning
13,-3,0.593359,0.779513,Warning
14,-0.231599,0.665226,0.44409,Normal
1,0.243918,0.757773,0.325036,Normal
13,-0.539998,0,0.631769,Warning
13,-0.689945,0.447682,0,Normal
20,0.585891,0.657387,0,Normal
14,0.401065,0.66289,0.352776,Normal
16,0.284148,1.11405,0.245308,Normal
7,-2.43276,0.941817,0.96387,Critical
4,-0.935326,0.38437,0.16587,Normal
2,-2.10737,0.391663,0.89023,Normal
18,3.3249,0.468473,0.773288,Warning
14,-1.954,0.0614191,0.428033,Normal
3,-0.443454,0.57078,0.0719308,Normal
0,-0.0863297,1.07656,0.00903594,Normal
18,0.00356549,0.688993,0.303125,Normal
5,1.884,0.945519,0.814067,Warning
1,0.27523,0.596127,0.267225,Normal
22,0.302613,0.507441,0.47222,Normal
14,3.19301,0.810543,0.813552,Warning
18,-0.334602,0.874788,0.45627,Normal
5,1.89992,0.0875944,1,Critical
20,0.661277,0.623117,0.384112,Normal
7,-2.66697,0.994959,0.979483,Critical
3,0.242189,0,0.487411,Normal
22,-1.39434,1.03143,0.561352,Normal
18,-0.192373,0.425333,0.150596,Normal
23,2.28202,0,0.442841,Normal
22,1.48013,0.990962,0.470977,Normal
17,3.97863,1.24816,0.812199,Warning
11,-1.42974,0.7376,1,Critical
10,-2.66453,0.748183,0.434601,Normal
18,-2.50852,0.615216,1,Critical
23,-2.35007,0.979223,1,Critical
3,1.17461,1.23314,0.909299,Warning
5,0.665538,0.450009,0.201471,Normal
3,-2.39533,1.02868,0.484809,Normal
8,0.141401,0.46973,0.157603,Normal
7,-0.0902018,1.40499,0.48916,Normal
19,-0.794027,0.824022,0.115071,Normal
1,-0.701259,0.0746338,0.16548,Normal
9,1.7523,0.786059,0.689775,Warning
18,2.04232,1.26838,0.933541,Critical
11,-3,0.607382,1,Critical
14,-0.390045,0.7572,0.722406,Normal
18,-0.274492,0.912513,0.383153,Normal
17,-1.21261,0.557652,0.935524,Critical
2,-0.0628769,0.314147,0.00335536,Normal
23,-3,0,1,Critical
10,0.747628,0.228202,0.603886,Warning
15,-0.118958,0.620498,0.0846022,Normal
2,-0.336879,0.859723,0.386029,Normal
6,2.03081,0.705278,0.358273,Normal
2,0.635503,0.615967,0.466803,Normal
6,0.679086,0.829659,0.371734,Normal
0,3.54835,1.43554,1,Critical
12,-1.38546,1.14722,0.895694,Warning
18,-0.130247,0.393672,0.277742,Normal
7,-0.313024,0.635939,0.422885,Normal
19,-0.838289,0.327973,0.132756,Normal
10,-2.19319,1.14834,0.362143,Normal
10,-0.416467,0.798179,0.264049,Normal
2,-0.298995,0.825358,0.749642,Normal
17,0.974757,1.01142,0,Normal
12,-0.0910521,0.779937,0.23028,Warning
15,0.541748,1.55199,0.332467,Normal
6,-2.11171,0.796855,1,Critical
10,-0.474859,0.294948,0.352462,Normal
17,-0.149678,0.09685,0.417328,Normal
17,-0.983136,0.0978481,0.359435,Warning
6,0.718809,0.0810774,0.330433,Normal
13,2.0055,0,0.600589,Warning
23,0.292353,0,0.398715,Normal
3,-3.13343,0.401638,0.545423,Normal
10,-0.618077,0.411019,0.79489,Warning
12,-2.12301,0.614446,1,Critical
10,-2.81274,0.290865,0.45482,Normal
6,0.524489,0.155206,0.514281,Normal
17,-0.208523,0.570574,0.592705,Warning
15,0.000707992,0.144733,0.236661,Normal
16,-0.863964,0,0.340113,Normal
8,0.0537927,0.477356,0.162493,Normal
8,2.50754,1.33018,0.754156,Warning
4,-0.234813,0.763689,0.284124,Normal
22,0.503811,0.243005,0.0650016,Normal
1,-0.10614,1.36137,0.334624,Normal
3,-0.29919,0.454061,0.00314946,Normal
12,0.397073,0.786024,0.464801,Normal
11,-0.295478,0.451864,0.197092,Normal
6,-0.283799,0.662055,0.685887,Normal
3,-1.73072,1.12342,0.666233,Warning
3,-0.272573,1.41874,0.353973,Normal
18,1.24547,0.401608,0.929479,Critical
2,2.3233,1.1893,0.852655,Warning
9,-0.142004,0.689985,0.0762085,Normal
0,-2.92983,1.03302,0.840375,Warning
8,1.43231,0.725898,1,Critical
6,1.73441,0.276777,0.814946,Warning
11,-1.17485,0.772136,0.633725,Warning
23,-0.77753,1.01005,0.620521,Warning
11,1.24534,1.01068,0.93385,Critical
8,0.740893,0.418243,0.443437,Normal
16,-0.554068,0.529431,0.4241,Normal
14,-0.300919,1.01361,0.404266,Normal
13,-1.48898,1.35033,0.742768,Warning
13,-0.0841821,0.641445,0.239135,Normal
4,1.37263,0,0.566103,Normal
13,-0.307127,0.424446,0,Normal
6,-0.78877,0.318472,0,Normal
19,0.946321,1.02315,0,Normal
12,0.751981,0.525312,0.147524,Normal
22,0.442811,0.866695,0.261106,Normal
14,-0.319438,0.404649,0,Normal
14,-0.0222858,0.247134,0.588624,Normal
19,-0.736465,1.02477,0.109535,Normal
20,1.11471,0.0909894,0.603176,Warning
22,-0.480142,0.657231,0.47102,Normal
13,-2.51229,0.645801,0.569583,Normal
0,0.721667,0.605679,0.143241,Normal
10,-2.25423,0.418107,0.691484,Warning
16,-0.911773,0.463701,0.0150229,Normal
22,-2.98077,0.293407,1,Critical
21,-1.41744,0.143245,0.791802,Warning
8,-2.20226,1.44138,0.826978,Warning
21,-0.593605,1.10008,0.0366967,Normal
22,0.660616,0.646867,0.219957,Normal
16,5.05841,0.739421,0.977026,Critical
11,-0.181077,1.37771,0.318614,Normal
0,-0.81386,0.782295,0.223537,Warning
3,0.182486,0,0.438641,Normal
20,-2.51486,0.938906,0.622712,Normal
16,-0.862323,0.373247,0.506528,Normal
0,1.1687,0.296993,0.632728,Warning
18,-0.920483,0.274467,0.190717,Normal
7,-0.242751,0.522718,0.57279,Normal
22,0.906818,1.06827,0.295628,Normal
11,-0.129921,0.713382,0.423241,Normal
0,-1.35246,1.14605,0.332081,Normal
22,-2.80817,0.969203,0.69229,Warning
16,0.158567,0.390311,0.0900886,Normal
8,0.195221,0.896194,0,Normal
18,1.90443,1.20532,0.746603,Warning
8,3.16074,1.29146,0.469335,Normal
13,-1.54917,0.859841,0.963668,Critical
14,4.45701,0.631257,0.676195,Warning
14,0.104581,0.95373,0.279694,Normal
13,0.395181,0.439691,0.707516,Normal
3,-0.00626194,0.466235,0.230295,Normal
6,-1.8361,0.765724,0.841641,Warning
15,0.57651,0.272382,0.17788,Normal
10,0.70818,0.312101,0.608478,Warning
21,0.745206,1.21838,0.0324464,Normal
5,-0.355523,0.682757,0.171208,Normal
3,0.984822,0.836475,0.356145,Warning
2,0.281562,1.11319,0,Normal
10,3.197,0.917821,0.58954,Normal
6,2.97684,0.632784,1,Critical
6,-0.488608,0.707294,0.194451,Normal
14,1.89611,0.726224,0.800959,Warning
21,0.882147,0.706865,0.501223,Normal
23,0.410479,0,0.563534,Normal
13,0.216832,0.736224,0.37359,Normal
22,-0.247541,1.24093,0.188894,Warning
11,2.83025,0.177813,0.492671,Normal
22,3.11645,0,0.956746,Critical
7,2.35871,1.18483,0.409907,Normal
21,1.39127,0.434985,0.495873,Normal
22,1.66752,0.127833,0.713603,Warning
17,1.31248,0.161434,0.721227,Warning
20,-0.206165,1.54831,0.23307,Normal
7,1.72216,0.234472,0.431913,Normal
5,-1.33086,1.10391,0.590308,Normal
10,-0.977255,0.00121297,0.436713,Normal
5,-0.325502,0.796183,0.182717,Normal
7,-0.90817,0.40053,0.285535,Normal
6,-0.24774,0.229017,0.666352,Warning
3,2.16487,0.419818,0.94602,Critical
19,0.763586,0.781563,0.3733,Normal
7,-0.395404,0.181859,0.260865,Normal
1,-0.046611,0.258232,0,Normal
4,1.01696,0.604229,0.61881,Warning
2,1.46506,0,0.815107,Warning
11,-0.519927,0.922643,0.322299,Normal
17,0.572181,0.806028,0.825759,Warning
20,-0.363441,1.46958,0,Normal
9,3.01628,0.163813,1,Critical
10,-2.18457,0,0.359917,Normal
1,0.958409,0.8869,0.219075,Normal
22,-2.32942,0.771337,0.158511,Normal
22,1.25633,0.723223,0.706277,Warning
14,1.42165,0.452527,0.40445,Normal
19,0.4177,0.793475,0.268468,Normal
9,0.24998,1.24962,0,Normal
16,0.188007,0.632065,0.148956,Normal
18,2.16153,1.39129,0.835729,Warning
16,1.79048,0.301787,0.154672,Normal
6,0.852922,0.459705,0.471161,Normal
17,0.295258,0.636755,0,Normal
4,0.594378,0.96854,0.2789,Normal
21,0.12731,0.160152,0.284078,Normal
17,2.00367,0.76328,0.326209,Normal
17,-0.318242,0.371795,0.136441,Normal
11,0.691122,0.0846256,0.476268,Normal
6,1.19067,0.259256,0.483784,Normal
13,2.49069,0.328889,0.947282,Critical
4,0.547348,0.643694,0.0700902,Normal
1,0.560559,0.629152,0.610568,Warning
0,1.18804,0.359938,0.485494,Normal
7,0.536306,0.714837,0.134227,Normal
20,-2.50949,0.6624,0.998877,Critical
23,2.04375,0.168103,1,Critical
4,-1.33624,0.632846,0.458596,Normal
15,0.697829,0.448415,0.488606,Normal
0,-0.547555,0.457266,0.049277,Normal
22,-0.680153,0.776975,0.0348553,Normal
2,-3.38487,0,0.627889,Warning
8,-1.49088,0.791796,0.644364,Warning
13,0.266403,0.52784,0,Normal
6,0.926852,0.622902,0.146973,Normal
8,0.523801,0.374141,0.313268,Normal
11,0.919283,0.10126,0,Normal
14,0.50884,1.27182,0.285799,Warning
4,-1.52987,0.315747,0.518028,Normal
16,-0.936711,0.27975,0.411723,Normal
0,0.208615,1.23468,0.150275,Normal
11,1.01614,0,0.661757,Warning
8,0.346338,0.241712,0.0714731,Normal
8,-0.0819298,0.74985,0.468709,Normal
14,-1.19682,0.422246,1,Warning
9,0.884622,0.207448,0.369854,Normal
15,1.49938,0.689712,0.846588,Warning
8,-2.49929,1.27506,0.626554,Warning
5,-3.54263,0.647872,0.603813,Warning
1,0.672512,0.357372,0,Warning
13,3.4386,1.15984,1,Critical
18,-1.14242,0.752159,0.545412,Normal
13,-0.087402,0.767758,0.153499,Normal
14,-0.852065,0.860569,0.25073,Normal
13,2.52405,0.068564,0.804027,Warning
5,2.19504,1.03116,1,Critical
23,-0.262674,0.0408286,0.346977,Warning
23,-2.28941,0,0.724407,Warning
17,-0.78754,0,0.299724,Normal
13,-0.213958,0,0.652511,Normal
12,3.87731,0.188816,0.79232,Warning
3,-2.0294,0.330886,1,Critical
9,-0.0949416,0.791137,0.278092,Warning
12,-0.548602,1.28611,0.289884,Normal
16,2.61488,1.29792,0.752383,Warning
13,0.274449,0.502841,0.0279276,Normal
20,2.81994,0.457995,0.425976,Normal
18,1.51093,0.0545922,0.632262,Warning
4,-0.312725,0.75911,0.634812,Normal
7,2.14249,0.0509258,0.549762,Normal
8,2.99954,0.85515,0.766976,Warning
6,0.977804,0.845613,0.194777,Normal
23,-0.369579,0,0.818422,Warning
11,3.07507,0.519394,1,Warning
7,-1.80638,0,0.81666,Warning
3,-3.11745,1.15406,0.858426,Warning
1,-3.23129,0.293782,0.514322,Normal
23,-2.37881,0.607019,0.0731413,Normal
19,0.337374,1.00926,0.14974,Normal
10,-3,0.30558,0.676946,Warning
15,0.288009,0.588215,0.398356,Normal
21,-2.23782,1.11407,0.836223,Critical
15,0.0386854,1.1513,0.173348,Normal
0,-0.564208,0.0560835,0.483593,Normal
11,0.428187,1.06049,0,Normal
23,0.0641681,1.34708,0.285127,Normal
20,0.405267,0.320074,0.327437,Normal
10,-0.158889,0.195595,0.272739,Normal
2,1.8292,0.487926,0.529194,Normal
20,-0.357854,0.824449,0.460468,Normal
13,-0.341757,0.384766,0.108787,Normal
16,-0.569398,0.544145,0.687094,Warning
8,-0.327944,0.878051,0.568396,Normal
0,2.74505,0.998076,0.349319,Normal
5,0.291559,0.980545,0.538601,Normal
22,-2.82345,0.781753,0.858799,Warning
15,-0.450025,1.05282,0.327081,Normal
8,0.177187,0.344651,0,Normal
12,0.216098,0.34657,0.247646,Normal
15,-0.401911,0.618753,0.596888,Normal
11,2.36488,0.298456,0.857333,Warning
20,0.76748,0.756981,0,Normal
12,2.09908,1.33361,0.734182,Warning
18,2.12913,0,0.751186,Warning
2,-2.63298,0.903657,0.778154,Warning
1,-0.532994,0.979574,0.634822,Warning
14,-1.96534,0.664658,0.688834,Warning
1,0.368253,0.180974,0.259606,Normal
3,-0.97627,0.177192,0.302049,Normal
2,-0.0917338,0.776051,0.0949598,Normal
17,1.43025,0.164772,1,Critical
4,2.37755,0.99705,0.860382,Warning
16,0.223421,0.148782,0.224761,Normal
5,-1.44266,0.485023,1,Critical
6,0.44341,0.169732,0.0912434,Normal
10,-3,0.40034,0.603273,Warning
5,-0.361563,0.630684,0.424838,Normal
18,-0.356328,0.330174,0.268154,Normal
7,-0.615608,0.891762,0.0393167,Normal
17,-0.0808596,0.46131,0.272223,Normal
21,-1.75432,0.65224,0.704418,Warning
20,2.22396,0.439416,0.713653,Warning
5,-3.41947,1.09257,1,Critical
4,-0.70728,1.03277,0.230901,Normal
7,1.96059,0,0,Normal
13,2.51772,0.633135,0.949951,Critical
14,-0.433686,0.22506,0,Normal
8,0.544025,0.221722,0.63674,Warning
5,-1.87923,0.40621,0.494337,Normal
19,-0.504331,0.553039,0.167464,Normal
17,2.31274,0.714896,0.999968,Critical
15,2.62628,1.35142,0.199374,Normal
3,0.237824,0.499767,0.120639,Normal
2,-0.483866,0.75253,0,Normal
7,-2.32459,1.35987,0.967106,Critical
5,-0.993152,0.135785,0.515718,Normal
1,0.33419,0.142145,0.0255447,Normal
22,0.419542,0.446408,0.289035,Normal
9,0.67443,0.0836539,0.597416,Normal
2,0.696348,0.491755,0.245495,Warning
15,-0.504093,0.652172,0.19976,Normal
12,0.0327986,1.09243,0.225995,Normal
6,-0.286439,0.106833,0.205487,Normal
9,-0.935363,0.595636,0,Normal
15,-1.66784,0.601902,1,Critical
9,0.742029,0.846406,0.196477,Normal
1,-3.48985,0.209616,1,Critical
14,-0.0177903,1.30325,0,Normal
17,-0.475295,0.645352,0.50372,Normal
8,-2.66769,0,0.54398,Normal
15,0.703539,0.612986,0.458057,Normal
10,0.35428,1.30502,0.190343,Normal
23,2.67336,0.900366,1,Critical
13,-0.567174,0.25734,0.262488,Normal
18,1.05592,0.4162,0.852253,Warning
0,0.246436,0.0658082,0.0243154,Warning
19,-0.243064,0.719551,0.333485,Normal
15,3.39673,0.0800768,0.668401,Warning
13,0.442903,0.399761,0.444087,Normal
2,-2.03791,0.376083,0.615626,Warning
11,-2.49954,0.599078,0.755527,Warning
7,-0.212579,0.261813,0.00978299,Normal
23,-0.54445,0.71972,0.16072,Normal
12,2.68927,0.0411852,0.730847,Warning
23,2.30536,0.570517,0.620043,Warning
23,-2.68056,0,0.970892,Warning
12,-0.457873,0.570652,0,Normal
22,0.214087,1.86479,0.444068,Normal
9,-0.68879,1.03279,0.353884,Normal
17,-0.47458,0.577523,0.298172,Normal
10,2.72362,0.323278,0.771589,Warning
5,0.679242,0,0.46468,Normal
11,0.765831,0.219012,0.256424,Normal
23,0.0276649,1.15566,0.288815,Normal
7,-0.468568,0.734917,0.401846,Normal
6,-0.192647,0.75209,0.240358,Normal
13,0.302491,0.567641,0.28269,Normal
6,-0.679056,0.873814,0.507488,Normal
21,-0.456241,0.774476,0.210335,Normal
18,-0.0196532,0.659936,0.520266,Normal
8,0.521729,0.0171183,0.41859,Normal
15,0.166416,1.60527,0.240148,Warning
11,1.56667,0.235148,0.0947072,Normal
9,2.74308,0.685142,0.342025,Normal
7,-2.10975,0.189847,0.859604,Warning
7,0.842379,0.44177,0.0965927,Normal
6,-0.476691,0.255784,0.645715,Warning
10,-2.94484,0.50864,0.73005,Warning
10,0.198691,0.287798,0.37776,Normal
6,-0.319529,0,0.404914,Normal
0,0.564907,1.00035,0.291747,Normal
13,0.946076,0.676382,0.0507665,Normal
8,0.399872,0.317409,0.20596,Normal
1,2.32959,0.780746,1,Critical
11,0.263603,0,0,Warning
1,-0.275969,0,0.253302,Normal
9,2.06072,1.21371,1,Critical
6,-3.13283,0.710083,0.564222,Normal
0,0.702636,1.09503,0.46832,Normal
18,-2.32686,1.18602,0.557035,Normal
21,1.02865,0.460226,1,Warning
6,1.88872,0.583678,0.706002,Warning
0,0.10676,0.740213,0.1127,Normal
8,-0.624848,0.196812,0.380799,Normal
7,3.58414,0,0.769468,Warning
16,-0.577063,0.166925,0.305511,Normal
12,0.596109,0.960368,0.0620281,Normal
1,1.73971,0.666094,0.756426,Normal
11,-3,1.04639,0.847264,Warning
1,0.31451,0.542872,0.323709,Normal
20,-3,0.698514,0.709663,Normal
12,0.201843,0.159308,0,Normal
4,-2.00864,0.888349,0.981729,Critical
2,2.54678,0.505209,0.753627,Warning
17,0.113945,0,0.21285,Normal
2,0.841881,0.915251,0.665848,Warning
4,-0.261961,0.630066,0.176322,Normal
2,-0.190161,0.67391,0.161038,Normal
20,2.25953,1.31064,0.808065,Warning
17,-0.623331,0.771841,0,Normal
23,2.08115,0.0869803,0.874658,Warning
10,0.87139,0.849803,0.629777,Warning
23,3.00208,0.599505,0.806276,Warning
4,-0.988507,0.482425,0.531652,Normal
12,0.63677,0.388112,0.463191,Normal
9,1.34053,0.577826,0.857516,Warning
19,1.49248,0.433432,0.325183,Normal
6,0.797142,0.677092,0.280815,Normal
2,-0.957571,0.428985,0.382465,Normal
23,1.90053,0.536685,0.903426,Critical
17,0.89904,0.602991,0.113665,Normal
11,0.317944,0.953389,0.26573,Normal
20,1.77913,0.262106,0.560678,Normal
4,3.20421,0.395434,0.715544,Warning
3,0.848763,0.449841,0.529494,Normal
18,1.08013,0.132044,0.477321,Normal
16,2.29313,0.359564,1,Critical
5,-2.20325,0.120339,0.44231,Normal
8,-1.78429,1.2093,0.357083,Normal
7,0.962338,0.230985,0.14893,Normal
6,0.226021,0,0.686988,Normal
4,1.19326,0,0.457165,Normal
16,0.28954,1.07466,0.38096,Normal
12,-2.41734,0.685596,0.962758,Critical
17,0.780157,0.468062,0.160561,Normal
1,0.269305,0.651005,0.525427,Normal
3,-3.21528,0.285307,0.984781,Critical
1,-1.61974,0.186762,0.674528,Warning
12,0.0332943,1.3095,0,Normal
6,-0.730612,1.27065,0.280318,Normal
11,0.228429,0.41847,0.299994,Normal
21,2.16776,1.15816,0.743412,Warning
14,-0.381929,0.489897,0.414581,Normal
20,1.14642,0.818486,0.630929,Warning
19,-0.833163,0.101223,0.222656,Normal
1,0.521293,0.730127,0.3202,Normal
7,-0.385549,1.08462,0.333604,Normal
18,4.011,0.360137,0.0980861,Normal
18,0.178518,0.511953,0.650773,Normal
7,1.6866,0.402422,0.457891,Normal
22,0.563254,0.769854,0.339927,Normal
20,3.47888,0,1,Critical
9,-2.3671,0.550119,1,Critical
2,0.535115,0.272398,0.74742,Warning
9,0.276407,0.99149,0,Normal
3,-0.0258329,0.725078,0.104369,Normal
1,0.360327,0.391624,0.200692,Normal
20,-0.369705,0.663954,0.042494,Normal
8,-0.348333,1.00497,0.345081,Normal
19,2.02166,0.318709,0.690588,Warning
1,0.200122,0,0.144669,Normal
5,-1.49201,0.182126,0.635047,Warning
5,-0.463644,1.63068,0.0264463,Normal
21,-0.284727,0.449389,0,Normal
16,1.43564,0.773834,0.860673,Warning
23,-1.01512,0.594296,1,Warning
23,-0.121168,0.770019,0.100278,Normal
9,2.20282,0.129985,0.795315,Normal
2,2.42197,0.430635,0.86661,Warning
21,-1.86503,0.576033,0.907913,Critical
15,-0.225639,0.808734,0.658287,Normal
4,0.923009,1.01808,0,Normal
14,3.25357,0.606103,1,Critical
3,-0.400204,0.719141,0.340254,Normal
20,0.373095,0,0.196351,Normal
15,-0.0245125,0.901298,0.541294,Normal
14,0.39334,0.472757,0.13525,Normal
23,0.786675,0.309002,0.260333,Normal
21,4.50312,0.636488,0.288483,Normal
3,-1.16741,0.061789,0.566433,Normal
20,-2.64797,0.52185,0.651998,Warning
8,-0.121406,0.033755,0.374291,Normal
16,0.0939026,0.252962,0.120947,Normal
2,0.504195,0.719154,0.199813,Normal
1,1.74623,0.143408,1,Critical
7,1.03734,1.08937,0.520754,Normal
4,2.56143,0.514384,0.597546,Normal
19,-0.341831,0.536121,0.0703266,Normal
0,1.53147,0.602048,0.91722,Critical
4,-0.333169,0.487415,0.179811,Normal
10,0.917502,0.976929,0.114203,Normal
7,0.0187418,0.0802945,0.308347,Normal
17,0.275133,0.228893,0,Normal
18,-0.18906,1.5573,0,Normal
3,0.977292,0.113102,0.286317,Normal
19,-0.657998,0.532344,0.344259,Normal
9,-0.129171,0.435266,0.76583,Normal
1,-0.28169,1.03092,0.762543,Normal
1,2.19413,0.147173,1,Critical
11,1.25037,0.100651,0.976531,Critical
5,-0.7294,0.249027,0.220462,Normal
12,-0.591605,0.670273,0.663914,Warning
18,-0.929642,0.480471,0.869737,Warning
1,-0.391061,0.301533,0.332822,Warning
7,1.95997,0.303173,0.799401,Warning
9,0.618854,0.223598,0,Normal
8,0.701302,0.457595,0.11483,Normal
12,-0.853914,1.15272,0.361182,Normal
11,-2.5527,0.980851,0.87336,Warning
5,0.565063,0.258899,0.17253,Normal
11,-2.58641,0.826083,0.742446,Warning
18,-0.459554,0.708765,0,Normal
11,-0.608355,0.381151,0.244289,Normal
8,0.937098,0.932317,0,Normal
15,1.06351,0,0.525535,Normal
23,0.735801,0,0.250062,Normal
19,0.823898,0.358303,0.233455,Normal
13,0.758489,1.34262,0.286607,Normal
21,-1.38956,1.20899,0.829083,Warning
12,-1.27508,1.00681,0.612843,Warning
18,-2.84523,0.543014,0.981283,Critical
6,-0.0450397,0.897828,0.420211,Normal
11,2.27146,0.59549,0.333087,Normal
3,-3.87884,0.399369,0.350565,Normal
16,-0.218513,0.233058,0,Normal
18,-0.189267,0,0.320329,Normal
0,0.816186,0.648512,0,Normal
22,-2.26555,0.256041,0.581355,Normal
20,0.152895,1.09731,0,Normal
22,-2.81157,0.986402,0.829623,Warning
13,0.0370267,0,0.214418,Normal
16,-2.4632,1.02484,0.736802,Warning
11,-0.63142,0.48571,0,Normal
11,0.236994,0.740496,0.0332212,Normal
7,2.14317,0.800127,0.937826,Critical
15,2.69135,0.603355,1,Critical
14,1.82072,0.782056,0.461932,Normal
12,0.782919,0.103768,0.283098,Normal
7,-0.100447,0.0567545,0.453559,Normal
5,0.280459,0.599271,0.0312364,Normal
4,0.903603,0.423133,0.429885,Normal
1,0.353907,1.11209,0,Normal
2,0.847708,0.94618,0.28712,Normal
17,2.38249,0.897171,0.681279,Warning
13,-2.27427,1.17585,0.941594,Critical
19,-0.106865,0.877161,0.608057,Normal
14,1.53788,0.774384,0.510679,Normal
17,-0.163485,0.329525,0.148656,Normal
20,-0.432706,0.866596,0.251974,Normal
8,-0.664636,0.903864,0.518797,Normal
23,0.858541,0.220358,0.55903,Normal
10,-1.0611,0.628912,0.760677,Warning
5,2.70602,1.07228,0.258475,Normal
8,-0.832284,0.698016,0.230734,Normal
4,-0.283677,1.02431,0.251899,Normal
4,-1.39723,0.502704,0.986442,Critical
18,0.535021,0.838443,0.292467,Normal
10,-2.73156,1.02586,1,Critical
22,-0.730387,0.409361,0.227459,Normal
2,-0.303206,0.192944,0,Normal
19,1.99061,0.985897,0.469441,Normal
13,1.86601,0.467447,0.340345,Normal
12,0.778801,1.26904,0.589899,Normal
19,-1.8405,0.391031,0.430189,Normal
9,3.06989,0.922811,0.412031,Normal
12,1.04566,0.066666,1,Warning
19,3.17803,1.18946,0.595147,Normal
23,1.66793,0.732482,0.622194,Warning
4,-0.924971,0.277316,0.470249,Normal
21,1.07167,0.457891,0.809219,Warning
15,0.275237,1.31632,0.226375,Warning
3,-0.551781,0,0.173694,Normal
17,0.0741475,1.28472,0.68064,Normal
13,1.03348,0.807413,0.933039,Warning
17,0.466547,0,0.448943,Normal
3,2.95234,0.439424,0.730445,Warning
3,-3.20709,1.06615,0.759004,Warning
6,-0.327769,0.141908,0.437039,Normal
12,-3,0.950937,1,Critical
16,-1.09783,1.26434,0.531662,Normal
2,0.360064,0.53692,0.16973,Normal
7,0.171024,0.929133,0.438577,Normal
17,3.73787,0,1,Critical
21,-1.62422,0.658007,0.843437,Warning
6,0.357496,0.502815,0.0681909,Normal
0,-0.961195,0.609898,0.159735,Normal
19,-1.64059,0.100992,0.671094,Warning
18,0.0645384,0.877166,0.189483,Normal
6,0.179632,0,0.642623,Normal
23,1.18321,1.19779,0.540884,Normal
0,-0.141318,0.194199,0.220994,Normal
13,1.22139,0.823511,0.558753,Normal
7,-0.246364,0.942725,0.244423,Normal
14,0.939046,0.458087,0.620052,Warning
13,-1.67007,1.04838,0.745136,Warning
19,-0.440503,0.687575,0.312852,Normal
14,-0.518097,0.819691,0,Normal
5,0.29375,0.905444,0.364739,Normal
15,-0.154914,0.178887,0.352753,Normal
23,2.24586,0.259221,1,Warning
21,2.13171,0.128481,1,Critical
17,-0.768944,0,0.21293,Normal
22,0.241206,0.298755,0.758716,Normal
1,1.43976,1.25926,0.458623,Normal
10,-2.11197,0.19368,0.981053,Critical
1,-0.0450988,0.750233,0,Normal
6,0.4257,1.0179,0.536148,Normal
5,-1.47416,0.570348,1,Critical
4,0.259132,0.760915,0.627949,Normal
19,2.0581,0.740855,0.591205,Normal
16,1.92525,0.893875,1,Critical
10,1.5861,0.423652,0.874013,Warning
10,0.750323,0.82403,0.377507,Warning
6,-3.20201,0.431601,0.99275,Critical
6,1.91165,1.14101,1,Critical
2,-0.202519,0.0670481,0.327878,Normal
17,0.732315,1.09538,0.0544037,Normal
19,0.866526,0.413131,0.624134,Warning
17,0.940313,0.615434,0.228569,Normal
4,-1.95571,1.28453,0.609125,Normal
7,0.0893576,0.177133,0.158615,Normal
11,-0.196366,0.807734,0.642783,Normal
15,-0.153915,0.859942,0.433384,Normal
19,-0.973964,1.17833,0,Normal
21,0.802739,0.414937,0.625652,Warning
21,-0.348806,0.355958,0.344471,Normal
23,2.56028,0.583739,1,Critical
7,2.73443,0.276619,0.497516,Normal
21,3.00092,0.96011,0.685273,Warning
9,-0.966062,0.395696,0.358415,Normal
15,-0.364867,0.660204,0.225799,Normal
4,0.597958,0.580429,0.627087,Warning
10,-1.33901,0.709535,0.600213,Warning
5,1.17195,0.281026,0.928343,Warning
19,0.488715,0.757755,0.362181,Normal
22,-0.398679,0.57603,0.331497,Normal
11,1.36196,0.611506,0.834849,Warning
20,2.6942,0.526473,1,Critical
6,1.79322,0.880239,0.76905,Warning
10,0.563826,0.21789,0.414361,Normal
5,-0.706271,0.799325,0.250368,Normal
12,-0.768385,0.585854,0.25581,Warning
3,0.825618,0,0.414533,Normal
19,-1.56828,1.18362,0.908962,Critical
2,0.287178,0.979818,0.176244,Normal
8,-0.151113,1.18808,0.292419,Normal
0,-0.550006,0.934759,0.0339456,Normal
4,0.485076,0.623529,0.30728,Normal
2,0.800105,1.24366,0.454432,Normal
6,-2.34939,0,0.627641,Warning
11,0.789183,0.419924,0.596998,Warning
20,-0.251175,1.80698,0.210794,Normal
22,-0.40466,0.698923,0.537571,Normal
16,-0.00719427,0.958908,0,Normal
9,3.98061,1.3413,1,Critical
6,0.109438,0,0.501535,Normal
6,1.2971,0.326769,0.680474,Warning
1,-0.866221,0.659832,0.291582,Normal
11,0.546863,0.940808,0.163927,Warning
18,-0.806005,0.704269,0,Normal
14,2.34175,0.603014,0.662784,Warning
1,-2.84935,0.911939,0.380208,Normal
12,0.513452,0.52992,0,Normal
1,0.453275,0,0.795373,Warning
20,0.123573,0.576518,0.0654437,Normal
21,0.421698,1.56205,0.0993835,Normal
5,1.29139,1.24666,1,Critical
23,1.806,0.626212,0.213812,Normal
13,0.176376,1.07569,0.515674,Normal
22,-1.47231,0.284964,0.57658,Normal
2,-0.141792,0.494733,0,Normal
10,-1.88167,1.18605,0.6876,Warning
22,-0.519036,0.335091,0.35393,Normal
22,0.370961,0.821617,0.508544,Normal
9,-1.62232,0.568866,0.418663,Normal
11,-0.363144,1.541,0.39779,Normal
17,0.825006,0.395305,0.285733,Normal
18,1.39983,1.15008,0.603732,Warning
18,-0.341387,0.227344,0.402425,Normal
18,2.35689,0.473414,0.373017,Normal
20,0.891982,0.40317,0.165443,Normal
4,-0.943841,0.559191,0.0333518,Normal
17,-0.357421,0.413832,0.258138,Normal
5,-2.16898,0.859009,0.674658,Warning
15,0.229785,0.36074,0.328794,Normal
15,-0.0836434,0.443262,0,Normal
6,-2.57834,0.64568,0.829595,Warning
15,-0.0904918,0.412262,0.71173,Normal
18,0.38965,0.85645,0.462182,Normal
9,4.37125,0.0566498,0.823481,Warning
11,0.369923,0.173248,0.348482,Normal
19,1.29154,0.843754,1,Critical
11,-1.10863,0.00733165,0.727228,Warning
6,-0.706962,0.704371,0.271527,Normal
6,-1.28159,0.717191,0.663643,Warning
1,0.422728,1.33802,0.295491,Normal
3,-2.77084,0,0.945539,Critical
16,0.0587014,0.806922,0.166325,Normal
19,0.288454,0.47845,0.638858,Normal
17,-0.702679,0.746113,0.224857,Normal
22,1.4818,0.302063,0.863394,Warning
22,-1.38742,0.730494,0.706013,Warning
7,0.202637,0.661467,0.0871025,Normal
8,-2.14537,0.905865,0.50407,Normal
9,-0.642401,0.102426,0.230794,Normal
21,2.15654,1.04665,0.582689,Normal
20,-0.359651,0.723295,0.46051,Normal
7,-0.772652,0.566299,0.30351,Normal
20,-1.05804,0.833714,0.560253,Normal
14,-0.342156,0,0.0144048,Normal
18,-2.27523,0.970886,0.704336,Normal
12,-0.882714,0,0.218299,Normal
21,0.549871,0.00791622,0.400746,Normal
17,2.36203,0.800954,0.376304,Normal
16,-2.10283,0.720854,0.573085,Normal
20,0.375189,0.15868,0,Normal
18,-3,0.99394,0.828213,Warning
5,-1.83476,0.550126,0.456104,Normal
21,0.567864,0.70064,0.0392855,Normal
23,0.336191,0.459149,0,Normal
13,-2.79495,0.568034,0.837308,Warning
8,-0.867058,1.04049,0,Normal
16,-0.887344,0.367052,0.439036,Normal
12,-1.56896,0.51456,0.498539,Normal
13,3.11319,1.0467,0.786625,Warning
1,-2.65253,0.265421,0.809781,Warning
22,-0.373234,0.87842,0.0636044,Normal
5,-0.970564,0.438968,0.170952,Normal
9,0.41944,0.321934,0.0594267,Normal
20,1.16442,1.04967,0.456495,Normal
13,-1.10491,0.283252,0.735796,Warning
22,-3,0.669636,0.860885,Warning
18,-0.967549,0.24458,0.572784,Normal
23,-1.96338,0.00165617,0.634556,Warning
6,0.847887,0.924649,0.391312,Warning
12,-0.235051,0.658231,0.176276,Normal
10,-2.55434,0.660415,0.843763,Warning
11,-1.07845,0.252223,1,Warning
23,-1.1827,1.00572,1,Warning
8,-1.2231,0.736693,0.768303,Warning
0,0.326533,0,0.0903399,Normal
12,-3,0.722391,0.707394,Warning
3,0.520774,0.884791,0.204804,Normal
15,-0.24867,0.815546,0.117295,Normal
13,1.41062,0.736768,0.386947,Normal
13,0.22627,0.403984,0.451685,Normal
2,1.88264,0.674876,0.839474,Warning
14,0.811929,0.188864,0.0834542,Normal
6,-1.92799,0.370626,0.930751,Critical
21,-1.43525,0.859159,1,Critical
11,-2.33851,0.688518,0.98178,Critical
8,-0.262556,0.772057,0.338802,Warning
19,-0.742027,0.192028,0.02509,Normal
13,0.903698,0.781,0.467174,Normal
5,-0.103873,0.167692,0.744096,Warning
3,0.71476,0.371232,0.0591333,Normal
13,0.0619327,0.443305,0.450718,Normal
16,0.857248,0.361908,0.174054,Normal
8,0.746078,0.551566,0.374051,Normal
6,0.523399,0.393141,0.245479,Normal
9,-2.03805,0.650867,1,Critical
17,1.3953,0.610531,0.554836,Normal
0,-1.87906,0.112127,0.777457,Warning
18,-1.99892,0.0481628,0.760386,Warning
0,0.0108291,0.783463,0.188823,Normal
8,-0.976194,0.42379,0.339788,Normal
18,-1.48489,0.344631,0.864218,Warning
20,2.2345,0.766756,0.918094,Critical
22,3.47148,0.648916,1,Critical
11,3.21917,0.431647,0.569636,Normal
22,0.521232,1.03111,0.136651,Normal
4,1.28999,0.625882,0.569635,Warning
18,0.7602,0,0.0306153,Normal
0,-0.561294,0.136944,0.673766,Normal
21,-1.44261,0.657855,0.499308,Normal
1,-1.97344,0.0988194,0.669931,Warning
12,1.1598,0.192936,0.455436,Normal
17,0.727019,0.825471,0.165748,Normal
3,-2.38585,0.285961,0.842565,Warning
3,0.0359413,0.394936,0.0904624,Normal
13,0.377766,0.962513,0,Normal
3,-1.48672,0.000878433,1,Critical
16,2.00318,0.572597,0.81186,Warning
3,0.307087,0.901116,0.523929,Normal
18,0.241299,1.04262,0,Normal
5,2.34298,1.05665,0.474716,Normal
8,-3.42731,0.649453,0.406248,Normal
2,-2.1305,0.982462,0.556444,Normal
15,-0.41891,0.597182,0.0883369,Normal
19,-2.57128,0.771655,0.970493,Critical
17,1.38417,0.858114,0.854124,Warning
0,0.668277,0.815846,0.324086,Normal
16,0.543761,0.442209,0.36627,Normal
10,-0.0415182,0.565122,0.201965,Normal
3,2.42489,0.229301,1,Warning
3,1.56855,0.651011,0.581105,Normal
1,0.0250927,0.105374,0.132789,Normal
16,1.91015,1.34334,0.57729,Warning
18,-0.851674,0.623534,0.191603,Normal
5,1.217,0.100358,0.237753,Normal
13,-0.0244891,1.62662,0,Normal
14,-0.288943,0.600273,0.374741,Normal
5,0.86053,1.13472,0.170592,Normal
13,2.23454,1.0477,0.958729,Critical
18,-2.46022,1.42092,0.948162,Critical
9,-3,0.795397,0.255594,Normal
3,-2.45356,0.0254591,0.817739,Warning
19,2.28041,0.145405,0.642958,Warning
20,-0.052611,0.344341,0,Normal
17,-1.96915,0.476313,0.583251,Normal
13,2.17947,0.120165,0.783045,Warning
7,2.99354,0.130057,0.822921,Warning
10,0.6126,0,0.711663,Warning
8,-0.102333,0.764682,0.0529773,Normal
10,1.09298,0,0.407313,Normal
17,0.356478,0.775786,0.19295,Normal
7,-0.0362063,0.569753,0.209134,Normal
18,0.461234,0.485547,0.252497,Normal
13,0.434724,0.762424,0.150053,Normal
7,-2.33801,0.743686,0.953115,Critical
23,-2.55289,0.324844,1,Critical
0,0.428848,0.648476,0.138292,Normal
5,-1.88138,1.39144,0.536341,Normal
6,-2.33328,0,0.558521,Warning
19,-0.0895461,1.18955,0.109703,Normal
15,3.1701,0.297394,0.392457,Normal
20,2.13374,0.306871,0.240426,Normal
11,0.0621272,0.0949477,0.171177,Normal
4,-2.95531,0.927756,0.820098,Warning
12,-0.515034,0.540589,0.58914,Normal
10,1.66346,1.00722,0.801212,Critical
2,0.397333,0.653885,0.594962,Normal
18,-0.153485,0.793652,0.249394,Normal
11,-0.576702,0.625039,0.0477189,Normal
8,-0.738054,1.60319,0,Normal
0,0.763286,0.0974592,0.029871,Normal
23,-0.131935,1.29521,0.256609,Normal
3,0.00811472,0.905405,0.510482,Normal
10,0.587521,0.161213,0.315395,Normal
22,1.35206,0.607055,0.630075,Warning
3,-0.736558,0.490147,0,Normal
17,0.360631,0.113664,0.435735,Warning
13,1.07097,1.57218,0.538922,Normal
18,0.354627,0,0.268697,Normal
0,0.0197484,1.01254,0.0209908,Normal
16,0.0508747,0.981194,0.310601,Normal
15,2.70769,0.499417,0.626256,Warning
7,2.26312,0.836657,1,Critical
5,-2.06196,0.246394,0.650137,Warning
1,0.458067,0.45246,0.305943,Normal
7,0.199142,0.264466,0,Normal
15,0.0765648,0.144922,0.23233,Normal
16,1.05439,0.786706,0.832048,Warning
22,-1.22546,0.342757,0.798741,Warning
2,1.16002,1.16933,0.31258,Normal
18,-0.908277,0.899754,0,Normal
2,3.92309,0.585729,0.79189,Warning
7,0.435914,0.486066,0.131058,Normal
7,-3.15752,0.864147,0.914938,Critical
19,-2.0093,0.775275,0.905782,Critical
4,1.21333,0.0416901,0.772348,Warning
1,0.0015758,0.842068,0,Normal
10,0.0474178,0.940689,0.480585,Normal
4,-2.24832,0.583955,0.740474,Warning
4,0.769273,0.520177,0.364169,Normal
8,-1.15663,0.368444,0.679144,Warning
21,-0.183108,0.434991,0.300439,Normal
4,-0.138325,0.531127,0,Normal
0,-2.11881,0.680066,0.506836,Normal
17,-0.215036,1.24194,0.139875,Normal
18,0.322491,0.841193,0.365541,Normal
1,-2.13323,0.346649,0.626772,Critical
20,-2.57717,1.5505,0.458982,Normal
21,0.276898,0.534008,0.586819,Normal
14,3.47897,0.849283,0.56462,Normal
15,-3,0.580345,0.83074,Warning
1,-0.0312425,1.14908,0.389462,Normal
5,0.806435,0.773987,0.491883,Normal
10,0.819375,1.94035,0.628648,Warning
13,-0.019246,0.656384,0.595674,Normal
0,-1.15329,0.482192,0.581889,Normal
15,-1.35657,0.335178,0.551692,Normal
20,-0.46266,1.0583,0.393948,Normal
10,-0.687624,0.725703,0.280663,Normal
14,-1.2679,1.51165,1,Critical
13,-2.35453,0.534319,0.764261,Warning
6,3.40845,0.966637,0.884136,Warning
12,-2.82627,0.277301,0.684201,Warning
22,2.92086,0.950067,0.908353,Critical
2,2.01634,1.13859,0.505056,Normal
1,-0.362581,1.22649,0.441318,Normal
15,0.664866,0.383692,0.414034,Warning
22,0.849686,1.05634,0.391749,Normal
18,2.84693,1.07466,0.426442,Normal
17,0.31576,0,0,Normal
5,0.433943,0.94915,0,Normal
22,-1.73125,0,0.329275,Normal
14,2.04981,0,0.955688,Critical
5,1.6732,0.333373,0.996136,Critical
16,-3,0.480251,0.998939,Critical
17,-0.5574,1.03363,0.528374,Normal
7,-0.747464,1.12477,0,Normal
12,-0.857176,0,0,Normal
11,-0.164144,0.0848934,0.475169,Normal
12,-1.82959,0.913201,0.858413,Warning
6,-1.11779,0.394501,0.974729,Warning
6,-2.23493,0.0510323,0.261106,Normal
12,-0.235743,0.687755,0.224178,Normal
21,0.106482,0,0.460275,Normal
10,2.26023,0.435009,0.697362,Warning
5,0.300612,0.443698,0,Normal
17,1.21888,0.438338,1,Critical
6,-3.60573,0.149706,0.868906,Warning
10,1.24119,0,0.828028,Warning
17,-2.10448,0.817213,0.687614,Warning
10,-0.774337,0.759363,0.0657078,Normal
16,-0.00465351,1.09661,0.0887449,Normal
20,1.27939,0.945961,0.523165,Normal
1,-1.98804,0.465974,0.42821,Normal
22,1.63538,0.0270047,0.493419,Normal
10,-0.0666583,0.668569,0,Normal
11,1.02373,0.491706,0.411289,Normal
2,1.51849,1.36711,0.752497,Warning
2,-1.37239,0.940949,0.919873,Critical
5,0.345314,0.788537,0.123707,Normal
5,-0.261563,0.972179,0.368535,Normal
11,0.0601733,0.867574,0.171255,Normal
7,0.0701372,0.906417,0.371727,Warning
0,0.503673,0.684198,0.254962,Normal
18,1.14661,0.584324,0.509496,Normal
22,3.42728,1.01163,0.681204,Warning
18,-0.476524,1.3271,0.193451,Normal
6,-0.190737,0.649858,0.521798,Normal
14,-0.283713,0.717571,0.67912,Normal
14,-2.42177,0.000571204,0.796058,Warning
3,-2.6177,0.312143,0.916545,Critical
4,-1.81131,1.12275,0.992315,Critical
8,-3.48087,0.684113,0.592494,Normal
0,-0.675897,0.63477,0.447415,Normal
17,-3,0.521974,0.779094,Warning
22,-1.77854,0.868125,0.789997,Warning
19,0.0774686,0.122392,0.414638,Normal
14,-0.419866,0.763924,0.249562,Normal
20,0.775829,0.261046,0.287346,Normal
0,2.79606,0.359668,0.966582,Critical
9,-3,0.829906,0.796778,Warning
18,-1.01507,0.212346,0.752755,Warning
8,0.0903351,1.34616,0,Normal
1,0.49736,0,0.1666,Normal
10,0.623568,0.709241,0.704439,Warning
23,0.401661,0.334646,0.247971,Normal
22,1.28743,0.830699,1,Critical
3,4.28659,0.695873,0.69286,Warning
7,-2.26567,1.46549,1,Critical
17,-0.600818,0.678272,0.241791,Normal
14,-0.456282,0.573292,0.50225,Normal
10,0.588042,0.719047,0.359721,Normal
21,3.3536,0,0.890153,Warning
12,-1.76276,0.852892,0.304714,Normal
11,-1.6514,0.611653,0.579629,Normal
11,-0.27074,0.00460456,0.383148,Normal
20,-2.78372,0.474353,0.396768,Normal
10,-0.670782,1.2119,0.740881,Warning
9,-2.80099,0.620604,1,Critical
0,-0.956771,0.277893,0.243157,Normal
11,-3,0.935092,0.813603,Warning
20,-0.98053,0.684261,0.580507,Normal
14,0.556952,0.221063,0.270704,Normal
15,-0.11001,1.14887,0.492119,Normal
10,2.02572,0.272148,0.876623,Warning
16,0.174969,0.736242,0,Normal
9,0.465234,0.483061,0,Normal
7,0.520778,0.579674,0.385209,Normal
20,-2.54866,0.598339,0.672002,Warning
1,0.245767,0.223727,0.193128,Normal
13,0.579715,0.839875,0.0181318,Normal
5,0.280996,0.19382,0.430208,Normal
1,2.09257,0.296654,0.517898,Normal
0,-0.362302,0.216058,0.354708,Normal
11,0.208251,0.484119,0.193983,Normal
11,-0.519806,1.2041,0.517762,Normal
1,2.1949,0.0387511,1,Critical
7,-0.883777,0.901956,0.184763,Normal
6,1.27003,1.27838,0.184322,Normal
19,0.289515,0,0,Normal
11,-1.18587,0.329846,0.884805,Warning
18,-0.476346,0.615498,0.269689,Normal
20,0.0506513,0.617145,0.549093,Normal
17,-1.49054,1.22347,0.888468,Warning
14,0.889113,0.457113,0.190995,Normal
20,-0.105245,0.54612,0.09526,Normal
6,0.0400842,1.08049,0.297636,Normal
8,-2.14819,0.225017,0.623821,Warning
15,4.22538,0.354176,0.570688,Warning
19,-0.44968,0.777114,0.130424,Normal
8,0.685131,0.771302,0,Normal
22,1.17476,0.871315,0.972591,Warning
11,0.515856,0.765376,0.222987,Normal
11,-0.558209,0.749824,0,Normal
17,-0.387032,0.712326,0.2101,Normal
7,-3.61334,0,0.618373,Warning
10,2.71698,0.920544,0.953175,Critical
10,-1.96469,0.570084,1,Critical
4,0.42033,0.0898131,0.527541,Normal
20,1.70441,0,0.924107,Critical
13,-0.827414,0.436099,0.0692455,Normal
10,-1.5857,0.397957,1,Critical
3,0.815071,0.544137,0.402724,Normal
4,0.436807,0.681572,0.64989,Warning
11,0.512257,0.441158,0,Warning
18,0.269837,0.43644,0.216893,Normal
18,-3,0.732992,0.652927,Warning
15,0.285507,0.600663,0.622201,Normal
5,2.30738,0.302291,1,Critical
10,0.213596,0.9332,0.380858,Normal
13,-1.19103,0.671691,0.73926,Warning
9,2.34948,0.313067,0.774639,Warning
23,-0.0393835,0.972032,0.651326,Normal
11,2.8311,0,0.418951,Normal
5,-0.0163688,0.91497,0.2674,Normal
12,2.92366,1.01922,1,Critical
16,0.0405308,0.850673,0.253489,Normal
16,-0.509327,0.0797091,0.499815,Normal
20,-0.213472,0.15063,0.0213198,Normal
5,-0.423454,0.636683,0,Normal
18,-0.140209,1.03673,0.425059,Normal
2,-0.364988,0.521412,0.342854,Normal
8,-0.937362,0.62531,0.369641,Normal
16,0.264685,0.900283,0.0796449,Normal
19,2.62554,0,0.629715,Warning
3,-1.8793,0.297957,0.911395,Critical
11,-3,0.358969,0.805261,Warning
10,0.910347,0.585915,0.204069,Normal
21,1.05042,0.411288,0.486296,Normal
1,-0.0542194,1.01213,0.423147,Normal
19,0.67487,0.640901,0.108576,Normal
23,2.49168,0.685833,0.346369,Normal
0,0.715749,0.543066,0,Normal
20,1.19036,0.866919,1,Warning
23,-2.75476,0.502597,0.724282,Warning
3,2.82637,0.877553,0.374512,Normal
13,0.627178,0.901359,0.238651,Normal
3,-0.551697,0.499141,0.389901,Normal
16,-3,0,0.607594,Warning
15,-1.39829,1.18201,0.895378,Warning
9,-0.164577,1.601,0.233687,Normal
1,-0.869696,0.180532,0.462265,Normal
4,0.198451,0.960326,0.151226,Normal
8,-3.87003,0.752508,0.675587,Warning
4,-0.638663,0,0.469518,Normal
13,2.08521,0.446275,0.0671136,Normal
0,-0.165154,0.433502,0.25809,Normal
15,0.826232,0.473886,0.53232,Normal
15,1.42061,0.491334,0.501094,Normal
23,4.801,0.607175,0.65347,Warning
17,0.172239,0.939077,0.0651584,Normal
21,-2.77603,0.16533,0.321538,Normal
15,2.57804,0.0889817,0.572623,Normal
13,-0.502716,0.225307,0.335033,Normal
9,2.61042,0.811267,0.444483,Normal
7,2.54807,0.577936,0.583908,Normal
9,-0.311805,0.137588,0,Normal
5,4.16624,1.05924,0.615853,Warning
2,0.208036,0,0.422705,Normal
21,-3,0.347635,0.8882,Warning
20,-2.43502,0.896435,1,Critical
22,-0.772487,1.18073,0.47436,Normal
13,0.126023,0.737608,0.22005,Normal
9,0.296776,0.26951,0.193365,Normal
23,-1.69818,0.715757,0.897766,Warning
1,0.368719,0.643398,0.0778813,Normal
11,1.96796,1.14841,0.365127,Normal
10,-0.911964,0.662631,0.438084,Normal
7,-3.37031,0.614236,0.744279,Critical
1,-1.50705,0.77433,1,Critical
0,0.452796,0,0.164892,Normal
5,0.841581,0.66386,0,Normal
13,-1.16444,0.900577,0.552578,Normal
14,-1.92406,0.449743,0.582735,Normal
3,1.23936,0.474108,0.646536,Warning
10,-0.91008,0.605902,0.146372,Normal
22,0.16415,0.769053,0.154176,Normal
21,2.51637,0.200924,0.588386,Normal
6,-0.440172,0.416678,0.125801,Normal
15,0.126765,0.190484,0,Normal
21,0.976099,0.0635652,0.454084,Normal
7,2.61546,0.719805,0.454011,Normal
0,-0.0587646,0.867817,0.0587323,Normal
5,0.0318945,0,0,Normal
6,2.03802,0.259299,0.995011,Critical
13,-0.739506,0,0.143835,Normal
18,0.0670195,0.738324,0.204047,Normal
16,0.754603,0.334774,0.0785744,Normal
3,0.653731,0.0787636,0.44779,Normal
13,-3,0.346958,1,Critical
20,0.157924,0.415586,0.352481,Normal
14,-1.25706,0.593008,0.223597,Normal
12,-0.482931,1.07266,0.241051,Normal
20,0.706187,0.93929,0.458557,Normal
17,0.568325,1.68425,0.523444,Normal
18,-0.284161,0.65323,0.30727,Normal
10,2.03119,0.74003,0.804743,Warning
15,0.0397835,0.880353,0.378656,Normal
1,1.28736,0.421721,0.391217,Normal
1,-0.604516,0.352328,0.467324,Normal
8,2.16818,0.0287626,0.576212,Normal
10,-1.08668,0.374378,1,Warning
0,2.34608,0.933702,0.977292,Critical
0,0.65755,0.88446,0.426067,Normal
5,-0.155088,0.00310281,0,Normal
15,-0.129109,0.52383,0.3458,Normal
1,0.185571,0.30942,0.185326,Normal
11,-0.269219,0.770268,0.242596,Normal
9,-2.71959,0.852233,0.883758,Warning
5,0.36385,0,0.654367,Normal
14,2.30388,0.993054,0.793646,Warning
14,-0.701525,0.635075,0.495322,Normal
23,3.04637,1.02719,1,Critical
11,-0.692336,0.245324,0,Normal
17,2.46603,0.436633,0.429773,Normal
20,-0.660282,0.120999,0.660311,Warning
23,-0.784102,0.748733,0.429429,Normal
16,-3,0.393388,0.478979,Normal
18,1.77908,0.421155,0.565848,Normal
12,0.85701,0.959267,0.53112,Normal
15,1.75267,0,0.935088,Critical
13,0.878323,0,0.0431203,Normal
9,0.400366,0.763258,0,Normal
13,-0.00640994,0,0.58023,Normal
13,2.46101,0.574622,0.872291,Warning
10,0.808939,0.732913,0.414467,Warning
0,0.132234,0.93873,0,Normal
19,0.403274,0.92045,0.222978,Normal
2,-0.478616,0.269993,0.0604654,Normal
6,0.695999,0.72051,0.433237,Normal
23,-0.193102,1.29563,0.283519,Normal
3,1.00293,0.711892,0.856609,Warning
17,1.17488,0.775311,0.401591,Normal
1,0.0308019,0,0,Normal
13,-0.318549,0.334968,0.478787,Normal
6,-0.718361,0.561809,0.181489,Normal
21,-0.765067,0.484141,0.366956,Normal
9,1.59066,0.751507,0.957687,Critical
19,-0.115434,0.957758,0.140978,Normal
16,0.761623,0.261659,0.239052,Normal
10,2.80476,1.30954,0.959541,Critical
8,-2.28511,0,0.724139,Warning
4,0.169763,0.910008,0.033135,Normal
13,0.397849,0.511339,0.192741,Normal
13,-1.08246,1.05008,0.571528,Normal
3,0.131602,0.405664,0,Normal
7,0.466203,0.463532,0.318654,Normal
16,-0.127779,1.17547,0.462456,Normal
18,-0.102449,0.934889,0.506072,Normal
15,-0.64651,0.540011,0.574076,Normal
12,-0.758577,0.841993,0.0646252,Normal
14,2.92945,0.812155,0.804834,Warning
10,-0.511787,0.466334,0.273688,Normal
4,2.06441,0.468568,0.460927,Normal
18,0.511506,1.28876,0.459159,Normal
8,-2.67737,0.481899,0.563099,Warning
10,-0.457767,0.00982605,0.258229,Normal
1,0.548812,1.23335,0.32455,Normal
9,0.261261,0.711633,0.220846,Warning
20,0.531753,0.256131,0.0830791,Normal
14,2.51923,0.556597,0.347009,Normal
3,0.685946,0.415486,0.244267,Normal
4,-2.83812,1.22947,0.880334,Warning
17,0.101152,0.021813,0.0881983,Normal
20,0.503549,0.0213216,0.521875,Normal
6,3.78925,1.31816,0.560658,Normal
10,-0.304228,0.0346033,0.269569,Normal
2,-2.27434,1.12404,1,Critical
11,1.86834,1.10128,0.902982,Critical
22,-0.247712,0.117347,0.103028,Normal
10,-1.60862,0.814992,0.131847,Normal
1,3.57095,1.09389,1,Critical
0,-0.0846425,0.620067,0.920621,Normal
6,0.917486,0.328007,0,Normal
21,-0.904454,0,0.0279428,Normal
20,-1.83104,0,0.803895,Warning
9,-3,0.344563,0.682591,Warning
3,1.7142,0.36442,0.340061,Warning
16,0.335836,0.598389,0,Normal
9,-0.0203405,0.483339,0.504466,Normal
14,-0.472771,0.466395,0.61831,Warning
19,-0.130037,0.418162,0,Normal
11,2.51894,0,0,Normal
21,-0.407668,0.891566,0.369124,Normal
13,0.0687259,0.656652,0.0566501,Normal
13,-1.75796,0.605607,1,Critical
19,0.261283,0.860208,0.0975684,Normal
7,-1.1034,0.88681,0.876937,Warning
6,1.39164,0.308967,0.346236,Normal
21,0.375768,0.404058,0.510117,Normal
5,-0.0576795,0.27082,0.450928,Normal
21,-0.520888,0.909611,0,Normal
4,-0.834248,0.546675,0.240828,Normal
0,-0.877763,0.722722,0.395809,Normal
1,1.02886,0.648019,1,Warning
8,0.0322478,0.165644,0.107033,Normal
6,0.823064,0.975002,0.409559,Normal
12,-0.327018,0.109302,0.449476,Normal
4,1.30308,1.09932,0.573361,Normal
17,-0.159279,0.597372,0.797406,Warning
1,-2.94395,0.418045,0.923243,Critical
5,0.785224,0.329324,0.469951,Normal
0,0.495072,0.79441,0.272734,Normal
15,-0.12538,0.933805,0.220982,Normal
2,0.854114,0.332107,0.0776249,Normal
14,0.180794,0.61414,0.177918,Normal
4,-1.58069,0.552658,0.398536,Normal
9,-0.788355,0.493169,0.0685952,Normal
19,-0.826615,0.390995,0.920057,Warning
10,0.235825,0.276724,0.170194,Normal
5,0.200224,1.34574,0,Normal
0,2.12462,0.775495,0.887277,Warning
16,1.22205,0,0.95681,Critical
9,3.73815,1.14913,0.55511,Normal
16,-0.551066,1.07575,0.21967,Normal
19,-0.872089,0.36301,0.0706555,Normal
18,1.55131,0.727926,0.933894,Critical
9,-0.807653,0.792252,0,Normal
3,4.42602,0.746816,0.519829,Normal
13,-0.423994,0.373079,0.639315,Warning
19,-0.667844,0.202905,0.00796626,Normal
18,0.489588,0.785476,0.0505512,Normal
11,0.579028,0.410659,0,Normal
8,-2.20075,0.458258,0.547609,Normal
21,2.76719,0.798331,1,Critical
2,0.206651,0.935125,0.743857,Normal
23,-0.954827,0.698526,0.120886,Normal
13,1.42784,0.810073,0.856213,Warning
12,1.92563,1.08392,0.392747,Normal
6,-0.626369,0.442052,0.208502,Normal
14,-0.0866679,1.08452,0,Normal
17,-3,0.888136,0.688846,Warning
21,-0.438748,0.322865,0.220317,Normal
2,-2.01971,0.399779,0.984463,Critical
20,2.20587,0.838491,1,Critical
13,0.60074,0,0.364167,Normal
7,-1.16677,0.336788,0.932287,Warning
2,-3.87977,0.102822,0.86915,Warning
8,0.282852,0.837872,0.000977046,Normal
0,2.59404,1.1314,1,Critical
3,0.0435643,0.0662495,0.0540202,Normal
20,2.2807,0.442023,1,Critical
7,-1.96215,0.223168,0.660302,Warning
7,1.86892,1.45921,0.615643,Warning
7,3.13352,0.257295,0.385189,Normal
4,-2.44225,0.192637,0.649761,Warning
9,2.0336,0.836807,0.422129,Normal
20,-0.835136,0.964284,0.515551,Warning
4,-0.0608477,0.349063,0,Normal
15,0.351446,0.529212,0,Normal
9,-0.761597,0.480783,0.616577,Warning
14,2.25428,1.40766,0.316573,Normal
13,1.15565,1.16646,0.693109,Warning
7,0.104193,0.792219,0.199432,Normal
1,1.72758,0.194789,0.59107,Warning
20,-0.755104,0.345886,0.443808,Normal
8,-2.20266,0.450212,0.502307,Normal
0,0.590705,0.396515,0.00579593,Normal
5,0.516968,0.610039,0.796596,Warning
6,0.51171,0.241857,0.645041,Warning
11,-0.0220798,0.469825,0.289451,Normal
23,-1.07742,0.391023,0.523787,Normal
1,1.37585,1.05547,0.903223,Critical
20,-0.0478419,0.854721,0.132577,Normal
15,-0.179632,0.719704,0.0093813,Normal
20,-1.15102,1.46858,1,Warning
16,-0.220443,0.0772153,0.224379,Normal
6,-1.33069,0,0.737504,Warning
16,1.66394,0.360254,0.807247,Warning
20,0.312529,0.981889,0.0661343,Normal
1,-0.298862,0.318216,0.378992,Normal
18,0.889115,0.480613,0.0904192,Normal
7,-3.2297,1.13642,0.663076,Warning
1,-1.6425,0.440995,0.780608,Warning
2,1.23454,0.112655,0.716687,Warning
22,-0.13891,0.302613,0.339608,Normal
12,-1.4971,0,0.735843,Warning
23,0.106394,0.592132,0,Normal
9,0.24654,1.01225,0,Normal
21,0.715281,0,0.202173,Normal
6,-1.75309,0.0394407,1,Critical
5,-0.212938,0.530939,0.380237,Normal
0,0.794868,1.13781,0.106644,Normal
19,-0.326764,1.24926,0.188898,Normal
15,1.22984,0.38151,0.102499,Normal
13,0.387072,0.563904,0.0950879,Normal
19,2.92253,0.376411,0.534749,Normal
10,0.985938,0.674459,0.410797,Normal
7,-1.8965,0.699661,0.771763,Warning
21,-0.22643,0,0.0952208,Normal
0,1.85431,0,0.617867,Warning
20,-0.234639,1.61066,0.244821,Normal
4,1.5249,0,0.478842,Normal
19,-0.869647,0.181391,0.425365,Normal
12,0.932858,0.158225,0.355114,Normal
0,-0.72605,1.04195,0.35091,Normal
14,0.138351,0.944214,0.667131,Normal
16,-0.323462,1.05918,0.061809,Normal
19,-2.68865,0.811635,0.615576,Warning
12,0.859142,0.549958,0.3812,Normal
17,1.08191,0.369295,0.667906,Warning
3,0.718194,0.357951,0.570734,Normal
14,-0.67477,0.791836,0.115958,Normal
17,-0.050818,0.211115,0.592134,Normal
1,-1.12257,0.136981,0.959939,Warning
2,1.32902,0.717928,0.634193,Warning
21,-3,0.101375,0.571657,Normal
8,0.833491,0.740057,0,Normal
0,-0.15817,0.675958,0.028641,Normal
17,-0.19831,0.816659,0.399759,Normal
17,1.4073,0.399355,0.659071,Warning
11,-3,1.22982,0.880078,Warning
16,-0.0592929,0.318191,0.17307,Normal
15,0.808353,0.939881,0.161422,Normal
11,-2.5148,0.595328,0.591436,Normal
11,0.318291,0.676561,0.160216,Normal
10,3.39416,0.763252,0.372905,Normal
22,0.800694,0,0,Normal
4,2.63204,0.635776,0.722439,Warning
20,0.198533,0.839376,0.714093,Normal
9,0.237509,0.753581,0.883667,Normal
22,-0.280006,0.124211,0.0852188,Normal
5,-0.547882,0.219057,0.105794,Normal
21,0.116664,1.18078,0.298329,Normal
2,3.67012,0.439902,1,Critical
6,-0.0668006,0.300027,0.459897,Normal
23,-0.892674,0.587216,0.0210385,Normal
15,-0.58294,0.283552,0.0542958,Normal
23,-0.473736,0.921669,0.25729,Normal
16,0.157181,0.270573,0.136965,Normal
15,0.458957,0.13545,0.331029,Normal
2,-0.807864,0.617592,0.113538,Normal
18,0.871735,0.787378,0.141639,Normal
19,3.43891,0.458276,0.319061,Normal
4,-2.53969,0.224058,0.674891,Warning
23,2.9496,0.84147,0.668153,Warning
23,-0.496309,0.651088,0.425041,Normal
5,0.208322,0.525458,0.337174,Normal
22,-0.274324,0.646404,0.508313,Normal
15,-0.455464,0.0552658,0,Normal
20,2.90202,0.610904,0.584199,Normal
20,0.346939,0,0.207293,Normal
4,-2.73532,0.729681,1,Warning
20,-0.0206828,0,0.127548,Normal
9,0.516047,0.619399,0.485825,Normal
10,1.51239,1.08285,0.534437,Normal
8,-0.73781,0.966287,0.624589,Warning
12,-0.608406,0.763986,0.625482,Warning
16,0.171875,0.826198,0.197072,Normal
9,-3,1.22323,0.414701,Normal
7,0.0204972,0,0.406852,Normal
3,2.01601,0.364049,0.86917,Warning
13,-0.153574,0.20442,0.19316,Normal
5,0.803275,0.467846,0.127485,Normal
20,-0.361729,0.1819,0.290242,Normal
14,0.374986,0.801898,0.47372,Normal
9,0.698076,0.638468,0.173444,Normal
18,-3,0,0.902402,Critical
6,0.68459,0.140087,0.336787,Normal
4,-0.704699,1.20851,0.0250044,Normal
23,-1.44129,1.0121,1,Critical
6,-1.06073,0.844095,0.905323,Warning
21,0.169388,0.389966,0.445354,Normal
3,0.52727,0,0.00834438,Normal
21,0.179708,0.503773,0.459417,Normal
0,-0.218576,0.146062,0.376568,Warning
11,-0.0286466,1.27958,0.569991,Normal
18,-0.833175,0.733681,0,Normal
16,-0.0116208,0.543468,0.466071,Normal
20,-0.164006,0.0270779,0.352277,Normal
20,-0.195323,1.14395,0.367865,Normal
16,-0.889882,0.36372,0.654177,Warning
6,2.538,0.763852,0.598196,Normal
8,-2.36794,0.550193,0.829536,Warning
21,0.0490067,0.614798,0.440585,Normal
7,0.957057,1.46797,0.196141,Normal
20,0.277448,0,0.0271622,Normal
5,1.8838,1.4773,0.380188,Normal
3,3.11403,1.06062,0.693748,Warning
7,0.22568,1.25746,0.285589,Normal
9,0.594202,0.906777,0.448826,Normal
2,-1.93895,0,0.756596,Warning
5,2.35778,0.39117,0.724493,Warning
6,-0.622462,0,0.181424,Warning
6,-0.0135181,0.183357,0.189824,Normal
12,-0.110881,0.949851,0.412991,Normal
23,0.991667,0.753579,0.57619,Normal
15,-0.688052,0.147014,0.241212,Normal
7,1.48455,0.633818,0.854762,Warning
5,-3.20768,0.437539,0.478292,Warning
21,-0.0190106,0.321255,0.299696,Normal
2,0.0976836,1.23174,0.329762,Normal
12,-0.159963,1.08734,0,Normal
21,1.86037,0.891743,0.563209,Normal
20,2.77631,0.80164,0.607131,Warning
1,-0.0817857,0.364525,0.283071,Normal
9,2.14606,0.902004,0.71404,Critical
2,4.33667,0.787305,0.790307,Critical
20,0.402544,0.594399,0.187941,Normal
15,0.275077,1.34508,0.0754865,Normal
19,2.40129,0.63499,0.636954,Warning
23,-1.25245,0.622576,0.895262,Warning
18,-0.155741,0.646358,0.373653,Normal
21,1.14026,0.617761,0.720532,Warning
9,-2.98443,1.08966,0.605461,Warning
8,0.753221,0.650387,0.365791,Normal
20,2.34963,0,0.66251,Warning
5,-0.677924,0.571345,0,Normal
11,-0.359509,1.21156,0.0517739,Normal
6,-0.244086,0.952954,0.49293,Normal
8,-2.15255,0.229723,1,Critical
2,0.838043,0.54243,0.282522,Normal
3,-1.03821,0.46399,0.24065,Normal
3,-1.91257,0,0.779224,Warning
10,-0.730357,0.88118,0.130366,Normal
12,0.618377,0.65905,0.107265,Normal
6,-0.0924006,0.327533,0.0744032,Normal
5,3.76126,0.562364,0.42514,Normal
6,3.2785,0.0852368,0.842469,Warning
2,2.96318,0.792339,0.750674,Warning
6,0.229155,1.1585,0.374026,Normal
23,0.505925,0.858531,0,Normal
2,-0.00427904,0.264081,0.346385,Normal
6,2.06714,0,1,Critical
20,-0.363896,0.759803,0,Normal
11,-2.52217,1.0521,0.614243,Warning
9,-1.93469,0.530465,0.365749,Normal
1,-3.02706,0.552849,0.833826,Warning
12,-1.17036,0.949204,0.802323,Warning
0,0.152665,0.840971,0.211559,Normal
15,-0.412329,1.05683,0.149987,Normal
3,0.383061,0.836014,0.602729,Normal
6,-3.99239,0.33797,1,Critical
4,-0.603321,0.786664,0.442304,Normal
15,0.771551,0.423934,0.432376,Normal
11,-0.186466,1.12401,0.378747,Normal
1,0.427651,0.888859,0.611451,Warning
14,-0.240474,0.698605,0.372594,Normal
2,-2.32199,0.601553,0.697422,Warning
14,0.234602,0.827438,0.200278,Normal
18,-0.556593,0.368366,0.461416,Normal
4,-0.308178,0.6072,0.56131,Normal
19,0.701114,0.499102,0,Normal
19,0.268108,0.255686,0.715741,Normal
22,-1.18328,0.273233,0.92001,Warning
13,-0.031781,0.831767,0.215137,Warning
20,-0.000259374,1.27569,0.340068,Normal
17,1.16602,0.409522,0.856241,Warning
21,-1.37635,0.820456,0.706616,Warning
17,-1.29745,1.26198,0.591061,Normal
10,1.19872,0.552429,1,Warning
22,-2.01268,1.26781,0.816521,Warning
22,1.88871,1.10092,0.731592,Warning
7,-0.272586,0.454182,0.186507,Normal
0,-0.169977,1.15802,0.391894,Normal
22,-2.36952,0.0408156,0.845062,Warning
14,0.649516,0.229307,0.421261,Normal
8,0.0829437,0.764144,0.416776,Normal
18,0.0398714,1.06564,0.288119,Normal
11,-1.21744,0.419208,0.970387,Critical
7,-0.300858,1.2281,0.107943,Normal
1,-0.0951836,0.775246,0.360857,Normal
5,0.268741,0.432668,0.321006,Normal
15,-0.441312,0.580026,0.340648,Normal
21,-0.373487,0.776592,0,Normal
18,1.63516,0.432433,0.195396,Warning
12,-0.26007,0.338941,0,Normal
3,-0.5897,0.146095,0,Warning
2,0.286577,0.771291,0.178817,Warning
12,1.75055,0.52524,0.804277,Warning
11,0.891121,0.847374,0.569192,Normal
16,0.33077,0.723062,0.321527,Normal
10,-0.322706,0.543122,0.357435,Normal
19,0.342226,0.710659,0.128618,Normal
2,-0.950542,0.574715,0.177171,Normal
19,0.420824,0.210213,0,Normal
19,1.48664,0.717626,1,Critical
11,-0.611922,0,0.457681,Normal
17,0.465902,0.490467,0.347213,Normal
20,3.22574,0.959137,1,Critical
4,-0.351869,0.147862,0,Normal
2,3.24135,0.498852,0.702506,Warning
14,0.0328954,0.213597,0.988052,Normal
5,-0.18721,0.274533,0.133784,Normal
21,-0.110714,0.0292493,0,Normal
17,2.74736,0.144626,0.401967,Normal
3,1.04567,0.679616,0.639709,Warning
22,-3,0.778438,0.780907,Warning
8,0.985012,0.65553,0.760929,Warning
0,-0.988761,0.114925,0.296264,Normal
10,1.64304,0.223059,0.86637,Warning
16,-0.404411,0.994949,0.274108,Normal
4,0.901416,0.570404,0,Normal
19,-2.58251,1.14812,0.642032,Critical
6,-0.233821,1.03251,0.286544,Normal
17,0.26401,0.381255,0.241905,Normal
11,2.73361,0.842778,0.959891,Critical
12,0.543056,0.120751,0.58379,Normal
5,-0.984942,0.409075,0.393419,Normal
11,-0.123621,0.286565,0.472496,Normal
13,-0.202543,0.383766,0,Normal
21,0.149226,0.893669,0.779665,Normal
12,2.32263,0.462689,0.485963,Normal
9,-0.521368,0.320132,0.246057,Normal
15,0.552585,0.714518,0.349936,Normal
13,0.6595,1.06555,0.215477,Normal
8,0.447916,0.641753,0.302331,Normal
17,0.352422,0.917532,0.26089,Normal
12,3.68118,0.888213,0.590256,Normal
6,-0.677715,0.772232,0.267517,Normal
12,-2.35932,1.51566,0.106231,Normal
0,0.461784,0.376809,0.412682,Normal
12,-0.693563,0.338432,0.317789,Normal
16,0.229972,1.22177,0.199215,Normal
13,-2.05014,0.802211,1,Critical
20,1.34465,0.74933,1,Critical
17,0.418375,0.997663,0.638605,Warning
12,-1.23925,0,0.733775,Warning
15,-0.615478,0.524954,0,Normal
21,-1.25832,0,0.84897,Warning
6,-0.0745183,0.857695,0.542127,Warning
21,2.06383,0.35788,0.76252,Warning
12,2.91219,0.20308,0.792754,Warning
10,-0.349181,0,0.0883502,Warning
16,0.639688,0.537009,0.662874,Warning
14,-0.118841,0.162442,0.136302,Normal
2,0.332197,0.0448952,0.0704463,Normal
21,0.302126,0.600398,0.151731,Normal
22,0.360444,1.16062,0.528801,Normal
19,0.163105,0.689883,0.639353,Normal
22,2.0634,0.279906,0.68599,Warning
0,-2.96237,0,0.778837,Warning
0,1.82949,0.371635,0.79251,Warning
10,-3,0.612841,1,Critical
16,0.478313,0.246939,0.121545,Normal
21,-0.145928,0.52803,0.0407314,Normal
10,2.49819,0.779937,0.81602,Warning
5,-0.887584,0.189745,0.50322,Normal
15,0.238987,0.566644,0.491204,Normal
0,0.569962,0.945761,0.193329,Normal
4,-3.30942,1.01138,0.941918,Critical
21,0.983114,0.535164,0.0634504,Normal
4,-0.0340753,0.681165,0.0718416,Normal
13,-0.768528,0,0.0739224,Normal
4,0.247556,0.818999,0.345373,Normal
11,-0.879296,0.936124,0.271408,Normal
0,-1.07658,0.447027,0.652777,Warning
20,1.5896,0.664914,0.599886,Normal
12,1.0719,0,0.484609,Normal
4,-0.741349,0.889457,0.406728,Normal
0,1.19763,0.982733,1,Warning
4,-0.625949,0.428839,0,Normal
10,4.61749,1.27884,0.900757,Critical
10,0.208181,0.650827,0.387181,Normal
2,-0.455998,0,0,Normal
12,-0.228827,0.719603,0.522111,Normal
14,1.47506,0.70835,0.881289,Warning
21,-1.20207,0.541588,1,Critical
10,-2.781,0.757265,0.727404,Warning
6,2.39727,0.282998,0.619426,Warning
1,0.865257,0.938752,0.223209,Normal
15,0.0364006,0.709218,0,Normal
12,-0.381691,0.361086,0.01902,Normal
23,1.05787,0.925604,0.931091,Warning
1,-2.81596,0.666447,0.749209,Warning
19,0.535423,1.34915,0.570947,Normal
3,2.26015,0.49497,0.428296,Normal
22,1.18789,0.970391,0.82944,Warning
14,0.104579,0.25554,0.240082,Normal
11,-0.369287,0.60483,0.178185,Normal
2,3.10993,0.783819,0.874444,Warning
0,-0.6612,0,0.396854,Normal
19,0.801333,0.456519,0.453691,Normal
18,2.85441,1.11422,0.734554,Warning
11,0.401951,0.505287,0.141436,Normal
0,-0.0887724,0.246996,0.341646,Normal
23,-0.303446,0.744424,0.479065,Normal
3,0.410915,0.343181,0.323238,Normal
17,0.360402,0.160191,0.412045,Normal
5,-1.0053,0.870472,0.639852,Warning
17,-0.895164,1.39648,0.221848,Normal
11,0.259924,0.000124659,0.193391,Normal
23,-1.26595,0.88201,0.210369,Normal
5,1.52029,0.731158,0.595551,Normal
18,0.896129,0.855821,0.0708529,Normal
18,2.93421,1.17168,0.642552,Warning
7,3.10182,0.928675,0.783857,Warning
19,1.26477,0.737893,0.655383,Critical
4,1.61878,0.866314,0.753051,Warning
6,0.0154364,0.228911,0.165359,Normal
0,1.61799,0.693859,1,Critical
12,-0.682672,1.0956,0.19187,Normal
5,0.0273627,0.948358,0.492429,Normal
17,0.820588,0.370968,0.369266,Normal
12,-2.52312,1.26313,0.485217,Warning
10,-0.631027,0.233451,0.0868257,Normal
11,0.206991,0.989343,0.641716,Normal
20,-0.196208,0.190234,0.146531,Normal
14,-0.113887,0.164644,0.232174,Normal
23,1.24032,1.60229,0.294046,Normal
1,2.74376,1.27528,0.830806,Warning
5,-0.636159,0.327941,0.173802,Normal
1,0.607125,0.558381,0.0217776,Normal
13,1.09053,0.527206,1,Warning
18,-1.24386,1.26786,0.665319,Warning
15,-0.955597,1.23255,0.498703,Normal
6,-0.853249,0,0.383728,Normal
18,0.371679,1.02506,0.121002,Normal
14,1.9339,1.15638,0.0908684,Normal
23,-3,0.13628,1,Critical
15,-3,0.54684,0.553318,Normal
1,-1.04554,0.99122,0.974434,Warning
22,0.957492,0.427653,0,Normal
1,1.49557,0.00196471,0.512952,Normal
21,0.452238,0.748046,0.483175,Normal
18,-0.49262,0.375145,0,Normal
15,0.394533,0.364025,0.227767,Normal
12,-0.384299,0.702683,0.571306,Normal
6,-1.75294,0.694973,0.459931,Normal
14,-0.104586,0.804949,0.0299244,Normal
17,2.73429,0.712891,0.715191,Warning
20,0.529341,0.330251,0.149699,Normal
15,1.08115,0.453682,0.523863,Normal
18,-0.238818,0.162416,0,Normal
2,0.0808007,0.508505,0.723284,Normal
3,0.386886,0.494774,0.258862,Normal
22,-0.655556,0.00537165,0,Normal
6,2.6951,0.595164,0.85543,Warning
16,0.662685,0.600738,0,Normal
0,0.145319,1.20549,0.296853,Normal
19,-1.0118,0.805906,1,Warning
4,0.134458,0.191167,0.474463,Warning
16,-0.681929,0.849461,0.0402087,Normal
10,-2.59653,0.651605,0.613312,Warning
16,0.733184,0.531177,0.356445,Normal
14,1.2982,0.567543,0.684817,Warning
17,-0.62022,0.255725,0.341673,Normal
11,2.68504,0.22799,0.904118,Critical
18,-1.274,0.40803,0.929016,Critical
1,2.35394,0.474886,0.797875,Warning
12,-0.563005,0.137873,0.707039,Critical
20,-0.304471,0.919572,0,Normal
22,1.30461,0.485858,1,Critical
2,-0.309162,0.314023,0.506612,Normal
8,-1.04806,0.62296,0.612708,Warning
13,2.48367,0.262965,0.485546,Normal
20,1.35125,0.607177,0.790639,Warning
11,0.954485,0.94584,0.484226,Normal
23,0.0915419,0.73838,0.123012,Normal
19,1.03878,0.757037,1,Warning
9,2.77852,0.951482,0.757089,Warning
3,0.401179,0.0903831,0,Normal
1,2.48718,0.650965,1,Critical
9,-3,0.629555,0.885044,Warning
14,-0.0171001,0.782202,0.12191,Normal
3,0.230999,0.123762,0.34689,Normal
8,2.46161,0.310237,0.545489,Normal
0,-3.47154,0.194597,0.927602,Critical
8,1.81482,0.432524,0.539156,Normal
16,0.621337,1.13119,0,Normal
6,-0.918042,0.322203,0.211661,Normal
10,3.19976,0.559338,0.867623,Warning
20,-0.244294,1.25475,0,Normal
18,0.5603,0.808282,0.0768939,Warning
22,-2.75659,0,1,Critical
19,1.93905,1.29637,0.687989,Warning
13,-1.88752,0.0817707,0.856934,Warning
13,3.14318,0.576489,0.685162,Warning
15,-1.19429,0.730078,0.93503,Warning
22,2.92087,0.66601,0.471321,Normal
12,1.14793,0.753665,1,Warning
13,0.741474,0.720396,0,Normal
2,-1.29604,0.714401,0.655484,Warning
11,0.138592,1.26867,0.266483,Normal
7,-3.3111,0.604608,0.539474,Warning
6,-3.74628,0.577102,0.872659,Warning
2,0.118444,0.528364,0.673495,Normal
19,3.74144,0.340843,0.683716,Warning
14,-0.63703,0.601431,0,Normal
21,-3,0.143697,0.864741,Warning
1,-0.830239,0.371384,0.338617,Normal
17,-3,0.938859,0.903863,Critical
2,2.60267,0.190265,0.290674,Warning
19,1.17665,0.502685,0.537584,Normal
1,-2.90104,1.33708,0.439623,Normal
2,-0.512727,0.694801,0.316106,Normal
22,0.966452,0.804831,0.0736153,Normal
11,-1.01162,0.955402,0.528194,Normal
3,2.84036,1.04502,0.939329,Critical
22,2.19478,1.00523,1,Critical
7,0.0461763,0.516862,0.605948,Normal
12,-1.03203,0.648208,0.892039,Warning
23,-0.17877,0.315015,0.475542,Normal
11,0.504739,0.955215,0.537179,Normal
11,-3,0.722382,0.714076,Warning
12,-1.09826,0.644622,0.837918,Warning
23,-1.80145,0.387361,0.955602,Critical
12,1.41578,0.679516,0.330768,Normal
18,-1.34702,0.434696,0.811517,Warning
22,0.639662,0.904945,0.0415548,Normal
23,-0.0749938,0.42167,0.557066,Normal
2,-0.0328024,0.763848,0.375422,Normal
19,2.36683,0.812977,0.913144,Critical
2,1.10622,0.34374,0.635587,Warning
12,0.322547,0.218624,0.135381,Normal
18,3.04721,0.8303,0.72051,Warning
6,-0.99503,1.16383,0.0897913,Normal
5,-0.397239,0.304918,0.720284,Normal
17,-0.739724,0.855733,0.0540667,Normal
16,-2.45217,0.594811,1,Critical
4,-2.11401,0.510129,0.971,Critical
23,2.05719,1.66732,1,Critical
2,-0.689996,0.981523,0.239147,Warning
19,-0.265853,0.503878,0.183757,Normal
8,1.23848,0,1,Critical
7,3.57325,0.427136,1,Critical
0,0.365705,1.0304,0,Normal
22,2.92125,0.178602,0.948195,Critical
5,0.938583,0.3413,0.13751,Normal
8,-0.110623,0.00742531,0.0592922,Normal
3,-0.2039,0.220736,0.525848,Normal
1,2.46305,0.999128,0.821937,Warning
2,0.0700104,1.11749,0.538894,Normal
12,-1.86005,1.00545,0.779363,Warning
17,1.96214,0.367867,0.679653,Warning
20,-2.93575,1.24035,0.581096,Normal
13,2.17175,0.765291,0.886908,Warning
0,0.805135,0.960038,0.519007,Warning
4,-2.65749,0.391184,0.962694,Critical
0,0.396574,0.629759,0.527101,Warning
23,0.175638,0.101399,0.652253,Normal
22,-0.560513,0.970633,0,Normal
20,4.44905,0.813347,1,Critical
13,-0.0780331,0,0.611383,Normal
9,1.69571,0,0.821245,Warning
10,-2.03144,0.649352,0.902878,Critical
3,-1.15045,1.19872,0.333371,Normal
12,3.1386,0.470303,0.365225,Normal
1,-0.506355,0.399749,0.350306,Normal
8,-2.82947,1.67279,0.819187,Warning
23,-0.450143,0.200462,0.310778,Warning
21,-2.83609,1.12991,0.694572,Warning
14,0.435549,1.03895,0.411706,Normal
9,-0.525407,0.095771,0.206828,Normal
7,-0.473081,0.908345,0,Warning
8,-0.130085,0,0.577966,Normal
14,-2.41002,0.520861,0.728113,Warning
11,-0.68046,0.620017,0,Normal
1,-0.824587,0.318258,0.719918,Warning
8,-0.972026,0.114643,0.315669,Normal
8,0.546573,0.474855,0.412851,Normal
21,0.759559,0.954656,0.455439,Normal
10,-1.33339,0.0656451,0.720351,Warning
2,2.3525,0.986231,0.740254,Warning
15,-0.0353681,0.866784,0.437848,Normal
21,1.72207,0.428492,1,Critical
8,-0.872219,1.57672,0,Normal
17,-0.881865,0.438155,0,Normal
0,0.352626,1.05417,0,Normal
0,3.11443,0.147353,0.766387,Warning
23,-1.09395,0.453045,0.993457,Warning
1,-2.50801,0.905125,0.453705,Normal
4,1.85964,1.17038,0.697089,Warning
1,-3.19483,0.386874,0.824258,Warning
10,0.84348,0.667,0.508477,Normal
17,-1.56525,0.770392,0.605009,Warning
15,-2.54093,0.685053,1,Critical
16,-1.08209,0.727809,0.696995,Warning
5,0.164197,0.826252,0.157444,Normal
23,-2.87524,1.03605,0.702272,Warning
17,2.95057,0.293338,0.977571,Critical
11,1.82802,0.55382,0.741702,Warning
3,0.313927,0,0.362782,Normal
7,-1.30755,0.957114,0.817484,Warning
13,0.303073,0.454905,0,Normal
1,-2.56477,0.741191,0.807124,Warning
22,-2.46068,0.731286,0.283293,Normal
12,2.86773,0.896452,0.691438,Warning
17,0.272884,0.757588,0.00261088,Normal
19,1.39241,0,0.544303,Normal
5,0.0500317,0.422155,0,Normal
11,-0.0659395,0.717838,0.663341,Normal
6,-0.26092,0.429633,0.43726,Normal
7,0.595204,0.854538,0,Normal
9,-3,0.251197,0.991352,Critical
4,-1.10818,0,0.485714,Normal
16,1.40578,1.4669,0.8767,Warning
10,0.128182,0.697777,0.655748,Normal
1,-0.432881,0.791353,0,Normal
7,1.24772,0.909235,0.458621,Normal
13,3.32547,0.966487,0.673662,Warning
21,0.82294,0.235371,0.363933,Normal
2,-2.59272,0.649028,0.419711,Normal
18,-0.60301,0.378439,0,Normal
11,0.452398,1.13718,0.217441,Normal
13,-0.690526,1.02633,0,Normal
13,-2.16961,0.415753,0.55516,Normal
9,-1.37725,0,0.51624,Normal
1,2.05328,0.2272,1,Critical
6,-0.126482,0.863312,0.601091,Normal
18,0.861961,0,0.287322,Normal
8,3.25886,0.949053,1,Critical
5,-1.33622,0.489914,1,Critical
23,0.127412,0.504668,0.41313,Normal
6,-0.798616,0.687589,0.0913253,Normal
20,-0.340039,0.328254,0.162104,Normal
13,-0.0288495,1.00398,0.0318127,Normal
16,0.237777,0,0.26412,Normal
11,2.4522,0.950126,0.887662,Warning
9,-3,0.440011,1,Critical
9,0.841262,0.893886,0,Normal
4,-0.566541,0,0.535004,Normal
5,-2.03626,0.720544,0.596634,Normal
16,0.0466603,1.47427,0.320871,Normal
6,0.805956,0.482615,0.558818,Normal
18,-0.768278,0.136688,0.274458,Normal
17,-0.601999,0.783515,0.480064,Normal
21,-0.804589,0.902891,0.22085,Normal
6,-3.33096,0.534591,0.955093,Critical
14,0.0618663,1.30564,0.167423,Warning
8,-1.02441,0.225811,0.33642,Normal
18,-2.94091,0.904955,0.573311,Normal
18,1.15779,0,1,Warning
18,-2.02595,0.691685,0.882647,Warning
22,-0.446644,0.468849,0.197229,Normal
22,-2.15862,0.621037,0.508614,Normal
13,1.44682,0.854263,0.408325,Normal
22,-0.0793246,1.02193,0.371595,Normal
16,-0.366403,1.20275,0,Normal
17,-1.2417,0.342597,0.767659,Warning
5,2.29178,0.930021,0.362473,Normal
8,0.305608,0.285736,0.210181,Normal
1,2.10482,0.287229,1,Critical
0,0.762157,0.465589,0.239735,Normal
6,-3.43465,0.612623,0.704885,Warning
1,-0.823317,0.680233,0,Normal
8,0.680791,0.874988,0.432561,Normal
22,1.70521,0.571155,0.602419,Warning
21,-3,0.795879,0.740285,Warning
9,-1.21204,0.777651,1,Critical
17,-0.208205,0.111737,0.443635,Normal
2,3.42506,0.989958,0.484501,Normal
8,-0.382981,0.310179,0.528047,Normal
7,0.192504,0.349017,0.804519,Normal
23,-0.44374,0.650234,0.687872,Warning
7,-0.523247,0.85818,0,Normal
13,2.57912,0.987586,0.767943,Warning
6,2.12625,0.108225,1,Critical
6,-1.3588,0.68343,0.756686,Warning
14,0.571112,0.537922,0.411299,Normal
21,0.323453,0.665271,0.413248,Normal
1,0.0493076,0.536817,0.632841,Normal
0,0.127523,0.0346814,0.59376,Normal
15,3.57576,0.0281302,0.437952,Normal
12,-0.748637,0.410083,0.165325,Normal
2,0.708188,0.226747,0.126806,Normal
9,0.191792,0.462656,0.73003,Normal
21,-0.198703,0.116059,0.282851,Normal
9,-3,0.673811,0.976884,Critical
11,-0.393902,1.30349,0.0162121,Normal
0,0.574298,1.07471,0.485753,Warning
2,-0.995816,0.279066,0.142254,Normal
14,-0.484105,0,0.330984,Normal
16,0.188108,0.930884,0.418088,Normal
17,-0.827584,0.813186,0.0624573,Normal
16,-0.12743,0.162211,0.102159,Normal
9,-0.687307,0.618044,0.0242461,Normal
19,1.41525,0.48354,0.971693,Critical
21,0.821776,0.50619,0,Normal
13,-1.22518,0.472273,0.370832,Normal
19,-1.05485,0.168326,0.759401,Normal
13,1.65904,0.150309,0.92908,Warning
16,-1.05693,0.123305,1,Critical
12,-0.731915,0.207515,0.158403,Normal
20,-0.0786278,1.01419,0.470814,Normal
23,-0.0744997,0.833268,0.339244,Normal
15,-0.105465,0.725742,0.4265,Normal
20,1.37388,0.23118,0.157847,Normal
9,1.41176,0.358176,0.812627,Warning
19,0.0199021,0.154256,0.301955,Normal
14,-0.864641,0.495157,0.199969,Normal
4,0.113389,0.342707,0.216196,Normal
1,1.54853,0.328042,0.380369,Normal
10,-0.670359,0.588587,0.184849,Normal
18,0.516496,0.674955,0.131945,Normal
2,0.477934,1.29983,0.154755,Normal
0,-2.0603,1.39887,0.892948,Warning
20,-0.00672306,0.407825,0.358142,Normal
10,-0.494501,0.630298,0.392529,Normal
8,-0.557871,0.537242,0.467948,Normal
9,1.49679,0.471855,0.570079,Normal
18,0.190118,0,0.545362,Normal
21,2.96812,0.559358,0.917362,Critical
12,0.264668,1.14382,0.504619,Normal
23,3.05695,0.489577,0.941996,Critical
20,-3,0.273504,0.74067,Warning
2,-0.521341,1.09179,0.285282,Normal
3,0.37306,0.442141,0,Normal
7,-0.0764062,0.2859,0.134559,Normal
12,-0.0832508,0.00450246,0.0728664,Normal
5,-0.0910266,0.315992,0.140708,Normal
1,-0.0405652,1.32465,0,Normal
11,-0.534239,0.297485,0.380574,Normal
0,0.0747906,0.489025,0.422694,Normal
5,-0.540037,0.280577,0.512765,Normal
1,0.9872,0.684528,0.784646,Warning
19,3.50281,1.15501,0.302462,Normal
18,0.294181,1.12574,0,Warning
11,-0.0975934,0.398793,0.20258,Warning
6,0.0727195,1.04059,0.0974649,Normal
17,-0.188998,1.10288,0.284426,Normal
1,-0.896263,0.91668,0.350794,Normal
21,0.19952,0.94407,0.374248,Normal
3,-1.57519,0.971546,0.977173,Critical
13,0.114444,0.39797,0.561536,Normal
16,-1.66625,0.440373,0.628588,Warning
16,4.61645,1.15642,0.422795,Normal
8,0.732176,0.439673,0,Normal
7,2.44427,0.612993,0.761731,Critical
14,0.733484,0.124985,0,Normal
7,0.0426549,0.595645,0.225214,Normal
4,0.889829,0.501774,0.556869,Normal
6,0.596773,1.39772,0,Normal
5,-0.069116,0.236554,0.484297,Normal
21,0.538854,0.933654,0.127371,Normal
11,-0.946835,0.139193,0.427318,Normal
19,0.250953,0.508553,0.234164,Normal
22,0.514829,0.607094,0.30097,Normal
8,-1.36431,0.130665,0.534975,Normal
9,0.721794,0.688769,0.384735,Normal
10,0.538466,0.706213,0.642502,Warning
20,2.7309,0.894235,0.726129,Warning
21,2.70533,0.752065,0.716824,Warning
8,-3.38727,0.601738,0.29747,Normal
14,-1.98458,0.995724,0.488759,Normal
1,1.24747,0.543737,0.627497,Warning
9,0.681298,0.566973,0.319639,Normal
17,1.62619,0.177471,0.748697,Warning
15,-0.399422,1.40901,0,Normal
10,0.931226,0,0.0372673,Normal
0,-1.85919,0.806249,0.553411,Normal
7,0.743691,0.588589,0.489325,Normal
8,1.11938,0.681539,1,Warning
9,-1.03056,0,0.570741,Normal
7,1.67104,0.538681,0.670518,Warning
11,0.108975,0.977194,0.130108,Normal
8,3.14659,1.13611,0.686459,Warning
1,1.38339,0.462188,1,Critical
0,2.46594,0.446272,1,Critical
5,-0.645929,1.10451,0.250011,Normal
7,0.314662,0.865293,0.116788,Normal
3,-2.72835,0.176901,0.663819,Warning
14,-1.95951,0,0.732657,Warning
8,2.53721,0.203989,1,Critical
8,-3.15031,1.01528,1,Critical
9,-0.425536,0.203209,0.0911398,Normal
0,0.0696029,0.983556,0.487203,Normal
8,-0.0783318,0.275227,0.269102,Normal
3,0.855324,0.474349,0.478219,Normal
9,-2.51491,0.9159,0.685749,Warning
16,0.413865,1.11101,0.3372,Normal
1,2.01536,0.133609,0.966243,Critical
0,4.27319,0.402297,1,Critical
20,-0.270747,0.34968,0.230205,Normal
12,0.020606,1.02437,0.719378,Normal
8,-0.840907,1.09913,0.424983,Normal
22,-3,1.20261,0.28538,Normal
3,0.0623358,1.07156,0.68096,Normal
17,-0.327533,0.596016,0.347304,Normal
1,0.206824,1.01997,0.0810907,Normal
22,0.211121,0,0.276011,Normal
19,-1.5231,0.655288,0.579774,Normal
16,0.915351,1.46909,0.03691,Normal
21,-0.83961,0.68745,0.295636,Normal
1,1.99728,0.843447,0.925595,Critical
13,3.71536,0.898397,0.228784,Warning
2,-4.10438,0.442824,0.876723,Warning
5,-1.07448,0.54946,0.800581,Warning
6,0.619444,1.3595,0.366945,Normal
19,0.329177,0.731327,0,Normal
19,2.63056,0.495118,0.698022,Warning
22,1.7145,0.161753,1,Critical
5,-3.09522,0.179184,0.157484,Normal
10,-2.65705,1.11259,0.785862,Warning
12,-3,0.706781,1,Critical
19,1.8689,0.742077,0.470956,Normal
4,-0.232783,0.649093,0,Normal
22,-1.02799,0.760691,1,Warning
2,-0.466014,0.131989,0.169424,Normal
21,2.14508,0.563561,0.407839,Normal
14,-3,0.819853,0.627454,Critical
1,0.0166073,0.393222,0,Normal
21,-0.610323,0.78624,0,Normal
17,-1.6335,0.787009,0.934657,Critical
23,0.25183,0.452349,0.239735,Normal
18,4.69928,0.965935,0.944967,Critical
17,1.59925,0.0594906,1,Critical
16,-3,0.783923,0.717563,Warning
2,-0.80233,0,0.157672,Normal
9,-1.81682,0.836388,0.613503,Warning
12,0.0095855,1.2362,0.19234,Normal
18,0.152058,0.874318,0.276607,Warning
14,0.0285894,0.296773,0.320959,Normal
18,-0.246574,1.51489,0.48964,Normal
1,-0.539209,0.801571,0.159861,Normal
15,-0.477954,0.466511,0.0144105,Normal
11,0.212829,0.953749,0.0893738,Normal
11,2.71171,0.595743,0.80506,Warning
16,2.66485,1.02215,0.626309,Warning
12,-0.985392,1.00527,0.00715899,Normal
13,0.509846,0.821754,0,Normal
10,0.0972561,0.773346,0.167552,Normal
12,-0.487436,0.688405,0.658851,Warning
2,-0.337293,0.769758,0,Warning
22,-1.1774,1.28627,0.878619,Warning
3,-0.663704,0.587003,0.637615,Warning
23,-0.2285,0.475224,0.0918162,Normal
0,-0.596391,0.985532,0.178565,Normal
12,-0.494297,0.464188,0.214988,Normal
1,-2.28489,0.313763,1,Critical
12,-0.0556359,0.87501,0,Normal
6,0.958789,0.949139,0.379838,Normal
19,0.244061,0.439878,0.148577,Normal
1,3.85647,0.817144,1,Critical
11,0.524836,0.638751,0,Normal
14,1.75529,0.37839,1,Critical
4,0.748929,0.437344,0.823826,Warning
16,3.84486,0.396007,0.740184,Warning
13,-1.44302,0.510607,0.669825,Warning
0,-0.709537,0.251599,0.180052,Normal
14,0.00218876,0.0626263,0.547849,Normal
20,0.484379,0.814288,0.0656677,Normal
6,0.309671,0.615332,0.251536,Normal
23,2.72546,1.46996,1,Critical
22,0.303081,1.44518,0.700443,Normal
9,-1.2918,0.945322,0.653639,Warning
14,0.041966,1.05812,0.0582163,Normal
15,0.646171,1.16076,0.508774,Normal
20,0.106456,0.617678,0.620505,Normal
3,-0.292298,0.439307,0.2097,Normal
8,-2.3587,0.506744,0.173897,Normal
12,-0.0997334,0.903797,0.152046,Normal
10,4.04986,1.05113,0.629015,Warning
16,1.32218,0.745795,0.923918,Critical
1,-0.312053,0.497191,0.298355,Normal
22,-0.676194,0.582782,0,Normal
6,2.78321,0.379422,0.721846,Warning
20,1.02222,0.490656,0.793717,Warning
8,0.695986,0.449227,0.4543,Normal
7,0.1836,0.502068,0.232041,Normal
14,1.42637,0.494784,0.776273,Warning
22,-1.79568,0.533982,0.732348,Warning
11,0.382045,0.763021,0.289585,Normal
19,0.0141188,0.561953,0.229137,Normal
0,0.248953,0.17862,0.450129,Normal
18,0.851391,0.849504,0.422627,Normal
18,0.106113,0.958857,0.44779,Warning
4,4.61178,0.354031,0.642695,Warning
3,0.247368,0.778875,0.107051,Normal
18,0.918443,0.264843,0.59646,Normal
17,3.04384,0.813514,0.75596,Warning
2,-1.07027,1.03563,0.460303,Warning
13,-1.96524,0.175186,0.628448,Warning
4,-2.19291,0.912983,0.645702,Warning
23,-0.89205,0.891251,0,Normal
16,0.827365,0.697622,0.106504,Warning
11,-0.870642,0.253394,0.163657,Normal
18,-0.221608,0.683331,0.438303,Normal
0,0.646812,0.630984,0.507191,Normal
10,-0.447409,1.03642,0.0210997,Normal
2,0.14979,0.438783,0.584145,Normal
11,-0.118669,0,0,Normal
19,0.939656,0.626299,0.00749535,Normal
8,0.918907,0.601921,0,Normal
13,3.40796,1.52124,0.541204,Normal
9,-1.78385,0.366186,0.760114,Warning
23,-0.628869,0.689256,0.270516,Normal
21,1.0041,1.37027,0.805814,Warning
16,0.0913897,0.719054,0.292423,Normal
23,0.261127,0.814195,0.500962,Normal
9,0.515768,0.714684,0,Normal
16,-0.885466,0.673306,0,Normal
10,0.285287,0.903411,0.298044,Normal
7,-0.612178,0.927506,0,Normal
10,0.794172,0.294579,0.585338,Normal
12,-2.52364,0.700505,0.814497,Warning
3,0.141731,0.332956,0.327089,Normal
9,0.829101,0.807019,0,Normal
5,1.00694,0.229322,0.576868,Normal
16,0.52809,0.691081,0.22897,Normal
11,-2.95427,0.586836,0.928463,Warning
4,1.78195,1.3479,0.747325,Warning
1,-0.0758699,0.688875,0.369817,Normal
13,0.760253,0.185996,0.5912,Normal
20,-0.287722,0.909443,0.286443,Normal
8,-0.992167,0,0.379262,Normal
2,-0.199807,0.412575,0.0408754,Normal
14,0.547549,0.902317,0.412275,Normal
7,-1.10677,0.667238,0.827855,Warning
2,1.86323,0.813381,0.910001,Critical
7,-0.349453,0.304425,0.223961,Normal
1,-2.14476,0.673184,0.727205,Warning
21,-1.15323,0.488243,0.759797,Warning
21,-0.463993,0.043568,0,Warning
19,-2.69747,0.302106,0.759742,Warning
2,0.47637,0.653324,0.169399,Normal
19,-2.05085,0.481906,0.839767,Warning
15,1.71525,0.557246,0.614048,Warning
1,-0.101629,0.115358,0.0490936,Normal
9,-0.43773,1.03125,0.41277,Normal
4,-1.97257,0.654129,0.819985,Warning
15,-0.043853,0.685656,0.559744,Normal
10,-0.575339,0.651199,0.330087,Normal
10,0.303934,1.1877,0,Normal
19,-2.46188,0.382931,0.589445,Normal
23,2.59434,0.794259,0.785962,Warning
12,2.32822,0.647352,0.589724,Normal
23,0.00837633,0.0230817,0,Normal
20,0.546367,1.14464,0.159813,Normal
17,-1.28658,0.0649834,0.564375,Normal
15,2.54692,0,1,Critical
12,-0.952602,0.660172,0.0556412,Normal
8,0.59649,0.546764,0.343575,Normal
13,-0.877262,0.517564,0.372258,Normal
6,2.86678,0.316751,0.814672,Warning
22,-0.317018,0.728856,0,Normal
20,-2.10234,0.845642,0.758258,Warning
1,2.19425,0.581073,0.648167,Normal
20,-3,0.509337,0.864793,Warning
17,-3,0.405148,0.80594,Warning
1,-0.0394209,1.44184,0.222013,Warning
13,-0.0416015,1.32054,0.272409,Normal
13,1.9542,0,0.793919,Warning
0,-0.177694,0.835965,0.403424,Normal
2,-3.37749,0.855586,0.817455,Warning
22,3.00643,0.628004,1,Critical
14,0.129105,0.314556,0.299419,Normal
0,-0.500046,1.13386,0.722125,Warning
23,-3,0.760998,1,Critical
4,2.89039,1.07708,1,Critical
23,-2.49189,0.379269,0.763468,Warning
8,-1.03639,0.20668,1,Warning
12,1.75321,0.593439,0.449416,Normal
19,-0.661184,0.71657,0.391207,Normal
0,0.89981,0.725932,0.153018,Normal
11,1.99177,0.197169,0.631134,Warning
3,0.0397914,0.403125,0.160234,Warning
0,-2.76328,1.34546,0.481427,Normal
6,-0.783693,0.486011,0.330869,Normal
22,0.137793,0.946361,0.532961,Normal
23,0.280933,1.09644,0.10855,Normal
16,-1.46274,0.397162,0.949997,Critical
6,-0.800292,0.439918,0.350541,Normal
23,0.163996,0.322107,0.472441,Normal
22,0.270066,0.626258,0.274747,Warning
11,-0.504615,1.04421,0.263272,Normal
14,2.58485,0.862434,0.657526,Warning
10,-0.498178,0.32822,0.696918,Warning
22,0.703204,0.145008,0.277096,Normal
8,-0.755249,0.883244,0.295719,Normal
7,3.61489,1.36264,0.529569,Normal
20,-2.45518,0.230547,0.905216,Critical
8,-2.42361,0.537634,0.450308,Warning
0,2.42458,0.505378,0.613381,Warning
18,0.781412,0.0738217,0.31289,Normal
20,-0.0143478,1.05229,0.225399,Normal
15,1.90951,0.662504,0.929096,Critical
8,1.24303,0.297748,0.93205,Critical
19,1.76001,0.262285,0.675709,Normal
21,0.278692,0.413288,0.412347,Normal
10,-2.10447,0.884994,0.336376,Normal
7,-3.03411,0.95021,0.908427,Critical
13,-0.153132,0.759482,0.499852,Normal
17,-0.749817,0.715828,0.517349,Normal
17,0.466721,0.369248,0.380058,Normal
5,-0.428402,0.422604,0.494538,Normal
14,1.38515,0.630807,0.536063,Normal
1,0.456699,0.477709,0.817297,Warning
19,2.42557,1.09017,0.713868,Warning
19,0.550644,0.337615,0.364012,Normal
4,-2.2198,1.19029,0.286135,Normal
21,-0.0809725,0.309756,0.30066,Normal
5,0.101037,1.1799,0.225915,Normal
15,-2.5235,0.655311,0.826457,Warning
22,-0.395656,0.894938,0.252055,Normal
1,4.23763,1.32452,0.926146,Critical
0,2.10326,0,0.141952,Normal
0,-1.87689,0.520456,1,Critical
1,-0.118036,0.0942198,0.105343,Normal
5,0.134542,0.345819,0.423023,Normal
6,0.356063,0.0057924,0.617091,Normal
18,-0.816276,1.25514,0,Normal
19,-1.77297,0.174947,0.659759,Warning
0,-0.431287,0.4085,0.0924051,Normal
11,0.214906,0.764348,0.131982,Normal
11,0.344219,0.825576,0.0590411,Normal
13,-1.8356,0.45551,0.491187,Normal
15,-1.05319,0.575598,0.688275,Warning
23,-0.144581,0.095991,0.332051,Normal
13,-1.53552,0.467532,0.312802,Normal
15,-0.367497,0.834831,0.541038,Normal
17,2.00311,0.345815,0.37381,Normal
22,1.86077,0,0.75995,Warning
9,-0.0484795,1.19434,0.279145,Normal
21,1.90765,1.04115,0.959951,Critical
8,-0.966623,0.227377,0.360022,Normal
23,-3,0.571141,1,Critical
12,1.10952,0.581091,0.483018,Normal
23,-1.11664,0.584426,0.889375,Warning
6,-0.508832,1.65656,0.134058,Normal
18,-1.34097,0.326806,1,Critical
19,-1.81661,1.10067,0.823184,Warning
1,2.18817,1.5617,0.918821,Critical
9,0.252384,0.701003,0.0242798,Warning
20,1.1551,0.586375,0.735255,Warning
7,-0.230766,0,0.32326,Normal
10,1.30885,1.00038,0.773446,Warning
17,0.464331,0,0.0866561,Normal
11,2.9093,0.689692,0.720463,Warning
14,2.63959,0.20368,0.83503,Warning
17,0.730881,0.516407,0.59598,Normal
15,0.274221,0.33867,0.102239,Normal
16,1.36391,0.895693,0.60885,Warning
14,-1.52284,0.590696,0.686911,Warning
19,-1.08034,1.12198,0.854459,Warning
3,3.74449,0.578976,1,Critical
11,-2.61584,0.849635,0.647727,Warning
2,0.577575,0.166124,0.406828,Normal
5,-0.841546,1.19506,0,Normal
11,3.12211,1.46795,0.570972,Normal
18,1.46152,0.639596,0.666334,Warning
3,0.919296,0.537482,0.354852,Normal
9,-2.32781,0.722772,0.748755,Warning
22,-2.06772,0.940106,0.966615,Critical
23,2.3772,0.42127,0.637719,Warning
11,2.39112,1.15107,0.657882,Warning
9,-0.563843,0.396576,0.163648,Normal
11,-2.51303,0.0196289,0.454166,Normal
0,0.115235,0.443547,0.225163,Normal
23,1.32448,0.335956,0.842494,Warning
3,3.33864,0.865667,0.214442,Normal
17,0.304309,0.0830194,0.336978,Normal
4,-0.663911,0.624978,0.457323,Normal
12,-2.44255,0.780209,0.756142,Warning
12,0.622035,0.431503,0.14727,Normal
4,-0.235528,0.661011,0.0417848,Normal
21,-0.826188,1.00258,0.26944,Normal
1,-3.62285,0,1,Critical
13,-0.15066,0.577718,0.373453,Normal
3,-0.0306849,0.368252,0.333486,Normal
18,-0.166836,0.632913,0,Normal
19,0.403457,0.263361,0.161058,Normal
7,-1.18699,0.459716,0.935995,Warning
19,3.27479,0.590431,0.960829,Critical
11,2.30212,1.02723,0.834573,Warning
1,-2.45888,0.812606,0.618518,Warning
4,-0.251263,0.154641,0.272556,Normal
19,1.73282,0.826058,1,Critical
16,-0.559351,0.716178,0.0239053,Normal
10,-0.321771,0.442574,0.137223,Normal
13,1.50031,0.490292,0.971387,Critical
17,1.82794,0.181572,0.985351,Critical
0,-1.21196,0.812453,0.984642,Critical
23,-2.56871,1.04589,0.66641,Warning
23,0.25518,0.811134,0.284367,Normal
18,3.18049,1.12491,0.83157,Warning
5,1.93652,0,0.617258,Warning
18,-1.24472,0.810905,1,Warning
17,2.35201,0.703883,1,Critical
20,1.81286,0.868339,0.452786,Normal
22,0.711944,0.929035,0.343476,Normal
8,-2.92552,0.742564,0.993882,Critical
0,-0.332895,0.608758,0.321985,Normal
23,1.96602,0.702944,0.617033,Normal
15,-0.853615,0.520724,0.294918,Normal
3,-2.49375,1.30434,1,Critical
19,0.231734,0.498653,0,Normal
11,-0.286041,0.886628,0,Normal
12,-3,0.369839,0.461516,Normal
4,-0.671133,0.366102,0.245739,Normal
1,-2.54994,0.565027,1,Critical
2,0.0173193,0.547831,0.244519,Normal
16,-1.52749,0,0.965543,Critical
2,0.0853469,1.14674,0.34544,Normal
22,-0.580987,0.791679,0.296957,Normal
5,-2.65378,0.349016,0.783715,Warning
17,-1.7472,0.410418,0.87224,Warning
11,-2.50422,0.851081,0.506752,Normal
4,2.64498,0.605425,0.818589,Warning
9,-0.0478733,0.338302,0.343396,Normal
16,0.636058,0.971848,0.579347,Normal
13,4.50431,0.619982,1,Critical
23,0.709193,0.752146,0.0800524,Normal
20,-0.545602,1.19074,0.491265,Normal
9,1.12474,0.344833,0.590212,Warning
6,0.0727413,1.03051,0.237003,Normal
16,-0.961019,0.570099,0.335901,Normal
9,0.39971,0.734016,0.660428,Normal
16,-0.244312,0.907875,0.0340602,Normal
3,4.51341,0.351521,0.919027,Critical
11,2.80781,0.566812,0.742561,Warning
12,3.26092,0.920877,0.651739,Warning
11,0.996288,0.489264,0.127835,Normal
6,0.515566,1.12452,0.315991,Normal
19,-0.53426,0.679616,0.443002,Normal
4,0.33684,0.641292,0.35102,Normal
9,-0.531288,0.948507,0,Normal
17,-0.460715,0.376162,0,Normal
12,1.40308,1.14808,0.458622,Normal
6,0.591188,0.702798,0,Normal
7,1.37397,1.32513,0.693597,Warning
14,0.612337,0.0521951,0.498879,Normal
13,0.606451,0.698316,0.0040459,Normal
8,-2.06209,0.345032,0.71387,Warning
20,-1.24129,0.604001,0.862916,Warning
6,-0.022555,0.73042,0.279819,Normal
20,-1.25729,0.882622,0.518884,Normal
14,-2.70028,0.131817,0.381404,Normal
18,2.1844,0.493116,0.986865,Critical
10,-0.625797,1.08414,0.191362,Normal
4,0.0983087,0.141927,0.312243,Normal
0,0.461069,0.571816,0,Normal
18,0.461968,0.147581,0.622519,Warning
2,0.367552,0.779833,0.534525,Normal
14,-3,0.371298,0.977071,Critical
3,0.173696,0.0414172,0.150861,Normal
7,-0.26115,0.604864,0.670665,Normal
5,3.80522,0,0.91063,Critical
2,-1.73746,0.427569,0.651729,Warning
17,0.738835,0.592152,0.54979,Normal
5,0.172658,0.384736,0,Normal
17,0.502901,0.288966,0,Normal
21,2.31755,1.08248,0.929801,Critical
7,-0.0295024,0.0937589,0.364027,Normal
12,0.36641,0.230954,0.561352,Normal
4,0.188519,0.727527,0.056624,Normal
10,0.646386,0.849176,0.0914121,Normal
6,-0.0451615,0.835763,0.000560286,Normal
4,-0.919303,1.23841,0.0970151,Normal
4,0.248389,0.739163,0.391706,Normal
20,0.529677,0.386147,0.143058,Normal
13,2.57745,0.782749,0.543978,Normal
12,-0.0317512,0.814606,0.471986,Normal
16,0.566012,0.826254,0.770323,Warning
9,0.246083,0.877088,0.0247581,Normal
18,-0.775448,1.2338,0.25362,Normal
5,0.296182,1.07599,0.237391,Normal
9,-0.0933736,0.920908,0.195864,Normal
0,0.469863,1.18742,0.163722,Normal
10,0.515869,0,0.250916,Normal
8,-2.31941,0.441223,0.406281,Normal
0,3.21823,1.13131,1,Critical
5,0.185804,0,0.0621925,Normal
1,-1.90722,0.373597,0.427418,Normal
12,0.810043,0.575934,0.446884,Normal
7,-0.42767,0.330376,0.359477,Warning
22,-3,0.798268,0.686879,Warning
13,1.79216,0.827047,0.679237,Warning
11,-0.345738,0.114644,0.261426,Normal
5,-2.62056,1.21087,0.845551,Warning
21,1.27961,0.827095,0.74185,Warning
21,0.259465,0.25966,0.333303,Normal
23,-0.0618734,0.311215,0.0386815,Normal
9,-1.00609,0.597589,0.598326,Normal
18,2.58467,0.820501,0.97141,Critical
13,0.802314,0.745124,0,Normal
3,0.760318,0.833518,0.103273,Normal
11,-0.930082,0.689712,0.370773,Normal
21,-0.165411,0.560963,0.106672,Normal
1,0.893221,0.774238,0.219807,Normal
7,0.389625,0.916634,0.00906842,Normal
11,-2.2856,1.08744,0.801433,Warning
7,-0.37655,0.980606,0.429749,Warning
12,2.29829,0.637846,0.566119,Normal
1,-1.06987,0.972694,0.790905,Warning
14,-0.907217,0,0.496228,Normal
10,-0.0114718,0.718919,0.163931,Normal
0,0.653557,0.756007,0,Normal
16,-0.478326,0.804194,0.438962,Normal
1,1.26085,1.03471,0.91094,Critical
9,-1.66453,1.0075,0.83814,Warning
5,-2.91835,0.690838,0.739367,Warning
2,0.806352,0,0.247321,Normal
10,1.4473,0.437743,0.291072,Normal
11,0.023513,0.665702,0.220629,Normal
16,-0.862847,0.542744,0,Normal
9,0.0498875,0.800197,0.386865,Normal
22,-0.363499,0.797231,0.51023,Normal
0,2.66382,0.736527,0.685839,Normal
15,-0.900101,0.82298,0.424517,Normal
17,1.33855,0.181752,0.689278,Warning
9,0.533577,0.165229,0,Normal
13,1.90524,0.342503,0.927736,Critical
9,-0.990038,0.495717,0.284754,Normal
4,0.629383,0.561249,0.652877,Warning
14,-0.358107,1.20488,0.247577,Normal
7,1.91499,0.694279,0.826402,Warning
13,-0.635061,0.731316,0.219353,Normal
1,0.25193,0.271007,0.168716,Normal
14,1.4691,0.674224,0.800611,Warning
11,3.14463,0.932641,0.963993,Critical
22,-0.522987,0.990469,0.555987,Normal
22,-2.85819,1.1866,0.365767,Normal
16,1.36911,0.75592,0.467028,Normal
19,-0.0107402,0.495293,0.50897,Normal
13,3.41173,0.917277,0.825518,Warning
7,-1.2961,0.506277,0.589945,Normal
19,-0.370842,0.613404,0.205851,Normal
17,-2.76043,0.179068,0.711524,Warning
4,-2.32426,0.0772528,0.46841,Normal
1,0.947367,0.819984,0.578125,Normal
14,0.0904273,0.964374,0.292661,Normal
6,2.60877,0.599632,0.906975,Critical
20,-0.483017,1.08679,0.48623,Normal
23,0.377188,0,0.173721,Normal
7,-2.89055,0.471517,1,Critical
15,0.904771,0.403186,0.204463,Normal
17,-0.0298269,0.0736376,0.511541,Normal
22,3.32186,1.40521,0.806393,Warning
14,0.44195,1.10199,0.284016,Warning
7,-0.893826,0.335743,0.208352,Normal
23,0.512498,0.996231,0.755551,Warning
22,-0.207511,0.437111,0.444475,Normal
22,1.1523,0.0200271,0.892497,Warning
17,-0.400766,0,0.480375,Normal
23,-2.11974,1.55732,0.584025,Normal
0,-2.2975,0.0559459,1,Critical
10,0.244643,1.02021,0.311925,Normal
16,2.47041,0.662396,0.910107,Critical
23,3.01804,0.535857,0.851024,Warning
19,1.57167,1.08595,0.687918,Warning
4,3.05814,0.379717,0.856505,Warning
21,2.96281,0.998603,0.760735,Warning
9,-0.281309,0,0.143481,Normal
10,4.81382,0.479706,0.568865,Normal
13,-1.1833,1.04349,0.727858,Warning
22,-0.638623,1.12012,0.616813,Warning
21,-0.189846,1.38856,0,Normal
9,3.29192,0.546355,0.623788,Warning
22,-0.170751,0.513349,0.637689,Normal
6,0.97947,0,0.0607518,Normal
2,-0.407645,0.480649,0.542003,Normal
12,0.246998,0.808462,0.480507,Normal
13,0.151542,0.823785,0,Normal
20,-0.141322,1.00367,0.0489436,Normal
13,2.60641,0.120694,0.344172,Normal
1,4.09562,1.48925,0.917204,Critical
0,-0.600161,0.275528,0.462242,Normal
11,0.43321,0,0.286697,Normal
19,-0.150484,0.772434,0,Normal
1,-0.156754,0.75562,0,Normal
10,-2.94303,1.01549,0.42034,Normal
16,1.25029,1.28031,1,Critical
23,0.523892,0.590283,0.365069,Normal
23,-1.36837,0.517669,1,Critical
12,0.371456,0.610226,0.192133,Normal
5,2.5044,1.3418,0.652133,Warning
3,-0.671905,0.738451,0.321307,Normal
18,-2.36153,1.15748,0.790977,Warning
13,0.00611135,0.736966,0.146195,Normal
10,1.53817,0.482867,0.770862,Warning
1,1.09127,0.772494,0.666859,Warning
7,-0.341945,1.14589,0.363449,Normal
5,-0.536618,0.767709,0.0763826,Normal
10,0.37236,0.584927,0.13417,Normal
12,-0.0536783,1.23618,0.530061,Normal
9,-1.09108,0.108339,0.799162,Warning
11,0.377189,1.10995,0.503177,Normal
16,0.323475,0.784686,0,Normal
13,-0.78615,0.60724,0.356316,Normal
21,2.89302,0.904336,0.980905,Critical
5,-1.74479,1.32343,0.578009,Normal
21,-0.0986508,0.868251,0.914325,Normal
23,0.0892239,0.554542,0.181894,Normal
10,-2.07189,0.038418,0.471813,Normal
7,-0.86365,1.04349,0.384841,Normal
14,-2.19919,1.00898,0.788746,Warning
19,0.455881,0.736442,0.107148,Normal
23,-0.620455,1.04502,0,Normal
0,1.01924,0.556962,0.635714,Warning
18,0.683637,0.178127,0.482675,Normal
16,-0.164717,0.840553,0.545008,Normal
22,-0.941782,0.362482,0.302237,Normal
16,0.875019,0.861387,0.999818,Warning
8,0.283015,0,0.0660248,Normal
20,-0.208923,0.174678,0.171611,Normal
9,-0.389833,0.422006,0.41325,Normal
19,-2.72666,0.159709,0.871718,Warning
20,-2.82844,0.467272,0.589691,Normal
3,-0.502598,0,0.421336,Normal
15,-0.210155,0.213752,0.175501,Normal
1,-2.416,0.223674,0.508663,Normal
23,0.333789,0.477403,0,Normal
8,0.704424,0.367114,0.357956,Normal
15,-0.49136,0.804648,0.490971,Normal
16,0.300411,0.157053,0.0448127,Normal
12,-0.479891,0.458551,0.0971373,Normal
2,0.423535,0,0.136144,Normal
12,0.96235,0.415235,0.51357,Normal
0,0.998502,0.506436,0.271299,Warning
2,3.65019,1.16821,0.940914,Critical
7,1.07325,0.801702,0.571447,Normal
0,2.04059,0.473343,0.659231,Warning
13,0.24594,0.305796,0.358578,Normal
0,0.255783,0.515952,0.446569,Normal
11,-0.00785181,0.630394,0.256062,Normal
11,-1.20757,0.731759,0.655759,Warning
10,-3,1.10677,0.481053,Normal
1,-1.95509,0.29038,0.136028,Normal
14,0.412211,1.05395,0.460273,Normal
0,1.08347,1.09072,0.891995,Warning
11,-0.149942,0.707646,0.38964,Normal
18,3.59488,0.542177,0.970485,Critical
23,2.96512,1.16228,0.554101,Normal
16,-2.45184,0.252963,0.795299,Warning
14,0.227517,0.74767,0.131296,Normal
7,-2.66624,0.0846754,0.568747,Normal
23,0.0673675,0.628413,0.126476,Normal
21,0.161137,0.833336,0.58265,Normal
2,-1.07277,1.19461,1,Warning
6,-0.0750817,0.839994,0.107508,Normal
12,0.0904602,0.554041,0.371011,Normal
22,0.297317,0,0.343344,Normal
8,1.57572,0.492442,0.907464,Warning
10,1.18115,1.30326,1,Warning
17,-2.10094,1.14224,0.968309,Critical
5,2.45942,0.834984,0.477776,Normal
4,-0.550996,0.370978,0.861972,Warning
21,-0.293007,0.758661,0.576297,Normal
13,2.70036,1.10825,0.684126,Warning
8,0.322512,0.25572,0.265819,Normal
4,-2.11044,0.747796,1,Critical
6,2.29564,0.664791,0.555358,Normal
19,-1.72491,0.835801,0.878909,Warning
20,-0.0510976,0,0.421541,Normal
0,-3.16922,0.853679,0.465785,Normal
19,1.10916,0.654122,0.948801,Warning
19,0.543273,1.21899,0.313301,Normal
4,2.3777,0.0829287,0.169446,Normal
21,-0.619977,0.637689,0,Normal
20,2.12672,1.10743,0.362004,Normal
19,0.788691,0.579801,0.899078,Warning
16,0.124648,0.482914,0,Normal
5,-1.08413,0.779979,1,Warning
6,0.295979,0.762377,0.0819181,Normal
2,0.357239,0.162752,0.0211343,Normal
4,-3.18101,0.110035,1,Critical
2,0.469477,0.274792,0.123636,Normal
16,-2.12838,0.58947,0.66072,Warning
0,-0.342118,0.767219,0.128884,Normal
17,-1.9821,0.0182551,0.831529,Warning
12,-0.374455,0.745154,0.208947,Normal
3,0.378357,0.945169,0.367003,Normal
8,-1.50134,0,1,Critical
8,-0.301589,1.23881,0.437968,Normal
12,-0.641173,0.208475,0.148023,Normal
18,-3,0.753725,0.592948,Normal
11,1.53277,0.698304,0.484269,Normal
1,0.279943,1.09375,0.437984,Normal
16,-3,0.731461,0.757167,Warning
3,0.764558,0.828563,0.535748,Normal
12,-0.707285,0.564401,0.0897172,Warning
5,0.645601,0.362286,0.268618,Normal
18,0.219966,0.44489,0,Normal
1,-0.366378,0.835422,0,Normal
22,-3,1.14323,1,Critical
2,0.662054,0.558043,0,Normal
15,0.408755,1.59437,0.114321,Normal
14,-0.303085,0.517462,0.40522,Normal
2,-2.16695,0.948893,0.930807,Warning
21,2.76319,0.957729,0.673812,Warning
1,1.11379,0.984943,0.883497,Warning
23,-0.246148,0,0.218222,Normal
7,-0.605097,1.07038,0.076787,Normal
5,-0.949453,0.305037,0,Normal
20,-0.0327749,0.878337,0.0622283,Normal
1,-0.642789,1.10016,0,Normal
6,-0.821621,1.02717,0.0244269,Normal
11,2.50524,0.560294,0.484599,Normal
23,1.0141,0.506043,0.712341,Warning
2,-0.252882,0.778353,0.404202,Normal
12,1.00065,0.604791,1,Warning
13,-0.441794,0.851837,0.186289,Normal
0,0.439971,1.54518,0.17474,Normal
2,0.294247,0,0,Normal
16,0.264348,0.647853,0.241292,Normal
18,0.362093,0.504038,0.279919,Normal
11,-2.04162,0.432102,1,Critical
14,0.251501,0.377029,0.750929,Normal
0,-1.28763,0.126794,0.395352,Normal
15,1.80216,0.858648,0.85191,Warning
0,0.730794,0.246749,0.352952,Normal
23,0.89678,1.15158,0.324356,Normal
18,0.480296,1.03303,0.0387429,Normal
22,-0.0520979,0,0,Normal
4,0.062359,0.354711,0.390905,Normal
15,-0.504068,0.821829,0.275886,Normal
21,-1.02626,0.315016,0.835001,Warning
12,-0.00219096,0.495675,0.477332,Normal
16,-0.696273,0.563485,0.591416,Normal
7,0.80702,0.260182,0.255664,Normal
0,0.845553,1.00211,0.538497,Normal
4,-0.830331,0.259335,0.0630451,Normal
7,0.105837,0.811569,0.0413747,Normal
13,-0.803342,0.254692,0.492471,Normal
15,0.376647,0.808435,0.210421,Normal
6,2.54739,0.451666,0.639805,Warning
19,0.739326,1.21874,0.172801,Normal
8,2.96381,1.28882,0.850891,Warning
17,0.0823796,0.873895,0.331665,Normal
8,-0.545582,0.360923,0.236605,Normal
13,0.126008,0.307211,0.0512717,Normal
13,1.73571,0.32057,0.625718,Warning
7,-0.633584,0.84456,0.0590517,Normal
9,3.13733,0.751629,0.685817,Warning
15,-0.335633,0.573781,0.174581,Normal
0,-0.0712815,0.466431,0.0152175,Normal
10,-2.70491,0.116085,0.328794,Normal
8,-2.2997,0.39085,0.755208,Warning
18,0.490548,0.464573,0,Normal
1,0.467798,1.15972,0.656615,Warning
21,0.972896,0.399049,0.546942,Normal
19,0.306928,0.958805,0.267663,Normal
16,2.71711,1.15547,0.462365,Normal
7,-0.431353,0.7727,0.304254,Normal
0,2.08523,0.370249,0.459546,Normal
21,-2.31156,0.461378,0.532502,Normal
13,-0.0414418,0.790274,0.140399,Normal
2,2.10323,0.818963,1,Critical
18,2.02086,0.162524,0.204316,Warning
23,-0.413523,1.08818,0.410145,Normal
1,2.06475,0.385772,0.94978,Critical
5,-0.0803125,0.438334,0.0216645,Normal
22,-3,1.36673,1,Critical
10,2.53633,0.657523,0.930453,Critical
7,0.851546,0.921896,0.54307,Normal
15,0.506144,0.762938,0.655111,Warning
9,-0.0798737,0.67533,0.365856,Warning
1,-0.738287,1.20372,0,Normal
4,-1.12409,0.564579,0.861401,Warning
6,-1.19487,0.879255,0.648153,Warning
10,-0.964068,0.798004,0.0223641,Normal
4,-0.0749385,0.533453,0.627193,Normal
7,2.79169,0.566822,0.292034,Normal
8,-2.59442,1.28536,0.828826,Warning
13,-0.196425,0.565212,0.514986,Normal
9,-2.15651,1.12918,0.724127,Warning
21,-2.51475,0.965618,0.707526,Warning
11,0.838482,0.224301,0.0977009,Normal
13,-3,0.663011,0.851445,Warning
2,0.0961679,0,0.667618,Normal
6,0.971851,0.777726,0.222611,Normal
11,0.3347,0.0260022,0.197371,Normal
21,-0.0877848,1.22256,0.331687,Normal
10,-0.391495,0.73577,0,Normal
22,0.282049,0,0.581192,Normal
12,3.15337,0.327478,0.783186,Warning
6,-2.0582,0.40862,0.578157,Normal
23,0.57392,1.16374,0.12905,Normal
15,-1.24717,0.8674,0.307627,Normal
10,-0.233536,0.72086,0,Normal
14,-0.282058,1.12594,0.066476,Normal
1,-0.390674,0.583619,0.506748,Normal
13,-0.864636,0.545842,0.53255,Normal
20,0.0333439,0.313777,0.57246,Normal
13,0.305589,0.616953,0.129688,Normal
1,-0.843375,0.760834,0.299717,Normal
8,-0.0527289,0.221759,0.30741,Normal
23,-0.0472383,0.948301,0.57065,Normal
7,-2.93697,0.353859,0.489673,Normal
14,2.5828,0.669967,0.53068,Normal
20,-1.07838,1.174,0.696332,Warning
11,0.777382,0.0227848,0.304648,Normal
23,1.67047,0.719008,0.749282,Warning
20,-1.34568,1.36475,0.483574,Normal
14,0.676021,0.341126,0.65656,Warning
0,-0.567829,0.763667,0.0696459,Normal
1,-2.57496,0.499841,0.968673,Warning
19,2.15402,1.00006,0.888748,Warning
14,-2.64927,0.558128,0.866513,Warning
4,0.162381,0,0.390483,Normal
20,-2.10035,0.902978,0.864103,Warning
9,0.108343,0.501455,0.283105,Normal
17,-2.7799,0.833619,1,Critical
6,-0.024049,0.966114,0.64279,Normal
13,1.54858,1.15786,0.759558,Warning
8,0.0550743,0.803869,0.656149,Normal
15,-0.093927,0.663695,0.4213,Normal
16,-2.19747,0.255202,0.904863,Critical
12,-0.223068,0.653392,0.0777815,Normal
4,2.8693,0.626566,0.583855,Normal
18,-0.137552,1.02672,0.319502,Normal
23,0.796085,0.509549,0.453413,Normal
1,0.316371,1.29195,0.512245,Normal
9,1.29054,0.66727,0.709263,Warning
14,-0.919557,1.01405,0.218772,Normal
7,0.359282,0.816997,0.0792761,Normal
18,-1.90161,0.695756,0.625215,Warning
4,-2.47755,0.690557,0.762943,Warning
7,-1.63493,0,0.381719,Normal
18,-2.7753,1.2277,0.620797,Warning
4,0.343415,0.145131,0.325797,Normal
16,0.671986,0.442647,0.167073,Normal
0,2.26218,0.766813,0.51265,Normal
6,1.16933,1.20275,0.293698,Normal
9,-1.54916,0.495547,0.49727,Normal
12,-1.11204,0.50227,0.536025,Normal
1,-2.57289,0.745286,1,Critical
4,-0.233485,0.90251,0.0674136,Normal
0,-1.99074,0,1,Critical
10,0.500534,0.569932,0.00872773,Normal
7,0.379841,0.290427,0.541221,Normal
15,-0.056959,0.865998,0,Normal
20,-0.26,0.927885,0.675718,Normal
18,0.136932,1.71987,0.372465,Normal
15,1.57028,0.596387,0.418042,Normal
18,-1.80073,0.432912,1,Critical
16,-0.21256,0.232712,0.0954308,Normal
15,0.434279,0.326434,0.656721,Warning
3,3.81646,0.737003,0.682114,Warning
15,-2.8445,0.463721,0.968097,Critical
21,0.371607,0.449366,0.135005,Normal
18,0.835381,0.882536,0.144747,Normal
12,-0.219737,0.124078,0.510526,Normal
23,1.73309,0.25441,0.989138,Critical
18,2.14172,0.557217,1,Critical
4,0.0972066,1.02714,0.462859,Normal
2,-3.89527,1.49072,0.522544,Normal
8,-0.997328,1.10469,0,Normal
14,-0.0208137,0.972907,0.605035,Normal
16,3.05916,0.0758114,0.589607,Normal
6,1.75246,0.788504,0.83427,Warning
20,-0.126536,0.415712,0.215842,Normal
3,-3.75157,0.887868,0.65296,Warning
9,-1.57942,1.22484,1,Critical
19,0.297233,1.081,0.0141799,Normal
7,-3.24175,0.229874,0.83875,Warning
2,0.137372,0.920553,0.103915,Normal
4,0.588799,0.711354,0.0560277,Normal
14,0.00929794,0.315679,0.309475,Normal
16,0.951273,1.14253,0.156002,Normal
15,-0.259308,0,0,Normal
9,-0.9102,0.627414,0.560795,Normal
8,0.383697,0.497908,0.289343,Normal
17,-0.146977,0.762516,0,Normal
4,-0.745057,0.590168,0.0824633,Normal
0,2.94174,0.350728,0.800417,Warning
8,0.573048,0.851748,0,Normal
7,3.58118,0.331962,0.734319,Warning
8,0.0339904,1.16598,0.662894,Normal
21,1.05191,1.43096,0.767636,Warning
10,-0.0518018,0.441977,0.130819,Normal
23,-1.27333,0.618067,0.560118,Normal
22,-2.24692,1.18457,0.939786,Critical
9,-0.173295,0,0.604098,Normal
11,-1.6136,0.906587,0.685214,Warning
10,1.53753,0.0226785,1,Critical
8,0.00609989,0.605336,0,Normal
17,2.02745,0.428498,0.953936,Critical
0,0.602048,0.745846,1,Warning
15,-0.0268139,1.69662,0,Normal
22,-0.074167,1.02632,0.259123,Normal
5,-3.93888,0.53316,1,Critical
6,0.856238,0.883804,0.078061,Normal
16,-0.0537629,0.558647,0.454951,Normal
0,0.508346,0.0490189,0.0331268,Normal
21,-1.42474,0.194319,0.461381,Normal
22,0.0690891,0.26852,0.654129,Normal
22,-2.85706,0.523144,0.910808,Critical
23,0.438398,0.164758,0.278313,Normal
19,-0.00725159,0,0.245338,Normal
13,-0.253028,0.616494,0.105836,Normal
10,3.78397,0.810162,0.755365,Warning
7,3.45896,0.927083,0.861866,Warning
13,0.43309,0.0429268,0,Normal
10,-0.826163,0.394879,0,Normal
20,3.56812,0.143034,0.930944,Critical
4,0.749274,1.12609,0.784619,Warning
11,-0.14549,0.561108,0.400295,Normal
2,0.534308,1.06915,0.0244255,Normal
7,-0.680624,0.6272,0.538584,Normal
7,0.275344,1.02226,0,Normal
12,3.49367,0,0.743661,Warning
4,-3.05484,0.706264,1,Critical
1,0.587391,0.38344,0.714908,Warning
19,1.82351,0.542443,0.813972,Warning
20,-0.718504,0.347164,0.195896,Normal
14,-3,0,0.694,Warning
11,-0.0617615,0.22374,0.051311,Normal
13,-0.614429,0.877268,0.232823,Normal
11,0.271679,1.25432,0.135733,Normal
1,0.468607,0.739764,0,Normal
8,-1.1006,0.767343,0.391996,Normal
9,0.812943,0.714335,0,Normal
18,-2.4857,0.169023,0.751528,Warning
4,1.28511,1.64295,0.926204,Critical
7,-1.90925,0,0.845224,Warning
20,2.42487,0.214889,0.417705,Normal
1,0.575055,0,0.376559,Normal
7,-0.873665,1.33122,0.528282,Normal
4,1.2217,0.91683,0.962643,Critical
15,0.0584869,1.07,0.192825,Normal
14,-0.0313463,0.316036,0.2041,Normal
13,2.34768,0.384849,1,Critical
1,-2.8705,0.666333,0.718607,Warning
6,0.373051,0.688244,0,Normal
1,1.19607,0,1,Critical
1,2.57311,0.960951,0.405971,Normal
18,-1.23104,0.360261,0.483114,Normal
8,0.55321,0.78435,0,Warning
2,-1.17698,0.935209,0.546029,Normal
23,-0.57487,0.758629,0,Normal
20,-3,1.19898,0.820325,Warning
1,-2.88295,0.445026,0.920391,Critical
9,0.0842045,0.43554,0.471004,Normal
8,-1.83354,0.44797,0.260004,Normal
16,-1.29932,0.730926,0.563589,Normal
18,-0.748311,0.291074,0.108651,Normal
7,1.24543,0.832791,0.399598,Normal
17,-0.465922,0.543697,0.68668,Warning
12,2.9983,1.10644,0.257773,Normal
16,-0.40937,1.28679,0.528535,Normal
9,2.30266,0.397902,0.696971,Warning
14,0.399689,0.846347,0,Normal
15,1.77508,0.643326,0.640813,Warning
3,-0.101912,0.0873928,0,Normal
11,1.66755,0.6077,0.945802,Critical
23,-0.224732,0.182784,0.501097,Normal
22,-1.04157,0.553971,1,Warning
10,1.29067,0.608337,0.474201,Normal
3,-2.85149,0.78493,0.283635,Normal
13,-0.223584,0.679388,0.336148,Normal
13,-0.49243,0.202274,0.582636,Normal
15,0.524443,0.57935,0,Normal
10,-1.23623,0.683448,0.556248,Normal
13,-3,0.44513,0.661075,Warning
16,-1.34906,0.876792,0.777399,Warning
9,-0.833927,0.868688,0,Warning
0,1.16428,0.00490606,0.67882,Warning
23,-2.43403,0.0957798,1,Critical
6,2.39168,0.107997,0.655646,Warning
13,-0.141744,0.554221,0.0859767,Normal
22,-0.206519,0.683868,0,Normal
13,0.450773,0.67554,0,Normal
12,3.70917,1.41972,0.470691,Normal
16,1.98626,0.0793737,0.668072,Warning
14,-0.181451,1.00708,0.32789,Normal
23,0.0230001,0.401186,0.339814,Normal
17,0.899754,0.122298,0.309819,Normal
22,0.231237,0.655582,0,Normal
1,0.201463,0.108821,0,Normal
13,-1.23105,0.901516,0.509434,Normal
1,-0.638247,1.04641,0.00811422,Normal
23,0.00032873,0.497766,0.504171,Normal
12,0.919709,0,0.625709,Warning
11,-0.755453,0.617138,0.512377,Normal
20,2.72099,0.49391,0.471663,Normal
20,0.0765868,1.08736,0.527268,Normal
7,2.21052,0.25661,0.90256,Critical
13,1.83495,0.965098,0.495619,Normal
18,-2.30889,0.850357,0.833927,Warning
14,3.33638,0,0.577734,Normal
0,2.61125,0,0.867572,Warning
15,0.665334,0.983994,0.148923,Normal
20,0.00819781,0.120876,0,Normal
7,0.0989324,0.718444,0.411405,Normal
19,0.261207,0.945517,0.070889,Normal
6,0.572074,0.734379,0.70094,Warning
19,-2.20334,1.06753,1,Critical
18,-1.58076,0.939355,0.610332,Warning
18,-0.936661,0.858162,0.41694,Normal
1,4.09984,0.474646,0.408307,Normal
13,0.648024,1.33582,0.534615,Normal
1,-0.627187,0.563779,0.183356,Normal
18,0.43441,0.9481,0,Normal
12,0.531897,0.132819,0.0424024,Normal
10,0.0149454,0.150146,0,Normal
17,0.720834,0.312582,0.224657,Normal
21,0.908469,0.144856,0.282435,Normal
19,2.19705,0.610087,1,Critical
15,3.1166,0.406145,0.735345,Warning
9,1.98807,0.880118,0.697642,Warning
3,0.611622,0,0.231439,Normal
18,-1.34142,0.50272,0.517817,Normal
16,-0.320865,0.543011,0.319469,Normal
15,0.493386,0.85371,0.332079,Normal
3,3.49197,0,0.722939,Warning
22,-0.0692212,0.695854,0.333799,Normal
21,-0.0100814,0.242263,0.391171,Normal
0,-0.887707,0.81386,0.113789,Normal
21,-0.184208,0.415503,0.285986,Normal
14,0.877627,0.24696,0,Normal
19,-0.693321,1.11848,0.288887,Normal
12,-2.56339,1.0651,0.795679,Warning
11,3.37055,0.184705,0.786122,Warning
8,0.393118,0.760307,0.615468,Normal
21,0.45422,0,0.565297,Normal
4,0.0802021,1.35034,0.349146,Normal
9,0.756817,0.819833,0.358064,Normal
23,0.328154,0.689975,0.255123,Normal
3,-0.83467,0.705177,0.409639,Normal
18,-0.784403,1.11402,0.504357,Normal
23,-0.585497,0.638935,0.345481,Normal
1,1.40549,1.23579,1,Critical
16,1.63044,0,0.455393,Normal
4,-1.14991,0.408938,0.919647,Warning
17,0.440496,0.500027,0.264585,Normal
1,0.0961715,1.02409,0.310621,Normal
19,1.881,0.564994,1,Critical
11,0.376436,0.963487,0.0521861,Normal
8,-0.58598,0.607454,0.300976,Normal
3,-0.537549,0.431189,0.462531,Normal
14,0.352046,0.128846,0.11821,Normal
14,-0.109537,0.770142,0.0552525,Normal
5,2.08519,0.63574,0.890856,Warning
21,0.0620437,0,0.449841,Normal
22,-0.309338,0.925934,0.0983381,Normal
1,-2.92565,0.402197,0.664859,Warning
16,0.516341,0.637992,0,Normal
6,-0.98324,1.10566,0.517663,Normal
11,0.688012,0.558424,0,Normal
14,-3,0.955314,0.98334,Critical
17,-2.08121,1.13867,0.441385,Normal
12,-0.663942,0.570805,0,Normal
4,0.145598,0.513774,0.301637,Normal
1,-0.269957,1.0239,0.192831,Normal
4,-0.665876,0.598315,0.620935,Warning
23,2.01731,0.44117,1,Critical
17,-2.50345,0.19707,0.558052,Normal
8,-0.121974,1.43535,0.190276,Normal
21,0.571686,1.4809,0.140702,Normal
3,-2.95986,0.30374,0.235358,Normal
17,-0.0138501,0.844518,0.276958,Normal
20,-0.248234,0.981152,0.286165,Warning
19,-0.517324,0.281222,0.628313,Warning
18,2.73375,0.99311,0.277279,Normal
0,1.0087,0.154945,0.73096,Warning
16,-2.4414,0.0823073,0.838365,Warning
10,-0.036551,0.751081,0.231127,Normal
21,2.28755,0.554728,0.933595,Critical
23,-0.841522,0,0.0670771,Normal
11,0.182069,0.205347,0.372745,Normal
4,-0.0234428,1.36152,0.0836666,Normal
2,-2.96271,0.672122,0.698374,Warning
21,0.559816,1.03284,0,Normal
4,-1.02884,1.07761,0.892565,Warning
1,-2.76642,0.70703,0.55078,Normal
19,0.945204,0,0.0669045,Normal
3,-0.0268954,0,0.482303,Normal
16,2.21356,0,0.584238,Normal
11,-0.523782,0.555502,0.103705,Normal
15,-0.56214,1.59522,0,Normal
7,0.266059,0.639776,0.258082,Normal
16,-2.57012,0.465518,1,Critical
20,0.440578,0.810802,0,Warning
0,0.345551,0.530138,0.506112,Normal
2,0.675718,0.0845466,0,Normal
15,-0.519881,0.334233,0,Normal
2,0.736196,0.64559,0.252604,Normal
21,0.569555,0.311296,0.508277,Normal
23,-3,0.0975486,0.871285,Warning
20,1.16866,0.652721,0.720178,Warning
16,-0.338684,0.508111,0.745893,Normal
20,0.550079,0.687179,0.131416,Normal
4,-0.626025,0.774195,0.247645,Normal
13,-0.408751,0.513413,0.481238,Normal
5,0.899797,1.17025,0.0237231,Normal
12,-0.645881,0.916147,0.493109,Normal
6,-0.443735,1.13132,0.20475,Normal
3,0.386259,1.08885,0,Normal
9,-0.182129,0.045624,0.369324,Normal
0,-0.0776226,0.342676,0,Normal
23,-3,0.476259,0.568815,Normal
16,-2.74597,1.21093,0.11178,Normal
13,0.104936,1.29043,0.82381,Normal
11,0.266389,0.214984,0.416912,Normal
20,1.7263,0.449076,0.857481,Warning
2,1.35401,0.440486,0.73143,Warning
13,0.344057,0.0385596,0.323264,Normal
12,0.473795,0.787555,0.481705,Normal
16,-0.231138,1.54317,0.356108,Normal
8,1.8169,0.104206,1,Critical
20,0.92752,0.119064,0,Normal
23,0.546899,0.602671,0,Normal
0,-0.0964254,0.496057,0.0829818,Normal
8,2.4234,0.0610722,1,Critical
14,-1.93456,0.013976,0.696404,Warning
18,1.06994,0.730716,0.694621,Warning
7,-3.69464,0.641982,0.907327,Critical
17,-1.58164,0.342564,1,Critical
8,-0.242235,0,0,Normal
0,0.225196,0.0551265,0.277347,Normal
16,-2.20165,0.218411,0.766649,Warning
2,0.432888,0.857699,0.132075,Normal
22,0.302903,0.339777,0.429057,Normal
21,0.909118,0.0724434,0.435515,Normal
15,-0.203057,0.441406,0.836332,Warning
3,0.0654832,0.822163,0,Normal
2,2.33218,1.43765,0.743743,Warning
17,-0.367582,0.935131,0.369549,Normal
18,-0.560474,1.09424,0.556154,Normal
1,0.468433,1.2127,0.237817,Normal
14,2.29757,1.31676,0.21824,Normal
0,-0.107229,0,0.150561,Normal
6,-0.232553,0.217403,0,Normal
20,0.177657,1.2827,0.419464,Normal
3,-2.35761,0.100383,0.623082,Warning
17,-1.24202,0.160082,1,Critical
16,2.48151,1.42665,1,Critical
2,0.751565,1.07565,0.330673,Normal
1,2.19144,0.428483,1,Critical
12,-2.69595,0.726433,0.739229,Warning
22,0.371602,0.219786,0.126197,Normal
15,0.666878,0.452922,0.408972,Normal
18,2.02275,0.216083,0.777059,Warning
14,-0.357811,0.797571,0.486224,Normal
22,3.57482,0,1,Critical
6,-0.0107231,0.744595,0,Normal
2,-1.86575,0.634646,0.758706,Warning
0,0.23183,0,0,Normal
1,0.0300695,0.679062,0.163854,Normal
16,0.0382782,0.934824,0.364485,Normal
9,0.218974,0.537217,0.216993,Normal
20,-1.29619,0.726397,0.754131,Warning
5,0.901394,0.0651772,0.326973,Normal
21,0.693474,1.25884,0.148645,Normal
0,2.40594,0.588327,0.721425,Warning
22,2.07738,0.0867124,0.902791,Critical
8,0.68071,0.281818,0.225754,Normal
17,-0.870749,1.07272,0.186284,Warning
17,-3,0.782916,0.239073,Normal
8,0.729275,0,0.342014,Normal
7,0.419771,1.3818,0.866135,Warning
4,0.29918,0.873165,0,Normal
11,0.0484976,0.473076,0.424535,Normal
9,1.4089,0.916661,0.569321,Normal
10,-2.6509,0.585811,0.207426,Normal
7,0.805701,1.46278,0.0861644,Normal
11,0.302268,1.17113,0.148248,Normal
17,-0.118046,0.218328,0.0646979,Normal
14,0.461354,0.96894,0,Normal
12,1.30211,1.60519,1,Critical
12,0.338561,0.559388,0,Normal
19,0.0189126,0.601139,0.693718,Normal
1,-2.61805,0.324278,0.473844,Normal
21,-0.51021,0.925625,0.00138861,Normal
11,1.08324,0.177197,1,Warning
11,-1.91725,0.691553,0.742754,Warning
20,1.97594,0.763133,0.33914,Normal
8,-1.42049,0.415665,0.681872,Warning
21,0.82938,0.430371,0,Normal
10,0.126655,0.498332,0.503544,Normal
1,-0.353408,0,0.449449,Normal
16,1.15335,0.236375,0.773625,Warning
3,-1.08665,0.337776,1,Warning
8,1.22616,0.700757,0.463728,Normal
19,0.928641,0.154244,0,Normal
10,2.65188,0.150884,0.672152,Warning
12,-0.22721,0.497884,0.168772,Normal
12,-0.902528,0.401043,0.187205,Normal
2,-1.90804,0.932845,0.85128,Warning
1,-0.135748,0.622493,0,Normal
15,-0.216957,0.521924,0.100545,Normal
11,-0.372983,0.162191,0.414753,Normal
11,-2.82126,0.501582,0.294405,Normal
14,0.913681,0.662834,0,Normal
9,-0.758016,0.720361,0.350573,Normal
17,-0.619139,1.1379,0.130443,Normal
18,0.710601,0.466908,0.29819,Warning
1,2.12278,0.574458,0.392251,Normal
12,0.27035,0.256171,0,Normal
8,-2.64169,0.508227,0.807723,Warning
21,0.964522,0,0.45383,Normal
15,2.04096,0.0902416,0.587868,Normal
19,1.35212,0.858715,1,Critical
15,2.8308,0,0.363672,Normal
23,-0.283715,0.0946134,0,Normal
2,-0.270137,0.77836,0.129975,Normal
0,2.02537,1.20603,1,Critical
9,-1.16825,0.545691,0.625653,Warning
0,-3.04149,0.222659,0.60215,Warning
23,1.05729,0.846068,1,Warning
18,0.63795,0.335347,0.179414,Normal
5,-0.463044,0.567782,0.338016,Warning
12,-0.439639,0.623916,0.233124,Normal
12,-1.16611,1.09228,0.442227,Normal
8,0.135748,0.309274,0.105307,Normal
17,-1.29423,0.555137,0.465588,Normal
9,0.681961,0.71076,0.71275,Warning
10,3.97465,0.635581,0.824622,Warning
22,-0.735282,0.229591,0.327293,Normal
13,-3,0.607602,0.61826,Warning
19,-0.603072,1.22075,0.0380207,Normal
19,-1.77084,0.911175,0.81769,Warning
23,-1.46657,1.04149,1,Critical
10,2.08793,0.284745,0.631242,Warning
1,-1.24114,1.25602,1,Critical
2,0.36142,0.726984,0.369269,Normal
23,-0.504302,0.87645,0.170325,Normal
0,0.791535,0.43971,0.613618,Warning
15,0.813837,0.477335,0.406276,Normal
12,0.767105,0.696088,0.201539,Normal
20,-1.28186,0,0.883438,Warning
22,0.129565,1.15311,0.136929,Normal
16,1.8517,0.802955,0.991328,Critical
12,-0.176315,0.755038,0.0758418,Normal
20,-3,0.789021,1,Critical
4,-2.45847,0.638567,0.818237,Warning
3,-2.30426,0.318263,1,Critical
22,-0.329412,0.391991,0,Normal
17,-0.00941714,0,0.700389,Normal
18,0.196016,0.602008,0.143201,Normal
2,0.499829,1.12895,0.810973,Warning
15,2.69233,0.414581,0.993333,Critical
3,0.625956,1.24882,0,Normal
4,-0.235501,0.00430966,0.00974653,Normal
2,0.156002,0.891825,0.35905,Normal
19,0.686043,0,0.0314481,Normal
18,2.73901,0.512334,0.707714,Warning
20,-1.77089,0.714419,1,Critical
6,0.462883,0.676149,0.269056,Normal
6,-1.98372,0.853847,0.445355,Normal
10,0.0302439,0.728849,0.47067,Normal
23,2.76391,0.604851,0.846404,Warning
9,-2.83905,1.62259,1,Critical
2,0.241661,0.472105,0.267966,Normal
3,-0.464059,0.208387,0.425271,Normal
4,0.0829836,0.594165,0.108829,Warning
2,1.17366,0.316019,0.996932,Warning
19,-0.249163,0.53596,0,Normal
20,1.48161,0.224134,0.48573,Normal
5,-2.4174,0,1,Critical
3,2.27498,0.545499,0.511818,Normal
0,1.90738,1.24959,0.637803,Warning
8,-4,0.662256,0.850862,Warning
15,-2.67623,0.389952,1,Critical
11,-0.577461,0.228355,0.120912,Normal
1,-0.212148,0.766289,0.410301,Normal
19,-1.90326,0.825971,1,Warning
17,0.332359,1.07374,0.33031,Normal
22,2.11837,0.549336,1,Critical
12,-1.49577,1.04727,0.682193,Warning
19,0.563943,0.398487,0.237143,Normal
7,2.41658,0.528625,1,Critical
16,0.081508,0.165759,0.0783907,Normal
0,2.18361,0.217291,0.469578,Normal
7,-0.233779,0.16315,0.327442,Normal
10,2.04289,0.145344,0.795552,Warning
11,-0.175579,0.0563128,0.209041,Normal
15,0.24319,0.916247,0,Normal
7,0.961137,0.333301,0,Normal
11,-0.0864473,0.62323,0.127571,Normal
10,-0.0459703,0.0813736,0.174889,Normal
19,1.3362,0.174354,0.630899,Normal
16,-1.34963,0.736017,0.730817,Warning
9,-0.255221,1.25872,0.536644,Normal
15,-0.1522,1.1865,0.358282,Normal
13,-3,0.350513,0.326615,Normal
14,-0.205721,1.21236,0.504258,Normal
11,1.54641,0.26556,0.875007,Warning
4,-1.1881,0.903001,1,Warning
16,0.366531,0.813366,0.360687,Normal
21,1.43165,0.364779,0.611124,Warning
2,-3.8596,0.477956,0.736812,Normal
20,-1.89876,0.802259,0.924065,Critical
5,1.00721,0.575692,0.656884,Warning
10,2.83375,0.614676,0.528166,Normal
23,-0.112688,0.126056,0,Warning
13,2.50053,0.957405,1,Critical
13,3.02302,0.470358,0.304888,Normal
11,0.164076,0.704744,0.342711,Normal
16,0.063405,0.0609315,0.395944,Normal
8,2.57641,0.373352,1,Critical
11,0.459938,0.856106,0.202528,Normal
14,0.881553,0.560814,0,Warning
21,-0.146578,1.24441,0.32779,Normal
20,1.35511,0.827741,0.696394,Warning
23,0.864932,0.457559,0.327439,Normal
19,0.0151229,0,0.527646,Normal
13,0.248616,0.244246,0.542084,Normal
2,-1.95607,0.0195847,0.65357,Warning
6,0.0262324,0.573462,0.697807,Normal
4,1.20329,0.113977,1,Critical
16,-3,1.62158,0.929492,Critical
12,-0.0260863,0.962248,0,Normal
1,-1.34905,0,0.448042,Normal
14,0.525881,0.262638,0.277164,Warning
21,-1.85327,0.340957,0.640815,Warning
5,0.0657954,0.224147,0.202716,Normal
18,3.76511,0.491013,0.904669,Critical
15,-0.438698,0.424717,0.251927,Normal
18,-0.0949627,0.815232,0.181594,Normal
1,-1.7946,0,1,Critical
9,-0.112091,1.47863,0.12249,Normal
6,3.61603,0.0274725,0.556376,Normal
8,-2.73371,0.149638,0.646161,Warning
23,-0.109459,0.803445,0.0606383,Normal
8,0.015592,0.721998,0.290964,Normal
16,3.74567,0.772436,0.909593,Critical
19,1.25869,0.665854,1,Critical
18,-2.03589,0.655319,1,Warning
23,0.974544,0.64276,0.234712,Normal
12,-1.25244,0.130752,0.858552,Warning
11,0.515585,1.61346,0.0481283,Warning
10,-1.04386,1.27125,0.808664,Warning
11,0.800027,0.574853,0.419097,Normal
9,2.47161,1.19272,1,Critical
5,0.587644,0.881867,0,Normal
2,-2.25013,0.578151,0.378073,Normal
22,1.04429,0.208136,0.691551,Warning
2,0.0120431,0.532374,0.202798,Normal
16,-0.647358,0.315759,0,Normal
17,-3,1.33803,0.842729,Warning
21,-0.563721,1.07756,0.349185,Normal
13,1.28035,0,0.890082,Warning
7,2.9392,0.480776,0.530524,Normal
14,0.371018,0.721256,0.342018,Normal
17,0.184991,0.201803,0.242656,Normal
15,0.849253,0.775175,0.551083,Normal
18,0.151643,0.538154,0.111062,Normal
1,-1.80273,1.73741,0.860068,Warning
23,0.205631,0.629687,0.419516,Normal
4,0.534081,0.879412,0.208193,Normal
22,0.120154,0,0.887523,Normal
8,-0.750559,0.41343,0.102294,Normal
5,0.306171,0,0.52845,Normal
9,-2.33754,0.217933,0.566162,Normal
18,-2.06341,0.560191,0.662004,Warning
6,-0.958417,0.733643,0,Warning
11,-1.36706,0.661888,0.953223,Critical
20,-3,0.356992,0.658288,Warning
13,0.168595,0.499329,0.395717,Normal
19,0.64856,0.640956,0.543354,Normal
0,0.454126,0.180101,0,Normal
7,-0.546812,0.906197,0,Normal
9,1.7856,1.01061,0.39008,Normal
11,-0.0238062,1.08136,0.595105,Normal
21,1.18032,0.741231,0.873883,Warning
8,-2.4916,0.482601,0.561754,Normal
17,0.925617,0.514065,0,Normal
12,-0.483352,0.817013,0,Normal
12,-1.5799,0.321896,0.472215,Normal
3,-0.873862,0.906275,0.252263,Warning
8,0.315243,0.695222,0.222689,Normal
10,0.77672,1.01973,0,Normal
7,1.88746,0.890471,0.963295,Critical
12,-0.278119,0.780812,0,Warning
12,0.623036,1.00028,0.148878,Normal
12,1.38064,0.814609,0.575198,Normal
13,0.633564,1.70628,0.0594325,Normal
14,0.380559,1.28391,0.142872,Normal
9,-1.75722,0.160368,0.686333,Warning
14,-0.117462,0,0.637024,Normal
21,-1.44272,0.862099,0.704862,Warning
6,-0.506037,0.254043,0.0722919,Normal
17,0.340932,0.664105,0.6521,Normal
18,-0.74623,0.50066,0.546497,Warning
19,0.386336,0,0.230432,Normal
15,3.02298,0.700034,0.671479,Warning
10,-2.41673,0.377283,0.720123,Warning
7,-2.01314,1.03704,0.538124,Normal
15,-2.17255,0.706044,0.203972,Normal
7,-3.70599,1.26417,0.982484,Critical
19,0.363923,0.248632,0.0213202,Normal
14,0.364389,0.649694,0.0659699,Normal
15,0.0354852,0.434307,0.6419,Normal
14,0.629026,0.784414,0.376847,Normal
10,-1.27529,0.502732,0.884416,Warning
11,-0.702673,0.542787,0,Normal
11,0.274603,0.724871,0.452981,Normal
19,0.621634,0.652875,0.648727,Warning
6,0.74273,0.117733,0.138201,Normal
2,2.54563,0,1,Critical
13,-0.773619,0.700104,0.539075,Normal
0,-0.666833,0.238343,0.282111,Normal
2,-0.495865,0,0.282346,Normal
3,-1.52697,0.204163,0.663132,Warning
14,-1.18138,1.37685,0.99428,Warning
12,0.643337,0.608089,0,Normal
18,-3,0.230923,0.790876,Warning
12,3.62096,0.108812,0.709076,Warning
6,-1.38367,1.55074,0.504969,Normal
2,-0.0126814,0.503309,0.143226,Normal
16,-0.604741,0.509741,0.134669,Normal
21,0.804678,0.782555,0.284123,Normal
16,0.259159,0.595487,0.00221486,Normal
1,0.366076,0.922319,0.478017,Normal
11,-2.27567,0.68148,0.556948,Normal
22,-1.19374,0.424677,0.765053,Warning
3,-0.59074,1.22179,0.653243,Warning
4,3.10185,0.0482637,0.639398,Warning
10,-0.666361,0.624237,0.409489,Normal
9,-2.94916,0.549334,1,Critical
5,-2.75376,0.64189,1,Critical
0,0.548865,0.427853,0.173455,Normal
18,0.459895,0.906855,0.189788,Normal
4,-1.55799,1.06717,0.91022,Critical
6,0.326855,0.326353,0.357392,Normal
8,0.74608,0.347573,0.642237,Warning
6,-0.0998272,0.927883,0.300312,Normal
18,-0.648956,0.287865,0.414154,Normal
22,2.06856,0,0.662274,Warning
12,2.40455,0.637066,0.547352,Normal
16,-0.574712,1.22752,0.184221,Normal
13,0.126095,0.508287,0.559524,Normal
12,1.18462,0.185138,0.861517,Warning
19,1.62111,0.833018,0.878595,Warning
7,1.42781,1.14216,0.928487,Critical
12,-1.14097,0.794664,0.796928,Warning
12,-0.0971968,0.443482,0.177583,Normal
13,3.09693,0.469247,0.998933,Critical
7,0.114796,0.0614691,0.59565,Normal
10,1.06133,0.333225,0.405105,Normal
16,0.354432,0.647555,0.554315,Normal
21,0.489136,0.123769,0.591549,Normal
17,0.131287,0.722526,0.481661,Normal
2,2.00827,0.452712,0.824354,Warning
4,0.382726,0.191208,0.445814,Normal
3,0.436363,0.67713,0.440031,Normal
14,1.33412,0.590561,0.798693,Warning
13,0.855006,0.538156,0.131643,Normal
15,-2.85987,1.1146,0.729208,Warning
12,2.6407,0.190541,0.830723,Warning
22,-1.0071,0.400163,0.818782,Warning
16,-0.615664,0.0508999,0,Normal
9,-0.890675,0.904104,0.14706,Warning
19,-0.204572,0.555061,0.0385708,Warning
2,-1.0045,0,0.454365,Normal
4,-2.34213,0.300768,0.780436,Warning
0,2.82164,0.898241,0.827488,Warning
21,-0.35611,0.216104,0.0782592,Normal
10,0.132726,0.50061,0.136386,Normal
2,2.35824,0.890155,0.861717,Warning
6,0.235986,0.464382,0.351865,Normal
0,-0.228595,0.699963,0,Normal
8,0.141458,0,0,Normal
2,-0.727428,0.55901,0.231334,Normal
15,0.686058,0.187066,0.262894,Normal
17,-0.245648,0.657824,0.385448,Normal
20,-0.290345,0.913833,0.315538,Normal
12,-0.852395,0.559886,0.0725564,Normal
21,-0.462188,0.459579,0.235717,Normal
9,-3,0.538296,0.832133,Warning
8,2.0623,0.908866,0.870837,Warning
13,-3,0.446194,0.642911,Warning
11,-2.66811,0.647381,0.918632,Critical
15,-0.700847,0.746356,0.472908,Normal
7,0.621856,0.306311,0,Normal
20,4.66158,0.202145,1,Critical
6,1.0256,0.401713,0.448653,Normal
7,0.831134,0.771196,0,Normal
6,-1.48231,0.805554,0.329622,Normal
19,1.5463,1.69032,0.834476,Warning
8,-1.53399,0.280711,0.579289,Normal
1,0.0887929,0,0.269257,Normal
17,0.71176,0.551369,0.612677,Warning
2,2.37358,0.881712,0.976056,Critical
16,0.589949,0.407191,0.140538,Normal
19,-2.3668,0.3894,0.387286,Warning
7,1.00094,0.67742,0.444512,Warning
2,-1.98584,0.81663,0.936441,Critical
22,0.413976,0.967091,0,Normal
6,-0.161661,0.585673,0.224243,Normal
4,0.290294,0.563513,0.860157,Normal
12,-0.523192,0.840985,0.367841,Normal
9,0.421723,0.580158,0,Normal
8,-0.39042,0.795567,0.315755,Normal
21,2.27314,0.775803,0.90145,Critical
18,-0.896234,0.0262735,0.344229,Normal
13,3.13432,0,0.714001,Warning
6,0.656833,0.0917121,0.491047,Normal
3,-2.20816,0.150517,1,Critical
6,-1.99264,0.565306,0.0720014,Normal
0,-2.90241,0.557196,0.622277,Warning
16,-0.421127,1.24179,0.374415,Normal
17,-0.156862,0.21286,0.414425,Normal
12,-0.0883105,0.76219,0.413712,Normal
0,-2.50418,0.284027,0.892882,Warning
8,1.27684,1.17813,0.705043,Warning
18,-1.50143,0.205879,0.924853,Critical
3,-1.17203,0.738746,0.641058,Warning
0,-0.295364,0,0.0998176,Normal
13,-0.953119,0.344379,0.13786,Normal
8,-1.0706,1.36483,0.640935,Warning
16,1.63905,1.17451,1,Critical
5,2.34744,1.26814,0.942686,Critical
20,-0.35743,1.06104,0.600773,Normal
5,-0.855682,1.1756,0.18444,Normal
1,0.45801,0.147723,0,Normal
1,0.187457,0.679392,0,Normal
1,0.349197,0.50313,0.425872,Normal
1,2.28428,0.897874,0.205581,Normal
11,-2.95054,1.22556,0.950396,Critical
18,0.0439531,1.18297,0.275376,Normal
5,0.154628,0.848453,0.0881436,Normal
6,-3.94098,0.756787,0.463233,Normal
9,2.35667,0.8921,1,Critical
19,2.45857,0.460883,1,Critical
2,0.265798,0.00616368,0.0648758,Normal
5,2.98451,0.646452,0.766836,Warning
10,3.0947,0.638754,0.79786,Warning
0,-2.73721,1.07318,0.660272,Warning
16,-0.472892,0.219537,0.184127,Normal
20,-1.53488,0.600795,0.481905,Normal
19,-0.472383,0.781965,0.334678,Normal
17,-3,0.139914,0.627311,Warning
10,2.93992,0.684809,0.68269,Warning
20,-1.08177,0.497906,1,Critical
21,0.668547,0.576605,0.740496,Warning
15,-0.823363,0.601183,0.14138,Normal
20,1.21391,0,1,Critical
5,0.359255,0.552644,0.458755,Normal
13,-1.01064,1.43289,0.660463,Warning
21,-1.9923,1.04187,1,Critical
11,0.0634493,0.705188,0,Normal
22,-1.94571,0.870961,0.810638,Warning
1,-0.707512,0.201582,0.373476,Normal
3,0.947497,0.413053,0.3382,Normal
4,-0.433979,0.364016,0.0953337,Normal
6,-0.0625941,0.370799,0.359258,Normal
20,0.303976,1.07974,0,Normal
16,0.395468,0.510936,0.484727,Normal
0,-2.17071,0.179858,0.923258,Critical
3,-2.13843,0.592836,0.543542,Normal
0,-2.82963,0.150106,0.627041,Warning
21,3.37627,0.679939,0.54861,Normal
6,0.19595,0.00123895,0.10597,Warning
1,0.236764,0.439536,0.343665,Normal
7,0.976471,0.311427,0.267915,Normal
0,-1.12002,1.18285,0.996031,Warning
17,0.369598,1.22846,0.209396,Normal
16,-2.64476,0,0.926817,Critical
15,0.0537665,1.01548,0.536352,Normal
14,0.848825,1.12402,0.549927,Normal
13,0.00188149,0.520679,0.333568,Normal
12,-1.0878,0.754623,0.617456,Warning
21,0.883821,0.475642,0.459239,Normal
21,0.121025,0.40967,0,Normal
16,-0.236052,0.992514,0.183243,Normal
5,0.0876841,0.92427,0.293578,Normal
19,0.374537,0.197706,0.614332,Normal
4,-2.24866,0,0.472118,Normal
6,-0.748299,0.768514,0.219974,Normal
2,-1.47774,0.507596,0.562862,Normal
23,-3,0.967871,0.649919,Warning
4,-0.632594,0.515664,0.40625,Normal
8,-0.936462,1.05432,0.0175359,Normal
14,-1.03538,0.763676,0.710517,Warning
3,-2.41681,0.415816,1,Critical
14,-0.897743,0.18503,0.524358,Normal
19,0.993797,1.10207,0.250115,Normal
17,0.520124,0.660832,0.162726,Normal
7,3.18766,0.508456,0.592878,Normal
5,0.231058,1.59743,0.0974948,Normal
1,1.5135,0.455909,1,Critical
19,0.419607,0.500208,0.479534,Normal
8,0.661536,0.155561,0.0973879,Normal
18,-2.13565,0.780642,0.658073,Warning
2,2.97361,0.841935,0.467082,Normal
13,0.116367,0,0.00891298,Normal
20,-3,0.577074,0.658782,Warning
5,-0.320382,0.0340081,0.400911,Normal
15,1.81189,1.0431,0.744615,Warning
22,1.18239,0.372522,1,Warning
5,0.445214,0.723448,0,Normal
14,1.20217,0.653244,1,Critical
17,0.388883,1.08692,0,Normal
8,-0.958219,0.860663,0.469002,Normal
15,1.02993,0.85138,0.534961,Normal
5,0.147569,0.375117,0.503544,Normal
4,0.587894,0.629597,0.8266,Warning
8,1.34905,0.368907,0.73838,Warning
18,-0.121263,0.670444,0.22181,Normal
3,2.36706,0.786855,0.910037,Critical
8,-2.68349,0,0.690962,Warning
4,-0.535343,0.70632,0.313554,Normal
12,-0.292963,0.218345,0.290612,Normal
15,1.16684,0.96708,0.151589,Normal
19,-0.157056,0.00621245,0.337539,Normal
21,0.0756198,0.581862,0.175029,Normal
11,-0.298202,0,0.220137,Normal
5,-0.77463,0.516847,0.682813,Warning
6,-3.11308,0.578868,0.779534,Warning
19,2.84176,0.166172,1,Critical
10,-2.4113,0.583829,1,Critical
19,0.112762,0.443069,0.826572,Normal
22,-0.134988,0.452399,0,Normal
15,-0.222384,0.885334,0.470807,Normal
7,0.0588762,0.283548,0.357922,Normal
14,0.387276,0.388339,0,Normal
5,-0.591861,0.582815,0.428197,Normal
20,0.902289,0.952782,0.369729,Normal
23,1.17008,0.305697,0.919525,Warning
0,-2.56208,0.360317,0.914354,Critical
15,-0.962771,0.213042,0.0550209,Normal
13,1.89597,0,0.577111,Warning
0,-1.39127,0.533204,0.986932,Critical
2,-0.899521,0.392108,0.222631,Normal
5,-0.853232,0.658275,0,Normal
22,1.56278,1.02155,1,Critical
15,-0.478648,0.519224,0.0678701,Normal
9,0.904042,0.44126,0.394384,Normal
1,0.41389,0.950368,0.153222,Normal
6,-0.345677,1.17891,0,Normal
0,2.3891,1.32213,0.902171,Critical
13,-1.23732,0.831666,0.767663,Warning
9,3.17538,1.41521,0.143096,Normal
18,2.47077,0.929252,0.970356,Critical
16,0.494375,0,0.591915,Normal
4,1.04701,0.705672,0.878068,Warning
1,-2.17772,0.976927,1,Critical
8,-0.0603613,0.64512,0.216657,Normal
13,0.38933,0.365989,0.363907,Normal
12,0.208803,0,0.0859326,Normal
6,1.49499,0,0.968024,Critical
7,-1.2481,1.11281,0.451005,Normal
18,-0.469438,0.722207,0.468598,Normal
15,0.451616,0.543443,0.148987,Normal
10,0.874681,0.42608,0.63492,Warning
8,-0.381564,0.533117,0,Normal
22,-0.860978,0,0.49649,Normal
15,-0.00225497,0.641824,0.0698979,Normal
21,1.69786,0.858265,0.926025,Critical
12,0.975632,1.25668,0.757269,Warning
21,-2.08948,0.55806,0.888861,Warning
20,0.19262,1.32794,0.781088,Normal
0,4.11485,0.258322,1,Critical
8,-0.249093,0.497571,0.395381,Normal
3,-1.31449,0.88449,0.735766,Critical
20,0.225945,0.500355,0.823718,Normal
8,0.97294,0.00540353,0.496089,Normal
14,0.112919,0.600767,0.10828,Normal
8,-0.0591294,1.42938,0.203103,Normal
17,1.50131,1.62609,0.695954,Warning
11,-0.470718,0.904254,0,Normal
1,3.23897,1.1309,0.632639,Warning
20,-0.243764,0.646382,0.208562,Normal
15,1.44748,0,0.840323,Warning
0,-2.93968,1.33087,0.709741,Warning
3,1.06427,0,0.327589,Warning
18,0.945198,0.673131,0.483489,Normal
9,0.677108,0,0.265498,Normal
12,2.30565,0.812534,0.641091,Warning
17,0.573238,0.392121,0.074915,Normal
20,1.68145,0.109683,1,Critical
16,-0.027407,1.23487,0,Normal
10,1.08552,0.16684,0.60542,Warning
19,-0.918889,1.01444,0.183004,Normal
0,0.365562,0.10482,0.134635,Normal
18,-0.524801,0.458793,0.0132966,Normal
16,-0.154706,0.51798,0.447246,Warning
0,1.44851,0.717297,0.75945,Warning
16,-2.59673,0.359565,0.399043,Normal
1,0.543739,0.974086,0.0722058,Normal
11,-0.491452,0.514727,0.399471,Normal
7,-1.32487,1.11659,0.774698,Warning
14,0.194531,1.23013,0.348331,Normal
16,-2.82814,0.54149,0.403804,Normal
5,0.759169,0.696205,0,Normal
18,2.71177,0.459526,0.674369,Warning
10,-0.560327,1.12393,0.141943,Warning
21,2.94268,0.112575,1,Critical
22,-3,0,0.772038,Warning
18,-1.97128,0.693937,0.488338,Normal
5,-0.271272,0.972788,0.422559,Normal
18,-0.385291,0.199035,0.426542,Normal
10,-1.05774,0.691241,0.719708,Warning
23,1.12175,0.45164,0.986036,Warning
0,3.53487,0.402683,0.450294,Normal
23,1.27979,0.194411,0.716049,Normal
21,-0.686384,1.09386,0,Normal
9,-0.127949,0.270196,0.581927,Normal
22,0.211915,0.490607,0.538769,Normal
22,-0.781265,0.329808,0.418719,Normal
14,-3,0.43917,0.473107,Normal
16,-0.825459,0.278661,0.216166,Normal
11,3.0773,1.2058,0.60723,Warning
16,0.00624177,0.0749676,0.234821,Normal
17,0.0733834,0.566965,0.119845,Normal
16,-0.677512,0.0714642,0.0526802,Normal
18,-0.758782,0.460932,0.187868,Normal
20,-0.174364,0,0.248952,Normal
4,0.528915,0.350766,0.591528,Normal
19,0.523853,0.19388,0.233173,Normal
6,0.0640143,0.388146,0.267502,Normal
15,0.476245,0.578301,0.828512,Warning
17,-0.1254,1.17154,0.309451,Normal
13,0.0599944,0,0,Normal
19,0.245875,0.0665745,0.383724,Normal
23,0.5934,1.23224,0.642247,Warning
16,3.36804,0.872964,0.431945,Normal
5,2.03631,1.14254,0.93461,Critical
9,0.0662885,0.760913,0.05925,Normal
3,0.295904,0.359913,0,Normal
1,0.333357,0.78278,0.649458,Normal
21,1.38097,0.308507,0.713915,Warning
15,0.406028,0.829809,0.140736,Normal
4,1.06429,0.048856,0.881213,Warning
10,-2.89267,0.1913,0.670353,Warning
11,-0.507822,0.607059,0.36749,Normal
3,0.509399,0,0,Normal
8,2.96508,0.924,0.635823,Warning
6,-2.25168,0,0.486728,Normal
21,0.808163,0.601657,0.183895,Normal
10,2.21649,0.9291,0.456222,Normal
20,2.78524,0.603292,0.500582,Normal
11,-2.20351,0.499859,0.663496,Warning
3,1.84355,0.59856,0.667223,Warning
7,-1.96998,0.726915,0.762029,Warning
4,0.592545,0.668124,0,Normal
8,0.399591,0.642626,0,Normal
6,0.94883,1.05007,0,Normal
11,4.49017,0.517014,0.939403,Critical
21,-0.236789,1.42336,0.820904,Normal
8,-0.210939,0.796674,0.293107,Normal
22,0.0423401,0.978701,0.152642,Normal
22,0.405794,0,0.30649,Normal
22,-2.66093,0.121203,1,Critical
9,0.877206,0.934573,0.298799,Normal
4,-0.562705,1.09266,0.199043,Normal
18,-0.272428,0.487371,0.540733,Normal
6,-0.924753,1.26502,0.42829,Normal
6,0.296317,0.271127,0.74916,Normal
6,-2.44255,0.692332,0.437678,Normal
21,0.543182,0.431834,0,Normal
7,0.126788,0.607472,0.329951,Normal
2,-0.353652,0.993879,0.715139,Normal
6,-0.035979,0.811374,0,Normal
6,-0.878775,0.664697,0.625634,Warning
13,-2.37738,0.24341,0.706617,Normal
7,-0.333193,0.700477,0.715219,Normal
13,1.0975,0.0805678,0.659786,Warning
21,-0.439839,1.58571,0.165071,Normal
12,0.11087,0.787267,0.327593,Normal
4,-0.141154,0.678725,0.637466,Normal
21,-0.458511,0.719803,0.531648,Normal
7,-0.132866,0.565736,0.290558,Normal
1,-3.10938,0.384745,0.718749,Warning
0,3.12353,0.243492,1,Critical
8,1.1135,0,1,Warning
18,-3,0.76912,0.79792,Warning
14,-0.831808,0.65288,0.439757,Normal
16,-1.64272,0,0.599774,Normal
8,-0.426618,0.614064,0.223367,Normal
10,-0.202536,0.538203,0.081408,Normal
8,-1.3364,0.713667,0.872181,Warning
14,-0.836547,0.549911,0.132053,Normal
8,-2.79276,0.708299,0.743772,Warning
21,-1.79055,0.333365,0.498503,Normal
10,-2.39426,1.62709,0.957866,Critical
4,-0.169777,1.12868,0.0196825,Normal
2,1.50421,0.113843,0.427792,Warning
17,-3,0.961593,0.376384,Normal
13,0.20463,0.994868,0.337397,Normal
12,-1.93228,0.539251,0.931282,Critical
15,-0.340898,0.805389,0,Normal
23,-2.82163,0.966592,0.539932,Normal
17,-0.0418433,1.28921,0.195743,Normal
11,0.0613938,0.917468,0.645156,Normal
16,0.31256,0.798089,0.611456,Normal
4,-1.15576,0.509167,0.559324,Normal
12,-0.335275,0.963442,0.274363,Warning
19,-1.14248,0.273573,0.528464,Normal
7,-2.67403,0.626982,0.838735,Warning
21,0.522068,0.45113,0,Normal
16,0.0834324,0.480545,0,Normal
3,-0.638884,0.0286695,0.430249,Normal
2,-0.0821188,0.519752,0.0458223,Normal
0,-2.91004,0.979996,1,Critical
17,-0.169797,0,0.328271,Normal
21,3.35931,0.322602,0.93649,Critical
16,3.00164,0.711001,0.640773,Warning
2,0.163749,0.150006,0.347931,Normal
1,-0.0417522,0.492692,0.130081,Normal
15,0.315326,1.32776,0.0572126,Normal
21,-0.34478,0.297213,0.235977,Normal
22,0.145109,0.17192,0.0702033,Normal
21,3.74193,1.3041,1,Critical
13,3.0054,0.783215,0.885252,Warning
18,-0.856248,1.02762,0.334511,Normal
16,-0.725657,0.72704,0.440079,Normal
12,1.53231,0.544465,0.795503,Warning
13,-0.187982,0.058378,0.485523,Normal
3,0.681195,0.509349,0,Normal
19,1.16552,0.783371,0.69457,Warning
10,1.02951,0.521754,0.382541,Normal
21,-0.730634,0.758547,0.00207881,Normal
23,-0.507808,0,0.259779,Normal
20,1.44857,1.1553,0.982784,Critical
21,-0.136175,0.0719084,0.356739,Normal
12,2.92861,0.7314,1,Critical
