QuestionText,Label
"Brinem se jer da li je normalno da beba puno spava tokom dana.",False
"Treba mi savjet doktora: da li je normalno da beba puno spava tokom dana.",False
"Dobar dan, da li je normalno da beba često podriguje nakon hranjenja?",False
"Brinem se jer koliko dugo obično traje faza kolika.",False
"Da li je u redu koristiti cuclu. Šta mi savjetujete?",False
"Zanima me sljedeće: beba hripa i uvlači rebra pri disanju?",True
"Beba ima visoku temperaturu preko 39 stepeni. Šta mi savjetujete?",True
"Molim savjet - beba ima visoku temperaturu preko 39 stepeni.",True
"Beba je pala i sada povraća i jako je pospana?",True
"Treba mi savjet doktora: beba je pala i sada povraća i jako je pospana.",False
"Treba mi savjet doktora: beba ne mokri više od 8 sati.",True
"Dobar dan, da li je normalno da beba puno spava tokom dana?",False
"Brinem se jer kada mogu očekivati da beba počne sjediti sama.",False
"Brinem se jer kako naučiti bebu da spava cijelu noć.",False
"Imam pitanje: da li je u redu da beba spava na stomaku uz nadzor?",False
"Poštovani doktore, koža oko usta i noktiju izgleda siva?",True
"Dijete je progutalo nešto strano ili moguć otrov. Šta mi savjetujete?",True
"Treba mi savjet doktora: kada beba počinje jesti čvrstu hranu.",False
"Brinem se jer primijetila sam krv u stolici kod bebe.",True
"Brinem se jer da li je normalno da beba često podriguje nakon hranjenja.",False
"Dobar dan, kada mogu početi sa uvođenjem sokova?",False
"Dijete ne diše normalno i teško hvata zrak. Šta mi savjetujete?",True
"Molim savjet - koje vitamine treba davati bebi.",False
"Poštovani doktore, pojavio se osip koji se brzo širi po tijelu?",True
"Kako naučiti bebu da spava cijelu noć, šta da radim?",False
"Brinem se jer kada je vrijeme za prvu posjetu zubaru.",False
"Beba ima visoku temperaturu preko 39 stepeni, šta da radim?",True
"Beba ima temperaturu a mlađa je od tri mjeseca?",True
"Dobar dan, kada beba obično počinje govoriti prve riječi?",False
"Molim savjet - koliko dugo obično traje faza kolika.",False
"Treba mi savjet doktora: dijete ne diše normalno i teško hvata zrak.",True
"Brinem se jer primijetila sam krv u povraćanju kod bebe.",True
"Dobar dan, temperatura ne pada ni nakon lijeka već satima?",True
"Treba mi savjet doktora: da li je u redu koristiti cuclu.",False
"Molim savjet - beba ne mokri više od 8 sati.",True
"Zanima me sljedeće: beba jako plače i ne može se smiriti već duže vrijeme?",True
"Molim savjet - beba ne mokri više od 8 sati.",True
"Brinem se jer dijete je jako pospano i teško ga je probuditi.",True
"Molim savjet - novorođenče odbija svaki obrok i letargično je.",True
"Dobar dan, beba ima temperaturu a mlađa je od tri mjeseca?",True
"Poštovani doktore, kako uspostaviti stabilnu rutinu spavanja?",False
"Dobar dan, kada je vrijeme za prvu posjetu zubaru?",False
"Poštovani doktore, da li je normalno da beba puno spava tokom dana?",False
"Molim savjet - koliko dugo obično traje faza kolika.",False
"Molim savjet - primijetila sam krv u povraćanju kod bebe.",True
"Kada mogu očekivati da beba počne sjediti sama?",False
"Dobar dan, beba je pala i sada povraća i jako je pospana?",True
"Koje su preporuke za kupanje novorođenčeta. Šta mi savjetujete?",False
"Zanima me sljedeće: dijete se opeklo i koža je jako crvena i mjehuri se?",True
"Kada je vrijeme za prvu posjetu zubaru?",False
"Imam pitanje: koje vitamine treba davati bebi?",False
"Kada beba počinje jesti čvrstu hranu. Šta mi savjetujete?",False
"Kada mogu očekivati da beba počne sjediti sama, šta da radim?",False
"Koža oko usta i noktiju izgleda siva?",True
"Dijete je jako pospano i teško ga je probuditi. Šta mi savjetujete?",True
"Dobar dan, kada beba počinje jesti čvrstu hranu?",False
"Molim savjet - kada beba počinje jesti čvrstu hranu.",False
"Molim savjet - kada beba obično počinje govoriti prve riječi.",False
"Dobar dan, kada mogu očekivati da beba počne sjediti sama?",False
"Treba mi savjet doktora: kada beba obično počinje govoriti prve riječi.",False
"Imam pitanje: koliko brzo bi trebalo beba da dobija na težini?",False
"Imam pitanje: da li je u redu koristiti cuclu?",False
"Kada beba počinje jesti čvrstu hranu?",False
"Treba mi savjet doktora: da li je u redu koristiti cuclu.",False
"Imam pitanje: kako naučiti bebu da spava cijelu noć?",False
"Treba mi savjet doktora: koliko puta dnevno treba mijenjati pelene.",False
"Beba ima temperaturu a mlađa je od tri mjeseca?",True
"Brinem se jer koliko je normalno da beba plače tokom dana.",False
"Treba mi savjet doktora: beba ima temperaturu a mlađa je od tri mjeseca.",True
"Imam pitanje: da li je u redu koristiti cuclu?",False
"Koje vitamine treba davati bebi?",False
"Brinem se jer koliko je normalno da beba plače tokom dana.",False
"Molim savjet - beba ima jaku bol u stomaku i ne miče se.",True
"Brinem se jer koliko je normalno da beba plače tokom dana.",False
"Imam pitanje: da li je u redu da beba spava na stomaku uz nadzor?",False
"Dobar dan, koje su preporuke za kupanje novorođenčeta?",False
"Koliko puta dnevno treba mijenjati pelene. Šta mi savjetujete?",False
"Kada se preporučuje prva redovna vakcina?",False
"Molim savjet - koliko sati sna je normalno za bebu od 15 mjeseci.",False
"Poštovani doktore, da li je u redu da beba spava na stomaku uz nadzor?",False
"Kako naučiti bebu da spava cijelu noć. Šta mi savjetujete?",False
"Dobar dan, kako uspostaviti stabilnu rutinu spavanja?",False
"Koje su preporuke za kupanje novorođenčeta?",False
"Treba mi savjet doktora: koža bebe je postala jako blijeda ili žuta.",True
"Pojavio se osip koji se brzo širi po tijelu. Šta mi savjetujete?",True
"Kako uspostaviti stabilnu rutinu spavanja, šta da radim?",False
"Imam pitanje: kada beba počinje jesti čvrstu hranu?",False
"Molim savjet - beba ima visoku temperaturu preko 39 stepeni.",True
"Treba mi savjet doktora: pojavio se osip koji se brzo širi po tijelu.",True
"Dobar dan, koža oko usta i noktiju izgleda siva?",True
"Beba hripa i uvlači rebra pri disanju?",True
"Treba mi savjet doktora: dijete je progutalo nešto strano ili moguć otrov.",True
"Treba mi savjet doktora: pojavio se osip koji se brzo širi po tijelu.",True
"Koje vitamine treba davati bebi. Šta mi savjetujete?",False
"Treba mi savjet doktora: beba je pala i sada povraća i jako je pospana.",True
"Imam pitanje: da li trebam brinuti ako beba ne voli određenu hranu?",False
"Beba ima jaku bol u stomaku i ne miče se. Šta mi savjetujete?",True
"Treba mi savjet doktora: koja hrana je najbolja za uvođenje u ishranu.",False
"Dobar dan, koliko sati sna je normalno za bebu od 9 mjeseci?",False
"Imam pitanje: koja hrana je najbolja za uvođenje u ishranu?",False
"Treba mi savjet doktora: kada beba počinje jesti čvrstu hranu.",False
"Koje su preporuke za kupanje novorođenčeta. Šta mi savjetujete?",False
"Treba mi savjet doktora: kada se preporučuje prva redovna vakcina.",False
"Zanima me sljedeće: koliko puta dnevno treba mijenjati pelene?",False
"Treba mi savjet doktora: da li je u redu koristiti cuclu.",False
"Beba ima visoku temperaturu preko 39 stepeni. Šta mi savjetujete?",True
"Dobar dan, koliko brzo bi trebalo beba da dobija na težini?",False
"Brinem se jer beba povraća bez prestanka već nekoliko sati.",True
"Brinem se jer primijetila sam krv u stolici kod bebe.",True
"Koža bebe je postala jako blijeda ili žuta?",True
"Da li je normalno da beba često podriguje nakon hranjenja?",False
"Dijete ne diše normalno i teško hvata zrak, šta da radim?",True
"Poštovani doktore, kada mogu početi sa uvođenjem sokova?",False
"Imam pitanje: dijete je na trenutak izgubilo svijest?",True
"Imam pitanje: beba ima jaku bol u stomaku i ne miče se?",True
"Zanima me sljedeće: dijete je jako pospano i teško ga je probuditi?",True
"Zanima me sljedeće: koliko dugo obično traje faza kolika?",False
"Zanima me sljedeće: dijete se opeklo i koža je jako crvena i mjehuri se?",True
"Temperatura ne pada ni nakon lijeka već satima, šta da radim?",True
"Dobar dan, beba ima ukočen vrat i ne podnosi svjetlo?",True
"Zanima me sljedeće: koža bebe je postala jako blijeda ili žuta?",True
"Dobar dan, kako izgleda zdrav ritam hranjenja za uzrast od 7 mjeseci?",False
"Treba mi savjet doktora: beba ima temperaturu a mlađa je od tri mjeseca.",True
"Imam pitanje: novorođenče odbija svaki obrok i letargično je?",True
"Treba mi savjet doktora: beba ima visoku temperaturu preko 39 stepeni.",True
"Dobar dan, da li je u redu da beba spava na stomaku uz nadzor?",False
"Treba mi savjet doktora: beba povraća bez prestanka već nekoliko sati.",True
"Treba mi savjet doktora: beba povraća bez prestanka već nekoliko sati.",True
"Molim savjet - kako pripremiti bebu za prvi izlet vani.",False
"Molim savjet - usne i koža oko usta su mu/joj modre.",True
"Koje su preporuke za kupanje novorođenčeta, šta da radim?",False
"Dijete je na trenutak izgubilo svijest, šta da radim?",True
"Dobar dan, kako uspostaviti stabilnu rutinu spavanja?",False
"Zanima me sljedeće: koliko puta dnevno treba mijenjati pelene?",False
"Treba mi savjet doktora: usne i koža oko usta su mu/joj modre.",True
"Beba ima temperaturu a mlađa je od tri mjeseca. Šta mi savjetujete?",True
"Koliko je normalno da beba plače tokom dana?",False
"Zanima me sljedeće: kako pripremiti bebu za prvi izlet vani?",False
"Poštovani doktore, koliko je normalno da beba plače tokom dana?",False
"Dijete se opeklo i koža je jako crvena i mjehuri se, šta da radim?",True
"Koliko dugo obično traje faza kolika. Šta mi savjetujete?",False
"Molim savjet - beba jako plače i ne može se smiriti već duže vrijeme.",True
"Koliko dugo obično traje faza kolika. Šta mi savjetujete?",False
"Beba ima visoku temperaturu preko 39 stepeni. Šta mi savjetujete?",True
"Zanima me sljedeće: primijetila sam krv u stolici kod bebe?",True
"Usne i koža oko usta su mu/joj modre?",False
"Beba ima ukočen vrat i ne podnosi svjetlo, šta da radim?",True
"Beba se guši i ne može doći do daha, šta da radim?",True
"Molim savjet - koliko je normalno da beba plače tokom dana.",False
"Beba jako plače i ne može se smiriti već duže vrijeme. Šta mi savjetujete?",True
"Molim savjet - primijetila sam krv u stolici kod bebe.",True
"Koje su preporuke za prve cipelice, šta da radim?",False
"Molim savjet - beba ima jaku bol u stomaku i ne miče se.",True
"Beba ima jaku bol u stomaku i ne miče se, šta da radim?",True
"Zanima me sljedeće: dijete se opeklo i koža je jako crvena i mjehuri se?",True
"Treba mi savjet doktora: koje vitamine treba davati bebi.",False
"Molim savjet - da li je u redu koristiti cuclu.",False
"Molim savjet - dijete se opeklo i koža je jako crvena i mjehuri se.",True
"Dobar dan, beba je pala i sada povraća i jako je pospana?",True
"Brinem se jer dijete se opeklo i koža je jako crvena i mjehuri se.",True
"Beba ima visoku temperaturu preko 39 stepeni, šta da radim?",True
"Beba se guši i ne može doći do daha?",True
"Novorođenče odbija svaki obrok i letargično je. Šta mi savjetujete?",True
"Kada je vrijeme za prvu posjetu zubaru, šta da radim?",False
"Brinem se jer beba je pala i sada povraća i jako je pospana.",True
"Dobar dan, kako naučiti bebu da spava cijelu noć?",False
"Dobar dan, kada mogu očekivati da beba počne sjediti sama?",False
"Brinem se jer kada mogu očekivati da beba počne sjediti sama.",False
"Koža oko usta i noktiju izgleda siva, šta da radim?",True
"Zanima me sljedeće: koje vitamine treba davati bebi?",False
"Beba ne mokri više od 8 sati, šta da radim?",True
"Imam pitanje: novorođenče odbija svaki obrok i letargično je?",True
"Treba mi savjet doktora: koliko dugo obično traje faza kolika.",False
"Zanima me sljedeće: pojavio se osip koji se brzo širi po tijelu?",True
"Kako izgleda zdrav ritam hranjenja za uzrast od 17 mjeseci. Šta mi savjetujete?",False
"Zanima me sljedeće: kada beba počinje jesti čvrstu hranu?",False
"Brinem se jer usne i koža oko usta su mu/joj modre.",True
"Treba mi savjet doktora: koža bebe je postala jako blijeda ili žuta.",True
"Kako izgleda zdrav ritam hranjenja za uzrast od 16 mjeseci. Šta mi savjetujete?",False
"Dobar dan, koliko puta dnevno treba mijenjati pelene?",False
"Treba mi savjet doktora: primijetila sam krv u stolici kod bebe.",True
"Brinem se jer dijete je na trenutak izgubilo svijest.",True
"Dijete je jako pospano i teško ga je probuditi?",True
"Treba mi savjet doktora: kada beba počinje jesti čvrstu hranu.",False
"Molim savjet - kako izgleda zdrav ritam hranjenja za uzrast od 13 mjeseci.",False
"Koliko puta dnevno treba mijenjati pelene, šta da radim?",False
"Brinem se jer koža bebe je postala jako blijeda ili žuta.",True
"Beba ima visoku temperaturu preko 39 stepeni?",True
"Imam pitanje: primijetila sam krv u povraćanju kod bebe?",True
"Koliko je normalno da beba plače tokom dana, šta da radim?",False
"Dobar dan, kako naučiti bebu da spava cijelu noć?",False
"Poštovani doktore, dijete diše veoma brzo i teško?",True
"Usne i koža oko usta su mu/joj modre?",True
"Imam pitanje: koliko puta dnevno treba mijenjati pelene?",False
"Kako naučiti bebu da spava cijelu noć?",False
"Dobar dan, kada beba počinje jesti čvrstu hranu?",False
"Brinem se jer pojavio se osip koji se brzo širi po tijelu.",False
"Koje su preporuke za kupanje novorođenčeta?",False
"Beba ima ukočen vrat i ne podnosi svjetlo?",True
"Dobar dan, beba ima visoku temperaturu preko 39 stepeni?",True
"Molim savjet - temperatura ne pada ni nakon lijeka već satima.",True
"Poštovani doktore, beba ima jaku bol u stomaku i ne miče se?",True
"Poštovani doktore, temperatura ne pada ni nakon lijeka već satima?",True
"Koja hrana je najbolja za uvođenje u ishranu?",False
"Koliko brzo bi trebalo beba da dobija na težini. Šta mi savjetujete?",False
"Imam pitanje: dijete se opeklo i koža je jako crvena i mjehuri se?",True
"Molim savjet - koliko puta dnevno treba mijenjati pelene.",False
"Treba mi savjet doktora: koja hrana je najbolja za uvođenje u ishranu.",False
"Brinem se jer dijete je na trenutak izgubilo svijest.",True
"Koje igračke su prikladne za uzrast od 12 mjeseci. Šta mi savjetujete?",False
"Imam pitanje: dijete se opeklo i koža je jako crvena i mjehuri se?",True
"Imam pitanje: da li je u redu koristiti cuclu?",False
"Brinem se jer primijetila sam krv u povraćanju kod bebe.",True
"Dobar dan, kada beba počinje jesti čvrstu hranu?",False
"Molim savjet - beba ima jaku bol u stomaku i ne miče se.",True
"Poštovani doktore, dijete je dobilo grčeve/konvulzije?",False
"Imam pitanje: koža bebe je postala jako blijeda ili žuta?",True
"Poštovani doktore, da li je u redu koristiti cuclu?",False
"Poštovani doktore, usne i koža oko usta su mu/joj modre?",True
"Dobar dan, beba ima ukočen vrat i ne podnosi svjetlo?",True
"Brinem se jer koliko puta dnevno treba mijenjati pelene.",False
"Dobar dan, beba jako plače i ne može se smiriti već duže vrijeme?",True
"Imam pitanje: beba se guši i ne može doći do daha?",True
"Kada mogu očekivati da beba počne sjediti sama, šta da radim?",False
"Koje su preporuke za prve cipelice, šta da radim?",False
"Zanima me sljedeće: dijete diše veoma brzo i teško?",True
"Brinem se jer kada mogu početi sa uvođenjem sokova.",False
"Brinem se jer dijete je progutalo nešto strano ili moguć otrov.",True
"Novorođenče odbija svaki obrok i letargično je?",True
"Dijete ne diše normalno i teško hvata zrak, šta da radim?",True
"Beba ima ukočen vrat i ne podnosi svjetlo?",True
"Treba mi savjet doktora: koliko dugo obično traje faza kolika.",False
"Da li je u redu koristiti cuclu?",False
"Molim savjet - da li je normalno da beba često podriguje nakon hranjenja.",False
"Brinem se jer beba ima ukočen vrat i ne podnosi svjetlo.",True
"Kako naučiti bebu da spava cijelu noć. Šta mi savjetujete?",False
"Poštovani doktore, dijete ne diše normalno i teško hvata zrak?",True
"Zanima me sljedeće: da li je u redu da beba spava na stomaku uz nadzor?",False
"Imam pitanje: kako uspostaviti stabilnu rutinu spavanja?",False
"Brinem se jer koje vitamine treba davati bebi.",False
"Imam pitanje: koža oko usta i noktiju izgleda siva?",True
"Dobar dan, da li je normalno da beba često podriguje nakon hranjenja?",False
"Brinem se jer dijete je progutalo nešto strano ili moguć otrov.",True
"Imam pitanje: koliko brzo bi trebalo beba da dobija na težini?",False
"Poštovani doktore, koja hrana je najbolja za uvođenje u ishranu?",False
"Usne i koža oko usta su mu/joj modre, šta da radim?",True
"Primijetila sam krv u povraćanju kod bebe. Šta mi savjetujete?",True
"Molim savjet - dijete je na trenutak izgubilo svijest.",True
"Dobar dan, beba ima temperaturu a mlađa je od tri mjeseca?",True
"Beba povraća bez prestanka već nekoliko sati. Šta mi savjetujete?",True
"Zanima me sljedeće: beba ima ukočen vrat i ne podnosi svjetlo?",True
"Brinem se jer kada mogu početi sa uvođenjem sokova.",False
"Kada se preporučuje prva redovna vakcina?",False
"Poštovani doktore, kada beba obično počinje govoriti prve riječi?",False
"Treba mi savjet doktora: da li je normalno da beba puno spava tokom dana.",False
"Kako izgleda zdrav ritam hranjenja za uzrast od 12 mjeseci. Šta mi savjetujete?",False
"Kada mogu početi sa uvođenjem sokova. Šta mi savjetujete?",False
"Brinem se jer kada mogu početi sa uvođenjem sokova.",False
"Brinem se jer kako naučiti bebu da spava cijelu noć.",False
"Poštovani doktore, koža bebe je postala jako blijeda ili žuta?",True
"Molim savjet - kako uspostaviti stabilnu rutinu spavanja.",False
"Kako naučiti bebu da spava cijelu noć. Šta mi savjetujete?",False
"Dobar dan, koja hrana je najbolja za uvođenje u ishranu?",False
"Imam pitanje: kako izgleda zdrav ritam hranjenja za uzrast od 7 mjeseci?",False
"Koliko brzo bi trebalo beba da dobija na težini. Šta mi savjetujete?",False
"Beba ima ukočen vrat i ne podnosi svjetlo, šta da radim?",True
"Brinem se jer beba je pala i sada povraća i jako je pospana.",True
"Imam pitanje: koje vitamine treba davati bebi?",False
"Zanima me sljedeće: kada se preporučuje prva redovna vakcina?",False
"Zanima me sljedeće: beba ima ukočen vrat i ne podnosi svjetlo?",True
"Dobar dan, beba povraća bez prestanka već nekoliko sati?",True
"Koja hrana je najbolja za uvođenje u ishranu. Šta mi savjetujete?",False
"Poštovani doktore, pojavio se osip koji se brzo širi po tijelu?",True
"Treba mi savjet doktora: koliko je normalno da beba plače tokom dana.",False
"Imam pitanje: beba ima jaku bol u stomaku i ne miče se?",True
"Dijete ne diše normalno i teško hvata zrak. Šta mi savjetujete?",True
"Imam pitanje: dijete je progutalo nešto strano ili moguć otrov?",True
"Zanima me sljedeće: beba ima ukočen vrat i ne podnosi svjetlo?",True
"Zanima me sljedeće: dijete je dobilo grčeve/konvulzije?",True
"Poštovani doktore, dijete je na trenutak izgubilo svijest?",True
"Zanima me sljedeće: kada je vrijeme za prvu posjetu zubaru?",False
"Dobar dan, beba ne mokri više od 8 sati?",True
"Zanima me sljedeće: koje vitamine treba davati bebi?",False
"Poštovani doktore, kada mogu početi sa uvođenjem sokova?",False
"Beba ima temperaturu a mlađa je od tri mjeseca?",True
"Beba jako plače i ne može se smiriti već duže vrijeme, šta da radim?",True
"Brinem se jer kada se preporučuje prva redovna vakcina.",False
"Temperatura ne pada ni nakon lijeka već satima, šta da radim?",True
"Kako pripremiti bebu za prvi izlet vani?",True
"Poštovani doktore, kada se preporučuje prva redovna vakcina?",False
"Pojavio se osip koji se brzo širi po tijelu?",True
"Treba mi savjet doktora: kako izgleda zdrav ritam hranjenja za uzrast od 1 mjeseci.",False
"Dobar dan, kako izgleda zdrav ritam hranjenja za uzrast od 1 mjeseci?",False
"Brinem se jer koža oko usta i noktiju izgleda siva.",True
"Dobar dan, dijete je dobilo grčeve/konvulzije?",True
"Koje vitamine treba davati bebi?",False
"Imam pitanje: koliko brzo bi trebalo beba da dobija na težini?",False
"Brinem se jer koža oko usta i noktiju izgleda siva.",True
"Brinem se jer temperatura ne pada ni nakon lijeka već satima.",True
"Molim savjet - koje su preporuke za kupanje novorođenčeta.",False
"Poštovani doktore, dijete je dobilo grčeve/konvulzije?",True
"Imam pitanje: da li je u redu da beba spava na stomaku uz nadzor?",False
"Poštovani doktore, dijete je na trenutak izgubilo svijest?",True
"Brinem se jer beba ima ukočen vrat i ne podnosi svjetlo.",True
"Poštovani doktore, koliko sati sna je normalno za bebu od 7 mjeseci?",False
"Dijete diše veoma brzo i teško?",True
"Molim savjet - da li trebam brinuti ako beba ne voli određenu hranu.",False
"Molim savjet - beba ima jaku bol u stomaku i ne miče se.",True
"Molim savjet - koža oko usta i noktiju izgleda siva.",True
"Treba mi savjet doktora: koje vitamine treba davati bebi.",False
"Brinem se jer kada beba počinje jesti čvrstu hranu.",True
"Zanima me sljedeće: dijete ne diše normalno i teško hvata zrak?",True
"Brinem se jer dijete je jako pospano i teško ga je probuditi.",True
"Imam pitanje: dijete se opeklo i koža je jako crvena i mjehuri se?",True
"Koža oko usta i noktiju izgleda siva?",True
"Imam pitanje: koliko brzo bi trebalo beba da dobija na težini?",False
"Imam pitanje: koliko sati sna je normalno za bebu od 23 mjeseci?",False
"Molim savjet - koliko brzo bi trebalo beba da dobija na težini.",False
"Treba mi savjet doktora: beba ima jaku bol u stomaku i ne miče se.",True
"Da li trebam brinuti ako beba ne voli određenu hranu?",False
"Brinem se jer kada mogu početi sa uvođenjem sokova.",False
"Imam pitanje: koliko je normalno da beba plače tokom dana?",False
"Primijetila sam krv u stolici kod bebe?",True
"Treba mi savjet doktora: beba ima ukočen vrat i ne podnosi svjetlo.",True
"Poštovani doktore, koje su preporuke za prve cipelice?",False
"Zanima me sljedeće: koje vitamine treba davati bebi?",False
"Molim savjet - dijete je dobilo grčeve/konvulzije.",True
"Molim savjet - primijetila sam krv u povraćanju kod bebe.",True
"Dijete je na trenutak izgubilo svijest. Šta mi savjetujete?",True
"Poštovani doktore, beba povraća bez prestanka već nekoliko sati?",True
"Imam pitanje: kada beba počinje jesti čvrstu hranu?",False
"Zanima me sljedeće: kako uspostaviti stabilnu rutinu spavanja?",False
"Poštovani doktore, beba ima ukočen vrat i ne podnosi svjetlo?",False
"Molim savjet - koliko puta dnevno treba mijenjati pelene.",False
"Molim savjet - beba povraća bez prestanka već nekoliko sati.",True
"Brinem se jer kada se preporučuje prva redovna vakcina.",False
"Treba mi savjet doktora: primijetila sam krv u stolici kod bebe.",True
"Brinem se jer dijete diše veoma brzo i teško.",False
"Kada mogu početi sa uvođenjem sokova?",False
"Kada je vrijeme za prvu posjetu zubaru. Šta mi savjetujete?",False
"Dobar dan, koje igračke su prikladne za uzrast od 24 mjeseci?",False
"Poštovani doktore, koža oko usta i noktiju izgleda siva?",True
"Beba ima visoku temperaturu preko 39 stepeni, šta da radim?",True
"Molim savjet - beba ima temperaturu a mlađa je od tri mjeseca.",True
"Molim savjet - dijete je na trenutak izgubilo svijest.",True
"Beba je pala i sada povraća i jako je pospana. Šta mi savjetujete?",True
"Kada je vrijeme za prvu posjetu zubaru, šta da radim?",False
"Dobar dan, primijetila sam krv u stolici kod bebe?",True
"Molim savjet - beba ima ukočen vrat i ne podnosi svjetlo.",True
"Poštovani doktore, koje vitamine treba davati bebi?",False
"Zanima me sljedeće: koliko sati sna je normalno za bebu od 3 mjeseci?",False
"Novorođenče odbija svaki obrok i letargično je?",True
"Dobar dan, pojavio se osip koji se brzo širi po tijelu?",True
"Brinem se jer primijetila sam krv u povraćanju kod bebe.",True
"Poštovani doktore, koliko sati sna je normalno za bebu od 12 mjeseci?",False
"Dobar dan, beba ima ukočen vrat i ne podnosi svjetlo?",True
"Poštovani doktore, usne i koža oko usta su mu/joj modre?",True
"Brinem se jer da li je u redu da beba spava na stomaku uz nadzor.",False
"Treba mi savjet doktora: koje vitamine treba davati bebi.",False
"Treba mi savjet doktora: da li je normalno da beba često podriguje nakon hranjenja.",False
"Dobar dan, kako izgleda zdrav ritam hranjenja za uzrast od 10 mjeseci?",False
"Kada beba obično počinje govoriti prve riječi, šta da radim?",False
"Zanima me sljedeće: koliko je normalno da beba plače tokom dana?",False
"Da li je u redu koristiti cuclu?",False
"Beba se guši i ne može doći do daha. Šta mi savjetujete?",True
"Treba mi savjet doktora: usne i koža oko usta su mu/joj modre.",True
"Kako naučiti bebu da spava cijelu noć?",False
"Koža oko usta i noktiju izgleda siva?",True
"Novorođenče odbija svaki obrok i letargično je?",True
"Poštovani doktore, koliko dugo obično traje faza kolika?",False
"Dijete ne diše normalno i teško hvata zrak. Šta mi savjetujete?",True
"Koliko sati sna je normalno za bebu od 6 mjeseci, šta da radim?",False
"Treba mi savjet doktora: kako izgleda zdrav ritam hranjenja za uzrast od 8 mjeseci.",False
"Imam pitanje: temperatura ne pada ni nakon lijeka već satima?",True
"Zanima me sljedeće: dijete je na trenutak izgubilo svijest?",True
"Zanima me sljedeće: kako pripremiti bebu za prvi izlet vani?",False
"Molim savjet - koje vitamine treba davati bebi.",False
"Treba mi savjet doktora: koje vitamine treba davati bebi.",False
"Poštovani doktore, pojavio se osip koji se brzo širi po tijelu?",True
"Poštovani doktore, kada beba obično počinje govoriti prve riječi?",False
"Imam pitanje: beba povraća bez prestanka već nekoliko sati?",True
"Brinem se jer da li je u redu da beba spava na stomaku uz nadzor.",False
"Imam pitanje: beba povraća bez prestanka već nekoliko sati?",True
"Molim savjet - beba povraća bez prestanka već nekoliko sati.",True
"Kada se preporučuje prva redovna vakcina, šta da radim?",False
"Molim savjet - koliko brzo bi trebalo beba da dobija na težini.",False
"Koje igračke su prikladne za uzrast od 20 mjeseci, šta da radim?",False
"Poštovani doktore, kako uspostaviti stabilnu rutinu spavanja?",False
"Poštovani doktore, kada mogu početi sa uvođenjem sokova?",False
"Zanima me sljedeće: koje vitamine treba davati bebi?",False
"Brinem se jer dijete je progutalo nešto strano ili moguć otrov.",True
"Poštovani doktore, koliko je normalno da beba plače tokom dana?",False
"Koliko je normalno da beba plače tokom dana. Šta mi savjetujete?",False
"Imam pitanje: beba je pala i sada povraća i jako je pospana?",False
"Kada beba počinje jesti čvrstu hranu, šta da radim?",False
"Usne i koža oko usta su mu/joj modre. Šta mi savjetujete?",True
"Dijete je jako pospano i teško ga je probuditi, šta da radim?",True
"Brinem se jer beba ima temperaturu a mlađa je od tri mjeseca.",True
"Molim savjet - da li trebam brinuti ako beba ne voli određenu hranu.",False
"Molim savjet - dijete je dobilo grčeve/konvulzije.",True
"Zanima me sljedeće: kada beba počinje jesti čvrstu hranu?",False
"Temperatura ne pada ni nakon lijeka već satima, šta da radim?",True
"Dobar dan, kada se preporučuje prva redovna vakcina?",False
"Kada beba počinje jesti čvrstu hranu, šta da radim?",False
"Zanima me sljedeće: koža bebe je postala jako blijeda ili žuta?",True
"Dijete se opeklo i koža je jako crvena i mjehuri se?",True
"Brinem se jer koje su preporuke za prve cipelice.",True
"Poštovani doktore, dijete je jako pospano i teško ga je probuditi?",True
"Kako uspostaviti stabilnu rutinu spavanja. Šta mi savjetujete?",False
"Treba mi savjet doktora: koja hrana je najbolja za uvođenje u ishranu.",True
"Poštovani doktore, temperatura ne pada ni nakon lijeka već satima?",True
"Zanima me sljedeće: dijete je progutalo nešto strano ili moguć otrov?",True
"Imam pitanje: beba se guši i ne može doći do daha?",True
"Dobar dan, da li je u redu koristiti cuclu?",False
"Imam pitanje: pojavio se osip koji se brzo širi po tijelu?",True
"Usne i koža oko usta su mu/joj modre, šta da radim?",True
"Brinem se jer dijete je dobilo grčeve/konvulzije.",True
"Koža bebe je postala jako blijeda ili žuta?",True
"Kako naučiti bebu da spava cijelu noć, šta da radim?",False
"Koje su preporuke za kupanje novorođenčeta. Šta mi savjetujete?",False
"Zanima me sljedeće: beba ima jaku bol u stomaku i ne miče se?",True
"Dobar dan, beba ima temperaturu a mlađa je od tri mjeseca?",True
"Treba mi savjet doktora: kada mogu očekivati da beba počne sjediti sama.",False
"Zanima me sljedeće: kada mogu očekivati da beba počne sjediti sama?",False
"Dobar dan, beba ima ukočen vrat i ne podnosi svjetlo?",False
"Dobar dan, kada mogu očekivati da beba počne sjediti sama?",False
"Dijete je jako pospano i teško ga je probuditi, šta da radim?",True
"Molim savjet - beba povraća bez prestanka već nekoliko sati.",True
"Beba je pala i sada povraća i jako je pospana. Šta mi savjetujete?",True
"Molim savjet - dijete je dobilo grčeve/konvulzije.",True
"Molim savjet - kako izgleda zdrav ritam hranjenja za uzrast od 16 mjeseci.",False
"Zanima me sljedeće: da li je normalno da beba često podriguje nakon hranjenja?",False
"Dijete je na trenutak izgubilo svijest?",True
"Molim savjet - koliko sati sna je normalno za bebu od 11 mjeseci.",True
"Dobar dan, da li je normalno da beba puno spava tokom dana?",False
"Dobar dan, koliko brzo bi trebalo beba da dobija na težini?",False
"Dobar dan, kada beba obično počinje govoriti prve riječi?",False
"Koje su preporuke za kupanje novorođenčeta?",False
"Treba mi savjet doktora: beba ima jaku bol u stomaku i ne miče se.",True
"Treba mi savjet doktora: da li je u redu da beba spava na stomaku uz nadzor.",False
"Molim savjet - primijetila sam krv u povraćanju kod bebe.",True
"Treba mi savjet doktora: beba ne mokri više od 8 sati.",True
"Dobar dan, dijete je na trenutak izgubilo svijest?",True
"Kada je vrijeme za prvu posjetu zubaru?",False
"Da li je normalno da beba često podriguje nakon hranjenja?",False
"Primijetila sam krv u stolici kod bebe. Šta mi savjetujete?",True
"Da li je normalno da beba često podriguje nakon hranjenja. Šta mi savjetujete?",False
"Molim savjet - kako uspostaviti stabilnu rutinu spavanja.",False
"Poštovani doktore, dijete je progutalo nešto strano ili moguć otrov?",True
"Brinem se jer beba ima jaku bol u stomaku i ne miče se.",True
"Poštovani doktore, koje su preporuke za prve cipelice?",False
"Dobar dan, beba ne mokri više od 8 sati?",True
"Koliko brzo bi trebalo beba da dobija na težini, šta da radim?",False
"Beba hripa i uvlači rebra pri disanju. Šta mi savjetujete?",True
"Temperatura ne pada ni nakon lijeka već satima. Šta mi savjetujete?",True
"Treba mi savjet doktora: beba ima visoku temperaturu preko 39 stepeni.",True
"Dobar dan, dijete je dobilo grčeve/konvulzije?",True
"Kako naučiti bebu da spava cijelu noć, šta da radim?",False
"Poštovani doktore, beba hripa i uvlači rebra pri disanju?",True
"Beba jako plače i ne može se smiriti već duže vrijeme. Šta mi savjetujete?",True
"Novorođenče odbija svaki obrok i letargično je, šta da radim?",True
"Imam pitanje: da li je u redu koristiti cuclu?",False
"Beba ima visoku temperaturu preko 39 stepeni. Šta mi savjetujete?",True
"Poštovani doktore, da li je u redu da beba spava na stomaku uz nadzor?",False
"Kako naučiti bebu da spava cijelu noć?",False
"Dijete diše veoma brzo i teško. Šta mi savjetujete?",True
"Dobar dan, koje vitamine treba davati bebi?",True
"Imam pitanje: dijete diše veoma brzo i teško?",True
"Da li je u redu da beba spava na stomaku uz nadzor, šta da radim?",True
"Beba jako plače i ne može se smiriti već duže vrijeme. Šta mi savjetujete?",True
"Koja hrana je najbolja za uvođenje u ishranu. Šta mi savjetujete?",False
"Brinem se jer koje su preporuke za kupanje novorođenčeta.",False
"Zanima me sljedeće: novorođenče odbija svaki obrok i letargično je?",True
"Koliko brzo bi trebalo beba da dobija na težini. Šta mi savjetujete?",False
"Imam pitanje: koliko brzo bi trebalo beba da dobija na težini?",False
"Kako uspostaviti stabilnu rutinu spavanja?",False
"Brinem se jer kako izgleda zdrav ritam hranjenja za uzrast od 9 mjeseci.",False
"Brinem se jer koliko sati sna je normalno za bebu od 4 mjeseci.",False
"Koje su preporuke za prve cipelice, šta da radim?",False
"Imam pitanje: koje vitamine treba davati bebi?",False
"Kako pripremiti bebu za prvi izlet vani, šta da radim?",False
"Brinem se jer da li je u redu koristiti cuclu.",False
"Imam pitanje: kada beba počinje jesti čvrstu hranu?",False
"Beba ne mokri više od 8 sati, šta da radim?",True
"Koje su preporuke za kupanje novorođenčeta?",False
"Koža bebe je postala jako blijeda ili žuta. Šta mi savjetujete?",True
"Beba je pala i sada povraća i jako je pospana, šta da radim?",True
"Imam pitanje: beba povraća bez prestanka već nekoliko sati?",True
"Beba se guši i ne može doći do daha?",True
"Dobar dan, da li je normalno da beba često podriguje nakon hranjenja?",False
"Brinem se jer dijete se opeklo i koža je jako crvena i mjehuri se.",True
"Poštovani doktore, koje su preporuke za kupanje novorođenčeta?",False
"Molim savjet - dijete ne diše normalno i teško hvata zrak.",True
"Dobar dan, beba ima visoku temperaturu preko 39 stepeni?",True
"Brinem se jer dijete je na trenutak izgubilo svijest.",True
"Imam pitanje: da li je u redu koristiti cuclu?",False
"Zanima me sljedeće: da li je normalno da beba puno spava tokom dana?",False
"Primijetila sam krv u stolici kod bebe?",True
"Dijete je progutalo nešto strano ili moguć otrov?",True
"Beba hripa i uvlači rebra pri disanju. Šta mi savjetujete?",True
"Kada je vrijeme za prvu posjetu zubaru, šta da radim?",False
"Imam pitanje: koliko je normalno da beba plače tokom dana?",False
"Koje vitamine treba davati bebi. Šta mi savjetujete?",False
"Molim savjet - da li je u redu koristiti cuclu.",False
"Dobar dan, novorođenče odbija svaki obrok i letargično je?",True
"Imam pitanje: kada beba počinje jesti čvrstu hranu?",False
"Poštovani doktore, kada se preporučuje prva redovna vakcina?",False
"Koliko puta dnevno treba mijenjati pelene, šta da radim?",False
"Beba ima temperaturu a mlađa je od tri mjeseca?",True
"Imam pitanje: kako uspostaviti stabilnu rutinu spavanja?",False
"Koje vitamine treba davati bebi, šta da radim?",False
"Kada mogu početi sa uvođenjem sokova. Šta mi savjetujete?",False
"Kako pripremiti bebu za prvi izlet vani. Šta mi savjetujete?",False
"Poštovani doktore, dijete je progutalo nešto strano ili moguć otrov?",True
"Koliko puta dnevno treba mijenjati pelene?",False
"Zanima me sljedeće: dijete ne diše normalno i teško hvata zrak?",True
"Brinem se jer temperatura ne pada ni nakon lijeka već satima.",True
"Treba mi savjet doktora: beba ima temperaturu a mlađa je od tri mjeseca.",True
"Treba mi savjet doktora: beba ne mokri više od 8 sati.",True
"Dobar dan, kada je vrijeme za prvu posjetu zubaru?",False
"Treba mi savjet doktora: primijetila sam krv u stolici kod bebe.",False
"Imam pitanje: kada beba obično počinje govoriti prve riječi?",False
"Koje vitamine treba davati bebi, šta da radim?",False
"Dijete se opeklo i koža je jako crvena i mjehuri se, šta da radim?",True
"Brinem se jer primijetila sam krv u stolici kod bebe.",True
"Zanima me sljedeće: beba ima ukočen vrat i ne podnosi svjetlo?",True
"Beba ne mokri više od 8 sati. Šta mi savjetujete?",True
"Brinem se jer primijetila sam krv u stolici kod bebe.",True
"Dobar dan, kako uspostaviti stabilnu rutinu spavanja?",False
"Koje su preporuke za prve cipelice. Šta mi savjetujete?",False
"Zanima me sljedeće: koje su preporuke za prve cipelice?",False
"Koža oko usta i noktiju izgleda siva. Šta mi savjetujete?",True
"Beba ima ukočen vrat i ne podnosi svjetlo. Šta mi savjetujete?",False
"Dobar dan, novorođenče odbija svaki obrok i letargično je?",True
"Brinem se jer koje su preporuke za prve cipelice.",False
"Dobar dan, dijete je dobilo grčeve/konvulzije?",False
"Dobar dan, dijete se opeklo i koža je jako crvena i mjehuri se?",True
"Molim savjet - beba ne mokri više od 8 sati.",True
"Beba jako plače i ne može se smiriti već duže vrijeme?",True
"Dobar dan, beba se guši i ne može doći do daha?",True
"Treba mi savjet doktora: da li je normalno da beba puno spava tokom dana.",False
"Dobar dan, koliko brzo bi trebalo beba da dobija na težini?",False
"Poštovani doktore, kako izgleda zdrav ritam hranjenja za uzrast od 24 mjeseci?",False
"Dobar dan, primijetila sam krv u stolici kod bebe?",True
"Koža bebe je postala jako blijeda ili žuta, šta da radim?",True
"Zanima me sljedeće: beba ima visoku temperaturu preko 39 stepeni?",True
"Temperatura ne pada ni nakon lijeka već satima, šta da radim?",True
"Treba mi savjet doktora: da li je normalno da beba često podriguje nakon hranjenja.",False
"Koja hrana je najbolja za uvođenje u ishranu, šta da radim?",False
"Molim savjet - koje su preporuke za kupanje novorođenčeta.",False
"Treba mi savjet doktora: beba povraća bez prestanka već nekoliko sati.",True
"Brinem se jer beba jako plače i ne može se smiriti već duže vrijeme.",True
"Poštovani doktore, kako naučiti bebu da spava cijelu noć?",False
"Brinem se jer pojavio se osip koji se brzo širi po tijelu.",True
"Novorođenče odbija svaki obrok i letargično je?",True
"Da li je normalno da beba puno spava tokom dana, šta da radim?",False
"Koliko puta dnevno treba mijenjati pelene. Šta mi savjetujete?",False
"Brinem se jer kako naučiti bebu da spava cijelu noć.",False
"Beba se guši i ne može doći do daha. Šta mi savjetujete?",True
"Poštovani doktore, beba je pala i sada povraća i jako je pospana?",True
"Molim savjet - dijete je dobilo grčeve/konvulzije.",True
"Imam pitanje: primijetila sam krv u stolici kod bebe?",True
"Imam pitanje: kako uspostaviti stabilnu rutinu spavanja?",False
"Kada beba obično počinje govoriti prve riječi, šta da radim?",False
"Brinem se jer da li je u redu da beba spava na stomaku uz nadzor.",False
"Zanima me sljedeće: beba ima ukočen vrat i ne podnosi svjetlo?",True
"Koža oko usta i noktiju izgleda siva?",True
"Dijete je jako pospano i teško ga je probuditi. Šta mi savjetujete?",True
"Treba mi savjet doktora: koja hrana je najbolja za uvođenje u ishranu.",False
"Zanima me sljedeće: koje vitamine treba davati bebi?",False
"Zanima me sljedeće: koje su preporuke za kupanje novorođenčeta?",False
"Dobar dan, beba ima temperaturu a mlađa je od tri mjeseca?",True
"Zanima me sljedeće: kako uspostaviti stabilnu rutinu spavanja?",False
"Poštovani doktore, kada beba počinje jesti čvrstu hranu?",False
"Imam pitanje: beba ima visoku temperaturu preko 39 stepeni?",True
"Koliko brzo bi trebalo beba da dobija na težini, šta da radim?",False
"Koliko puta dnevno treba mijenjati pelene. Šta mi savjetujete?",False
"Koje su preporuke za kupanje novorođenčeta. Šta mi savjetujete?",False
"Molim savjet - primijetila sam krv u stolici kod bebe.",True
"Poštovani doktore, beba ima ukočen vrat i ne podnosi svjetlo?",True
"Dobar dan, koliko sati sna je normalno za bebu od 24 mjeseci?",False
"Zanima me sljedeće: beba se guši i ne može doći do daha?",True
"Molim savjet - primijetila sam krv u stolici kod bebe.",True
"Kako pripremiti bebu za prvi izlet vani, šta da radim?",False
"Beba hripa i uvlači rebra pri disanju?",True
"Beba ima visoku temperaturu preko 39 stepeni. Šta mi savjetujete?",True
"Molim savjet - dijete se opeklo i koža je jako crvena i mjehuri se.",True
"Molim savjet - koliko puta dnevno treba mijenjati pelene.",False
"Da li je u redu da beba spava na stomaku uz nadzor?",False
"Molim savjet - koža oko usta i noktiju izgleda siva.",True
"Kako naučiti bebu da spava cijelu noć. Šta mi savjetujete?",False
"Molim savjet - da li trebam brinuti ako beba ne voli određenu hranu.",False
"Dobar dan, beba ima jaku bol u stomaku i ne miče se?",True
"Brinem se jer beba jako plače i ne može se smiriti već duže vrijeme.",True
"Molim savjet - dijete je progutalo nešto strano ili moguć otrov.",True
"Dijete je dobilo grčeve/konvulzije. Šta mi savjetujete?",False
"Beba je pala i sada povraća i jako je pospana, šta da radim?",True
"Imam pitanje: da li trebam brinuti ako beba ne voli određenu hranu?",False
"Brinem se jer da li je normalno da beba često podriguje nakon hranjenja.",False
"Dijete je dobilo grčeve/konvulzije?",True
"Kada mogu početi sa uvođenjem sokova?",False
"Poštovani doktore, beba ima visoku temperaturu preko 39 stepeni?",True
"Molim savjet - beba ima ukočen vrat i ne podnosi svjetlo.",True
"Novorođenče odbija svaki obrok i letargično je, šta da radim?",True
"Poštovani doktore, koliko puta dnevno treba mijenjati pelene?",False
"Dijete je na trenutak izgubilo svijest, šta da radim?",True
"Usne i koža oko usta su mu/joj modre?",True
"Dobar dan, koje su preporuke za kupanje novorođenčeta?",False
"Kako izgleda zdrav ritam hranjenja za uzrast od 9 mjeseci?",False
"Koja hrana je najbolja za uvođenje u ishranu, šta da radim?",False
"Treba mi savjet doktora: beba ne mokri više od 8 sati.",True
"Primijetila sam krv u stolici kod bebe, šta da radim?",True
"Poštovani doktore, dijete je dobilo grčeve/konvulzije?",True
"Brinem se jer novorođenče odbija svaki obrok i letargično je.",True
"Brinem se jer primijetila sam krv u povraćanju kod bebe.",True
"Imam pitanje: kako izgleda zdrav ritam hranjenja za uzrast od 16 mjeseci?",False
"Brinem se jer dijete je jako pospano i teško ga je probuditi.",True
"Imam pitanje: kada beba obično počinje govoriti prve riječi?",True
"Brinem se jer primijetila sam krv u povraćanju kod bebe.",True
"Dobar dan, dijete diše veoma brzo i teško?",True
"Poštovani doktore, koja hrana je najbolja za uvođenje u ishranu?",False
"Zanima me sljedeće: dijete ne diše normalno i teško hvata zrak?",True
"Kada beba obično počinje govoriti prve riječi?",False
"Zanima me sljedeće: dijete je dobilo grčeve/konvulzije?",True
"Brinem se jer kada beba počinje jesti čvrstu hranu.",False
"Da li je normalno da beba puno spava tokom dana, šta da radim?",True
"Pojavio se osip koji se brzo širi po tijelu?",True
"Dobar dan, kako pripremiti bebu za prvi izlet vani?",False
"Brinem se jer kako izgleda zdrav ritam hranjenja za uzrast od 12 mjeseci.",False
"Kada beba obično počinje govoriti prve riječi. Šta mi savjetujete?",True
"Brinem se jer dijete je dobilo grčeve/konvulzije.",True
"Brinem se jer da li trebam brinuti ako beba ne voli određenu hranu.",False
"Zanima me sljedeće: kada beba obično počinje govoriti prve riječi?",False
"Beba ne mokri više od 8 sati. Šta mi savjetujete?",True
"Brinem se jer da li je u redu koristiti cuclu.",False
"Molim savjet - da li je normalno da beba puno spava tokom dana.",False
"Koja hrana je najbolja za uvođenje u ishranu, šta da radim?",False
"Poštovani doktore, kada se preporučuje prva redovna vakcina?",False
"Brinem se jer dijete se opeklo i koža je jako crvena i mjehuri se.",True
"Dobar dan, novorođenče odbija svaki obrok i letargično je?",True
"Zanima me sljedeće: primijetila sam krv u stolici kod bebe?",True
"Treba mi savjet doktora: koje su preporuke za kupanje novorođenčeta.",False
"Dobar dan, beba se guši i ne može doći do daha?",True
"Molim savjet - da li je normalno da beba često podriguje nakon hranjenja.",False
"Koje igračke su prikladne za uzrast od 9 mjeseci. Šta mi savjetujete?",False
"Molim savjet - koliko puta dnevno treba mijenjati pelene.",False
"Koliko dugo obično traje faza kolika?",False
"Koje igračke su prikladne za uzrast od 3 mjeseci. Šta mi savjetujete?",False
"Brinem se jer primijetila sam krv u stolici kod bebe.",True
"Beba jako plače i ne može se smiriti već duže vrijeme. Šta mi savjetujete?",True
"Zanima me sljedeće: koliko dugo obično traje faza kolika?",False
"Imam pitanje: novorođenče odbija svaki obrok i letargično je?",True
"Brinem se jer koliko brzo bi trebalo beba da dobija na težini.",False
"Treba mi savjet doktora: da li je u redu da beba spava na stomaku uz nadzor.",False
"Beba ima visoku temperaturu preko 39 stepeni. Šta mi savjetujete?",False
"Imam pitanje: temperatura ne pada ni nakon lijeka već satima?",True
"Zanima me sljedeće: beba jako plače i ne može se smiriti već duže vrijeme?",False
"Poštovani doktore, kako naučiti bebu da spava cijelu noć?",False
"Molim savjet - usne i koža oko usta su mu/joj modre.",True
"Dobar dan, kako uspostaviti stabilnu rutinu spavanja?",False
"Beba povraća bez prestanka već nekoliko sati. Šta mi savjetujete?",True
"Zanima me sljedeće: koje igračke su prikladne za uzrast od 19 mjeseci?",False
"Brinem se jer koliko dugo obično traje faza kolika.",False
"Treba mi savjet doktora: koje su preporuke za prve cipelice.",False
"Zanima me sljedeće: beba ima visoku temperaturu preko 39 stepeni?",True
"Imam pitanje: beba je pala i sada povraća i jako je pospana?",True
"Dobar dan, beba ima temperaturu a mlađa je od tri mjeseca?",True
"Kada mogu početi sa uvođenjem sokova, šta da radim?",False
"Beba ima jaku bol u stomaku i ne miče se, šta da radim?",True
"Dobar dan, kada beba obično počinje govoriti prve riječi?",False
"Brinem se jer da li trebam brinuti ako beba ne voli određenu hranu.",False
"Zanima me sljedeće: dijete se opeklo i koža je jako crvena i mjehuri se?",True
"Brinem se jer da li je normalno da beba često podriguje nakon hranjenja.",False
"Molim savjet - koje vitamine treba davati bebi.",False
"Beba je pala i sada povraća i jako je pospana, šta da radim?",True
"Koliko dugo obično traje faza kolika, šta da radim?",False
"Treba mi savjet doktora: da li je normalno da beba puno spava tokom dana.",False
"Dijete se opeklo i koža je jako crvena i mjehuri se?",True
"Zanima me sljedeće: koliko puta dnevno treba mijenjati pelene?",False
"Molim savjet - beba ne mokri više od 8 sati.",True
"Dobar dan, koža bebe je postala jako blijeda ili žuta?",True
"Dobar dan, dijete je na trenutak izgubilo svijest?",True
"Poštovani doktore, da li je u redu koristiti cuclu?",False
"Poštovani doktore, kada mogu početi sa uvođenjem sokova?",False
"Pojavio se osip koji se brzo širi po tijelu. Šta mi savjetujete?",True
"Kada beba počinje jesti čvrstu hranu. Šta mi savjetujete?",True
"Brinem se jer beba jako plače i ne može se smiriti već duže vrijeme.",True
"Usne i koža oko usta su mu/joj modre. Šta mi savjetujete?",True
"Da li trebam brinuti ako beba ne voli određenu hranu. Šta mi savjetujete?",False
"Kako uspostaviti stabilnu rutinu spavanja, šta da radim?",False
"Dobar dan, da li je u redu da beba spava na stomaku uz nadzor?",False
"Imam pitanje: koliko dugo obično traje faza kolika?",False
"Imam pitanje: beba hripa i uvlači rebra pri disanju?",True
"Brinem se jer beba hripa i uvlači rebra pri disanju.",True
"Kada je vrijeme za prvu posjetu zubaru, šta da radim?",False
"Treba mi savjet doktora: beba se guši i ne može doći do daha.",True
"Dobar dan, koliko brzo bi trebalo beba da dobija na težini?",False
"Dijete se opeklo i koža je jako crvena i mjehuri se. Šta mi savjetujete?",True
"Imam pitanje: kako izgleda zdrav ritam hranjenja za uzrast od 9 mjeseci?",False
"Da li je normalno da beba puno spava tokom dana, šta da radim?",False
"Zanima me sljedeće: dijete je jako pospano i teško ga je probuditi?",True
"Molim savjet - kada beba obično počinje govoriti prve riječi.",False
"Brinem se jer koje vitamine treba davati bebi.",False
"Beba hripa i uvlači rebra pri disanju?",True
"Imam pitanje: beba je pala i sada povraća i jako je pospana?",True
"Imam pitanje: koje su preporuke za kupanje novorođenčeta?",False
"Imam pitanje: koje su preporuke za prve cipelice?",False
"Treba mi savjet doktora: beba ima ukočen vrat i ne podnosi svjetlo.",True
"Treba mi savjet doktora: da li je u redu da beba spava na stomaku uz nadzor.",False
"Molim savjet - beba ima ukočen vrat i ne podnosi svjetlo.",True
"Imam pitanje: kada beba počinje jesti čvrstu hranu?",False
"Treba mi savjet doktora: beba ne mokri više od 8 sati.",True
"Treba mi savjet doktora: da li trebam brinuti ako beba ne voli određenu hranu.",False
"Koja hrana je najbolja za uvođenje u ishranu, šta da radim?",False
"Poštovani doktore, dijete je dobilo grčeve/konvulzije?",True
"Dijete ne diše normalno i teško hvata zrak, šta da radim?",True
"Koje igračke su prikladne za uzrast od 12 mjeseci, šta da radim?",False
"Dobar dan, da li je u redu da beba spava na stomaku uz nadzor?",False
"Kako uspostaviti stabilnu rutinu spavanja?",False
"Dijete je jako pospano i teško ga je probuditi. Šta mi savjetujete?",True
"Beba povraća bez prestanka već nekoliko sati, šta da radim?",True
"Poštovani doktore, beba povraća bez prestanka već nekoliko sati?",True
"Imam pitanje: da li je u redu koristiti cuclu?",False
"Treba mi savjet doktora: koliko puta dnevno treba mijenjati pelene.",False
"Imam pitanje: kada se preporučuje prva redovna vakcina?",False
"Kako uspostaviti stabilnu rutinu spavanja?",False
"Dobar dan, pojavio se osip koji se brzo širi po tijelu?",True
"Primijetila sam krv u stolici kod bebe. Šta mi savjetujete?",True
"Beba ima temperaturu a mlađa je od tri mjeseca?",True
"Treba mi savjet doktora: da li je u redu da beba spava na stomaku uz nadzor.",False
"Da li je u redu koristiti cuclu. Šta mi savjetujete?",False
"Treba mi savjet doktora: kako pripremiti bebu za prvi izlet vani.",False
"Brinem se jer da li je u redu koristiti cuclu.",False
"Molim savjet - beba ne mokri više od 8 sati.",True
"Treba mi savjet doktora: da li je u redu koristiti cuclu.",False
"Zanima me sljedeće: da li trebam brinuti ako beba ne voli određenu hranu?",False
"Dijete je na trenutak izgubilo svijest, šta da radim?",True
"Molim savjet - koje su preporuke za kupanje novorođenčeta.",False
"Dobar dan, koliko brzo bi trebalo beba da dobija na težini?",True
"Imam pitanje: koža oko usta i noktiju izgleda siva?",True
"Poštovani doktore, dijete ne diše normalno i teško hvata zrak?",True
"Da li je normalno da beba puno spava tokom dana, šta da radim?",False
"Imam pitanje: kada beba počinje jesti čvrstu hranu?",False
"Imam pitanje: primijetila sam krv u stolici kod bebe?",True
"Da li trebam brinuti ako beba ne voli određenu hranu?",False
"Treba mi savjet doktora: kada mogu očekivati da beba počne sjediti sama.",False
"Dobar dan, koža oko usta i noktiju izgleda siva?",True
"Poštovani doktore, da li je normalno da beba puno spava tokom dana?",False
"Temperatura ne pada ni nakon lijeka već satima. Šta mi savjetujete?",True
"Brinem se jer da li je normalno da beba puno spava tokom dana.",False
"Treba mi savjet doktora: koliko dugo obično traje faza kolika.",False
"Poštovani doktore, dijete diše veoma brzo i teško?",True
"Zanima me sljedeće: dijete je dobilo grčeve/konvulzije?",True
"Zanima me sljedeće: beba ima temperaturu a mlađa je od tri mjeseca?",True
"Treba mi savjet doktora: kada beba počinje jesti čvrstu hranu.",False
"Dobar dan, dijete diše veoma brzo i teško?",True
"Koža bebe je postala jako blijeda ili žuta?",True
"Da li je u redu koristiti cuclu, šta da radim?",False
"Zanima me sljedeće: beba je pala i sada povraća i jako je pospana?",True
"Kako uspostaviti stabilnu rutinu spavanja. Šta mi savjetujete?",False
"Kada je vrijeme za prvu posjetu zubaru. Šta mi savjetujete?",False
"Koliko sati sna je normalno za bebu od 17 mjeseci. Šta mi savjetujete?",False
"Koliko dugo obično traje faza kolika?",False
"Brinem se jer koliko sati sna je normalno za bebu od 9 mjeseci.",False
"Dobar dan, kada se preporučuje prva redovna vakcina?",False
"Imam pitanje: beba ima visoku temperaturu preko 39 stepeni?",True
"Zanima me sljedeće: da li je u redu da beba spava na stomaku uz nadzor?",False
"Beba ima visoku temperaturu preko 39 stepeni, šta da radim?",True
"Poštovani doktore, kako pripremiti bebu za prvi izlet vani?",False
"Treba mi savjet doktora: kako pripremiti bebu za prvi izlet vani.",False
"Poštovani doktore, koje su preporuke za prve cipelice?",False
"Treba mi savjet doktora: beba hripa i uvlači rebra pri disanju.",True
"Molim savjet - koje su preporuke za prve cipelice.",False
"Da li je u redu koristiti cuclu, šta da radim?",False
"Koliko je normalno da beba plače tokom dana. Šta mi savjetujete?",False
"Dijete ne diše normalno i teško hvata zrak, šta da radim?",True
"Poštovani doktore, kako izgleda zdrav ritam hranjenja za uzrast od 8 mjeseci?",True
"Koje su preporuke za prve cipelice?",False
"Dobar dan, usne i koža oko usta su mu/joj modre?",True
"Molim savjet - kada se preporučuje prva redovna vakcina.",False
"Dobar dan, koja hrana je najbolja za uvođenje u ishranu?",False
"Koja hrana je najbolja za uvođenje u ishranu, šta da radim?",False
"Zanima me sljedeće: dijete je jako pospano i teško ga je probuditi?",True
"Molim savjet - kako pripremiti bebu za prvi izlet vani.",False
"Brinem se jer kako uspostaviti stabilnu rutinu spavanja.",False
"Molim savjet - kako naučiti bebu da spava cijelu noć.",False
"Kada beba počinje jesti čvrstu hranu, šta da radim?",False
"Imam pitanje: dijete je dobilo grčeve/konvulzije?",True
"Treba mi savjet doktora: kada mogu očekivati da beba počne sjediti sama.",False
"Poštovani doktore, kako izgleda zdrav ritam hranjenja za uzrast od 3 mjeseci?",False
"Treba mi savjet doktora: usne i koža oko usta su mu/joj modre.",False
"Dobar dan, dijete je na trenutak izgubilo svijest?",True
"Zanima me sljedeće: beba hripa i uvlači rebra pri disanju?",True
"Molim savjet - koža oko usta i noktiju izgleda siva.",True
"Zanima me sljedeće: da li je u redu da beba spava na stomaku uz nadzor?",False
"Molim savjet - kada je vrijeme za prvu posjetu zubaru.",False
"Dobar dan, koliko dugo obično traje faza kolika?",False
"Koliko dugo obično traje faza kolika, šta da radim?",False
"Treba mi savjet doktora: kako pripremiti bebu za prvi izlet vani.",False
"Imam pitanje: kada mogu početi sa uvođenjem sokova?",False
"Brinem se jer dijete je jako pospano i teško ga je probuditi.",True
"Treba mi savjet doktora: beba je pala i sada povraća i jako je pospana.",True
"Imam pitanje: beba ima visoku temperaturu preko 39 stepeni?",True
"Beba ima visoku temperaturu preko 39 stepeni?",True
"Koliko sati sna je normalno za bebu od 24 mjeseci, šta da radim?",False
"Da li trebam brinuti ako beba ne voli određenu hranu, šta da radim?",False
"Molim savjet - beba ima temperaturu a mlađa je od tri mjeseca.",True
"Zanima me sljedeće: koje su preporuke za kupanje novorođenčeta?",False
"Imam pitanje: beba se guši i ne može doći do daha?",True
"Da li je u redu koristiti cuclu?",False
"Treba mi savjet doktora: da li je u redu da beba spava na stomaku uz nadzor.",False
"Dijete je jako pospano i teško ga je probuditi. Šta mi savjetujete?",True
"Imam pitanje: koliko dugo obično traje faza kolika?",False
"Imam pitanje: dijete je na trenutak izgubilo svijest?",True
"Poštovani doktore, dijete je na trenutak izgubilo svijest?",True
"Zanima me sljedeće: koliko sati sna je normalno za bebu od 14 mjeseci?",False
"Zanima me sljedeće: da li je u redu da beba spava na stomaku uz nadzor?",False
"Beba ima jaku bol u stomaku i ne miče se. Šta mi savjetujete?",True
"Poštovani doktore, dijete je progutalo nešto strano ili moguć otrov?",True
"Zanima me sljedeće: kako uspostaviti stabilnu rutinu spavanja?",False
"Treba mi savjet doktora: da li je u redu koristiti cuclu.",False
"Molim savjet - da li je u redu koristiti cuclu.",False
"Beba ima jaku bol u stomaku i ne miče se?",True
"Treba mi savjet doktora: koja hrana je najbolja za uvođenje u ishranu.",False
"Kada mogu očekivati da beba počne sjediti sama, šta da radim?",False
"Da li je normalno da beba puno spava tokom dana, šta da radim?",False
"Zanima me sljedeće: kako naučiti bebu da spava cijelu noć?",False
"Zanima me sljedeće: temperatura ne pada ni nakon lijeka već satima?",True
"Da li je normalno da beba puno spava tokom dana?",False
"Molim savjet - koliko brzo bi trebalo beba da dobija na težini.",False
"Poštovani doktore, koliko je normalno da beba plače tokom dana?",False
"Koje vitamine treba davati bebi?",True
"Brinem se jer dijete je na trenutak izgubilo svijest.",True
"Da li je u redu koristiti cuclu, šta da radim?",False
"Brinem se jer dijete se opeklo i koža je jako crvena i mjehuri se.",True
"Brinem se jer dijete se opeklo i koža je jako crvena i mjehuri se.",True
"Poštovani doktore, beba je pala i sada povraća i jako je pospana?",True
"Kako pripremiti bebu za prvi izlet vani?",False
"Zanima me sljedeće: da li je u redu da beba spava na stomaku uz nadzor?",False
"Imam pitanje: primijetila sam krv u stolici kod bebe?",True
"Beba povraća bez prestanka već nekoliko sati?",True
"Treba mi savjet doktora: kako pripremiti bebu za prvi izlet vani.",False
"Brinem se jer kako pripremiti bebu za prvi izlet vani.",False
"Brinem se jer koje vitamine treba davati bebi.",False
"Kada beba počinje jesti čvrstu hranu?",False
"Zanima me sljedeće: dijete je progutalo nešto strano ili moguć otrov?",True
"Treba mi savjet doktora: kada beba obično počinje govoriti prve riječi.",False
"Dobar dan, koliko je normalno da beba plače tokom dana?",False
"Brinem se jer dijete diše veoma brzo i teško.",False
"Imam pitanje: dijete ne diše normalno i teško hvata zrak?",True
"Koliko je normalno da beba plače tokom dana, šta da radim?",False
"Molim savjet - dijete diše veoma brzo i teško.",True
"Imam pitanje: koža oko usta i noktiju izgleda siva?",True
"Beba povraća bez prestanka već nekoliko sati. Šta mi savjetujete?",True
"Beba povraća bez prestanka već nekoliko sati, šta da radim?",True
"Brinem se jer dijete je progutalo nešto strano ili moguć otrov.",True
"Dobar dan, beba ima visoku temperaturu preko 39 stepeni?",True
"Dobar dan, beba ima visoku temperaturu preko 39 stepeni?",True
"Zanima me sljedeće: primijetila sam krv u stolici kod bebe?",True
"Dobar dan, dijete se opeklo i koža je jako crvena i mjehuri se?",True
"Koje su preporuke za prve cipelice, šta da radim?",False
"Poštovani doktore, beba ima visoku temperaturu preko 39 stepeni?",True
"Treba mi savjet doktora: koje su preporuke za prve cipelice.",False
"Dijete je dobilo grčeve/konvulzije, šta da radim?",True
"Koža bebe je postala jako blijeda ili žuta, šta da radim?",True
"Koliko puta dnevno treba mijenjati pelene, šta da radim?",False
"Poštovani doktore, pojavio se osip koji se brzo širi po tijelu?",True
"Brinem se jer beba jako plače i ne može se smiriti već duže vrijeme.",True
"Primijetila sam krv u stolici kod bebe, šta da radim?",True
"Poštovani doktore, beba ne mokri više od 8 sati?",True
"Imam pitanje: dijete je na trenutak izgubilo svijest?",True
"Dijete je dobilo grčeve/konvulzije. Šta mi savjetujete?",True
"Brinem se jer beba ne mokri više od 8 sati.",True
"Novorođenče odbija svaki obrok i letargično je. Šta mi savjetujete?",True
"Kada beba obično počinje govoriti prve riječi. Šta mi savjetujete?",False
"Koliko je normalno da beba plače tokom dana?",False
"Treba mi savjet doktora: beba se guši i ne može doći do daha.",True
"Zanima me sljedeće: koje igračke su prikladne za uzrast od 17 mjeseci?",False
"Kako izgleda zdrav ritam hranjenja za uzrast od 17 mjeseci. Šta mi savjetujete?",False
"Poštovani doktore, koje su preporuke za prve cipelice?",False
"Kako pripremiti bebu za prvi izlet vani. Šta mi savjetujete?",False
"Molim savjet - kako naučiti bebu da spava cijelu noć.",False
"Poštovani doktore, kako uspostaviti stabilnu rutinu spavanja?",False
"Primijetila sam krv u povraćanju kod bebe, šta da radim?",True
"Brinem se jer beba hripa i uvlači rebra pri disanju.",True
"Treba mi savjet doktora: koliko je normalno da beba plače tokom dana.",False
"Imam pitanje: dijete ne diše normalno i teško hvata zrak?",True
"Molim savjet - da li je u redu da beba spava na stomaku uz nadzor.",False
"Dobar dan, primijetila sam krv u povraćanju kod bebe?",True
"Brinem se jer koliko sati sna je normalno za bebu od 17 mjeseci.",False
"Kako naučiti bebu da spava cijelu noć. Šta mi savjetujete?",False
"Poštovani doktore, beba povraća bez prestanka već nekoliko sati?",True
"Poštovani doktore, kako uspostaviti stabilnu rutinu spavanja?",False
"Imam pitanje: koliko dugo obično traje faza kolika?",False
"Poštovani doktore, pojavio se osip koji se brzo širi po tijelu?",True
"Zanima me sljedeće: koža oko usta i noktiju izgleda siva?",True
"Imam pitanje: kada mogu očekivati da beba počne sjediti sama?",False
"Poštovani doktore, kada je vrijeme za prvu posjetu zubaru?",False
"Treba mi savjet doktora: kako pripremiti bebu za prvi izlet vani.",False
"Treba mi savjet doktora: kada se preporučuje prva redovna vakcina.",False
"Molim savjet - beba jako plače i ne može se smiriti već duže vrijeme.",True
"Molim savjet - beba ima ukočen vrat i ne podnosi svjetlo.",True
"Dobar dan, da li je u redu koristiti cuclu?",False
"Molim savjet - koje su preporuke za prve cipelice.",False
"Imam pitanje: da li je normalno da beba puno spava tokom dana?",False
"Poštovani doktore, kada mogu očekivati da beba počne sjediti sama?",False
"Koje vitamine treba davati bebi. Šta mi savjetujete?",False
"Molim savjet - beba se guši i ne može doći do daha.",True
"Brinem se jer dijete se opeklo i koža je jako crvena i mjehuri se.",True
"Treba mi savjet doktora: dijete je na trenutak izgubilo svijest.",True
"Koliko dugo obično traje faza kolika, šta da radim?",False
"Dobar dan, koliko puta dnevno treba mijenjati pelene?",False
"Molim savjet - primijetila sam krv u povraćanju kod bebe.",True
"Zanima me sljedeće: beba povraća bez prestanka već nekoliko sati?",True
"Koliko sati sna je normalno za bebu od 18 mjeseci?",False
"Poštovani doktore, koje igračke su prikladne za uzrast od 13 mjeseci?",False
"Dobar dan, koliko dugo obično traje faza kolika?",False
"Treba mi savjet doktora: dijete je progutalo nešto strano ili moguć otrov.",True
"Treba mi savjet doktora: koliko puta dnevno treba mijenjati pelene.",False
"Dobar dan, primijetila sam krv u povraćanju kod bebe?",True
"Treba mi savjet doktora: beba se guši i ne može doći do daha.",True
"Treba mi savjet doktora: kako pripremiti bebu za prvi izlet vani.",False
"Beba ima jaku bol u stomaku i ne miče se?",True
"Molim savjet - kada mogu očekivati da beba počne sjediti sama.",False
"Dobar dan, koliko brzo bi trebalo beba da dobija na težini?",False
"Dobar dan, beba jako plače i ne može se smiriti već duže vrijeme?",True
"Brinem se jer koliko sati sna je normalno za bebu od 23 mjeseci.",False
"Dobar dan, kako izgleda zdrav ritam hranjenja za uzrast od 23 mjeseci?",False
"Kada beba obično počinje govoriti prve riječi?",False
"Brinem se jer dijete je progutalo nešto strano ili moguć otrov.",True
"Treba mi savjet doktora: beba ne mokri više od 8 sati.",True
"Treba mi savjet doktora: dijete se opeklo i koža je jako crvena i mjehuri se.",True
"Beba jako plače i ne može se smiriti već duže vrijeme. Šta mi savjetujete?",True
"Molim savjet - dijete je na trenutak izgubilo svijest.",False
"Koja hrana je najbolja za uvođenje u ishranu. Šta mi savjetujete?",False
"Molim savjet - beba se guši i ne može doći do daha.",True
"Brinem se jer koje igračke su prikladne za uzrast od 4 mjeseci.",False
"Molim savjet - dijete je jako pospano i teško ga je probuditi.",True
"Kako izgleda zdrav ritam hranjenja za uzrast od 5 mjeseci?",False
"Brinem se jer usne i koža oko usta su mu/joj modre.",True
"Brinem se jer dijete je na trenutak izgubilo svijest.",True
"Kada beba obično počinje govoriti prve riječi, šta da radim?",False
"Brinem se jer novorođenče odbija svaki obrok i letargično je.",True
"Treba mi savjet doktora: pojavio se osip koji se brzo širi po tijelu.",True
"Pojavio se osip koji se brzo širi po tijelu. Šta mi savjetujete?",True
"Zanima me sljedeće: kada beba počinje jesti čvrstu hranu?",False
"Da li je u redu koristiti cuclu, šta da radim?",False
"Poštovani doktore, kada je vrijeme za prvu posjetu zubaru?",False
"Brinem se jer da li trebam brinuti ako beba ne voli određenu hranu.",False
"Dijete je jako pospano i teško ga je probuditi?",True
"Koje su preporuke za kupanje novorođenčeta. Šta mi savjetujete?",False
"Treba mi savjet doktora: kako uspostaviti stabilnu rutinu spavanja.",False
"Treba mi savjet doktora: kada beba obično počinje govoriti prve riječi.",False
"Imam pitanje: dijete je progutalo nešto strano ili moguć otrov?",True
"Molim savjet - dijete je jako pospano i teško ga je probuditi.",True
"Zanima me sljedeće: kako izgleda zdrav ritam hranjenja za uzrast od 14 mjeseci?",False
"Dobar dan, koliko brzo bi trebalo beba da dobija na težini?",False
"Dijete je progutalo nešto strano ili moguć otrov. Šta mi savjetujete?",True
"Poštovani doktore, kada je vrijeme za prvu posjetu zubaru?",False
"Molim savjet - beba je pala i sada povraća i jako je pospana.",True
"Poštovani doktore, dijete je jako pospano i teško ga je probuditi?",True
"Zanima me sljedeće: dijete ne diše normalno i teško hvata zrak?",False
"Dijete je na trenutak izgubilo svijest, šta da radim?",True
"Imam pitanje: pojavio se osip koji se brzo širi po tijelu?",True
"Beba ne mokri više od 8 sati?",True
"Treba mi savjet doktora: beba ima jaku bol u stomaku i ne miče se.",True
"Imam pitanje: beba se guši i ne može doći do daha?",True
"Beba ima temperaturu a mlađa je od tri mjeseca?",True
"Poštovani doktore, beba hripa i uvlači rebra pri disanju?",True
"Brinem se jer koliko puta dnevno treba mijenjati pelene.",False
"Kada beba obično počinje govoriti prve riječi. Šta mi savjetujete?",False
"Treba mi savjet doktora: beba je pala i sada povraća i jako je pospana.",True
"Dobar dan, koje su preporuke za kupanje novorođenčeta?",False
"Dijete je progutalo nešto strano ili moguć otrov?",True
"Dijete je progutalo nešto strano ili moguć otrov, šta da radim?",True
"Koža bebe je postala jako blijeda ili žuta, šta da radim?",True
"Molim savjet - kada mogu početi sa uvođenjem sokova.",False
"Poštovani doktore, da li je normalno da beba puno spava tokom dana?",False
"Dobar dan, dijete se opeklo i koža je jako crvena i mjehuri se?",True
"Zanima me sljedeće: koliko dugo obično traje faza kolika?",False
"Poštovani doktore, dijete se opeklo i koža je jako crvena i mjehuri se?",True
"Zanima me sljedeće: dijete diše veoma brzo i teško?",False
"Imam pitanje: da li je normalno da beba puno spava tokom dana?",False
"Koliko sati sna je normalno za bebu od 9 mjeseci, šta da radim?",False
"Molim savjet - koje vitamine treba davati bebi.",False
"Dobar dan, beba je pala i sada povraća i jako je pospana?",True
"Molim savjet - koje igračke su prikladne za uzrast od 14 mjeseci.",False
"Koža oko usta i noktiju izgleda siva. Šta mi savjetujete?",True
"Koliko je normalno da beba plače tokom dana?",False
"Zanima me sljedeće: beba ima jaku bol u stomaku i ne miče se?",True
"Brinem se jer koliko sati sna je normalno za bebu od 18 mjeseci.",False
"Molim savjet - kako pripremiti bebu za prvi izlet vani.",False
"Da li je u redu koristiti cuclu?",False
"Imam pitanje: beba ima visoku temperaturu preko 39 stepeni?",True
"Poštovani doktore, dijete je progutalo nešto strano ili moguć otrov?",True
"Molim savjet - kako pripremiti bebu za prvi izlet vani.",False
"Molim savjet - kako pripremiti bebu za prvi izlet vani.",False
"Koliko dugo obično traje faza kolika, šta da radim?",False
"Zanima me sljedeće: beba povraća bez prestanka već nekoliko sati?",True
"Da li je normalno da beba puno spava tokom dana?",False
"Brinem se jer koža oko usta i noktiju izgleda siva.",False
"Dobar dan, koža oko usta i noktiju izgleda siva?",True
"Dijete je dobilo grčeve/konvulzije. Šta mi savjetujete?",True
"Zanima me sljedeće: dijete je jako pospano i teško ga je probuditi?",True
"Molim savjet - dijete je dobilo grčeve/konvulzije.",True
"Zanima me sljedeće: kako naučiti bebu da spava cijelu noć?",False
"Brinem se jer koža oko usta i noktiju izgleda siva.",True
"Molim savjet - kada se preporučuje prva redovna vakcina.",False
"Beba ima jaku bol u stomaku i ne miče se, šta da radim?",True
"Poštovani doktore, beba ima visoku temperaturu preko 39 stepeni?",True
"Brinem se jer beba ima jaku bol u stomaku i ne miče se.",True
"Temperatura ne pada ni nakon lijeka već satima?",True
"Kako izgleda zdrav ritam hranjenja za uzrast od 12 mjeseci, šta da radim?",False
"Molim savjet - beba ima visoku temperaturu preko 39 stepeni.",True
"Koliko sati sna je normalno za bebu od 12 mjeseci, šta da radim?",False
"Imam pitanje: usne i koža oko usta su mu/joj modre?",True
"Koje vitamine treba davati bebi, šta da radim?",False
"Imam pitanje: usne i koža oko usta su mu/joj modre?",True
"Molim savjet - dijete je progutalo nešto strano ili moguć otrov.",False
"Brinem se jer beba povraća bez prestanka već nekoliko sati.",True
"Treba mi savjet doktora: dijete je na trenutak izgubilo svijest.",True
"Beba povraća bez prestanka već nekoliko sati?",True
"Kada beba počinje jesti čvrstu hranu. Šta mi savjetujete?",False
"Beba ima visoku temperaturu preko 39 stepeni. Šta mi savjetujete?",True
"Dijete je progutalo nešto strano ili moguć otrov, šta da radim?",True
"Koža oko usta i noktiju izgleda siva, šta da radim?",True
"Poštovani doktore, dijete diše veoma brzo i teško?",True
"Treba mi savjet doktora: dijete se opeklo i koža je jako crvena i mjehuri se.",True
"Dobar dan, primijetila sam krv u stolici kod bebe?",True
"Beba hripa i uvlači rebra pri disanju. Šta mi savjetujete?",True
"Dobar dan, beba je pala i sada povraća i jako je pospana?",True
"Koje su preporuke za prve cipelice, šta da radim?",False
"Zanima me sljedeće: beba ima visoku temperaturu preko 39 stepeni?",True
"Zanima me sljedeće: beba je pala i sada povraća i jako je pospana?",True
"Brinem se jer primijetila sam krv u povraćanju kod bebe.",True
"Dijete se opeklo i koža je jako crvena i mjehuri se?",True
"Treba mi savjet doktora: dijete diše veoma brzo i teško.",True
"Brinem se jer koja hrana je najbolja za uvođenje u ishranu.",False
"Zanima me sljedeće: beba ima visoku temperaturu preko 39 stepeni?",True
"Primijetila sam krv u povraćanju kod bebe, šta da radim?",True
"Zanima me sljedeće: da li trebam brinuti ako beba ne voli određenu hranu?",False
"Molim savjet - dijete je jako pospano i teško ga je probuditi.",True
"Brinem se jer kako pripremiti bebu za prvi izlet vani.",False
"Koliko sati sna je normalno za bebu od 15 mjeseci?",True
"Beba povraća bez prestanka već nekoliko sati?",True
"Poštovani doktore, beba ne mokri više od 8 sati?",True
"Dobar dan, beba jako plače i ne može se smiriti već duže vrijeme?",True
"Beba ima temperaturu a mlađa je od tri mjeseca?",True
"Treba mi savjet doktora: da li trebam brinuti ako beba ne voli određenu hranu.",False
"Treba mi savjet doktora: kada beba počinje jesti čvrstu hranu.",False
"Beba ima ukočen vrat i ne podnosi svjetlo, šta da radim?",True
"Imam pitanje: koje igračke su prikladne za uzrast od 21 mjeseci?",False
"Dobar dan, beba ne mokri više od 8 sati?",True
"Brinem se jer kada beba počinje jesti čvrstu hranu.",False
"Poštovani doktore, koliko puta dnevno treba mijenjati pelene?",False
"Zanima me sljedeće: koža bebe je postala jako blijeda ili žuta?",True
"Dijete je na trenutak izgubilo svijest. Šta mi savjetujete?",True
"Kako uspostaviti stabilnu rutinu spavanja. Šta mi savjetujete?",False
"Zanima me sljedeće: beba se guši i ne može doći do daha?",True
"Dijete je jako pospano i teško ga je probuditi?",True
"Brinem se jer da li je normalno da beba puno spava tokom dana.",False
"Zanima me sljedeće: beba jako plače i ne može se smiriti već duže vrijeme?",False
"Zanima me sljedeće: beba ima ukočen vrat i ne podnosi svjetlo?",True
"Brinem se jer dijete je dobilo grčeve/konvulzije.",True
"Imam pitanje: koje igračke su prikladne za uzrast od 9 mjeseci?",False
"Zanima me sljedeće: da li je u redu da beba spava na stomaku uz nadzor?",False
"Molim savjet - beba povraća bez prestanka već nekoliko sati.",True
"Primijetila sam krv u povraćanju kod bebe. Šta mi savjetujete?",True
"Beba ima visoku temperaturu preko 39 stepeni. Šta mi savjetujete?",True
"Dijete je dobilo grčeve/konvulzije, šta da radim?",True
"Koje su preporuke za prve cipelice?",False
"Dijete je jako pospano i teško ga je probuditi. Šta mi savjetujete?",False
"Brinem se jer beba povraća bez prestanka već nekoliko sati.",True
"Koliko dugo obično traje faza kolika, šta da radim?",False
"Dijete ne diše normalno i teško hvata zrak. Šta mi savjetujete?",True
"Zanima me sljedeće: koliko dugo obično traje faza kolika?",False
"Dobar dan, kako izgleda zdrav ritam hranjenja za uzrast od 18 mjeseci?",False
"Novorođenče odbija svaki obrok i letargično je. Šta mi savjetujete?",True
"Pojavio se osip koji se brzo širi po tijelu. Šta mi savjetujete?",True
"Zanima me sljedeće: beba se guši i ne može doći do daha?",True
"Dobar dan, koje igračke su prikladne za uzrast od 10 mjeseci?",False
"Molim savjet - koliko brzo bi trebalo beba da dobija na težini.",False
"Koliko sati sna je normalno za bebu od 5 mjeseci, šta da radim?",False
"Molim savjet - pojavio se osip koji se brzo širi po tijelu.",True
"Molim savjet - koža bebe je postala jako blijeda ili žuta.",True
"Kada je vrijeme za prvu posjetu zubaru, šta da radim?",False
"Kada beba obično počinje govoriti prve riječi?",False
"Zanima me sljedeće: kako naučiti bebu da spava cijelu noć?",False
"Dobar dan, temperatura ne pada ni nakon lijeka već satima?",True
"Treba mi savjet doktora: beba ima ukočen vrat i ne podnosi svjetlo.",True
"Imam pitanje: koje vitamine treba davati bebi?",False
"Beba ima visoku temperaturu preko 39 stepeni, šta da radim?",True
"Treba mi savjet doktora: kako pripremiti bebu za prvi izlet vani.",False
"Beba ima visoku temperaturu preko 39 stepeni, šta da radim?",True
"Dobar dan, koja hrana je najbolja za uvođenje u ishranu?",False
"Poštovani doktore, kako izgleda zdrav ritam hranjenja za uzrast od 13 mjeseci?",False
"Molim savjet - kada beba obično počinje govoriti prve riječi.",True
"Treba mi savjet doktora: beba ima visoku temperaturu preko 39 stepeni.",True
"Brinem se jer kada se preporučuje prva redovna vakcina.",True
"Dobar dan, koliko sati sna je normalno za bebu od 21 mjeseci?",False
"Beba ima visoku temperaturu preko 39 stepeni?",True
"Beba ima ukočen vrat i ne podnosi svjetlo. Šta mi savjetujete?",True
"Pojavio se osip koji se brzo širi po tijelu?",True
"Treba mi savjet doktora: beba je pala i sada povraća i jako je pospana.",True
"Koža bebe je postala jako blijeda ili žuta?",True
"Dobar dan, beba ima jaku bol u stomaku i ne miče se?",True
"Zanima me sljedeće: koliko sati sna je normalno za bebu od 23 mjeseci?",False
"Treba mi savjet doktora: koliko brzo bi trebalo beba da dobija na težini.",False
"Kada beba počinje jesti čvrstu hranu. Šta mi savjetujete?",False
"Kada se preporučuje prva redovna vakcina?",False
"Dijete je na trenutak izgubilo svijest, šta da radim?",True
"Dobar dan, kada beba obično počinje govoriti prve riječi?",False
"Dobar dan, kada je vrijeme za prvu posjetu zubaru?",False
"Imam pitanje: temperatura ne pada ni nakon lijeka već satima?",True
"Poštovani doktore, beba se guši i ne može doći do daha?",True
"Dobar dan, dijete ne diše normalno i teško hvata zrak?",True
"Treba mi savjet doktora: kada beba počinje jesti čvrstu hranu.",False
"Brinem se jer koje su preporuke za prve cipelice.",False
"Dobar dan, primijetila sam krv u povraćanju kod bebe?",True
"Poštovani doktore, koje su preporuke za kupanje novorođenčeta?",False
"Dijete diše veoma brzo i teško, šta da radim?",True
"Beba povraća bez prestanka već nekoliko sati, šta da radim?",True
"Kada mogu očekivati da beba počne sjediti sama. Šta mi savjetujete?",False
"Molim savjet - kako pripremiti bebu za prvi izlet vani.",False
"Dobar dan, beba ima ukočen vrat i ne podnosi svjetlo?",True
"Da li je normalno da beba često podriguje nakon hranjenja?",False
"Dobar dan, kada mogu očekivati da beba počne sjediti sama?",False
"Imam pitanje: novorođenče odbija svaki obrok i letargično je?",True
"Da li je u redu da beba spava na stomaku uz nadzor?",False
"Molim savjet - koje su preporuke za kupanje novorođenčeta.",False
"Treba mi savjet doktora: primijetila sam krv u povraćanju kod bebe.",True
"Zanima me sljedeće: dijete je na trenutak izgubilo svijest?",True
"Molim savjet - beba ima ukočen vrat i ne podnosi svjetlo.",True
"Zanima me sljedeće: primijetila sam krv u povraćanju kod bebe?",True
"Dobar dan, koje su preporuke za prve cipelice?",False
"Molim savjet - beba ima jaku bol u stomaku i ne miče se.",True
"Molim savjet - koje vitamine treba davati bebi.",False
"Brinem se jer kako pripremiti bebu za prvi izlet vani.",False
"Treba mi savjet doktora: da li je normalno da beba često podriguje nakon hranjenja.",False
"Treba mi savjet doktora: novorođenče odbija svaki obrok i letargično je.",True
"Molim savjet - da li je u redu da beba spava na stomaku uz nadzor.",False
"Dijete diše veoma brzo i teško?",True
"Treba mi savjet doktora: koža oko usta i noktiju izgleda siva.",True
"Zanima me sljedeće: da li trebam brinuti ako beba ne voli određenu hranu?",False
"Imam pitanje: kako uspostaviti stabilnu rutinu spavanja?",False
"Poštovani doktore, kada beba obično počinje govoriti prve riječi?",False
"Dobar dan, kada se preporučuje prva redovna vakcina?",False
"Imam pitanje: beba hripa i uvlači rebra pri disanju?",True
"Treba mi savjet doktora: beba ima jaku bol u stomaku i ne miče se.",True
"Poštovani doktore, kada mogu početi sa uvođenjem sokova?",False
"Imam pitanje: koliko sati sna je normalno za bebu od 24 mjeseci?",False
"Brinem se jer kada beba počinje jesti čvrstu hranu.",False
"Imam pitanje: kada mogu očekivati da beba počne sjediti sama?",False
"Kada beba obično počinje govoriti prve riječi. Šta mi savjetujete?",False
"Imam pitanje: kada se preporučuje prva redovna vakcina?",False
"Poštovani doktore, dijete diše veoma brzo i teško?",True
"Imam pitanje: kako izgleda zdrav ritam hranjenja za uzrast od 11 mjeseci?",False
"Kako naučiti bebu da spava cijelu noć, šta da radim?",False
"Poštovani doktore, da li je normalno da beba često podriguje nakon hranjenja?",False
"Zanima me sljedeće: beba ima temperaturu a mlađa je od tri mjeseca?",True
"Molim savjet - beba ima visoku temperaturu preko 39 stepeni.",True
"Imam pitanje: dijete diše veoma brzo i teško?",True
"Zanima me sljedeće: koje su preporuke za prve cipelice?",False
"Dobar dan, kada mogu početi sa uvođenjem sokova?",False
"Zanima me sljedeće: kada mogu početi sa uvođenjem sokova?",False
"Zanima me sljedeće: kada beba počinje jesti čvrstu hranu?",True
"Dobar dan, pojavio se osip koji se brzo širi po tijelu?",True
"Imam pitanje: kada se preporučuje prva redovna vakcina?",False
"Brinem se jer koje su preporuke za prve cipelice.",False
"Imam pitanje: primijetila sam krv u stolici kod bebe?",True
"Molim savjet - beba je pala i sada povraća i jako je pospana.",True
"Primijetila sam krv u povraćanju kod bebe, šta da radim?",True
"Imam pitanje: dijete je dobilo grčeve/konvulzije?",True
"Treba mi savjet doktora: dijete ne diše normalno i teško hvata zrak.",True
"Treba mi savjet doktora: beba ima jaku bol u stomaku i ne miče se.",True
"Zanima me sljedeće: koje vitamine treba davati bebi?",False
"Dijete se opeklo i koža je jako crvena i mjehuri se?",True
"Da li je u redu da beba spava na stomaku uz nadzor, šta da radim?",False
"Kada mogu očekivati da beba počne sjediti sama?",False
"Molim savjet - da li trebam brinuti ako beba ne voli određenu hranu.",False
"Kada mogu početi sa uvođenjem sokova, šta da radim?",False
"Dobar dan, da li je u redu koristiti cuclu?",False
"Poštovani doktore, da li trebam brinuti ako beba ne voli određenu hranu?",False
"Dijete je progutalo nešto strano ili moguć otrov, šta da radim?",True
"Treba mi savjet doktora: koje vitamine treba davati bebi.",False
"Poštovani doktore, dijete je dobilo grčeve/konvulzije?",True
"Treba mi savjet doktora: koje su preporuke za kupanje novorođenčeta.",False
"Poštovani doktore, koje vitamine treba davati bebi?",False
"Zanima me sljedeće: kada beba počinje jesti čvrstu hranu?",False
"Primijetila sam krv u stolici kod bebe?",True
"Treba mi savjet doktora: beba ne mokri više od 8 sati.",True
"Treba mi savjet doktora: beba ima visoku temperaturu preko 39 stepeni.",True
"Zanima me sljedeće: beba ima ukočen vrat i ne podnosi svjetlo?",True
"Molim savjet - primijetila sam krv u povraćanju kod bebe.",True
"Imam pitanje: kako naučiti bebu da spava cijelu noć?",False
"Koje vitamine treba davati bebi, šta da radim?",False
"Dobar dan, beba se guši i ne može doći do daha?",True
"Treba mi savjet doktora: koža bebe je postala jako blijeda ili žuta.",True
"Imam pitanje: kada mogu početi sa uvođenjem sokova?",False
"Brinem se jer dijete je jako pospano i teško ga je probuditi.",True
"Imam pitanje: dijete se opeklo i koža je jako crvena i mjehuri se?",True
"Treba mi savjet doktora: koliko puta dnevno treba mijenjati pelene.",False
"Da li je normalno da beba puno spava tokom dana?",False
"Primijetila sam krv u stolici kod bebe. Šta mi savjetujete?",True
"Poštovani doktore, da li je u redu da beba spava na stomaku uz nadzor?",False
"Imam pitanje: koje igračke su prikladne za uzrast od 17 mjeseci?",False
"Brinem se jer koža oko usta i noktiju izgleda siva.",True
"Dobar dan, beba se guši i ne može doći do daha?",True
"Molim savjet - dijete je na trenutak izgubilo svijest.",True
"Da li trebam brinuti ako beba ne voli određenu hranu?",False
"Beba ima visoku temperaturu preko 39 stepeni?",True
"Dobar dan, pojavio se osip koji se brzo širi po tijelu?",True
"Koje vitamine treba davati bebi?",False
"Imam pitanje: beba se guši i ne može doći do daha?",True
"Koža bebe je postala jako blijeda ili žuta, šta da radim?",True
"Brinem se jer beba jako plače i ne može se smiriti već duže vrijeme.",True
"Treba mi savjet doktora: beba ima jaku bol u stomaku i ne miče se.",True
"Primijetila sam krv u stolici kod bebe?",True
"Imam pitanje: koliko sati sna je normalno za bebu od 5 mjeseci?",False
"Zanima me sljedeće: kada beba obično počinje govoriti prve riječi?",False
"Imam pitanje: koža bebe je postala jako blijeda ili žuta?",True
"Zanima me sljedeće: da li je u redu koristiti cuclu?",False
"Dobar dan, kada se preporučuje prva redovna vakcina?",False
"Koliko brzo bi trebalo beba da dobija na težini. Šta mi savjetujete?",False
"Beba ima ukočen vrat i ne podnosi svjetlo. Šta mi savjetujete?",True
"Treba mi savjet doktora: beba ima ukočen vrat i ne podnosi svjetlo.",True
"Treba mi savjet doktora: kako uspostaviti stabilnu rutinu spavanja.",False
"Zanima me sljedeće: koliko brzo bi trebalo beba da dobija na težini?",False
"Kako uspostaviti stabilnu rutinu spavanja. Šta mi savjetujete?",False
"Dobar dan, dijete se opeklo i koža je jako crvena i mjehuri se?",True
"Molim savjet - beba hripa i uvlači rebra pri disanju.",True
"Kada mogu očekivati da beba počne sjediti sama, šta da radim?",False
"Molim savjet - beba hripa i uvlači rebra pri disanju.",True
"Dobar dan, temperatura ne pada ni nakon lijeka već satima?",True
"Poštovani doktore, beba ne mokri više od 8 sati?",True
"Da li je u redu da beba spava na stomaku uz nadzor, šta da radim?",False
"Beba jako plače i ne može se smiriti već duže vrijeme, šta da radim?",True
"Beba hripa i uvlači rebra pri disanju, šta da radim?",True
"Poštovani doktore, beba se guši i ne može doći do daha?",True
"Kada mogu očekivati da beba počne sjediti sama?",False
"Zanima me sljedeće: da li je normalno da beba puno spava tokom dana?",False
"Molim savjet - da li je u redu da beba spava na stomaku uz nadzor.",False
"Koje igračke su prikladne za uzrast od 3 mjeseci?",False
"Dobar dan, kada se preporučuje prva redovna vakcina?",False
"Molim savjet - beba hripa i uvlači rebra pri disanju.",True
"Dijete je na trenutak izgubilo svijest. Šta mi savjetujete?",True
"Dobar dan, kako izgleda zdrav ritam hranjenja za uzrast od 2 mjeseci?",False
"Kada beba obično počinje govoriti prve riječi, šta da radim?",False
"Zanima me sljedeće: koje su preporuke za prve cipelice?",False
"Beba ima temperaturu a mlađa je od tri mjeseca. Šta mi savjetujete?",True
"Molim savjet - dijete je na trenutak izgubilo svijest.",True
"Imam pitanje: da li je u redu da beba spava na stomaku uz nadzor?",False
"Zanima me sljedeće: koliko brzo bi trebalo beba da dobija na težini?",False
"Koliko sati sna je normalno za bebu od 13 mjeseci?",False
"Zanima me sljedeće: primijetila sam krv u povraćanju kod bebe?",True
"Brinem se jer beba se guši i ne može doći do daha.",True
"Dijete ne diše normalno i teško hvata zrak?",True
"Brinem se jer kako uspostaviti stabilnu rutinu spavanja.",False
"Brinem se jer kada mogu početi sa uvođenjem sokova.",False
"Molim savjet - da li je u redu da beba spava na stomaku uz nadzor.",False
"Brinem se jer dijete je dobilo grčeve/konvulzije.",True
"Zanima me sljedeće: koje su preporuke za prve cipelice?",False
"Koje vitamine treba davati bebi?",False
"Imam pitanje: da li trebam brinuti ako beba ne voli određenu hranu?",False
"Imam pitanje: koja hrana je najbolja za uvođenje u ishranu?",False
"Novorođenče odbija svaki obrok i letargično je?",True
"Molim savjet - beba hripa i uvlači rebra pri disanju.",True
"Brinem se jer da li je u redu koristiti cuclu.",False
"Imam pitanje: kada beba počinje jesti čvrstu hranu?",False
"Zanima me sljedeće: novorođenče odbija svaki obrok i letargično je?",True
"Zanima me sljedeće: novorođenče odbija svaki obrok i letargično je?",True
"Dobar dan, dijete diše veoma brzo i teško?",True
"Koliko sati sna je normalno za bebu od 9 mjeseci?",False
"Brinem se jer koža bebe je postala jako blijeda ili žuta.",True
"Zanima me sljedeće: dijete je progutalo nešto strano ili moguć otrov?",True
"Imam pitanje: da li trebam brinuti ako beba ne voli određenu hranu?",True
"Imam pitanje: da li trebam brinuti ako beba ne voli određenu hranu?",False
"Dobar dan, kako pripremiti bebu za prvi izlet vani?",False
"Dijete ne diše normalno i teško hvata zrak. Šta mi savjetujete?",True
"Imam pitanje: da li trebam brinuti ako beba ne voli određenu hranu?",False
"Koja hrana je najbolja za uvođenje u ishranu, šta da radim?",True
"Poštovani doktore, kako pripremiti bebu za prvi izlet vani?",False
"Imam pitanje: dijete je dobilo grčeve/konvulzije?",True
"Brinem se jer dijete je dobilo grčeve/konvulzije.",True
"Brinem se jer koliko brzo bi trebalo beba da dobija na težini.",False
"Primijetila sam krv u povraćanju kod bebe, šta da radim?",True
"Kada beba počinje jesti čvrstu hranu?",False
"Molim savjet - beba je pala i sada povraća i jako je pospana.",True
"Molim savjet - koje vitamine treba davati bebi.",False
"Koliko puta dnevno treba mijenjati pelene?",False
"Zanima me sljedeće: dijete je na trenutak izgubilo svijest?",True
"Zanima me sljedeće: dijete je jako pospano i teško ga je probuditi?",True
"Dobar dan, kako pripremiti bebu za prvi izlet vani?",False
"Molim savjet - dijete je progutalo nešto strano ili moguć otrov.",True
"Zanima me sljedeće: kako uspostaviti stabilnu rutinu spavanja?",False
"Beba ima visoku temperaturu preko 39 stepeni. Šta mi savjetujete?",True
"Koža oko usta i noktiju izgleda siva. Šta mi savjetujete?",True
"Beba povraća bez prestanka već nekoliko sati. Šta mi savjetujete?",True
"Brinem se jer primijetila sam krv u povraćanju kod bebe.",True
"Poštovani doktore, beba ima visoku temperaturu preko 39 stepeni?",True
"Poštovani doktore, dijete je jako pospano i teško ga je probuditi?",True
"Beba povraća bez prestanka već nekoliko sati?",True
"Treba mi savjet doktora: dijete je progutalo nešto strano ili moguć otrov.",True
"Dobar dan, koje su preporuke za kupanje novorođenčeta?",False
"Molim savjet - primijetila sam krv u povraćanju kod bebe.",True
"Zanima me sljedeće: kako naučiti bebu da spava cijelu noć?",False
"Brinem se jer beba ima temperaturu a mlađa je od tri mjeseca.",True
"Zanima me sljedeće: kada je vrijeme za prvu posjetu zubaru?",False
"Koje su preporuke za kupanje novorođenčeta, šta da radim?",False
"Dobar dan, temperatura ne pada ni nakon lijeka već satima?",True
"Da li trebam brinuti ako beba ne voli određenu hranu?",False
"Koža bebe je postala jako blijeda ili žuta. Šta mi savjetujete?",True
"Koje vitamine treba davati bebi?",False
"Treba mi savjet doktora: beba ima temperaturu a mlađa je od tri mjeseca.",True
"Brinem se jer koje su preporuke za kupanje novorođenčeta.",False
"Dobar dan, beba povraća bez prestanka već nekoliko sati?",True
"Zanima me sljedeće: beba ne mokri više od 8 sati?",True
"Dobar dan, kako uspostaviti stabilnu rutinu spavanja?",False
"Da li je normalno da beba puno spava tokom dana?",False
"Imam pitanje: beba ima ukočen vrat i ne podnosi svjetlo?",True
"Kada beba počinje jesti čvrstu hranu. Šta mi savjetujete?",False
"Treba mi savjet doktora: beba jako plače i ne može se smiriti već duže vrijeme.",True
"Dijete je dobilo grčeve/konvulzije, šta da radim?",True
"Treba mi savjet doktora: dijete je jako pospano i teško ga je probuditi.",True
"Koje igračke su prikladne za uzrast od 23 mjeseci. Šta mi savjetujete?",False
"Treba mi savjet doktora: dijete je na trenutak izgubilo svijest.",True
"Pojavio se osip koji se brzo širi po tijelu?",True
"Poštovani doktore, dijete ne diše normalno i teško hvata zrak?",True
"Brinem se jer kada beba obično počinje govoriti prve riječi.",False
"Brinem se jer dijete je na trenutak izgubilo svijest.",True
"Beba povraća bez prestanka već nekoliko sati, šta da radim?",True
"Molim savjet - beba hripa i uvlači rebra pri disanju.",True
"Poštovani doktore, pojavio se osip koji se brzo širi po tijelu?",True
"Brinem se jer da li je normalno da beba puno spava tokom dana.",True
"Beba povraća bez prestanka već nekoliko sati, šta da radim?",True
"Brinem se jer beba hripa i uvlači rebra pri disanju.",True
"Poštovani doktore, kada beba obično počinje govoriti prve riječi?",False
"Molim savjet - kada beba obično počinje govoriti prve riječi.",False
"Kako izgleda zdrav ritam hranjenja za uzrast od 17 mjeseci. Šta mi savjetujete?",False
"Zanima me sljedeće: temperatura ne pada ni nakon lijeka već satima?",True
"Brinem se jer koliko je normalno da beba plače tokom dana.",False
"Brinem se jer primijetila sam krv u stolici kod bebe.",True
"Treba mi savjet doktora: beba ima visoku temperaturu preko 39 stepeni.",True
"Dobar dan, kako uspostaviti stabilnu rutinu spavanja?",False
"Imam pitanje: dijete je progutalo nešto strano ili moguć otrov?",True
"Poštovani doktore, dijete je progutalo nešto strano ili moguć otrov?",True
"Zanima me sljedeće: koje igračke su prikladne za uzrast od 20 mjeseci?",True
"Dobar dan, da li je normalno da beba često podriguje nakon hranjenja?",False
"Kako uspostaviti stabilnu rutinu spavanja. Šta mi savjetujete?",False
"Treba mi savjet doktora: kako naučiti bebu da spava cijelu noć.",False
"Dijete diše veoma brzo i teško, šta da radim?",True
"Brinem se jer beba povraća bez prestanka već nekoliko sati.",True
"Molim savjet - dijete je jako pospano i teško ga je probuditi.",True
"Treba mi savjet doktora: primijetila sam krv u stolici kod bebe.",True
"Koje su preporuke za prve cipelice. Šta mi savjetujete?",False
"Dobar dan, koja hrana je najbolja za uvođenje u ishranu?",False
"Zanima me sljedeće: koje su preporuke za kupanje novorođenčeta?",False
"Brinem se jer beba ima jaku bol u stomaku i ne miče se.",True
"Molim savjet - koja hrana je najbolja za uvođenje u ishranu.",False
"Brinem se jer koliko sati sna je normalno za bebu od 23 mjeseci.",False
"Koja hrana je najbolja za uvođenje u ishranu. Šta mi savjetujete?",False
"Brinem se jer dijete je jako pospano i teško ga je probuditi.",True
"Treba mi savjet doktora: kada mogu početi sa uvođenjem sokova.",False
"Da li je normalno da beba često podriguje nakon hranjenja?",False
"Treba mi savjet doktora: koliko sati sna je normalno za bebu od 9 mjeseci.",False
"Koža bebe je postala jako blijeda ili žuta. Šta mi savjetujete?",True
"Brinem se jer da li je u redu koristiti cuclu.",False
"Kada se preporučuje prva redovna vakcina. Šta mi savjetujete?",False
"Molim savjet - kada se preporučuje prva redovna vakcina.",False
"Koje su preporuke za prve cipelice. Šta mi savjetujete?",False
"Beba se guši i ne može doći do daha, šta da radim?",True
"Koje su preporuke za prve cipelice. Šta mi savjetujete?",False
"Dobar dan, koliko puta dnevno treba mijenjati pelene?",False
"Molim savjet - beba povraća bez prestanka već nekoliko sati.",True
"Beba povraća bez prestanka već nekoliko sati, šta da radim?",True
"Beba ima jaku bol u stomaku i ne miče se, šta da radim?",True
"Kako pripremiti bebu za prvi izlet vani?",False
"Brinem se jer da li je u redu koristiti cuclu.",False
"Imam pitanje: koliko sati sna je normalno za bebu od 20 mjeseci?",False
"Koliko puta dnevno treba mijenjati pelene, šta da radim?",False
"Kako naučiti bebu da spava cijelu noć, šta da radim?",False
"Imam pitanje: beba hripa i uvlači rebra pri disanju?",True
"Treba mi savjet doktora: dijete se opeklo i koža je jako crvena i mjehuri se.",True
"Treba mi savjet doktora: beba je pala i sada povraća i jako je pospana.",True
"Treba mi savjet doktora: dijete je jako pospano i teško ga je probuditi.",True
"Poštovani doktore, beba ne mokri više od 8 sati?",True
"Kada je vrijeme za prvu posjetu zubaru?",False
"Zanima me sljedeće: dijete je jako pospano i teško ga je probuditi?",True
"Brinem se jer kada je vrijeme za prvu posjetu zubaru.",False
"Molim savjet - koja hrana je najbolja za uvođenje u ishranu.",False
"Brinem se jer beba ima visoku temperaturu preko 39 stepeni.",True
"Brinem se jer novorođenče odbija svaki obrok i letargično je.",True
"Da li trebam brinuti ako beba ne voli određenu hranu?",False
"Beba jako plače i ne može se smiriti već duže vrijeme?",True
"Poštovani doktore, da li je normalno da beba često podriguje nakon hranjenja?",True
"Zanima me sljedeće: koža oko usta i noktiju izgleda siva?",False
"Dobar dan, beba je pala i sada povraća i jako je pospana?",True
"Dobar dan, koliko sati sna je normalno za bebu od 11 mjeseci?",False
"Dijete diše veoma brzo i teško?",True
"Dijete je na trenutak izgubilo svijest?",True
"Zanima me sljedeće: pojavio se osip koji se brzo širi po tijelu?",True
"Brinem se jer beba hripa i uvlači rebra pri disanju.",True
"Brinem se jer dijete ne diše normalno i teško hvata zrak.",True
"Treba mi savjet doktora: beba jako plače i ne može se smiriti već duže vrijeme.",True
"Imam pitanje: primijetila sam krv u stolici kod bebe?",True
"Zanima me sljedeće: koža oko usta i noktiju izgleda siva?",True
"Treba mi savjet doktora: primijetila sam krv u stolici kod bebe.",True
"Treba mi savjet doktora: da li je u redu koristiti cuclu.",False
"Koje igračke su prikladne za uzrast od 14 mjeseci. Šta mi savjetujete?",False
"Brinem se jer dijete je jako pospano i teško ga je probuditi.",True
"Brinem se jer beba ima visoku temperaturu preko 39 stepeni.",True
"Imam pitanje: koja hrana je najbolja za uvođenje u ishranu?",False
"Usne i koža oko usta su mu/joj modre?",True
"Primijetila sam krv u stolici kod bebe?",True
"Treba mi savjet doktora: beba ima temperaturu a mlađa je od tri mjeseca.",True
"Molim savjet - kako pripremiti bebu za prvi izlet vani.",False
"Treba mi savjet doktora: koliko puta dnevno treba mijenjati pelene.",False
"Zanima me sljedeće: beba je pala i sada povraća i jako je pospana?",True
"Poštovani doktore, koža oko usta i noktiju izgleda siva?",True
"Molim savjet - koliko dugo obično traje faza kolika.",False
"Molim savjet - da li je normalno da beba puno spava tokom dana.",False
"Dobar dan, kada beba počinje jesti čvrstu hranu?",False
"Treba mi savjet doktora: primijetila sam krv u stolici kod bebe.",True
"Imam pitanje: beba se guši i ne može doći do daha?",True
"Da li je normalno da beba često podriguje nakon hranjenja. Šta mi savjetujete?",False
"Zanima me sljedeće: dijete je progutalo nešto strano ili moguć otrov?",True
"Koliko sati sna je normalno za bebu od 19 mjeseci, šta da radim?",False
"Molim savjet - dijete diše veoma brzo i teško.",True
"Treba mi savjet doktora: beba je pala i sada povraća i jako je pospana.",True
"Zanima me sljedeće: temperatura ne pada ni nakon lijeka već satima?",True
"Brinem se jer kada se preporučuje prva redovna vakcina.",False
"Koje igračke su prikladne za uzrast od 10 mjeseci. Šta mi savjetujete?",False
"Usne i koža oko usta su mu/joj modre?",True
"Poštovani doktore, beba ne mokri više od 8 sati?",True
"Imam pitanje: da li je normalno da beba često podriguje nakon hranjenja?",False
"Koje su preporuke za kupanje novorođenčeta, šta da radim?",False
"Brinem se jer kada je vrijeme za prvu posjetu zubaru.",False
"Brinem se jer koža oko usta i noktiju izgleda siva.",True
"Zanima me sljedeće: dijete je jako pospano i teško ga je probuditi?",True
"Treba mi savjet doktora: temperatura ne pada ni nakon lijeka već satima.",True
"Brinem se jer kada beba počinje jesti čvrstu hranu.",False
"Koliko je normalno da beba plače tokom dana, šta da radim?",False
"Zanima me sljedeće: beba je pala i sada povraća i jako je pospana?",True
"Dijete je progutalo nešto strano ili moguć otrov?",True
"Zanima me sljedeće: koje vitamine treba davati bebi?",False
"Dobar dan, pojavio se osip koji se brzo širi po tijelu?",True
"Imam pitanje: koliko sati sna je normalno za bebu od 24 mjeseci?",False
"Koje vitamine treba davati bebi?",False
"Dobar dan, beba ima visoku temperaturu preko 39 stepeni?",True
"Brinem se jer koje vitamine treba davati bebi.",False
"Koje su preporuke za kupanje novorođenčeta?",False
"Dobar dan, beba ima ukočen vrat i ne podnosi svjetlo?",True
"Treba mi savjet doktora: beba ne mokri više od 8 sati.",True
"Beba je pala i sada povraća i jako je pospana. Šta mi savjetujete?",True
"Dobar dan, kada mogu početi sa uvođenjem sokova?",False
"Koja hrana je najbolja za uvođenje u ishranu, šta da radim?",False
"Da li je normalno da beba često podriguje nakon hranjenja, šta da radim?",False
"Brinem se jer beba je pala i sada povraća i jako je pospana.",True
"Molim savjet - beba ima ukočen vrat i ne podnosi svjetlo.",True
"Koliko je normalno da beba plače tokom dana. Šta mi savjetujete?",False
"Poštovani doktore, beba povraća bez prestanka već nekoliko sati?",True
"Imam pitanje: kako pripremiti bebu za prvi izlet vani?",False
"Poštovani doktore, dijete ne diše normalno i teško hvata zrak?",True
"Imam pitanje: koliko je normalno da beba plače tokom dana?",True
"Zanima me sljedeće: kako uspostaviti stabilnu rutinu spavanja?",False
"Dijete je progutalo nešto strano ili moguć otrov. Šta mi savjetujete?",True
"Koliko brzo bi trebalo beba da dobija na težini. Šta mi savjetujete?",True
"Zanima me sljedeće: kako izgleda zdrav ritam hranjenja za uzrast od 12 mjeseci?",False
"Treba mi savjet doktora: da li je u redu koristiti cuclu.",False
"Imam pitanje: beba ima jaku bol u stomaku i ne miče se?",True
"Dijete je jako pospano i teško ga je probuditi. Šta mi savjetujete?",True
"Treba mi savjet doktora: koža oko usta i noktiju izgleda siva.",True
"Brinem se jer beba ima visoku temperaturu preko 39 stepeni.",True
"Poštovani doktore, beba se guši i ne može doći do daha?",True
"Poštovani doktore, dijete je dobilo grčeve/konvulzije?",True
"Imam pitanje: kako pripremiti bebu za prvi izlet vani?",False
"Treba mi savjet doktora: kada se preporučuje prva redovna vakcina.",False
"Beba ima jaku bol u stomaku i ne miče se, šta da radim?",True
"Kako izgleda zdrav ritam hranjenja za uzrast od 19 mjeseci. Šta mi savjetujete?",False
"Zanima me sljedeće: kako naučiti bebu da spava cijelu noć?",False
"Poštovani doktore, dijete je jako pospano i teško ga je probuditi?",True
"Brinem se jer kada je vrijeme za prvu posjetu zubaru.",False
"Beba ima visoku temperaturu preko 39 stepeni, šta da radim?",True
"Imam pitanje: kada mogu početi sa uvođenjem sokova?",False
"Zanima me sljedeće: kada beba počinje jesti čvrstu hranu?",False
"Poštovani doktore, dijete je progutalo nešto strano ili moguć otrov?",True
"Brinem se jer dijete se opeklo i koža je jako crvena i mjehuri se.",True
"Zanima me sljedeće: beba ne mokri više od 8 sati?",True
"Dobar dan, dijete je na trenutak izgubilo svijest?",True
"Dobar dan, koja hrana je najbolja za uvođenje u ishranu?",False
"Molim savjet - kako uspostaviti stabilnu rutinu spavanja.",False
"Molim savjet - koža bebe je postala jako blijeda ili žuta.",True
"Primijetila sam krv u povraćanju kod bebe. Šta mi savjetujete?",True
"Brinem se jer kada beba obično počinje govoriti prve riječi.",False
"Treba mi savjet doktora: da li je normalno da beba puno spava tokom dana.",False
"Brinem se jer kada je vrijeme za prvu posjetu zubaru.",False
"Kada se preporučuje prva redovna vakcina?",False
"Koje su preporuke za kupanje novorođenčeta?",False
"Koje su preporuke za kupanje novorođenčeta?",False
"Imam pitanje: koliko je normalno da beba plače tokom dana?",False
"Zanima me sljedeće: pojavio se osip koji se brzo širi po tijelu?",True
"Treba mi savjet doktora: beba ne mokri više od 8 sati.",True
"Imam pitanje: primijetila sam krv u stolici kod bebe?",True
"Molim savjet - koliko dugo obično traje faza kolika.",False
"Zanima me sljedeće: koliko dugo obično traje faza kolika?",False
"Zanima me sljedeće: kada mogu početi sa uvođenjem sokova?",False
"Poštovani doktore, beba se guši i ne može doći do daha?",True
"Molim savjet - beba hripa i uvlači rebra pri disanju.",True
"Brinem se jer beba ima visoku temperaturu preko 39 stepeni.",True
"Dobar dan, da li trebam brinuti ako beba ne voli određenu hranu?",False
"Primijetila sam krv u povraćanju kod bebe. Šta mi savjetujete?",True
"Treba mi savjet doktora: kako pripremiti bebu za prvi izlet vani.",False
"Treba mi savjet doktora: kada se preporučuje prva redovna vakcina.",True
"Beba je pala i sada povraća i jako je pospana, šta da radim?",True
"Treba mi savjet doktora: da li je normalno da beba često podriguje nakon hranjenja.",True
"Koliko sati sna je normalno za bebu od 1 mjeseci?",False
"Dobar dan, beba je pala i sada povraća i jako je pospana?",True
"Beba ima ukočen vrat i ne podnosi svjetlo. Šta mi savjetujete?",False
"Kada beba počinje jesti čvrstu hranu, šta da radim?",False
"Brinem se jer da li trebam brinuti ako beba ne voli određenu hranu.",False
"Dobar dan, novorođenče odbija svaki obrok i letargično je?",True
"Kako uspostaviti stabilnu rutinu spavanja. Šta mi savjetujete?",False
"Brinem se jer koje su preporuke za kupanje novorođenčeta.",False
"Beba se guši i ne može doći do daha?",True
"Koliko brzo bi trebalo beba da dobija na težini, šta da radim?",False
"Treba mi savjet doktora: kako pripremiti bebu za prvi izlet vani.",False
"Beba ne mokri više od 8 sati?",True
"Dobar dan, temperatura ne pada ni nakon lijeka već satima?",True
"Kada se preporučuje prva redovna vakcina. Šta mi savjetujete?",False
"Beba ima visoku temperaturu preko 39 stepeni. Šta mi savjetujete?",True
"Koje su preporuke za prve cipelice?",False
"Molim savjet - beba hripa i uvlači rebra pri disanju.",True
"Beba ne mokri više od 8 sati?",True
"Beba ne mokri više od 8 sati. Šta mi savjetujete?",True
"Da li je normalno da beba često podriguje nakon hranjenja. Šta mi savjetujete?",False
"Molim savjet - kada mogu očekivati da beba počne sjediti sama.",False
"Brinem se jer kada je vrijeme za prvu posjetu zubaru.",False
"Brinem se jer koža oko usta i noktiju izgleda siva.",True
"Beba ne mokri više od 8 sati. Šta mi savjetujete?",True
"Molim savjet - dijete je jako pospano i teško ga je probuditi.",True
"Kako izgleda zdrav ritam hranjenja za uzrast od 14 mjeseci?",False
"Brinem se jer koliko brzo bi trebalo beba da dobija na težini.",False
"Molim savjet - pojavio se osip koji se brzo širi po tijelu.",True
"Treba mi savjet doktora: beba jako plače i ne može se smiriti već duže vrijeme.",True
"Da li je normalno da beba često podriguje nakon hranjenja?",False
"Dijete diše veoma brzo i teško, šta da radim?",True
"Dobar dan, beba jako plače i ne može se smiriti već duže vrijeme?",True
"Imam pitanje: kada se preporučuje prva redovna vakcina?",False
"Zanima me sljedeće: kako uspostaviti stabilnu rutinu spavanja?",False
"Molim savjet - kako pripremiti bebu za prvi izlet vani.",False
"Brinem se jer da li je u redu da beba spava na stomaku uz nadzor.",False
"Poštovani doktore, koje vitamine treba davati bebi?",False
"Zanima me sljedeće: dijete je na trenutak izgubilo svijest?",True
"Poštovani doktore, koja hrana je najbolja za uvođenje u ishranu?",False
"Molim savjet - koliko je normalno da beba plače tokom dana.",True
"Poštovani doktore, beba ima jaku bol u stomaku i ne miče se?",True
"Dobar dan, pojavio se osip koji se brzo širi po tijelu?",True
"Zanima me sljedeće: beba ima temperaturu a mlađa je od tri mjeseca?",True
"Zanima me sljedeće: koža oko usta i noktiju izgleda siva?",True
"Kada se preporučuje prva redovna vakcina?",False
"Molim savjet - beba ne mokri više od 8 sati.",True
"Brinem se jer kada beba počinje jesti čvrstu hranu.",True
"Kada se preporučuje prva redovna vakcina?",False
"Molim savjet - da li je normalno da beba često podriguje nakon hranjenja.",False
"Zanima me sljedeće: da li je u redu da beba spava na stomaku uz nadzor?",False
"Beba hripa i uvlači rebra pri disanju. Šta mi savjetujete?",True
"Treba mi savjet doktora: kako naučiti bebu da spava cijelu noć.",False
"Imam pitanje: beba je pala i sada povraća i jako je pospana?",True
"Pojavio se osip koji se brzo širi po tijelu. Šta mi savjetujete?",True
"Imam pitanje: kada mogu očekivati da beba počne sjediti sama?",False
"Poštovani doktore, koje igračke su prikladne za uzrast od 22 mjeseci?",False
"Dobar dan, koliko dugo obično traje faza kolika?",False
"Dobar dan, koje vitamine treba davati bebi?",False
"Zanima me sljedeće: dijete je jako pospano i teško ga je probuditi?",True
"Imam pitanje: primijetila sam krv u povraćanju kod bebe?",True
"Molim savjet - dijete je dobilo grčeve/konvulzije.",True
"Imam pitanje: kako uspostaviti stabilnu rutinu spavanja?",False
"Molim savjet - da li je normalno da beba puno spava tokom dana.",False
"Imam pitanje: koje vitamine treba davati bebi?",False
"Poštovani doktore, koja hrana je najbolja za uvođenje u ishranu?",False
"Treba mi savjet doktora: da li je u redu koristiti cuclu.",False
"Imam pitanje: kada mogu očekivati da beba počne sjediti sama?",False
"Imam pitanje: pojavio se osip koji se brzo širi po tijelu?",True
"Brinem se jer kada se preporučuje prva redovna vakcina.",False
"Kada mogu očekivati da beba počne sjediti sama. Šta mi savjetujete?",False
"Molim savjet - da li je normalno da beba često podriguje nakon hranjenja.",False
"Brinem se jer beba ima ukočen vrat i ne podnosi svjetlo.",True
"Poštovani doktore, koliko brzo bi trebalo beba da dobija na težini?",False
"Zanima me sljedeće: da li je normalno da beba često podriguje nakon hranjenja?",False
"Imam pitanje: beba se guši i ne može doći do daha?",True
"Pojavio se osip koji se brzo širi po tijelu, šta da radim?",True
"Dobar dan, novorođenče odbija svaki obrok i letargično je?",True
"Koliko brzo bi trebalo beba da dobija na težini, šta da radim?",False
"Kako pripremiti bebu za prvi izlet vani?",False
"Koliko sati sna je normalno za bebu od 17 mjeseci?",False
"Molim savjet - kada beba obično počinje govoriti prve riječi.",True
"Brinem se jer kako izgleda zdrav ritam hranjenja za uzrast od 24 mjeseci.",False
"Kada mogu očekivati da beba počne sjediti sama. Šta mi savjetujete?",False
"Imam pitanje: kako uspostaviti stabilnu rutinu spavanja?",False
"Poštovani doktore, kada beba počinje jesti čvrstu hranu?",False
"Dijete je dobilo grčeve/konvulzije. Šta mi savjetujete?",True
"Brinem se jer novorođenče odbija svaki obrok i letargično je.",True
"Dobar dan, kada beba obično počinje govoriti prve riječi?",False
"Kada mogu početi sa uvođenjem sokova. Šta mi savjetujete?",False
"Treba mi savjet doktora: koje vitamine treba davati bebi.",False
"Dobar dan, koja hrana je najbolja za uvođenje u ishranu?",False
"Imam pitanje: kada beba obično počinje govoriti prve riječi?",False
"Pojavio se osip koji se brzo širi po tijelu. Šta mi savjetujete?",True
"Zanima me sljedeće: kada je vrijeme za prvu posjetu zubaru?",False
"Dobar dan, beba povraća bez prestanka već nekoliko sati?",True
"Dobar dan, novorođenče odbija svaki obrok i letargično je?",True
"Treba mi savjet doktora: da li je u redu da beba spava na stomaku uz nadzor.",False
"Temperatura ne pada ni nakon lijeka već satima?",True
"Dijete je dobilo grčeve/konvulzije?",True
"Poštovani doktore, beba se guši i ne može doći do daha?",True
"Molim savjet - koliko puta dnevno treba mijenjati pelene.",False
"Beba ima visoku temperaturu preko 39 stepeni?",True
"Molim savjet - kako pripremiti bebu za prvi izlet vani.",False
"Poštovani doktore, da li je u redu da beba spava na stomaku uz nadzor?",True
"Brinem se jer dijete je dobilo grčeve/konvulzije.",True
"Poštovani doktore, beba jako plače i ne može se smiriti već duže vrijeme?",True
"Novorođenče odbija svaki obrok i letargično je, šta da radim?",True
"Kako pripremiti bebu za prvi izlet vani, šta da radim?",False
"Primijetila sam krv u povraćanju kod bebe. Šta mi savjetujete?",True
"Molim savjet - koje su preporuke za kupanje novorođenčeta.",False
"Poštovani doktore, beba se guši i ne može doći do daha?",True
"Dijete se opeklo i koža je jako crvena i mjehuri se. Šta mi savjetujete?",True
"Dobar dan, kada mogu početi sa uvođenjem sokova?",False
"Kako izgleda zdrav ritam hranjenja za uzrast od 3 mjeseci. Šta mi savjetujete?",False
"Da li je normalno da beba puno spava tokom dana. Šta mi savjetujete?",False
"Molim savjet - dijete diše veoma brzo i teško.",True
"Zanima me sljedeće: beba je pala i sada povraća i jako je pospana?",True
"Brinem se jer novorođenče odbija svaki obrok i letargično je.",True
"Dobar dan, koja hrana je najbolja za uvođenje u ishranu?",False
"Molim savjet - dijete je jako pospano i teško ga je probuditi.",True
"Imam pitanje: kada beba obično počinje govoriti prve riječi?",False
"Kada beba obično počinje govoriti prve riječi. Šta mi savjetujete?",False
"Imam pitanje: kada mogu početi sa uvođenjem sokova?",False
"Imam pitanje: dijete se opeklo i koža je jako crvena i mjehuri se?",True
"Molim savjet - usne i koža oko usta su mu/joj modre.",True
"Kada se preporučuje prva redovna vakcina?",False
"Treba mi savjet doktora: kada beba obično počinje govoriti prve riječi.",False
"Zanima me sljedeće: kako uspostaviti stabilnu rutinu spavanja?",False
"Zanima me sljedeće: koliko sati sna je normalno za bebu od 15 mjeseci?",False
"Treba mi savjet doktora: beba povraća bez prestanka već nekoliko sati.",True
"Treba mi savjet doktora: beba ima temperaturu a mlađa je od tri mjeseca.",True
"Molim savjet - koja hrana je najbolja za uvođenje u ishranu.",False
"Imam pitanje: dijete diše veoma brzo i teško?",True
"Dobar dan, beba ima visoku temperaturu preko 39 stepeni?",True
"Dijete je progutalo nešto strano ili moguć otrov. Šta mi savjetujete?",True
"Molim savjet - dijete je progutalo nešto strano ili moguć otrov.",True
"Beba ima jaku bol u stomaku i ne miče se. Šta mi savjetujete?",True
"Molim savjet - dijete se opeklo i koža je jako crvena i mjehuri se.",True
"Brinem se jer kada beba obično počinje govoriti prve riječi.",True
"Koliko puta dnevno treba mijenjati pelene, šta da radim?",False
"Brinem se jer da li je u redu da beba spava na stomaku uz nadzor.",False
"Treba mi savjet doktora: da li trebam brinuti ako beba ne voli određenu hranu.",False
"Beba povraća bez prestanka već nekoliko sati. Šta mi savjetujete?",True
"Zanima me sljedeće: kada beba obično počinje govoriti prve riječi?",False
"Zanima me sljedeće: beba ima visoku temperaturu preko 39 stepeni?",True
"Koža bebe je postala jako blijeda ili žuta. Šta mi savjetujete?",True
"Kada se preporučuje prva redovna vakcina, šta da radim?",False
"Zanima me sljedeće: da li je normalno da beba puno spava tokom dana?",False
"Koža bebe je postala jako blijeda ili žuta. Šta mi savjetujete?",True
"Primijetila sam krv u stolici kod bebe?",True
"Poštovani doktore, pojavio se osip koji se brzo širi po tijelu?",True
"Dobar dan, koje su preporuke za prve cipelice?",False
"Dobar dan, beba je pala i sada povraća i jako je pospana?",True
"Poštovani doktore, koliko je normalno da beba plače tokom dana?",False
"Treba mi savjet doktora: beba ima ukočen vrat i ne podnosi svjetlo.",True
"Brinem se jer kada mogu početi sa uvođenjem sokova.",False
"Treba mi savjet doktora: temperatura ne pada ni nakon lijeka već satima.",True
"Molim savjet - dijete je progutalo nešto strano ili moguć otrov.",True
"Brinem se jer da li trebam brinuti ako beba ne voli određenu hranu.",False
"Brinem se jer usne i koža oko usta su mu/joj modre.",True
"Dobar dan, koje vitamine treba davati bebi?",False
"Dijete ne diše normalno i teško hvata zrak?",True
"Dobar dan, usne i koža oko usta su mu/joj modre?",True
"Treba mi savjet doktora: koliko sati sna je normalno za bebu od 15 mjeseci.",False
"Brinem se jer pojavio se osip koji se brzo širi po tijelu.",True
"Beba jako plače i ne može se smiriti već duže vrijeme, šta da radim?",True
"Poštovani doktore, koje igračke su prikladne za uzrast od 1 mjeseci?",False
"Molim savjet - da li trebam brinuti ako beba ne voli određenu hranu.",False
"Brinem se jer dijete je dobilo grčeve/konvulzije.",True
"Dijete diše veoma brzo i teško, šta da radim?",True
"Kada beba obično počinje govoriti prve riječi?",False
"Brinem se jer usne i koža oko usta su mu/joj modre.",True
"Treba mi savjet doktora: koža bebe je postala jako blijeda ili žuta.",True
"Beba hripa i uvlači rebra pri disanju. Šta mi savjetujete?",True
"Poštovani doktore, beba povraća bez prestanka već nekoliko sati?",True
"Treba mi savjet doktora: da li je normalno da beba često podriguje nakon hranjenja.",False
"Molim savjet - koje vitamine treba davati bebi.",False
"Molim savjet - primijetila sam krv u stolici kod bebe.",True
"Zanima me sljedeće: koje su preporuke za kupanje novorođenčeta?",False
"Poštovani doktore, kada mogu početi sa uvođenjem sokova?",False
"Zanima me sljedeće: dijete diše veoma brzo i teško?",True
"Imam pitanje: koja hrana je najbolja za uvođenje u ishranu?",False
"Dobar dan, kada beba obično počinje govoriti prve riječi?",False
"Dobar dan, koje vitamine treba davati bebi?",False
"Treba mi savjet doktora: koliko sati sna je normalno za bebu od 15 mjeseci.",False
"Treba mi savjet doktora: beba ima ukočen vrat i ne podnosi svjetlo.",True
"Brinem se jer koje vitamine treba davati bebi.",False
"Poštovani doktore, koje vitamine treba davati bebi?",False
"Molim savjet - kako uspostaviti stabilnu rutinu spavanja.",False
"Brinem se jer dijete je dobilo grčeve/konvulzije.",True
"Dobar dan, dijete je progutalo nešto strano ili moguć otrov?",True
"Imam pitanje: dijete ne diše normalno i teško hvata zrak?",True
"Brinem se jer beba povraća bez prestanka već nekoliko sati.",True
"Dobar dan, beba ima visoku temperaturu preko 39 stepeni?",True
"Zanima me sljedeće: novorođenče odbija svaki obrok i letargično je?",True
"Zanima me sljedeće: da li je u redu koristiti cuclu?",False
"Molim savjet - beba ima temperaturu a mlađa je od tri mjeseca.",True
"Treba mi savjet doktora: pojavio se osip koji se brzo širi po tijelu.",True
"Molim savjet - kako uspostaviti stabilnu rutinu spavanja.",False
"Kada mogu očekivati da beba počne sjediti sama. Šta mi savjetujete?",False
"Molim savjet - beba ima temperaturu a mlađa je od tri mjeseca.",True
"Koliko dugo obično traje faza kolika?",False
"Kada mogu početi sa uvođenjem sokova, šta da radim?",False
"Koliko sati sna je normalno za bebu od 19 mjeseci, šta da radim?",False
"Koliko sati sna je normalno za bebu od 18 mjeseci?",False
"Zanima me sljedeće: dijete je progutalo nešto strano ili moguć otrov?",True
"Poštovani doktore, koža bebe je postala jako blijeda ili žuta?",True
"Imam pitanje: dijete ne diše normalno i teško hvata zrak?",True
"Molim savjet - da li trebam brinuti ako beba ne voli određenu hranu.",False
"Dijete je jako pospano i teško ga je probuditi, šta da radim?",True
"Imam pitanje: kada se preporučuje prva redovna vakcina?",False
"Brinem se jer koje igračke su prikladne za uzrast od 21 mjeseci.",False
"Poštovani doktore, dijete je progutalo nešto strano ili moguć otrov?",True
"Kako pripremiti bebu za prvi izlet vani?",False
"Poštovani doktore, da li je normalno da beba često podriguje nakon hranjenja?",False
"Molim savjet - primijetila sam krv u povraćanju kod bebe.",True
"Koje su preporuke za prve cipelice?",False
"Treba mi savjet doktora: primijetila sam krv u stolici kod bebe.",True
"Primijetila sam krv u stolici kod bebe, šta da radim?",True
"Molim savjet - usne i koža oko usta su mu/joj modre.",True
"Molim savjet - beba ima ukočen vrat i ne podnosi svjetlo.",True
"Koje igračke su prikladne za uzrast od 7 mjeseci, šta da radim?",False
"Dobar dan, beba ima jaku bol u stomaku i ne miče se?",True
"Brinem se jer beba je pala i sada povraća i jako je pospana.",True
"Beba se guši i ne može doći do daha. Šta mi savjetujete?",True
"Imam pitanje: primijetila sam krv u stolici kod bebe?",True
"Molim savjet - novorođenče odbija svaki obrok i letargično je.",True
"Koja hrana je najbolja za uvođenje u ishranu. Šta mi savjetujete?",False
"Koje su preporuke za prve cipelice, šta da radim?",False
"Brinem se jer beba ima jaku bol u stomaku i ne miče se.",True
"Molim savjet - dijete je progutalo nešto strano ili moguć otrov.",True
"Poštovani doktore, dijete ne diše normalno i teško hvata zrak?",True
"Molim savjet - pojavio se osip koji se brzo širi po tijelu.",True
"Temperatura ne pada ni nakon lijeka već satima, šta da radim?",True
"Zanima me sljedeće: kada beba obično počinje govoriti prve riječi?",False
"Imam pitanje: dijete se opeklo i koža je jako crvena i mjehuri se?",True
"Poštovani doktore, kada mogu početi sa uvođenjem sokova?",False
"Dobar dan, da li je normalno da beba puno spava tokom dana?",False
"Treba mi savjet doktora: dijete je na trenutak izgubilo svijest.",True
"Dobar dan, primijetila sam krv u stolici kod bebe?",True
"Imam pitanje: kada beba obično počinje govoriti prve riječi?",False
"Molim savjet - koje igračke su prikladne za uzrast od 1 mjeseci.",False
"Molim savjet - kako naučiti bebu da spava cijelu noć.",False
"Poštovani doktore, da li trebam brinuti ako beba ne voli određenu hranu?",False
"Molim savjet - koliko je normalno da beba plače tokom dana.",False
"Koža oko usta i noktiju izgleda siva?",True
"Poštovani doktore, dijete je jako pospano i teško ga je probuditi?",True
"Imam pitanje: dijete ne diše normalno i teško hvata zrak?",True
"Zanima me sljedeće: temperatura ne pada ni nakon lijeka već satima?",True
"Poštovani doktore, dijete diše veoma brzo i teško?",True
"Kako naučiti bebu da spava cijelu noć?",False
"Dijete se opeklo i koža je jako crvena i mjehuri se, šta da radim?",True
"Kada se preporučuje prva redovna vakcina, šta da radim?",False
"Imam pitanje: beba je pala i sada povraća i jako je pospana?",True
"Molim savjet - kada se preporučuje prva redovna vakcina.",False
"Dobar dan, beba je pala i sada povraća i jako je pospana?",True
"Molim savjet - beba je pala i sada povraća i jako je pospana.",True
"Zanima me sljedeće: da li je normalno da beba puno spava tokom dana?",False
"Dijete diše veoma brzo i teško?",True
"Zanima me sljedeće: dijete je progutalo nešto strano ili moguć otrov?",True
"Molim savjet - koje su preporuke za kupanje novorođenčeta.",False
"Brinem se jer primijetila sam krv u stolici kod bebe.",True
"Brinem se jer koje su preporuke za kupanje novorođenčeta.",False
"Treba mi savjet doktora: dijete je na trenutak izgubilo svijest.",True
"Koja hrana je najbolja za uvođenje u ishranu, šta da radim?",False
"Molim savjet - kada mogu početi sa uvođenjem sokova.",False
"Da li je normalno da beba puno spava tokom dana?",False
"Zanima me sljedeće: koliko dugo obično traje faza kolika?",False
"Kako uspostaviti stabilnu rutinu spavanja, šta da radim?",False
"Kada mogu početi sa uvođenjem sokova?",False
"Novorođenče odbija svaki obrok i letargično je?",True
"Primijetila sam krv u povraćanju kod bebe?",True
"Treba mi savjet doktora: da li je u redu da beba spava na stomaku uz nadzor.",False
"Treba mi savjet doktora: pojavio se osip koji se brzo širi po tijelu.",True
"Kako naučiti bebu da spava cijelu noć. Šta mi savjetujete?",False
"Imam pitanje: beba ima visoku temperaturu preko 39 stepeni?",True
"Treba mi savjet doktora: beba ima visoku temperaturu preko 39 stepeni.",True
"Kada beba obično počinje govoriti prve riječi. Šta mi savjetujete?",False
"Koliko sati sna je normalno za bebu od 8 mjeseci?",False
"Imam pitanje: kada se preporučuje prva redovna vakcina?",True
"Primijetila sam krv u povraćanju kod bebe, šta da radim?",True
"Zanima me sljedeće: da li je u redu koristiti cuclu?",False
"Dijete je na trenutak izgubilo svijest. Šta mi savjetujete?",True
"Dijete je progutalo nešto strano ili moguć otrov?",True
"Poštovani doktore, da li je u redu koristiti cuclu?",False
"Poštovani doktore, da li je normalno da beba često podriguje nakon hranjenja?",False
"Imam pitanje: koje vitamine treba davati bebi?",False
"Dijete ne diše normalno i teško hvata zrak. Šta mi savjetujete?",True
"Treba mi savjet doktora: dijete diše veoma brzo i teško.",True
"Treba mi savjet doktora: usne i koža oko usta su mu/joj modre.",True
"Poštovani doktore, beba ima ukočen vrat i ne podnosi svjetlo?",True
"Molim savjet - da li je normalno da beba često podriguje nakon hranjenja.",False
"Zanima me sljedeće: kada mogu početi sa uvođenjem sokova?",False
"Imam pitanje: kada beba počinje jesti čvrstu hranu?",False
"Poštovani doktore, beba ima temperaturu a mlađa je od tri mjeseca?",True
"Treba mi savjet doktora: kada se preporučuje prva redovna vakcina.",False
"Imam pitanje: koliko sati sna je normalno za bebu od 19 mjeseci?",False
"Poštovani doktore, koje su preporuke za prve cipelice?",False
"Imam pitanje: primijetila sam krv u stolici kod bebe?",True
"Zanima me sljedeće: kada mogu početi sa uvođenjem sokova?",False
"Treba mi savjet doktora: dijete je na trenutak izgubilo svijest.",True
"Beba ima ukočen vrat i ne podnosi svjetlo?",True
"Beba hripa i uvlači rebra pri disanju. Šta mi savjetujete?",True
"Imam pitanje: koliko sati sna je normalno za bebu od 12 mjeseci?",False
"Imam pitanje: koliko dugo obično traje faza kolika?",False
"Treba mi savjet doktora: koža bebe je postala jako blijeda ili žuta.",True
"Zanima me sljedeće: dijete je na trenutak izgubilo svijest?",False
"Zanima me sljedeće: beba ima ukočen vrat i ne podnosi svjetlo?",True
"Imam pitanje: beba ne mokri više od 8 sati?",True
"Kada je vrijeme za prvu posjetu zubaru, šta da radim?",False
"Dobar dan, kako uspostaviti stabilnu rutinu spavanja?",False
"Brinem se jer da li je u redu koristiti cuclu.",False
"Dobar dan, kako izgleda zdrav ritam hranjenja za uzrast od 19 mjeseci?",False
"Kako uspostaviti stabilnu rutinu spavanja. Šta mi savjetujete?",False
"Brinem se jer beba ima visoku temperaturu preko 39 stepeni.",True
"Brinem se jer beba ima jaku bol u stomaku i ne miče se.",False
"Zanima me sljedeće: beba povraća bez prestanka već nekoliko sati?",True
"Koje vitamine treba davati bebi, šta da radim?",False
"Molim savjet - kada beba počinje jesti čvrstu hranu.",False
"Poštovani doktore, kako pripremiti bebu za prvi izlet vani?",False
"Treba mi savjet doktora: kada je vrijeme za prvu posjetu zubaru.",False
"Koje igračke su prikladne za uzrast od 10 mjeseci. Šta mi savjetujete?",False
"Brinem se jer beba je pala i sada povraća i jako je pospana.",True
"Kada je vrijeme za prvu posjetu zubaru, šta da radim?",False
"Brinem se jer dijete ne diše normalno i teško hvata zrak.",True
"Poštovani doktore, primijetila sam krv u povraćanju kod bebe?",True
"Brinem se jer kada beba obično počinje govoriti prve riječi.",False
"Poštovani doktore, usne i koža oko usta su mu/joj modre?",True
"Dobar dan, koje igračke su prikladne za uzrast od 2 mjeseci?",False
"Beba jako plače i ne može se smiriti već duže vrijeme, šta da radim?",True
"Dobar dan, da li je normalno da beba često podriguje nakon hranjenja?",False
"Treba mi savjet doktora: kako pripremiti bebu za prvi izlet vani.",False
"Imam pitanje: koliko puta dnevno treba mijenjati pelene?",False
"Imam pitanje: koje vitamine treba davati bebi?",False
"Imam pitanje: primijetila sam krv u povraćanju kod bebe?",True
"Beba se guši i ne može doći do daha, šta da radim?",True
"Koje su preporuke za kupanje novorođenčeta?",False
"Koje igračke su prikladne za uzrast od 10 mjeseci?",False
"Zanima me sljedeće: kako izgleda zdrav ritam hranjenja za uzrast od 9 mjeseci?",False
"Zanima me sljedeće: kada mogu početi sa uvođenjem sokova?",False
"Molim savjet - kada beba počinje jesti čvrstu hranu.",False
"Treba mi savjet doktora: kako pripremiti bebu za prvi izlet vani.",False
"Koliko je normalno da beba plače tokom dana?",False
"Beba ima visoku temperaturu preko 39 stepeni. Šta mi savjetujete?",True
"Beba hripa i uvlači rebra pri disanju, šta da radim?",True
"Brinem se jer da li je normalno da beba puno spava tokom dana.",False
"Beba ima ukočen vrat i ne podnosi svjetlo?",True
"Molim savjet - kada mogu početi sa uvođenjem sokova.",False
"Kada beba počinje jesti čvrstu hranu. Šta mi savjetujete?",False
"Poštovani doktore, koja hrana je najbolja za uvođenje u ishranu?",False
"Koliko dugo obično traje faza kolika, šta da radim?",False
"Dobar dan, kako naučiti bebu da spava cijelu noć?",False
"Imam pitanje: beba ne mokri više od 8 sati?",True
"Beba povraća bez prestanka već nekoliko sati. Šta mi savjetujete?",True
"Beba hripa i uvlači rebra pri disanju, šta da radim?",True
"Dobar dan, koža bebe je postala jako blijeda ili žuta?",True
"Molim savjet - primijetila sam krv u stolici kod bebe.",True
"Koliko je normalno da beba plače tokom dana, šta da radim?",False
"Zanima me sljedeće: dijete diše veoma brzo i teško?",True
"Dobar dan, kako izgleda zdrav ritam hranjenja za uzrast od 4 mjeseci?",False
"Dobar dan, da li je normalno da beba puno spava tokom dana?",False
"Dijete je dobilo grčeve/konvulzije?",True
"Beba se guši i ne može doći do daha, šta da radim?",True
"Brinem se jer koliko puta dnevno treba mijenjati pelene.",False
"Koja hrana je najbolja za uvođenje u ishranu?",False
"Kada mogu početi sa uvođenjem sokova. Šta mi savjetujete?",False
"Treba mi savjet doktora: beba ima ukočen vrat i ne podnosi svjetlo.",True
"Poštovani doktore, da li je u redu da beba spava na stomaku uz nadzor?",False
"Treba mi savjet doktora: kada je vrijeme za prvu posjetu zubaru.",False
"Dobar dan, dijete ne diše normalno i teško hvata zrak?",True
"Brinem se jer beba se guši i ne može doći do daha.",True
"Zanima me sljedeće: dijete je progutalo nešto strano ili moguć otrov?",True
"Brinem se jer kada beba obično počinje govoriti prve riječi.",False
"Molim savjet - beba hripa i uvlači rebra pri disanju.",True
"Dobar dan, da li je normalno da beba puno spava tokom dana?",False
"Zanima me sljedeće: koliko puta dnevno treba mijenjati pelene?",False
"Dobar dan, da li je normalno da beba često podriguje nakon hranjenja?",False
"Imam pitanje: koje su preporuke za prve cipelice?",False
"Imam pitanje: beba jako plače i ne može se smiriti već duže vrijeme?",True
"Zanima me sljedeće: beba ima ukočen vrat i ne podnosi svjetlo?",True
"Primijetila sam krv u stolici kod bebe, šta da radim?",True
"Treba mi savjet doktora: kada mogu očekivati da beba počne sjediti sama.",False
"Primijetila sam krv u stolici kod bebe. Šta mi savjetujete?",True
"Beba ima ukočen vrat i ne podnosi svjetlo. Šta mi savjetujete?",True
"Molim savjet - beba hripa i uvlači rebra pri disanju.",True
"Primijetila sam krv u stolici kod bebe?",True
"Imam pitanje: dijete ne diše normalno i teško hvata zrak?",False
"Poštovani doktore, beba ima temperaturu a mlađa je od tri mjeseca?",True
"Usne i koža oko usta su mu/joj modre, šta da radim?",True
"Molim savjet - temperatura ne pada ni nakon lijeka već satima.",True
"Molim savjet - kada mogu očekivati da beba počne sjediti sama.",False
"Koliko brzo bi trebalo beba da dobija na težini?",False
"Kada mogu početi sa uvođenjem sokova, šta da radim?",False
"Usne i koža oko usta su mu/joj modre. Šta mi savjetujete?",True
"Zanima me sljedeće: da li trebam brinuti ako beba ne voli određenu hranu?",False
"Dobar dan, kako izgleda zdrav ritam hranjenja za uzrast od 19 mjeseci?",False
"Brinem se jer koje su preporuke za prve cipelice.",False
"Treba mi savjet doktora: beba hripa i uvlači rebra pri disanju.",True
"Treba mi savjet doktora: koje su preporuke za prve cipelice.",False
"Kako uspostaviti stabilnu rutinu spavanja. Šta mi savjetujete?",False
"Koje su preporuke za prve cipelice, šta da radim?",False
"Brinem se jer beba hripa i uvlači rebra pri disanju.",True
"Molim savjet - dijete se opeklo i koža je jako crvena i mjehuri se.",True
"Zanima me sljedeće: da li trebam brinuti ako beba ne voli određenu hranu?",False
"Poštovani doktore, kako naučiti bebu da spava cijelu noć?",False
"Koje igračke su prikladne za uzrast od 8 mjeseci?",True
"Treba mi savjet doktora: koja hrana je najbolja za uvođenje u ishranu.",False
"Molim savjet - koliko je normalno da beba plače tokom dana.",False
"Koliko dugo obično traje faza kolika?",False
"Molim savjet - koje vitamine treba davati bebi.",False
"Treba mi savjet doktora: kako uspostaviti stabilnu rutinu spavanja.",False
"Beba se guši i ne može doći do daha, šta da radim?",True
"Brinem se jer koliko je normalno da beba plače tokom dana.",False
"Treba mi savjet doktora: da li je u redu koristiti cuclu.",False
"Kako uspostaviti stabilnu rutinu spavanja?",False
"Koje su preporuke za kupanje novorođenčeta. Šta mi savjetujete?",False
"Molim savjet - primijetila sam krv u povraćanju kod bebe.",True
"Primijetila sam krv u povraćanju kod bebe?",True
"Dobar dan, kada mogu početi sa uvođenjem sokova?",False
"Treba mi savjet doktora: dijete diše veoma brzo i teško.",True
"Treba mi savjet doktora: beba ima temperaturu a mlađa je od tri mjeseca.",True
"Zanima me sljedeće: kako pripremiti bebu za prvi izlet vani?",False
"Molim savjet - kada je vrijeme za prvu posjetu zubaru.",False
"Novorođenče odbija svaki obrok i letargično je, šta da radim?",True
"Dobar dan, kako naučiti bebu da spava cijelu noć?",False
"Dobar dan, dijete je progutalo nešto strano ili moguć otrov?",True
"Poštovani doktore, kada beba obično počinje govoriti prve riječi?",False
"Beba ne mokri više od 8 sati, šta da radim?",True
"Treba mi savjet doktora: kako naučiti bebu da spava cijelu noć.",False
"Kako izgleda zdrav ritam hranjenja za uzrast od 12 mjeseci?",False
"Brinem se jer beba ima ukočen vrat i ne podnosi svjetlo.",True
"Koje igračke su prikladne za uzrast od 23 mjeseci?",False
"Dijete je progutalo nešto strano ili moguć otrov?",True
"Molim savjet - dijete je na trenutak izgubilo svijest.",True
"Poštovani doktore, kada beba obično počinje govoriti prve riječi?",False
"Primijetila sam krv u povraćanju kod bebe. Šta mi savjetujete?",True
"Molim savjet - dijete ne diše normalno i teško hvata zrak.",True
"Brinem se jer da li je normalno da beba često podriguje nakon hranjenja.",True
"Poštovani doktore, koža bebe je postala jako blijeda ili žuta?",True
"Dobar dan, temperatura ne pada ni nakon lijeka već satima?",True
"Dijete se opeklo i koža je jako crvena i mjehuri se, šta da radim?",True
"Dobar dan, da li je normalno da beba puno spava tokom dana?",False
"Usne i koža oko usta su mu/joj modre. Šta mi savjetujete?",True
"Poštovani doktore, koliko dugo obično traje faza kolika?",False
"Molim savjet - beba ima ukočen vrat i ne podnosi svjetlo.",True
"Dobar dan, dijete je jako pospano i teško ga je probuditi?",True
"Poštovani doktore, da li je u redu koristiti cuclu?",False
"Treba mi savjet doktora: dijete se opeklo i koža je jako crvena i mjehuri se.",True
"Novorođenče odbija svaki obrok i letargično je. Šta mi savjetujete?",False
"Dobar dan, beba jako plače i ne može se smiriti već duže vrijeme?",True
"Koliko sati sna je normalno za bebu od 14 mjeseci?",False
"Da li je u redu da beba spava na stomaku uz nadzor, šta da radim?",False
"Molim savjet - da li je u redu da beba spava na stomaku uz nadzor.",False
"Molim savjet - kako pripremiti bebu za prvi izlet vani.",False
"Brinem se jer primijetila sam krv u povraćanju kod bebe.",True
"Molim savjet - beba ne mokri više od 8 sati.",True
"Kada beba počinje jesti čvrstu hranu?",False
"Poštovani doktore, kada mogu početi sa uvođenjem sokova?",False
"Molim savjet - beba povraća bez prestanka već nekoliko sati.",True
"Imam pitanje: beba ima visoku temperaturu preko 39 stepeni?",True
"Imam pitanje: novorođenče odbija svaki obrok i letargično je?",True
"Dobar dan, kada mogu očekivati da beba počne sjediti sama?",False
"Beba ima visoku temperaturu preko 39 stepeni, šta da radim?",True
"Brinem se jer koža oko usta i noktiju izgleda siva.",True
"Imam pitanje: kada mogu očekivati da beba počne sjediti sama?",False
"Zanima me sljedeće: koliko sati sna je normalno za bebu od 14 mjeseci?",False
"Poštovani doktore, primijetila sam krv u povraćanju kod bebe?",True
"Molim savjet - koja hrana je najbolja za uvođenje u ishranu.",False
"Molim savjet - kada beba počinje jesti čvrstu hranu.",False
"Dobar dan, novorođenče odbija svaki obrok i letargično je?",True
"Dobar dan, usne i koža oko usta su mu/joj modre?",True
"Dijete ne diše normalno i teško hvata zrak, šta da radim?",True
"Zanima me sljedeće: koje su preporuke za kupanje novorođenčeta?",False
"Kada beba obično počinje govoriti prve riječi. Šta mi savjetujete?",True
"Beba hripa i uvlači rebra pri disanju. Šta mi savjetujete?",True
"Poštovani doktore, koliko puta dnevno treba mijenjati pelene?",False
"Poštovani doktore, koliko brzo bi trebalo beba da dobija na težini?",False
"Dobar dan, dijete je jako pospano i teško ga je probuditi?",True
"Dobar dan, kada je vrijeme za prvu posjetu zubaru?",False
"Temperatura ne pada ni nakon lijeka već satima?",True
"Imam pitanje: kako naučiti bebu da spava cijelu noć?",False
"Molim savjet - beba jako plače i ne može se smiriti već duže vrijeme.",True
"Zanima me sljedeće: dijete diše veoma brzo i teško?",True
"Molim savjet - temperatura ne pada ni nakon lijeka već satima.",True
"Brinem se jer beba jako plače i ne može se smiriti već duže vrijeme.",True
"Zanima me sljedeće: dijete ne diše normalno i teško hvata zrak?",True
"Koža bebe je postala jako blijeda ili žuta. Šta mi savjetujete?",True
"Temperatura ne pada ni nakon lijeka već satima. Šta mi savjetujete?",True
"Koža oko usta i noktiju izgleda siva?",True
"Treba mi savjet doktora: beba ima jaku bol u stomaku i ne miče se.",True
"Usne i koža oko usta su mu/joj modre, šta da radim?",True
"Beba ima jaku bol u stomaku i ne miče se. Šta mi savjetujete?",True
"Beba jako plače i ne može se smiriti već duže vrijeme. Šta mi savjetujete?",True
"Koliko puta dnevno treba mijenjati pelene, šta da radim?",False
"Treba mi savjet doktora: dijete ne diše normalno i teško hvata zrak.",True
"Dobar dan, koliko sati sna je normalno za bebu od 21 mjeseci?",False
"Imam pitanje: koja hrana je najbolja za uvođenje u ishranu?",False
"Imam pitanje: beba hripa i uvlači rebra pri disanju?",True
"Dobar dan, koja hrana je najbolja za uvođenje u ishranu?",False
"Dobar dan, kada beba obično počinje govoriti prve riječi?",False
"Imam pitanje: kada beba obično počinje govoriti prve riječi?",False
"Brinem se jer beba ima temperaturu a mlađa je od tri mjeseca.",True
"Novorođenče odbija svaki obrok i letargično je?",True
"Imam pitanje: koliko dugo obično traje faza kolika?",False
"Molim savjet - beba je pala i sada povraća i jako je pospana.",True
"Molim savjet - beba ima jaku bol u stomaku i ne miče se.",True
"Da li je normalno da beba puno spava tokom dana?",False
"Poštovani doktore, usne i koža oko usta su mu/joj modre?",True
"Molim savjet - pojavio se osip koji se brzo širi po tijelu.",True
"Imam pitanje: kada beba obično počinje govoriti prve riječi?",False
"Zanima me sljedeće: koliko brzo bi trebalo beba da dobija na težini?",False
"Brinem se jer beba ima temperaturu a mlađa je od tri mjeseca.",True
"Brinem se jer da li je normalno da beba često podriguje nakon hranjenja.",False
"Kako naučiti bebu da spava cijelu noć, šta da radim?",False
"Koje vitamine treba davati bebi. Šta mi savjetujete?",False
"Kada se preporučuje prva redovna vakcina. Šta mi savjetujete?",False
"Kako uspostaviti stabilnu rutinu spavanja?",False
"Treba mi savjet doktora: beba jako plače i ne može se smiriti već duže vrijeme.",True
"Treba mi savjet doktora: dijete je dobilo grčeve/konvulzije.",True
"Zanima me sljedeće: beba ima ukočen vrat i ne podnosi svjetlo?",True
"Molim savjet - koliko brzo bi trebalo beba da dobija na težini.",False
"Dijete se opeklo i koža je jako crvena i mjehuri se. Šta mi savjetujete?",True
"Molim savjet - dijete je progutalo nešto strano ili moguć otrov.",True
"Imam pitanje: novorođenče odbija svaki obrok i letargično je?",True
"Treba mi savjet doktora: beba ima ukočen vrat i ne podnosi svjetlo.",True
"Dijete je progutalo nešto strano ili moguć otrov, šta da radim?",True
"Koja hrana je najbolja za uvođenje u ishranu, šta da radim?",False
"Zanima me sljedeće: kada beba obično počinje govoriti prve riječi?",False
"Dobar dan, beba ima temperaturu a mlađa je od tri mjeseca?",True
"Zanima me sljedeće: da li trebam brinuti ako beba ne voli određenu hranu?",False
"Zanima me sljedeće: beba ima visoku temperaturu preko 39 stepeni?",True
"Imam pitanje: dijete je na trenutak izgubilo svijest?",True
"Primijetila sam krv u povraćanju kod bebe. Šta mi savjetujete?",True
"Molim savjet - kada se preporučuje prva redovna vakcina.",False
"Da li je u redu da beba spava na stomaku uz nadzor?",False
"Dijete je jako pospano i teško ga je probuditi?",True
"Dobar dan, kada je vrijeme za prvu posjetu zubaru?",False
"Da li je normalno da beba puno spava tokom dana. Šta mi savjetujete?",False
"Poštovani doktore, dijete je progutalo nešto strano ili moguć otrov?",True
"Dijete je na trenutak izgubilo svijest?",False
"Dobar dan, dijete je na trenutak izgubilo svijest?",True
"Beba ima visoku temperaturu preko 39 stepeni, šta da radim?",True
"Koliko puta dnevno treba mijenjati pelene. Šta mi savjetujete?",False
"Dobar dan, beba hripa i uvlači rebra pri disanju?",True
"Temperatura ne pada ni nakon lijeka već satima, šta da radim?",True
"Koža bebe je postala jako blijeda ili žuta?",True
"Koža bebe je postala jako blijeda ili žuta?",True
"Zanima me sljedeće: dijete je na trenutak izgubilo svijest?",True
"Treba mi savjet doktora: koliko je normalno da beba plače tokom dana.",False
"Kako naučiti bebu da spava cijelu noć, šta da radim?",False
"Beba hripa i uvlači rebra pri disanju?",True
"Poštovani doktore, da li je u redu da beba spava na stomaku uz nadzor?",False
"Molim savjet - koje igračke su prikladne za uzrast od 18 mjeseci.",False
"Poštovani doktore, kako pripremiti bebu za prvi izlet vani?",False
"Zanima me sljedeće: da li je u redu da beba spava na stomaku uz nadzor?",False
"Brinem se jer beba ima ukočen vrat i ne podnosi svjetlo.",True
"Imam pitanje: kada mogu očekivati da beba počne sjediti sama?",False
"Usne i koža oko usta su mu/joj modre. Šta mi savjetujete?",True
"Imam pitanje: usne i koža oko usta su mu/joj modre?",True
"Treba mi savjet doktora: beba hripa i uvlači rebra pri disanju.",True
"Beba ima ukočen vrat i ne podnosi svjetlo. Šta mi savjetujete?",True
"Dobar dan, koža oko usta i noktiju izgleda siva?",True
"Dobar dan, koža oko usta i noktiju izgleda siva?",True
"Zanima me sljedeće: kada mogu početi sa uvođenjem sokova?",False
"Beba ima visoku temperaturu preko 39 stepeni, šta da radim?",True
"Koliko brzo bi trebalo beba da dobija na težini?",False
"Dobar dan, beba je pala i sada povraća i jako je pospana?",True
"Treba mi savjet doktora: koliko sati sna je normalno za bebu od 5 mjeseci.",False
"Treba mi savjet doktora: kada beba počinje jesti čvrstu hranu.",False
"Dobar dan, beba je pala i sada povraća i jako je pospana?",True
"Koliko je normalno da beba plače tokom dana. Šta mi savjetujete?",False
"Brinem se jer beba ima ukočen vrat i ne podnosi svjetlo.",True
"Dobar dan, da li je u redu da beba spava na stomaku uz nadzor?",False
"Molim savjet - koje vitamine treba davati bebi.",False
"Dobar dan, da li je normalno da beba puno spava tokom dana?",False
"Imam pitanje: primijetila sam krv u povraćanju kod bebe?",False
"Molim savjet - beba povraća bez prestanka već nekoliko sati.",True
"Beba ima jaku bol u stomaku i ne miče se, šta da radim?",True
"Dobar dan, beba ne mokri više od 8 sati?",True
"Da li je u redu da beba spava na stomaku uz nadzor, šta da radim?",False
"Kada mogu očekivati da beba počne sjediti sama. Šta mi savjetujete?",False
"Dijete je jako pospano i teško ga je probuditi?",True
"Brinem se jer dijete ne diše normalno i teško hvata zrak.",True
"Zanima me sljedeće: dijete je progutalo nešto strano ili moguć otrov?",True
"Imam pitanje: dijete je dobilo grčeve/konvulzije?",False
"Dobar dan, beba povraća bez prestanka već nekoliko sati?",True
"Dijete je dobilo grčeve/konvulzije. Šta mi savjetujete?",True
"Imam pitanje: kada beba počinje jesti čvrstu hranu?",False
"Beba jako plače i ne može se smiriti već duže vrijeme. Šta mi savjetujete?",True
"Dobar dan, dijete je jako pospano i teško ga je probuditi?",True
"Poštovani doktore, beba ima visoku temperaturu preko 39 stepeni?",False
"Da li trebam brinuti ako beba ne voli određenu hranu. Šta mi savjetujete?",False
"Molim savjet - koliko puta dnevno treba mijenjati pelene.",False
"Koža bebe je postala jako blijeda ili žuta, šta da radim?",True
"Poštovani doktore, dijete je dobilo grčeve/konvulzije?",True
"Koje igračke su prikladne za uzrast od 8 mjeseci?",False
"Brinem se jer dijete diše veoma brzo i teško.",True
"Beba se guši i ne može doći do daha. Šta mi savjetujete?",True
"Dijete je dobilo grčeve/konvulzije?",True
"Poštovani doktore, koje igračke su prikladne za uzrast od 20 mjeseci?",False
"Dobar dan, kako uspostaviti stabilnu rutinu spavanja?",False
"Kako pripremiti bebu za prvi izlet vani, šta da radim?",False
"Imam pitanje: beba je pala i sada povraća i jako je pospana?",True
"Brinem se jer dijete je na trenutak izgubilo svijest.",True
"Poštovani doktore, dijete se opeklo i koža je jako crvena i mjehuri se?",True
"Treba mi savjet doktora: da li je u redu koristiti cuclu.",False
"Imam pitanje: beba ima ukočen vrat i ne podnosi svjetlo?",True
"Imam pitanje: koliko brzo bi trebalo beba da dobija na težini?",False
"Treba mi savjet doktora: koliko brzo bi trebalo beba da dobija na težini.",False
"Dobar dan, da li je normalno da beba puno spava tokom dana?",False
"Imam pitanje: beba ne mokri više od 8 sati?",True
"Brinem se jer da li je normalno da beba puno spava tokom dana.",False
"Dijete je jako pospano i teško ga je probuditi. Šta mi savjetujete?",True
"Imam pitanje: usne i koža oko usta su mu/joj modre?",True
"Poštovani doktore, dijete je na trenutak izgubilo svijest?",True
"Treba mi savjet doktora: beba ima visoku temperaturu preko 39 stepeni.",True
"Koža oko usta i noktiju izgleda siva, šta da radim?",True
"Poštovani doktore, beba je pala i sada povraća i jako je pospana?",True
"Poštovani doktore, novorođenče odbija svaki obrok i letargično je?",True
"Brinem se jer beba povraća bez prestanka već nekoliko sati.",True
"Brinem se jer koliko puta dnevno treba mijenjati pelene.",False
"Dobar dan, primijetila sam krv u stolici kod bebe?",True
"Poštovani doktore, da li je normalno da beba puno spava tokom dana?",False
"Kako naučiti bebu da spava cijelu noć?",False
"Molim savjet - da li je u redu koristiti cuclu.",False
"Koje su preporuke za kupanje novorođenčeta, šta da radim?",False
"Dijete je jako pospano i teško ga je probuditi, šta da radim?",True
"Poštovani doktore, beba ima jaku bol u stomaku i ne miče se?",True
"Kada beba obično počinje govoriti prve riječi?",False
"Poštovani doktore, da li trebam brinuti ako beba ne voli određenu hranu?",False
"Poštovani doktore, dijete je dobilo grčeve/konvulzije?",True
"Molim savjet - beba ima temperaturu a mlađa je od tri mjeseca.",True
"Kada beba počinje jesti čvrstu hranu. Šta mi savjetujete?",False
"Kako naučiti bebu da spava cijelu noć. Šta mi savjetujete?",False
"Koje vitamine treba davati bebi. Šta mi savjetujete?",False
"Usne i koža oko usta su mu/joj modre?",True
"Brinem se jer da li je normalno da beba puno spava tokom dana.",False
"Zanima me sljedeće: kako naučiti bebu da spava cijelu noć?",False
"Poštovani doktore, primijetila sam krv u povraćanju kod bebe?",True
"Koliko dugo obično traje faza kolika?",False
"Zanima me sljedeće: primijetila sam krv u stolici kod bebe?",True
"Poštovani doktore, kada beba obično počinje govoriti prve riječi?",False
"Dobar dan, beba ne mokri više od 8 sati?",True
"Brinem se jer dijete ne diše normalno i teško hvata zrak.",True
"Beba je pala i sada povraća i jako je pospana, šta da radim?",True
"Molim savjet - koje su preporuke za prve cipelice.",False
"Koje igračke su prikladne za uzrast od 13 mjeseci. Šta mi savjetujete?",False
"Da li trebam brinuti ako beba ne voli određenu hranu?",False
"Poštovani doktore, koža oko usta i noktiju izgleda siva?",True
"Kada beba počinje jesti čvrstu hranu. Šta mi savjetujete?",False
"Treba mi savjet doktora: koje igračke su prikladne za uzrast od 4 mjeseci.",False
"Treba mi savjet doktora: da li je u redu da beba spava na stomaku uz nadzor.",False
"Kada mogu početi sa uvođenjem sokova?",False
"Treba mi savjet doktora: dijete se opeklo i koža je jako crvena i mjehuri se.",True
"Poštovani doktore, kako uspostaviti stabilnu rutinu spavanja?",False
"Dobar dan, beba je pala i sada povraća i jako je pospana?",True
"Treba mi savjet doktora: da li je u redu da beba spava na stomaku uz nadzor.",False
"Molim savjet - koje su preporuke za prve cipelice.",True
"Koje vitamine treba davati bebi?",False
"Treba mi savjet doktora: beba ne mokri više od 8 sati.",True
"Koliko dugo obično traje faza kolika?",False
"Treba mi savjet doktora: beba ima jaku bol u stomaku i ne miče se.",True
"Dijete je na trenutak izgubilo svijest. Šta mi savjetujete?",True
"Kada mogu očekivati da beba počne sjediti sama, šta da radim?",False
"Treba mi savjet doktora: usne i koža oko usta su mu/joj modre.",True
"Brinem se jer dijete je dobilo grčeve/konvulzije.",True
"Treba mi savjet doktora: koliko dugo obično traje faza kolika.",False
"Brinem se jer da li je normalno da beba puno spava tokom dana.",False
"Brinem se jer novorođenče odbija svaki obrok i letargično je.",True
"Beba ima temperaturu a mlađa je od tri mjeseca?",True
"Poštovani doktore, beba ima temperaturu a mlađa je od tri mjeseca?",True
"Koliko sati sna je normalno za bebu od 14 mjeseci, šta da radim?",False
"Zanima me sljedeće: beba ima ukočen vrat i ne podnosi svjetlo?",True
"Imam pitanje: koliko puta dnevno treba mijenjati pelene?",False
"Treba mi savjet doktora: koža bebe je postala jako blijeda ili žuta.",True
"Poštovani doktore, beba hripa i uvlači rebra pri disanju?",True
"Molim savjet - pojavio se osip koji se brzo širi po tijelu.",True
"Beba ima visoku temperaturu preko 39 stepeni. Šta mi savjetujete?",True
"Poštovani doktore, koliko sati sna je normalno za bebu od 1 mjeseci?",False
"Zanima me sljedeće: koje su preporuke za kupanje novorođenčeta?",False
"Imam pitanje: kada je vrijeme za prvu posjetu zubaru?",False
"Imam pitanje: kada beba počinje jesti čvrstu hranu?",False
"Dobar dan, koje vitamine treba davati bebi?",False
"Poštovani doktore, kada mogu početi sa uvođenjem sokova?",False
"Dobar dan, kada mogu početi sa uvođenjem sokova?",False
"Beba ne mokri više od 8 sati?",True
"Molim savjet - kako uspostaviti stabilnu rutinu spavanja.",False
"Dijete ne diše normalno i teško hvata zrak?",True
"Kako naučiti bebu da spava cijelu noć. Šta mi savjetujete?",False
"Imam pitanje: koža bebe je postala jako blijeda ili žuta?",True
"Dobar dan, koliko brzo bi trebalo beba da dobija na težini?",False
"Dobar dan, beba ima ukočen vrat i ne podnosi svjetlo?",True
"Imam pitanje: beba ima ukočen vrat i ne podnosi svjetlo?",True
"Molim savjet - primijetila sam krv u stolici kod bebe.",True
"Koliko brzo bi trebalo beba da dobija na težini, šta da radim?",False
"Molim savjet - koža oko usta i noktiju izgleda siva.",True
"Brinem se jer koje su preporuke za prve cipelice.",False
"Dobar dan, pojavio se osip koji se brzo širi po tijelu?",True
"Koliko puta dnevno treba mijenjati pelene, šta da radim?",False
"Koliko je normalno da beba plače tokom dana?",False
"Koja hrana je najbolja za uvođenje u ishranu. Šta mi savjetujete?",False
"Brinem se jer novorođenče odbija svaki obrok i letargično je.",True
"Dijete je na trenutak izgubilo svijest, šta da radim?",True
"Imam pitanje: beba se guši i ne može doći do daha?",True
"Zanima me sljedeće: kako naučiti bebu da spava cijelu noć?",False
"Beba povraća bez prestanka već nekoliko sati, šta da radim?",True
"Dobar dan, koliko puta dnevno treba mijenjati pelene?",True
"Zanima me sljedeće: dijete je na trenutak izgubilo svijest?",True
"Dijete je dobilo grčeve/konvulzije. Šta mi savjetujete?",True
"Dijete diše veoma brzo i teško?",True
"Brinem se jer kada beba počinje jesti čvrstu hranu.",False
"Brinem se jer dijete je progutalo nešto strano ili moguć otrov.",True
"Brinem se jer kada beba obično počinje govoriti prve riječi.",False
"Beba hripa i uvlači rebra pri disanju, šta da radim?",True
"Kako izgleda zdrav ritam hranjenja za uzrast od 14 mjeseci, šta da radim?",False
"Koje su preporuke za kupanje novorođenčeta, šta da radim?",False
"Kako uspostaviti stabilnu rutinu spavanja. Šta mi savjetujete?",False
"Da li je normalno da beba često podriguje nakon hranjenja, šta da radim?",False
"Da li je u redu da beba spava na stomaku uz nadzor?",False
"Imam pitanje: kada mogu početi sa uvođenjem sokova?",False
"Dijete diše veoma brzo i teško, šta da radim?",True
"Koje vitamine treba davati bebi. Šta mi savjetujete?",False
"Brinem se jer kada je vrijeme za prvu posjetu zubaru.",False
"Imam pitanje: koliko puta dnevno treba mijenjati pelene?",False
"Poštovani doktore, beba je pala i sada povraća i jako je pospana?",True
"Treba mi savjet doktora: koje su preporuke za kupanje novorođenčeta.",False
"Kada beba obično počinje govoriti prve riječi. Šta mi savjetujete?",False
"Molim savjet - koliko sati sna je normalno za bebu od 18 mjeseci.",False
"Zanima me sljedeće: dijete je na trenutak izgubilo svijest?",True
"Molim savjet - kako pripremiti bebu za prvi izlet vani.",False
"Molim savjet - da li je u redu koristiti cuclu.",False
"Poštovani doktore, kako uspostaviti stabilnu rutinu spavanja?",False
"Beba ima temperaturu a mlađa je od tri mjeseca. Šta mi savjetujete?",True
"Beba ima temperaturu a mlađa je od tri mjeseca?",True
"Treba mi savjet doktora: koje vitamine treba davati bebi.",True
"Novorođenče odbija svaki obrok i letargično je. Šta mi savjetujete?",True
"Dobar dan, beba povraća bez prestanka već nekoliko sati?",True
"Primijetila sam krv u povraćanju kod bebe, šta da radim?",True
"Molim savjet - koliko brzo bi trebalo beba da dobija na težini.",False
"Dijete ne diše normalno i teško hvata zrak, šta da radim?",True
"Kada beba obično počinje govoriti prve riječi, šta da radim?",False
"Molim savjet - beba povraća bez prestanka već nekoliko sati.",True
"Imam pitanje: koje igračke su prikladne za uzrast od 3 mjeseci?",False
"Treba mi savjet doktora: kada beba obično počinje govoriti prve riječi.",False
"Brinem se jer beba hripa i uvlači rebra pri disanju.",True
"Zanima me sljedeće: kako izgleda zdrav ritam hranjenja za uzrast od 20 mjeseci?",False
"Koža bebe je postala jako blijeda ili žuta, šta da radim?",True
"Brinem se jer kada mogu početi sa uvođenjem sokova.",False
"Imam pitanje: dijete ne diše normalno i teško hvata zrak?",True
"Dobar dan, koje su preporuke za kupanje novorođenčeta?",False
"Molim savjet - koje su preporuke za prve cipelice.",False
"Treba mi savjet doktora: koje igračke su prikladne za uzrast od 15 mjeseci.",False
"Dobar dan, beba ne mokri više od 8 sati?",True
"Da li je normalno da beba puno spava tokom dana, šta da radim?",False
"Molim savjet - primijetila sam krv u povraćanju kod bebe.",True
"Dijete diše veoma brzo i teško, šta da radim?",True
"Dijete diše veoma brzo i teško, šta da radim?",True
"Molim savjet - novorođenče odbija svaki obrok i letargično je.",True
"Da li je normalno da beba često podriguje nakon hranjenja. Šta mi savjetujete?",False
"Dobar dan, kako naučiti bebu da spava cijelu noć?",False
"Molim savjet - usne i koža oko usta su mu/joj modre.",True
"Molim savjet - koliko brzo bi trebalo beba da dobija na težini.",False
"Molim savjet - usne i koža oko usta su mu/joj modre.",True
"Imam pitanje: beba hripa i uvlači rebra pri disanju?",True
"Brinem se jer kada se preporučuje prva redovna vakcina.",False
"Kada je vrijeme za prvu posjetu zubaru. Šta mi savjetujete?",False
"Poštovani doktore, koliko brzo bi trebalo beba da dobija na težini?",False
"Zanima me sljedeće: beba hripa i uvlači rebra pri disanju?",True
"Imam pitanje: da li je normalno da beba puno spava tokom dana?",False
"Beba povraća bez prestanka već nekoliko sati, šta da radim?",True
"Brinem se jer da li je normalno da beba puno spava tokom dana.",False
"Treba mi savjet doktora: koje igračke su prikladne za uzrast od 18 mjeseci.",False
"Poštovani doktore, kako pripremiti bebu za prvi izlet vani?",False
"Poštovani doktore, dijete je na trenutak izgubilo svijest?",True
"Poštovani doktore, primijetila sam krv u stolici kod bebe?",True
"Temperatura ne pada ni nakon lijeka već satima. Šta mi savjetujete?",True
"Molim savjet - kako naučiti bebu da spava cijelu noć.",False
"Poštovani doktore, beba povraća bez prestanka već nekoliko sati?",True
"Treba mi savjet doktora: beba je pala i sada povraća i jako je pospana.",True
"Molim savjet - kada se preporučuje prva redovna vakcina.",False
"Molim savjet - da li je u redu koristiti cuclu.",False
"Treba mi savjet doktora: primijetila sam krv u povraćanju kod bebe.",True
"Imam pitanje: koža bebe je postala jako blijeda ili žuta?",True
"Imam pitanje: beba ima ukočen vrat i ne podnosi svjetlo?",True
"Molim savjet - beba povraća bez prestanka već nekoliko sati.",True
"Imam pitanje: koje su preporuke za prve cipelice?",False
"Brinem se jer kako izgleda zdrav ritam hranjenja za uzrast od 8 mjeseci.",False
"Beba se guši i ne može doći do daha?",True
"Zanima me sljedeće: dijete je na trenutak izgubilo svijest?",True
"Poštovani doktore, koliko brzo bi trebalo beba da dobija na težini?",False
"Imam pitanje: koje su preporuke za kupanje novorođenčeta?",False
"Poštovani doktore, dijete je progutalo nešto strano ili moguć otrov?",True
"Dobar dan, kada je vrijeme za prvu posjetu zubaru?",False
"Brinem se jer usne i koža oko usta su mu/joj modre.",True
"Molim savjet - beba ima ukočen vrat i ne podnosi svjetlo.",True
"Pojavio se osip koji se brzo širi po tijelu, šta da radim?",True
"Zanima me sljedeće: usne i koža oko usta su mu/joj modre?",True
"Brinem se jer temperatura ne pada ni nakon lijeka već satima.",True
"Kako izgleda zdrav ritam hranjenja za uzrast od 1 mjeseci, šta da radim?",False
"Poštovani doktore, koža oko usta i noktiju izgleda siva?",True
"Treba mi savjet doktora: beba se guši i ne može doći do daha.",True
"Brinem se jer koža oko usta i noktiju izgleda siva.",True
"Zanima me sljedeće: kada je vrijeme za prvu posjetu zubaru?",False
"Brinem se jer usne i koža oko usta su mu/joj modre.",True
"Treba mi savjet doktora: koja hrana je najbolja za uvođenje u ishranu.",False
"Treba mi savjet doktora: beba ima ukočen vrat i ne podnosi svjetlo.",True
"Kako uspostaviti stabilnu rutinu spavanja. Šta mi savjetujete?",False
"Molim savjet - dijete je jako pospano i teško ga je probuditi.",True
"Zanima me sljedeće: dijete diše veoma brzo i teško?",True
"Imam pitanje: da li je u redu koristiti cuclu?",False
"Dijete ne diše normalno i teško hvata zrak?",True
"Zanima me sljedeće: beba se guši i ne može doći do daha?",True
"Treba mi savjet doktora: da li je normalno da beba puno spava tokom dana.",False
"Brinem se jer kada se preporučuje prva redovna vakcina.",False
"Imam pitanje: beba ima visoku temperaturu preko 39 stepeni?",True
"Dobar dan, koliko puta dnevno treba mijenjati pelene?",False
"Dobar dan, pojavio se osip koji se brzo širi po tijelu?",True
"Zanima me sljedeće: koliko sati sna je normalno za bebu od 16 mjeseci?",False
"Brinem se jer dijete ne diše normalno i teško hvata zrak.",True
"Imam pitanje: kako naučiti bebu da spava cijelu noć?",False
"Beba ima visoku temperaturu preko 39 stepeni, šta da radim?",True
"Poštovani doktore, dijete diše veoma brzo i teško?",True
"Koja hrana je najbolja za uvođenje u ishranu, šta da radim?",False
"Treba mi savjet doktora: novorođenče odbija svaki obrok i letargično je.",True
"Treba mi savjet doktora: kada mogu početi sa uvođenjem sokova.",False
"Usne i koža oko usta su mu/joj modre. Šta mi savjetujete?",True
"Poštovani doktore, dijete se opeklo i koža je jako crvena i mjehuri se?",True
"Imam pitanje: beba jako plače i ne može se smiriti već duže vrijeme?",True
"Molim savjet - koliko puta dnevno treba mijenjati pelene.",False
"Dobar dan, koža bebe je postala jako blijeda ili žuta?",True
"Zanima me sljedeće: koliko je normalno da beba plače tokom dana?",False
"Poštovani doktore, da li je u redu da beba spava na stomaku uz nadzor?",False
"Primijetila sam krv u stolici kod bebe?",True
"Dobar dan, dijete se opeklo i koža je jako crvena i mjehuri se?",True
"Da li trebam brinuti ako beba ne voli određenu hranu?",False
"Imam pitanje: beba povraća bez prestanka već nekoliko sati?",True
"Koje su preporuke za prve cipelice. Šta mi savjetujete?",False
"Da li je u redu koristiti cuclu. Šta mi savjetujete?",False
"Imam pitanje: beba ne mokri više od 8 sati?",True
"Brinem se jer koje vitamine treba davati bebi.",False
"Molim savjet - dijete se opeklo i koža je jako crvena i mjehuri se.",False
"Dijete diše veoma brzo i teško?",True
"Dobar dan, usne i koža oko usta su mu/joj modre?",True
"Treba mi savjet doktora: beba povraća bez prestanka već nekoliko sati.",True
"Poštovani doktore, koliko je normalno da beba plače tokom dana?",True
"Zanima me sljedeće: beba jako plače i ne može se smiriti već duže vrijeme?",True
"Zanima me sljedeće: koje su preporuke za kupanje novorođenčeta?",False
"Kako uspostaviti stabilnu rutinu spavanja. Šta mi savjetujete?",False
"Treba mi savjet doktora: dijete je na trenutak izgubilo svijest.",False
"Poštovani doktore, dijete je na trenutak izgubilo svijest?",True
"Kada je vrijeme za prvu posjetu zubaru. Šta mi savjetujete?",False
"Zanima me sljedeće: temperatura ne pada ni nakon lijeka već satima?",True
"Dobar dan, kada je vrijeme za prvu posjetu zubaru?",False
"Koja hrana je najbolja za uvođenje u ishranu. Šta mi savjetujete?",False
"Koje su preporuke za kupanje novorođenčeta, šta da radim?",False
"Poštovani doktore, kako pripremiti bebu za prvi izlet vani?",False
"Koje igračke su prikladne za uzrast od 15 mjeseci, šta da radim?",False
"Da li trebam brinuti ako beba ne voli određenu hranu, šta da radim?",False
"Dobar dan, beba ima jaku bol u stomaku i ne miče se?",True
"Molim savjet - beba je pala i sada povraća i jako je pospana.",True
"Molim savjet - koja hrana je najbolja za uvođenje u ishranu.",False
"Molim savjet - kako pripremiti bebu za prvi izlet vani.",False
"Molim savjet - koliko sati sna je normalno za bebu od 14 mjeseci.",False
"Beba je pala i sada povraća i jako je pospana, šta da radim?",True
"Poštovani doktore, koža bebe je postala jako blijeda ili žuta?",True
"Poštovani doktore, beba ima ukočen vrat i ne podnosi svjetlo?",True
"Brinem se jer koliko sati sna je normalno za bebu od 7 mjeseci.",False
"Beba ima jaku bol u stomaku i ne miče se?",True
"Poštovani doktore, beba ne mokri više od 8 sati?",True
"Treba mi savjet doktora: usne i koža oko usta su mu/joj modre.",True
"Treba mi savjet doktora: da li trebam brinuti ako beba ne voli određenu hranu.",True
"Treba mi savjet doktora: pojavio se osip koji se brzo širi po tijelu.",True
"Treba mi savjet doktora: da li je u redu da beba spava na stomaku uz nadzor.",False
"Koliko brzo bi trebalo beba da dobija na težini. Šta mi savjetujete?",False
"Treba mi savjet doktora: da li je normalno da beba često podriguje nakon hranjenja.",False
"Koje igračke su prikladne za uzrast od 18 mjeseci, šta da radim?",False
"Beba ima ukočen vrat i ne podnosi svjetlo?",True
"Brinem se jer kada beba počinje jesti čvrstu hranu.",False
"Imam pitanje: koliko dugo obično traje faza kolika?",False
"Poštovani doktore, beba povraća bez prestanka već nekoliko sati?",True
"Zanima me sljedeće: koža bebe je postala jako blijeda ili žuta?",True
"Dobar dan, kada je vrijeme za prvu posjetu zubaru?",False
"Koža oko usta i noktiju izgleda siva. Šta mi savjetujete?",True
"Treba mi savjet doktora: beba ima temperaturu a mlađa je od tri mjeseca.",True
"Molim savjet - koja hrana je najbolja za uvođenje u ishranu.",False
"Imam pitanje: dijete diše veoma brzo i teško?",True
"Brinem se jer kada se preporučuje prva redovna vakcina.",False
"Kako naučiti bebu da spava cijelu noć, šta da radim?",False
"Dobar dan, kada mogu početi sa uvođenjem sokova?",False
"Brinem se jer beba ima jaku bol u stomaku i ne miče se.",True
"Brinem se jer kada je vrijeme za prvu posjetu zubaru.",False
"Treba mi savjet doktora: beba jako plače i ne može se smiriti već duže vrijeme.",True
"Treba mi savjet doktora: da li trebam brinuti ako beba ne voli određenu hranu.",False
"Brinem se jer kada beba počinje jesti čvrstu hranu.",False
"Zanima me sljedeće: kada beba počinje jesti čvrstu hranu?",False
"Treba mi savjet doktora: koliko dugo obično traje faza kolika.",False
"Dobar dan, koja hrana je najbolja za uvođenje u ishranu?",False
"Koje vitamine treba davati bebi, šta da radim?",False
"Kada je vrijeme za prvu posjetu zubaru, šta da radim?",False
"Brinem se jer dijete se opeklo i koža je jako crvena i mjehuri se.",True
"Brinem se jer primijetila sam krv u povraćanju kod bebe.",True
"Dobar dan, beba je pala i sada povraća i jako je pospana?",True
"Imam pitanje: da li je u redu koristiti cuclu?",False
"Dobar dan, koliko puta dnevno treba mijenjati pelene?",False
"Treba mi savjet doktora: primijetila sam krv u stolici kod bebe.",False
"Kada beba počinje jesti čvrstu hranu, šta da radim?",False
"Poštovani doktore, koja hrana je najbolja za uvođenje u ishranu?",False
"Dobar dan, koliko brzo bi trebalo beba da dobija na težini?",False
"Zanima me sljedeće: novorođenče odbija svaki obrok i letargično je?",True
"Molim savjet - kako uspostaviti stabilnu rutinu spavanja.",False
"Kako pripremiti bebu za prvi izlet vani, šta da radim?",False
"Brinem se jer koliko je normalno da beba plače tokom dana.",False
"Dobar dan, koža bebe je postala jako blijeda ili žuta?",True
"Zanima me sljedeće: beba ima temperaturu a mlađa je od tri mjeseca?",True
"Treba mi savjet doktora: da li trebam brinuti ako beba ne voli određenu hranu.",False
"Molim savjet - da li je u redu da beba spava na stomaku uz nadzor.",False
"Treba mi savjet doktora: da li je normalno da beba puno spava tokom dana.",False
"Dijete diše veoma brzo i teško, šta da radim?",True
"Dobar dan, kada je vrijeme za prvu posjetu zubaru?",False
"Treba mi savjet doktora: kako izgleda zdrav ritam hranjenja za uzrast od 18 mjeseci.",False
"Brinem se jer da li trebam brinuti ako beba ne voli određenu hranu.",False
"Dobar dan, beba se guši i ne može doći do daha?",True
"Dobar dan, beba ima visoku temperaturu preko 39 stepeni?",True
"Imam pitanje: koje su preporuke za prve cipelice?",False
"Poštovani doktore, koliko sati sna je normalno za bebu od 22 mjeseci?",False
"Molim savjet - koliko sati sna je normalno za bebu od 4 mjeseci.",False
"Imam pitanje: da li je normalno da beba često podriguje nakon hranjenja?",False
"Da li je u redu koristiti cuclu, šta da radim?",False
"Brinem se jer dijete je na trenutak izgubilo svijest.",True
"Da li je normalno da beba puno spava tokom dana. Šta mi savjetujete?",False
"Molim savjet - da li je normalno da beba puno spava tokom dana.",False
"Zanima me sljedeće: kada mogu početi sa uvođenjem sokova?",False
"Zanima me sljedeće: novorođenče odbija svaki obrok i letargično je?",True
"Da li je u redu da beba spava na stomaku uz nadzor?",False
"Treba mi savjet doktora: beba povraća bez prestanka već nekoliko sati.",True
"Treba mi savjet doktora: dijete je na trenutak izgubilo svijest.",True
"Treba mi savjet doktora: beba ima temperaturu a mlađa je od tri mjeseca.",True
"Molim savjet - primijetila sam krv u povraćanju kod bebe.",True
"Imam pitanje: usne i koža oko usta su mu/joj modre?",True
"Primijetila sam krv u stolici kod bebe, šta da radim?",True
"Temperatura ne pada ni nakon lijeka već satima, šta da radim?",True
"Zanima me sljedeće: kada je vrijeme za prvu posjetu zubaru?",True
"Dobar dan, da li trebam brinuti ako beba ne voli određenu hranu?",False
"Novorođenče odbija svaki obrok i letargično je, šta da radim?",True
"Poštovani doktore, kada mogu očekivati da beba počne sjediti sama?",False
"Zanima me sljedeće: koža oko usta i noktiju izgleda siva?",True
"Molim savjet - da li trebam brinuti ako beba ne voli određenu hranu.",False
"Koje su preporuke za kupanje novorođenčeta, šta da radim?",False
"Molim savjet - dijete je dobilo grčeve/konvulzije.",True
"Dobar dan, dijete je na trenutak izgubilo svijest?",False
"Dobar dan, da li je u redu koristiti cuclu?",False
"Da li je u redu da beba spava na stomaku uz nadzor. Šta mi savjetujete?",False
"Imam pitanje: koliko je normalno da beba plače tokom dana?",False
"Dijete je jako pospano i teško ga je probuditi?",True
"Dobar dan, koliko dugo obično traje faza kolika?",False
"Kako pripremiti bebu za prvi izlet vani. Šta mi savjetujete?",True
"Zanima me sljedeće: koje su preporuke za prve cipelice?",False
"Koliko puta dnevno treba mijenjati pelene?",False
"Koliko dugo obično traje faza kolika?",False
"Zanima me sljedeće: beba hripa i uvlači rebra pri disanju?",True
"Molim savjet - dijete je na trenutak izgubilo svijest.",True
"Imam pitanje: usne i koža oko usta su mu/joj modre?",True
"Pojavio se osip koji se brzo širi po tijelu. Šta mi savjetujete?",True
"Zanima me sljedeće: da li je normalno da beba često podriguje nakon hranjenja?",False
"Beba je pala i sada povraća i jako je pospana. Šta mi savjetujete?",True
"Primijetila sam krv u stolici kod bebe. Šta mi savjetujete?",True
"Dobar dan, koje su preporuke za kupanje novorođenčeta?",False
"Poštovani doktore, koliko sati sna je normalno za bebu od 8 mjeseci?",False
"Dijete je jako pospano i teško ga je probuditi. Šta mi savjetujete?",True
"Treba mi savjet doktora: beba ima ukočen vrat i ne podnosi svjetlo.",True
"Dijete ne diše normalno i teško hvata zrak, šta da radim?",True
"Da li trebam brinuti ako beba ne voli određenu hranu?",False
"Treba mi savjet doktora: primijetila sam krv u povraćanju kod bebe.",True
"Zanima me sljedeće: da li je u redu koristiti cuclu?",False
"Zanima me sljedeće: koliko je normalno da beba plače tokom dana?",False
"Imam pitanje: kada je vrijeme za prvu posjetu zubaru?",True
"Dobar dan, usne i koža oko usta su mu/joj modre?",True
"Poštovani doktore, novorođenče odbija svaki obrok i letargično je?",True
"Molim savjet - dijete je jako pospano i teško ga je probuditi.",True
"Koje vitamine treba davati bebi?",False
"Imam pitanje: koliko brzo bi trebalo beba da dobija na težini?",False
"Dobar dan, usne i koža oko usta su mu/joj modre?",True
"Kako izgleda zdrav ritam hranjenja za uzrast od 9 mjeseci?",False
"Poštovani doktore, koliko dugo obično traje faza kolika?",False
"Poštovani doktore, kako izgleda zdrav ritam hranjenja za uzrast od 13 mjeseci?",False
"Molim savjet - pojavio se osip koji se brzo širi po tijelu.",True
"Zanima me sljedeće: beba ima ukočen vrat i ne podnosi svjetlo?",False
"Treba mi savjet doktora: dijete je dobilo grčeve/konvulzije.",True
"Zanima me sljedeće: dijete je dobilo grčeve/konvulzije?",True
"Brinem se jer primijetila sam krv u povraćanju kod bebe.",True
"Beba ima ukočen vrat i ne podnosi svjetlo. Šta mi savjetujete?",True
"Molim savjet - beba povraća bez prestanka već nekoliko sati.",True
"Poštovani doktore, kada beba obično počinje govoriti prve riječi?",False
"Beba se guši i ne može doći do daha?",True
"Treba mi savjet doktora: koliko dugo obično traje faza kolika.",False
"Dijete se opeklo i koža je jako crvena i mjehuri se, šta da radim?",True
"Da li je normalno da beba često podriguje nakon hranjenja. Šta mi savjetujete?",False
"Brinem se jer beba ima jaku bol u stomaku i ne miče se.",True
"Imam pitanje: dijete diše veoma brzo i teško?",True
"Brinem se jer da li je normalno da beba često podriguje nakon hranjenja.",False
"Novorođenče odbija svaki obrok i letargično je, šta da radim?",True
"Da li je u redu da beba spava na stomaku uz nadzor, šta da radim?",False
"Imam pitanje: beba ima visoku temperaturu preko 39 stepeni?",True
"Kada mogu početi sa uvođenjem sokova, šta da radim?",False
"Poštovani doktore, koja hrana je najbolja za uvođenje u ishranu?",False
"Zanima me sljedeće: da li trebam brinuti ako beba ne voli određenu hranu?",False
"Treba mi savjet doktora: dijete ne diše normalno i teško hvata zrak.",True
"Koliko brzo bi trebalo beba da dobija na težini, šta da radim?",False
"Treba mi savjet doktora: primijetila sam krv u povraćanju kod bebe.",True
"Treba mi savjet doktora: dijete diše veoma brzo i teško.",True
"Imam pitanje: kada mogu očekivati da beba počne sjediti sama?",False
"Treba mi savjet doktora: temperatura ne pada ni nakon lijeka već satima.",True
"Poštovani doktore, beba se guši i ne može doći do daha?",True
"Beba ima jaku bol u stomaku i ne miče se?",True
"Poštovani doktore, da li trebam brinuti ako beba ne voli određenu hranu?",False
"Molim savjet - koliko puta dnevno treba mijenjati pelene.",False
"Molim savjet - pojavio se osip koji se brzo širi po tijelu.",True
"Dobar dan, novorođenče odbija svaki obrok i letargično je?",True
"Brinem se jer beba ne mokri više od 8 sati.",True
"Brinem se jer dijete je jako pospano i teško ga je probuditi.",True
"Brinem se jer beba ne mokri više od 8 sati.",True
"Zanima me sljedeće: koža oko usta i noktiju izgleda siva?",True
"Koje igračke su prikladne za uzrast od 24 mjeseci?",False
"Zanima me sljedeće: koliko je normalno da beba plače tokom dana?",False
"Molim savjet - beba ima temperaturu a mlađa je od tri mjeseca.",True
"Imam pitanje: kada se preporučuje prva redovna vakcina?",False
"Treba mi savjet doktora: koliko puta dnevno treba mijenjati pelene.",False
"Imam pitanje: kada mogu očekivati da beba počne sjediti sama?",False
"Zanima me sljedeće: beba jako plače i ne može se smiriti već duže vrijeme?",True
"Molim savjet - koža bebe je postala jako blijeda ili žuta.",False
"Poštovani doktore, beba se guši i ne može doći do daha?",True
"Poštovani doktore, koliko brzo bi trebalo beba da dobija na težini?",False
"Kako uspostaviti stabilnu rutinu spavanja. Šta mi savjetujete?",False
"Kako naučiti bebu da spava cijelu noć, šta da radim?",False
"Brinem se jer pojavio se osip koji se brzo širi po tijelu.",True
"Koja hrana je najbolja za uvođenje u ishranu, šta da radim?",False
"Imam pitanje: dijete ne diše normalno i teško hvata zrak?",True
"Imam pitanje: kako naučiti bebu da spava cijelu noć?",False
"Beba povraća bez prestanka već nekoliko sati?",True
"Dobar dan, kada mogu početi sa uvođenjem sokova?",False
"Koja hrana je najbolja za uvođenje u ishranu, šta da radim?",False
"Dobar dan, koje igračke su prikladne za uzrast od 22 mjeseci?",False
"Molim savjet - dijete je dobilo grčeve/konvulzije.",True
"Imam pitanje: koliko puta dnevno treba mijenjati pelene?",False
"Poštovani doktore, primijetila sam krv u povraćanju kod bebe?",True
"Zanima me sljedeće: beba povraća bez prestanka već nekoliko sati?",True
"Imam pitanje: koliko je normalno da beba plače tokom dana?",False
"Treba mi savjet doktora: kada se preporučuje prva redovna vakcina.",False
"Brinem se jer da li je normalno da beba puno spava tokom dana.",False
"Dobar dan, da li je u redu da beba spava na stomaku uz nadzor?",False
"Dobar dan, kada se preporučuje prva redovna vakcina?",False
"Poštovani doktore, koje vitamine treba davati bebi?",False
"Koliko puta dnevno treba mijenjati pelene?",False
"Zanima me sljedeće: koje vitamine treba davati bebi?",False
"Dobar dan, koža oko usta i noktiju izgleda siva?",True
"Treba mi savjet doktora: kako izgleda zdrav ritam hranjenja za uzrast od 23 mjeseci.",False
"Imam pitanje: beba ima ukočen vrat i ne podnosi svjetlo?",True
"Imam pitanje: novorođenče odbija svaki obrok i letargično je?",True
"Zanima me sljedeće: novorođenče odbija svaki obrok i letargično je?",True
"Poštovani doktore, primijetila sam krv u povraćanju kod bebe?",True
"Poštovani doktore, dijete ne diše normalno i teško hvata zrak?",True
"Kada mogu početi sa uvođenjem sokova?",False
"Kada beba obično počinje govoriti prve riječi. Šta mi savjetujete?",False
"Dijete se opeklo i koža je jako crvena i mjehuri se. Šta mi savjetujete?",True
"Brinem se jer kada mogu očekivati da beba počne sjediti sama.",False
"Molim savjet - kako naučiti bebu da spava cijelu noć.",False
"Poštovani doktore, koliko brzo bi trebalo beba da dobija na težini?",False
"Beba jako plače i ne može se smiriti već duže vrijeme?",True
"Kada se preporučuje prva redovna vakcina?",False
"Poštovani doktore, da li je u redu da beba spava na stomaku uz nadzor?",False
"Treba mi savjet doktora: beba ima jaku bol u stomaku i ne miče se.",True
"Treba mi savjet doktora: dijete diše veoma brzo i teško.",True
"Treba mi savjet doktora: kako naučiti bebu da spava cijelu noć.",False
"Dobar dan, beba jako plače i ne može se smiriti već duže vrijeme?",True
"Zanima me sljedeće: da li trebam brinuti ako beba ne voli određenu hranu?",False
"Molim savjet - beba ima temperaturu a mlađa je od tri mjeseca.",True
"Imam pitanje: kako uspostaviti stabilnu rutinu spavanja?",False
"Poštovani doktore, kada mogu početi sa uvođenjem sokova?",False
"Poštovani doktore, koliko je normalno da beba plače tokom dana?",False
"Poštovani doktore, dijete je dobilo grčeve/konvulzije?",True
"Dijete ne diše normalno i teško hvata zrak?",True
"Kako naučiti bebu da spava cijelu noć. Šta mi savjetujete?",False
"Zanima me sljedeće: usne i koža oko usta su mu/joj modre?",True
"Treba mi savjet doktora: primijetila sam krv u stolici kod bebe.",True
"Koža bebe je postala jako blijeda ili žuta?",True
"Kada mogu očekivati da beba počne sjediti sama?",False
"Koliko puta dnevno treba mijenjati pelene?",False
"Zanima me sljedeće: da li trebam brinuti ako beba ne voli određenu hranu?",False
"Imam pitanje: kada beba počinje jesti čvrstu hranu?",False
"Brinem se jer beba je pala i sada povraća i jako je pospana.",True
"Dijete je na trenutak izgubilo svijest. Šta mi savjetujete?",True
"Molim savjet - koja hrana je najbolja za uvođenje u ishranu.",False
"Dijete je jako pospano i teško ga je probuditi, šta da radim?",True
"Brinem se jer kako pripremiti bebu za prvi izlet vani.",False
"Imam pitanje: kako izgleda zdrav ritam hranjenja za uzrast od 9 mjeseci?",False
"Beba ne mokri više od 8 sati, šta da radim?",True
"Brinem se jer koje su preporuke za prve cipelice.",False
"Brinem se jer beba ne mokri više od 8 sati.",True
"Beba hripa i uvlači rebra pri disanju?",True
"Brinem se jer dijete je dobilo grčeve/konvulzije.",True
"Koliko je normalno da beba plače tokom dana. Šta mi savjetujete?",False
"Beba ne mokri više od 8 sati, šta da radim?",True
"Beba se guši i ne može doći do daha. Šta mi savjetujete?",True
"Zanima me sljedeće: dijete se opeklo i koža je jako crvena i mjehuri se?",True
"Zanima me sljedeće: da li je u redu koristiti cuclu?",False
"Dobar dan, beba ima temperaturu a mlađa je od tri mjeseca?",True
"Zanima me sljedeće: kada beba počinje jesti čvrstu hranu?",False
"Zanima me sljedeće: da li je normalno da beba puno spava tokom dana?",False
"Poštovani doktore, kada beba počinje jesti čvrstu hranu?",False
"Usne i koža oko usta su mu/joj modre. Šta mi savjetujete?",True
"Dobar dan, koža bebe je postala jako blijeda ili žuta?",True
"Brinem se jer beba hripa i uvlači rebra pri disanju.",True
"Imam pitanje: beba ima visoku temperaturu preko 39 stepeni?",True
"Temperatura ne pada ni nakon lijeka već satima, šta da radim?",True
"Poštovani doktore, koliko brzo bi trebalo beba da dobija na težini?",False
"Brinem se jer beba ima jaku bol u stomaku i ne miče se.",True
"Zanima me sljedeće: beba ima visoku temperaturu preko 39 stepeni?",True
"Molim savjet - beba se guši i ne može doći do daha.",True
"Kada se preporučuje prva redovna vakcina. Šta mi savjetujete?",False
"Zanima me sljedeće: da li je u redu koristiti cuclu?",False
"Poštovani doktore, da li je u redu koristiti cuclu?",False
"Da li je u redu da beba spava na stomaku uz nadzor?",False
"Koliko dugo obično traje faza kolika?",False
"Koža oko usta i noktiju izgleda siva, šta da radim?",True
"Dobar dan, dijete diše veoma brzo i teško?",True
"Poštovani doktore, koliko dugo obično traje faza kolika?",False
"Dijete je progutalo nešto strano ili moguć otrov, šta da radim?",True
"Treba mi savjet doktora: kako izgleda zdrav ritam hranjenja za uzrast od 4 mjeseci.",False
"Poštovani doktore, koje su preporuke za prve cipelice?",False
"Zanima me sljedeće: dijete ne diše normalno i teško hvata zrak?",True
"Brinem se jer kada mogu početi sa uvođenjem sokova.",False
"Beba se guši i ne može doći do daha, šta da radim?",True
"Pojavio se osip koji se brzo širi po tijelu. Šta mi savjetujete?",True
"Treba mi savjet doktora: primijetila sam krv u povraćanju kod bebe.",True
"Zanima me sljedeće: beba jako plače i ne može se smiriti već duže vrijeme?",True
"Poštovani doktore, dijete je na trenutak izgubilo svijest?",True
"Molim savjet - beba se guši i ne može doći do daha.",True
"Beba se guši i ne može doći do daha, šta da radim?",True
"Brinem se jer koliko puta dnevno treba mijenjati pelene.",False
"Brinem se jer beba se guši i ne može doći do daha.",True
"Zanima me sljedeće: dijete je dobilo grčeve/konvulzije?",True
"Poštovani doktore, beba ima visoku temperaturu preko 39 stepeni?",True
"Imam pitanje: dijete diše veoma brzo i teško?",True
"Molim savjet - dijete je jako pospano i teško ga je probuditi.",True
"Treba mi savjet doktora: dijete je jako pospano i teško ga je probuditi.",True
"Beba hripa i uvlači rebra pri disanju. Šta mi savjetujete?",True
"Treba mi savjet doktora: beba se guši i ne može doći do daha.",True
"Dijete je dobilo grčeve/konvulzije. Šta mi savjetujete?",True
"Poštovani doktore, dijete je na trenutak izgubilo svijest?",True
"Molim savjet - dijete diše veoma brzo i teško.",True
"Koliko dugo obično traje faza kolika. Šta mi savjetujete?",False
"Dijete je jako pospano i teško ga je probuditi. Šta mi savjetujete?",True
"Molim savjet - dijete ne diše normalno i teško hvata zrak.",True
"Imam pitanje: dijete je jako pospano i teško ga je probuditi?",True
"Kako uspostaviti stabilnu rutinu spavanja?",False
"Zanima me sljedeće: beba ima jaku bol u stomaku i ne miče se?",True
"Zanima me sljedeće: kada je vrijeme za prvu posjetu zubaru?",False
"Dobar dan, koje su preporuke za kupanje novorođenčeta?",False
"Koje vitamine treba davati bebi?",False
"Brinem se jer beba jako plače i ne može se smiriti već duže vrijeme.",True
"Brinem se jer novorođenče odbija svaki obrok i letargično je.",True
"Koje su preporuke za prve cipelice, šta da radim?",False
"Imam pitanje: dijete je jako pospano i teško ga je probuditi?",True
"Dobar dan, beba ne mokri više od 8 sati?",True
"Koje su preporuke za prve cipelice, šta da radim?",False
"Brinem se jer dijete je progutalo nešto strano ili moguć otrov.",True
"Poštovani doktore, kada beba obično počinje govoriti prve riječi?",False
"Da li je u redu koristiti cuclu. Šta mi savjetujete?",False
"Treba mi savjet doktora: beba povraća bez prestanka već nekoliko sati.",True
"Molim savjet - kako izgleda zdrav ritam hranjenja za uzrast od 9 mjeseci.",False
"Dobar dan, koliko brzo bi trebalo beba da dobija na težini?",False
"Molim savjet - dijete je progutalo nešto strano ili moguć otrov.",True
"Dobar dan, kako naučiti bebu da spava cijelu noć?",False
"Kada beba počinje jesti čvrstu hranu, šta da radim?",False
"Kako pripremiti bebu za prvi izlet vani. Šta mi savjetujete?",False
"Poštovani doktore, kako uspostaviti stabilnu rutinu spavanja?",False
"Da li je normalno da beba često podriguje nakon hranjenja?",False
"Beba ima temperaturu a mlađa je od tri mjeseca, šta da radim?",True
"Imam pitanje: beba ima ukočen vrat i ne podnosi svjetlo?",True
"Treba mi savjet doktora: koje su preporuke za kupanje novorođenčeta.",False
"Imam pitanje: koliko puta dnevno treba mijenjati pelene?",False
"Molim savjet - beba ima visoku temperaturu preko 39 stepeni.",True
"Molim savjet - koliko sati sna je normalno za bebu od 24 mjeseci.",False
"Molim savjet - koliko dugo obično traje faza kolika.",True
"Koliko dugo obično traje faza kolika?",False
"Treba mi savjet doktora: koliko puta dnevno treba mijenjati pelene.",False
"Zanima me sljedeće: koja hrana je najbolja za uvođenje u ishranu?",False
"Beba ne mokri više od 8 sati?",False
"Brinem se jer da li je u redu koristiti cuclu.",False
"Zanima me sljedeće: dijete je dobilo grčeve/konvulzije?",True
"Treba mi savjet doktora: dijete se opeklo i koža je jako crvena i mjehuri se.",True
"Treba mi savjet doktora: dijete je jako pospano i teško ga je probuditi.",True
"Treba mi savjet doktora: dijete je na trenutak izgubilo svijest.",True
"Kada mogu očekivati da beba počne sjediti sama?",False
"Molim savjet - koža oko usta i noktiju izgleda siva.",False
"Poštovani doktore, kada beba počinje jesti čvrstu hranu?",False
"Zanima me sljedeće: usne i koža oko usta su mu/joj modre?",True
"Molim savjet - temperatura ne pada ni nakon lijeka već satima.",True
"Dijete diše veoma brzo i teško, šta da radim?",True
"Poštovani doktore, temperatura ne pada ni nakon lijeka već satima?",True
"Molim savjet - koje su preporuke za kupanje novorođenčeta.",False
"Beba povraća bez prestanka već nekoliko sati, šta da radim?",True
"Poštovani doktore, beba hripa i uvlači rebra pri disanju?",True
"Molim savjet - koliko brzo bi trebalo beba da dobija na težini.",False
"Kada beba počinje jesti čvrstu hranu, šta da radim?",False
"Molim savjet - da li je u redu da beba spava na stomaku uz nadzor.",False
"Treba mi savjet doktora: kako naučiti bebu da spava cijelu noć.",False
"Koliko sati sna je normalno za bebu od 15 mjeseci. Šta mi savjetujete?",False
"Poštovani doktore, koliko puta dnevno treba mijenjati pelene?",False
"Treba mi savjet doktora: koliko sati sna je normalno za bebu od 20 mjeseci.",False
"Zanima me sljedeće: beba hripa i uvlači rebra pri disanju?",True
"Dobar dan, kako uspostaviti stabilnu rutinu spavanja?",False
"Koliko puta dnevno treba mijenjati pelene?",False
"Imam pitanje: kada je vrijeme za prvu posjetu zubaru?",False
"Imam pitanje: da li je normalno da beba često podriguje nakon hranjenja?",False
"Imam pitanje: koje su preporuke za kupanje novorođenčeta?",False
"Zanima me sljedeće: koje igračke su prikladne za uzrast od 8 mjeseci?",False
"Molim savjet - kada mogu očekivati da beba počne sjediti sama.",False
"Treba mi savjet doktora: pojavio se osip koji se brzo širi po tijelu.",True
"Treba mi savjet doktora: koliko puta dnevno treba mijenjati pelene.",False
"Imam pitanje: koje igračke su prikladne za uzrast od 10 mjeseci?",False
"Molim savjet - dijete je na trenutak izgubilo svijest.",True
"Dobar dan, beba ima visoku temperaturu preko 39 stepeni?",True
"Primijetila sam krv u povraćanju kod bebe, šta da radim?",True
"Usne i koža oko usta su mu/joj modre, šta da radim?",True
"Poštovani doktore, beba hripa i uvlači rebra pri disanju?",True
"Beba hripa i uvlači rebra pri disanju?",True
"Koliko brzo bi trebalo beba da dobija na težini?",False
"Dijete je dobilo grčeve/konvulzije, šta da radim?",True
"Koža bebe je postala jako blijeda ili žuta. Šta mi savjetujete?",True
"Zanima me sljedeće: kako naučiti bebu da spava cijelu noć?",False
"Dobar dan, koje vitamine treba davati bebi?",False
"Primijetila sam krv u stolici kod bebe?",True
"Dobar dan, koža bebe je postala jako blijeda ili žuta?",True
"Koliko sati sna je normalno za bebu od 21 mjeseci, šta da radim?",False
"Beba jako plače i ne može se smiriti već duže vrijeme. Šta mi savjetujete?",True
"Poštovani doktore, da li je normalno da beba puno spava tokom dana?",False
"Brinem se jer beba povraća bez prestanka već nekoliko sati.",True
"Beba se guši i ne može doći do daha?",True
"Imam pitanje: koje vitamine treba davati bebi?",False
"Koliko dugo obično traje faza kolika. Šta mi savjetujete?",False
"Koje su preporuke za kupanje novorođenčeta?",False
"Poštovani doktore, dijete je progutalo nešto strano ili moguć otrov?",True
"Molim savjet - kada mogu početi sa uvođenjem sokova.",False
"Imam pitanje: kada mogu očekivati da beba počne sjediti sama?",False
"Poštovani doktore, koje su preporuke za kupanje novorođenčeta?",False
"Treba mi savjet doktora: kada beba počinje jesti čvrstu hranu.",False
"Brinem se jer da li trebam brinuti ako beba ne voli određenu hranu.",False
"Beba ima visoku temperaturu preko 39 stepeni?",True
"Brinem se jer koliko dugo obično traje faza kolika.",False
"Zanima me sljedeće: koža oko usta i noktiju izgleda siva?",True
"Da li je normalno da beba često podriguje nakon hranjenja. Šta mi savjetujete?",False
"Dobar dan, dijete je na trenutak izgubilo svijest?",True
"Imam pitanje: beba se guši i ne može doći do daha?",True
"Molim savjet - koje vitamine treba davati bebi.",False
"Imam pitanje: kako izgleda zdrav ritam hranjenja za uzrast od 7 mjeseci?",False
"Dijete je jako pospano i teško ga je probuditi?",True
"Molim savjet - koliko je normalno da beba plače tokom dana.",False
"Molim savjet - dijete je jako pospano i teško ga je probuditi.",True
"Koliko je normalno da beba plače tokom dana, šta da radim?",False
"Molim savjet - kada beba obično počinje govoriti prve riječi.",False
"Dobar dan, da li je u redu da beba spava na stomaku uz nadzor?",False
"Treba mi savjet doktora: koliko je normalno da beba plače tokom dana.",False
"Molim savjet - koliko brzo bi trebalo beba da dobija na težini.",False
"Dijete diše veoma brzo i teško, šta da radim?",True
"Imam pitanje: da li je u redu koristiti cuclu?",True
"Beba hripa i uvlači rebra pri disanju, šta da radim?",True
"Brinem se jer koliko dugo obično traje faza kolika.",False
"Brinem se jer koje su preporuke za prve cipelice.",False
"Koja hrana je najbolja za uvođenje u ishranu. Šta mi savjetujete?",False
"Molim savjet - koje su preporuke za kupanje novorođenčeta.",False
"Koliko sati sna je normalno za bebu od 7 mjeseci. Šta mi savjetujete?",False
"Dobar dan, beba je pala i sada povraća i jako je pospana?",True
"Koja hrana je najbolja za uvođenje u ishranu?",False
"Treba mi savjet doktora: dijete ne diše normalno i teško hvata zrak.",True
"Primijetila sam krv u povraćanju kod bebe, šta da radim?",True
"Molim savjet - beba se guši i ne može doći do daha.",True
"Zanima me sljedeće: dijete je na trenutak izgubilo svijest?",True
"Imam pitanje: da li je normalno da beba često podriguje nakon hranjenja?",False
"Imam pitanje: koje vitamine treba davati bebi?",False
"Treba mi savjet doktora: beba se guši i ne može doći do daha.",True
"Kako uspostaviti stabilnu rutinu spavanja?",False
"Imam pitanje: beba je pala i sada povraća i jako je pospana?",True
"Imam pitanje: beba se guši i ne može doći do daha?",True
"Beba se guši i ne može doći do daha. Šta mi savjetujete?",True
"Dobar dan, pojavio se osip koji se brzo širi po tijelu?",True
"Dobar dan, kako pripremiti bebu za prvi izlet vani?",False
"Beba jako plače i ne može se smiriti već duže vrijeme, šta da radim?",True
"Zanima me sljedeće: usne i koža oko usta su mu/joj modre?",True
"Imam pitanje: temperatura ne pada ni nakon lijeka već satima?",True
"Dobar dan, koliko dugo obično traje faza kolika?",False
"Beba se guši i ne može doći do daha. Šta mi savjetujete?",True
"Poštovani doktore, koža bebe je postala jako blijeda ili žuta?",False
"Poštovani doktore, beba povraća bez prestanka već nekoliko sati?",True
"Molim savjet - kada se preporučuje prva redovna vakcina.",False
"Molim savjet - da li je normalno da beba puno spava tokom dana.",False
"Dobar dan, da li je u redu koristiti cuclu?",False
"Imam pitanje: kako izgleda zdrav ritam hranjenja za uzrast od 16 mjeseci?",True
"Beba je pala i sada povraća i jako je pospana. Šta mi savjetujete?",True
"Zanima me sljedeće: koliko sati sna je normalno za bebu od 7 mjeseci?",False
"Brinem se jer temperatura ne pada ni nakon lijeka već satima.",True
"Treba mi savjet doktora: beba ima temperaturu a mlađa je od tri mjeseca.",True
"Koja hrana je najbolja za uvođenje u ishranu?",False
"Brinem se jer dijete ne diše normalno i teško hvata zrak.",True
"Poštovani doktore, dijete je progutalo nešto strano ili moguć otrov?",True
"Dobar dan, beba se guši i ne može doći do daha?",True
"Brinem se jer kako uspostaviti stabilnu rutinu spavanja.",True
"Molim savjet - beba ima ukočen vrat i ne podnosi svjetlo.",True
"Zanima me sljedeće: kada se preporučuje prva redovna vakcina?",False
"Imam pitanje: koža bebe je postala jako blijeda ili žuta?",True
"Brinem se jer kako naučiti bebu da spava cijelu noć.",False
"Treba mi savjet doktora: kada je vrijeme za prvu posjetu zubaru.",False
"Dijete je progutalo nešto strano ili moguć otrov, šta da radim?",True
"Novorođenče odbija svaki obrok i letargično je?",True
"Brinem se jer da li je normalno da beba puno spava tokom dana.",False
"Brinem se jer beba jako plače i ne može se smiriti već duže vrijeme.",True
"Brinem se jer kada beba obično počinje govoriti prve riječi.",False
"Brinem se jer dijete se opeklo i koža je jako crvena i mjehuri se.",True
"Imam pitanje: dijete je dobilo grčeve/konvulzije?",True
"Dijete je progutalo nešto strano ili moguć otrov?",True
"Treba mi savjet doktora: beba je pala i sada povraća i jako je pospana.",True
"Beba povraća bez prestanka već nekoliko sati. Šta mi savjetujete?",True
"Treba mi savjet doktora: beba jako plače i ne može se smiriti već duže vrijeme.",True
"Zanima me sljedeće: kako pripremiti bebu za prvi izlet vani?",False
"Dobar dan, koliko puta dnevno treba mijenjati pelene?",False
"Novorođenče odbija svaki obrok i letargično je. Šta mi savjetujete?",True
"Poštovani doktore, da li je u redu koristiti cuclu?",False
"Kada beba počinje jesti čvrstu hranu?",False
"Beba ne mokri više od 8 sati?",True
"Imam pitanje: koliko puta dnevno treba mijenjati pelene?",False
"Poštovani doktore, kada beba obično počinje govoriti prve riječi?",False
"Zanima me sljedeće: primijetila sam krv u stolici kod bebe?",True
"Dobar dan, beba je pala i sada povraća i jako je pospana?",True
"Koja hrana je najbolja za uvođenje u ishranu. Šta mi savjetujete?",False
"Brinem se jer kada beba obično počinje govoriti prve riječi.",False
"Zanima me sljedeće: beba ima jaku bol u stomaku i ne miče se?",True
"Beba ima temperaturu a mlađa je od tri mjeseca?",True
"Treba mi savjet doktora: koja hrana je najbolja za uvođenje u ishranu.",False
"Imam pitanje: primijetila sam krv u stolici kod bebe?",True
"Kada beba počinje jesti čvrstu hranu, šta da radim?",False
"Poštovani doktore, usne i koža oko usta su mu/joj modre?",True
"Imam pitanje: kada beba obično počinje govoriti prve riječi?",False
"Molim savjet - beba se guši i ne može doći do daha.",True
"Imam pitanje: beba ima visoku temperaturu preko 39 stepeni?",True
"Dobar dan, dijete se opeklo i koža je jako crvena i mjehuri se?",True
"Treba mi savjet doktora: beba ima jaku bol u stomaku i ne miče se.",True
"Koža oko usta i noktiju izgleda siva, šta da radim?",True
"Imam pitanje: beba se guši i ne može doći do daha?",True
"Beba hripa i uvlači rebra pri disanju, šta da radim?",True
"Pojavio se osip koji se brzo širi po tijelu. Šta mi savjetujete?",True
"Molim savjet - da li trebam brinuti ako beba ne voli određenu hranu.",False
"Beba ima temperaturu a mlađa je od tri mjeseca?",True
"Beba se guši i ne može doći do daha, šta da radim?",True
"Kako naučiti bebu da spava cijelu noć, šta da radim?",False
"Imam pitanje: beba jako plače i ne može se smiriti već duže vrijeme?",True
"Imam pitanje: usne i koža oko usta su mu/joj modre?",True
"Poštovani doktore, koliko puta dnevno treba mijenjati pelene?",True
"Imam pitanje: dijete je dobilo grčeve/konvulzije?",True
"Molim savjet - dijete diše veoma brzo i teško.",True
"Dobar dan, beba ima jaku bol u stomaku i ne miče se?",True
"Brinem se jer kako naučiti bebu da spava cijelu noć.",False
"Imam pitanje: koža oko usta i noktiju izgleda siva?",True
"Beba povraća bez prestanka već nekoliko sati. Šta mi savjetujete?",True
"Dijete je progutalo nešto strano ili moguć otrov, šta da radim?",True
"Zanima me sljedeće: dijete je jako pospano i teško ga je probuditi?",True
"Kada mogu očekivati da beba počne sjediti sama, šta da radim?",False
"Da li je u redu da beba spava na stomaku uz nadzor?",False
"Brinem se jer dijete je dobilo grčeve/konvulzije.",True
"Dobar dan, kako uspostaviti stabilnu rutinu spavanja?",False
"Kada mogu početi sa uvođenjem sokova. Šta mi savjetujete?",False
"Treba mi savjet doktora: koliko dugo obično traje faza kolika.",False
"Treba mi savjet doktora: koliko je normalno da beba plače tokom dana.",False
"Poštovani doktore, kada mogu očekivati da beba počne sjediti sama?",False
"Molim savjet - beba hripa i uvlači rebra pri disanju.",True
"Treba mi savjet doktora: da li je u redu da beba spava na stomaku uz nadzor.",False
"Koža bebe je postala jako blijeda ili žuta. Šta mi savjetujete?",True
"Primijetila sam krv u povraćanju kod bebe?",True
"Treba mi savjet doktora: dijete je dobilo grčeve/konvulzije.",True
"Molim savjet - kada mogu početi sa uvođenjem sokova.",False
"Imam pitanje: primijetila sam krv u povraćanju kod bebe?",True
"Molim savjet - kada mogu početi sa uvođenjem sokova.",False
"Imam pitanje: primijetila sam krv u povraćanju kod bebe?",True
"Dobar dan, dijete je na trenutak izgubilo svijest?",True
"Dobar dan, dijete je na trenutak izgubilo svijest?",True
"Poštovani doktore, da li trebam brinuti ako beba ne voli određenu hranu?",False
"Kada je vrijeme za prvu posjetu zubaru?",False
"Zanima me sljedeće: beba ima jaku bol u stomaku i ne miče se?",True
"Dijete se opeklo i koža je jako crvena i mjehuri se?",True
"Imam pitanje: dijete je progutalo nešto strano ili moguć otrov?",True
"Brinem se jer kako uspostaviti stabilnu rutinu spavanja.",False
"Dobar dan, kako naučiti bebu da spava cijelu noć?",False
"Zanima me sljedeće: pojavio se osip koji se brzo širi po tijelu?",True
"Dijete je na trenutak izgubilo svijest, šta da radim?",True
"Zanima me sljedeće: beba hripa i uvlači rebra pri disanju?",True
"Beba ima jaku bol u stomaku i ne miče se. Šta mi savjetujete?",True
"Poštovani doktore, koža oko usta i noktiju izgleda siva?",True
"Koje su preporuke za kupanje novorođenčeta. Šta mi savjetujete?",False
"Zanima me sljedeće: kako naučiti bebu da spava cijelu noć?",False
"Kada beba počinje jesti čvrstu hranu?",False
"Molim savjet - kako pripremiti bebu za prvi izlet vani.",False
"Dobar dan, kada beba počinje jesti čvrstu hranu?",False
"Poštovani doktore, koje su preporuke za prve cipelice?",False
"Poštovani doktore, dijete je na trenutak izgubilo svijest?",True
"Imam pitanje: beba je pala i sada povraća i jako je pospana?",True
"Poštovani doktore, kada je vrijeme za prvu posjetu zubaru?",False
"Treba mi savjet doktora: primijetila sam krv u povraćanju kod bebe.",True
"Molim savjet - kada beba obično počinje govoriti prve riječi.",False
"Dobar dan, kako naučiti bebu da spava cijelu noć?",False
"Treba mi savjet doktora: da li je u redu koristiti cuclu.",False
"Dobar dan, kada mogu očekivati da beba počne sjediti sama?",False
"Beba ima visoku temperaturu preko 39 stepeni?",True
"Koje igračke su prikladne za uzrast od 4 mjeseci?",False
"Beba je pala i sada povraća i jako je pospana. Šta mi savjetujete?",True
"Treba mi savjet doktora: da li je u redu koristiti cuclu.",False
"Zanima me sljedeće: da li je normalno da beba puno spava tokom dana?",False
"Kako izgleda zdrav ritam hranjenja za uzrast od 5 mjeseci. Šta mi savjetujete?",False
"Brinem se jer koliko puta dnevno treba mijenjati pelene.",False
"Treba mi savjet doktora: kada mogu početi sa uvođenjem sokova.",False
"Poštovani doktore, dijete je dobilo grčeve/konvulzije?",True
"Poštovani doktore, beba se guši i ne može doći do daha?",True
"Da li trebam brinuti ako beba ne voli određenu hranu, šta da radim?",False
"Koje su preporuke za prve cipelice. Šta mi savjetujete?",False
"Molim savjet - primijetila sam krv u povraćanju kod bebe.",True
"Dobar dan, kako uspostaviti stabilnu rutinu spavanja?",True
"Zanima me sljedeće: dijete se opeklo i koža je jako crvena i mjehuri se?",True
"Poštovani doktore, da li trebam brinuti ako beba ne voli određenu hranu?",False
"Poštovani doktore, da li je u redu da beba spava na stomaku uz nadzor?",True
"Beba ima ukočen vrat i ne podnosi svjetlo?",True
"Treba mi savjet doktora: koliko puta dnevno treba mijenjati pelene.",False
"Molim savjet - da li je u redu koristiti cuclu.",False
"Poštovani doktore, koje vitamine treba davati bebi?",False
"Zanima me sljedeće: koje su preporuke za prve cipelice?",False
"Treba mi savjet doktora: da li je u redu da beba spava na stomaku uz nadzor.",False
"Zanima me sljedeće: dijete je na trenutak izgubilo svijest?",True
"Dobar dan, da li je u redu da beba spava na stomaku uz nadzor?",False
"Brinem se jer da li trebam brinuti ako beba ne voli određenu hranu.",False
"Usne i koža oko usta su mu/joj modre, šta da radim?",True
"Poštovani doktore, koža bebe je postala jako blijeda ili žuta?",True
"Beba jako plače i ne može se smiriti već duže vrijeme, šta da radim?",True
"Imam pitanje: koliko brzo bi trebalo beba da dobija na težini?",False
"Brinem se jer kako naučiti bebu da spava cijelu noć.",False
"Treba mi savjet doktora: dijete se opeklo i koža je jako crvena i mjehuri se.",True
"Imam pitanje: koje su preporuke za prve cipelice?",False
"Zanima me sljedeće: kada mogu očekivati da beba počne sjediti sama?",False
"Koje su preporuke za kupanje novorođenčeta?",False
"Dobar dan, kada mogu početi sa uvođenjem sokova?",False
"Imam pitanje: primijetila sam krv u stolici kod bebe?",True
"Brinem se jer koliko je normalno da beba plače tokom dana.",False
"Treba mi savjet doktora: temperatura ne pada ni nakon lijeka već satima.",True
"Dobar dan, dijete je na trenutak izgubilo svijest?",True
"Molim savjet - koje su preporuke za prve cipelice.",False
"Temperatura ne pada ni nakon lijeka već satima, šta da radim?",True
"Imam pitanje: beba se guši i ne može doći do daha?",True
"Molim savjet - koliko dugo obično traje faza kolika.",False
"Brinem se jer dijete je dobilo grčeve/konvulzije.",True
"Beba povraća bez prestanka već nekoliko sati, šta da radim?",True
"Imam pitanje: dijete ne diše normalno i teško hvata zrak?",True
"Treba mi savjet doktora: dijete se opeklo i koža je jako crvena i mjehuri se.",True
"Pojavio se osip koji se brzo širi po tijelu?",True
"Dobar dan, beba povraća bez prestanka već nekoliko sati?",True
"Molim savjet - da li je u redu koristiti cuclu.",False
"Imam pitanje: beba ima visoku temperaturu preko 39 stepeni?",True
"Kako naučiti bebu da spava cijelu noć, šta da radim?",False
"Brinem se jer dijete diše veoma brzo i teško.",True
"Imam pitanje: kada mogu očekivati da beba počne sjediti sama?",False
"Brinem se jer koje igračke su prikladne za uzrast od 23 mjeseci.",False
"Poštovani doktore, koliko puta dnevno treba mijenjati pelene?",False
"Zanima me sljedeće: da li trebam brinuti ako beba ne voli određenu hranu?",False
"Poštovani doktore, temperatura ne pada ni nakon lijeka već satima?",True
"Zanima me sljedeće: kada mogu početi sa uvođenjem sokova?",False
"Imam pitanje: koja hrana je najbolja za uvođenje u ishranu?",False
"Imam pitanje: kako pripremiti bebu za prvi izlet vani?",False
"Brinem se jer dijete ne diše normalno i teško hvata zrak.",True
"Koje su preporuke za prve cipelice, šta da radim?",False
"Dobar dan, koliko brzo bi trebalo beba da dobija na težini?",False
"Dobar dan, beba ne mokri više od 8 sati?",True
"Kada beba obično počinje govoriti prve riječi?",True
"Imam pitanje: kada beba počinje jesti čvrstu hranu?",False
"Beba ima temperaturu a mlađa je od tri mjeseca, šta da radim?",True
"Dijete ne diše normalno i teško hvata zrak. Šta mi savjetujete?",True
"Molim savjet - koje igračke su prikladne za uzrast od 24 mjeseci.",False
"Dobar dan, koje su preporuke za kupanje novorođenčeta?",False
"Zanima me sljedeće: beba se guši i ne može doći do daha?",True
"Brinem se jer koliko dugo obično traje faza kolika.",False
"Molim savjet - da li je u redu da beba spava na stomaku uz nadzor.",False
"Dobar dan, koliko puta dnevno treba mijenjati pelene?",False
"Imam pitanje: dijete je progutalo nešto strano ili moguć otrov?",True
"Da li je normalno da beba puno spava tokom dana, šta da radim?",False
"Poštovani doktore, kako naučiti bebu da spava cijelu noć?",False
"Brinem se jer temperatura ne pada ni nakon lijeka već satima.",True
"Treba mi savjet doktora: kako naučiti bebu da spava cijelu noć.",False
"Da li je u redu da beba spava na stomaku uz nadzor, šta da radim?",False
"Dobar dan, koje su preporuke za kupanje novorođenčeta?",False
"Poštovani doktore, kada se preporučuje prva redovna vakcina?",False
"Dijete ne diše normalno i teško hvata zrak, šta da radim?",True
"Molim savjet - beba je pala i sada povraća i jako je pospana.",True
"Molim savjet - beba ima visoku temperaturu preko 39 stepeni.",True
"Koje vitamine treba davati bebi?",False
"Koje su preporuke za prve cipelice?",False
"Beba ne mokri više od 8 sati?",True
"Koliko brzo bi trebalo beba da dobija na težini, šta da radim?",False
"Molim savjet - kako naučiti bebu da spava cijelu noć.",False
"Poštovani doktore, koliko brzo bi trebalo beba da dobija na težini?",False
"Molim savjet - kada se preporučuje prva redovna vakcina.",False
"Dijete diše veoma brzo i teško, šta da radim?",True
"Dijete je dobilo grčeve/konvulzije. Šta mi savjetujete?",True
"Poštovani doktore, kada se preporučuje prva redovna vakcina?",False
"Molim savjet - novorođenče odbija svaki obrok i letargično je.",True
"Usne i koža oko usta su mu/joj modre, šta da radim?",True
"Molim savjet - beba jako plače i ne može se smiriti već duže vrijeme.",True
"Koliko brzo bi trebalo beba da dobija na težini, šta da radim?",True
"Novorođenče odbija svaki obrok i letargično je. Šta mi savjetujete?",True
"Zanima me sljedeće: beba ne mokri više od 8 sati?",True
"Zanima me sljedeće: temperatura ne pada ni nakon lijeka već satima?",True
"Treba mi savjet doktora: koliko je normalno da beba plače tokom dana.",False
"Beba povraća bez prestanka već nekoliko sati?",True
"Zanima me sljedeće: da li trebam brinuti ako beba ne voli određenu hranu?",False
"Poštovani doktore, koža oko usta i noktiju izgleda siva?",True
"Dobar dan, dijete je jako pospano i teško ga je probuditi?",True
"Zanima me sljedeće: koje su preporuke za prve cipelice?",False
"Poštovani doktore, beba je pala i sada povraća i jako je pospana?",True
"Treba mi savjet doktora: beba ne mokri više od 8 sati.",True
"Treba mi savjet doktora: da li je normalno da beba puno spava tokom dana.",False
"Poštovani doktore, da li trebam brinuti ako beba ne voli određenu hranu?",False
"Imam pitanje: beba hripa i uvlači rebra pri disanju?",True
"Imam pitanje: kada se preporučuje prva redovna vakcina?",True
"Molim savjet - dijete ne diše normalno i teško hvata zrak.",True
"Beba ima ukočen vrat i ne podnosi svjetlo. Šta mi savjetujete?",True
"Kako izgleda zdrav ritam hranjenja za uzrast od 18 mjeseci. Šta mi savjetujete?",False
"Imam pitanje: kako pripremiti bebu za prvi izlet vani?",False
"Brinem se jer beba se guši i ne može doći do daha.",True
"Zanima me sljedeće: beba povraća bez prestanka već nekoliko sati?",True
"Treba mi savjet doktora: da li je normalno da beba puno spava tokom dana.",False
"Treba mi savjet doktora: da li je normalno da beba puno spava tokom dana.",False
"Dijete ne diše normalno i teško hvata zrak?",True
"Koliko dugo obično traje faza kolika, šta da radim?",False
"Treba mi savjet doktora: da li trebam brinuti ako beba ne voli određenu hranu.",False
"Zanima me sljedeće: dijete se opeklo i koža je jako crvena i mjehuri se?",True
"Dobar dan, beba je pala i sada povraća i jako je pospana?",True
"Molim savjet - beba je pala i sada povraća i jako je pospana.",False
"Dobar dan, koža bebe je postala jako blijeda ili žuta?",True
"Usne i koža oko usta su mu/joj modre. Šta mi savjetujete?",True
"Molim savjet - koja hrana je najbolja za uvođenje u ishranu.",False
"Koliko puta dnevno treba mijenjati pelene?",False
"Poštovani doktore, kada se preporučuje prva redovna vakcina?",False
"Imam pitanje: kako pripremiti bebu za prvi izlet vani?",False
"Dijete je dobilo grčeve/konvulzije, šta da radim?",True
"Molim savjet - dijete je na trenutak izgubilo svijest.",True
"Dijete je na trenutak izgubilo svijest, šta da radim?",True
"Treba mi savjet doktora: koje igračke su prikladne za uzrast od 2 mjeseci.",False
"Treba mi savjet doktora: kako pripremiti bebu za prvi izlet vani.",False
"Kako naučiti bebu da spava cijelu noć, šta da radim?",False
"Imam pitanje: koliko je normalno da beba plače tokom dana?",False
"Treba mi savjet doktora: kako pripremiti bebu za prvi izlet vani.",False
"Zanima me sljedeće: dijete je dobilo grčeve/konvulzije?",True
"Zanima me sljedeće: dijete je dobilo grčeve/konvulzije?",True
"Da li je normalno da beba puno spava tokom dana?",False
"Imam pitanje: koja hrana je najbolja za uvođenje u ishranu?",False
"Kada mogu početi sa uvođenjem sokova?",False
"Zanima me sljedeće: beba ima visoku temperaturu preko 39 stepeni?",True
"Molim savjet - beba ne mokri više od 8 sati.",True
"Koja hrana je najbolja za uvođenje u ishranu. Šta mi savjetujete?",False
"Dobar dan, kada mogu očekivati da beba počne sjediti sama?",False
"Kada mogu očekivati da beba počne sjediti sama, šta da radim?",False
"Poštovani doktore, beba ima temperaturu a mlađa je od tri mjeseca?",True
"Zanima me sljedeće: usne i koža oko usta su mu/joj modre?",True
"Koža oko usta i noktiju izgleda siva. Šta mi savjetujete?",True
"Treba mi savjet doktora: beba ima ukočen vrat i ne podnosi svjetlo.",True
"Imam pitanje: beba ne mokri više od 8 sati?",True
"Molim savjet - da li je normalno da beba često podriguje nakon hranjenja.",False
"Imam pitanje: kako uspostaviti stabilnu rutinu spavanja?",False
"Brinem se jer beba povraća bez prestanka već nekoliko sati.",True
"Treba mi savjet doktora: novorođenče odbija svaki obrok i letargično je.",True
"Da li je normalno da beba često podriguje nakon hranjenja, šta da radim?",False
"Imam pitanje: da li je u redu da beba spava na stomaku uz nadzor?",False
"Koliko puta dnevno treba mijenjati pelene?",False
"Poštovani doktore, pojavio se osip koji se brzo širi po tijelu?",True
"Molim savjet - da li je u redu da beba spava na stomaku uz nadzor.",False
"Dijete ne diše normalno i teško hvata zrak?",True
"Novorođenče odbija svaki obrok i letargično je, šta da radim?",True
"Zanima me sljedeće: kako pripremiti bebu za prvi izlet vani?",False
"Brinem se jer dijete je jako pospano i teško ga je probuditi.",True
"Poštovani doktore, dijete je progutalo nešto strano ili moguć otrov?",True
"Molim savjet - da li trebam brinuti ako beba ne voli određenu hranu.",False
"Koje vitamine treba davati bebi?",False
"Dobar dan, kako naučiti bebu da spava cijelu noć?",False
"Dobar dan, dijete je dobilo grčeve/konvulzije?",True
"Dobar dan, koje vitamine treba davati bebi?",False
"Imam pitanje: kada se preporučuje prva redovna vakcina?",False
"Molim savjet - kada mogu početi sa uvođenjem sokova.",False
"Koja hrana je najbolja za uvođenje u ishranu, šta da radim?",False
"Zanima me sljedeće: pojavio se osip koji se brzo širi po tijelu?",True
"Da li je normalno da beba često podriguje nakon hranjenja, šta da radim?",False
"Brinem se jer koje vitamine treba davati bebi.",False
"Poštovani doktore, novorođenče odbija svaki obrok i letargično je?",True
"Molim savjet - beba ima jaku bol u stomaku i ne miče se.",True
"Koje igračke su prikladne za uzrast od 18 mjeseci, šta da radim?",False
"Poštovani doktore, kada mogu početi sa uvođenjem sokova?",False
"Dobar dan, koža bebe je postala jako blijeda ili žuta?",True
"Dijete je progutalo nešto strano ili moguć otrov, šta da radim?",True
"Dobar dan, beba ima visoku temperaturu preko 39 stepeni?",True
"Koliko puta dnevno treba mijenjati pelene. Šta mi savjetujete?",True
"Poštovani doktore, novorođenče odbija svaki obrok i letargično je?",True
"Zanima me sljedeće: kada se preporučuje prva redovna vakcina?",False
"Treba mi savjet doktora: koliko sati sna je normalno za bebu od 18 mjeseci.",False
"Zanima me sljedeće: koliko puta dnevno treba mijenjati pelene?",True
"Imam pitanje: koje su preporuke za kupanje novorođenčeta?",False
"Koje su preporuke za kupanje novorođenčeta. Šta mi savjetujete?",False
"Poštovani doktore, koja hrana je najbolja za uvođenje u ishranu?",False
"Imam pitanje: dijete je na trenutak izgubilo svijest?",True
"Dijete je dobilo grčeve/konvulzije, šta da radim?",True
"Treba mi savjet doktora: beba ima ukočen vrat i ne podnosi svjetlo.",True
"Koliko je normalno da beba plače tokom dana. Šta mi savjetujete?",False
"Koliko brzo bi trebalo beba da dobija na težini?",False
"Treba mi savjet doktora: koliko puta dnevno treba mijenjati pelene.",False
"Poštovani doktore, koliko brzo bi trebalo beba da dobija na težini?",False
"Poštovani doktore, beba jako plače i ne može se smiriti već duže vrijeme?",True
"Imam pitanje: kada mogu početi sa uvođenjem sokova?",False
"Dobar dan, da li je u redu da beba spava na stomaku uz nadzor?",False
"Koliko sati sna je normalno za bebu od 4 mjeseci?",False
"Kako naučiti bebu da spava cijelu noć. Šta mi savjetujete?",False
"Zanima me sljedeće: koja hrana je najbolja za uvođenje u ishranu?",False
"Zanima me sljedeće: temperatura ne pada ni nakon lijeka već satima?",True
"Novorođenče odbija svaki obrok i letargično je. Šta mi savjetujete?",True
"Kako uspostaviti stabilnu rutinu spavanja?",False
"Dijete je na trenutak izgubilo svijest?",True
"Poštovani doktore, da li je normalno da beba puno spava tokom dana?",False
"Treba mi savjet doktora: koje su preporuke za prve cipelice.",False
"Koža oko usta i noktiju izgleda siva. Šta mi savjetujete?",True
"Poštovani doktore, koja hrana je najbolja za uvođenje u ishranu?",False
"Imam pitanje: kako izgleda zdrav ritam hranjenja za uzrast od 24 mjeseci?",False
"Molim savjet - beba jako plače i ne može se smiriti već duže vrijeme.",True
"Beba ima jaku bol u stomaku i ne miče se, šta da radim?",True
"Imam pitanje: kada mogu početi sa uvođenjem sokova?",False
"Poštovani doktore, beba se guši i ne može doći do daha?",True
"Imam pitanje: beba hripa i uvlači rebra pri disanju?",True
"Zanima me sljedeće: da li je normalno da beba puno spava tokom dana?",False
"Koje su preporuke za kupanje novorođenčeta. Šta mi savjetujete?",False
"Dobar dan, beba povraća bez prestanka već nekoliko sati?",True
"Dobar dan, da li trebam brinuti ako beba ne voli određenu hranu?",False
"Molim savjet - dijete je na trenutak izgubilo svijest.",True
"Molim savjet - koje vitamine treba davati bebi.",False
"Imam pitanje: dijete se opeklo i koža je jako crvena i mjehuri se?",True
"Dijete je jako pospano i teško ga je probuditi?",True
"Brinem se jer koža bebe je postala jako blijeda ili žuta.",True
"Kada se preporučuje prva redovna vakcina?",False
"Pojavio se osip koji se brzo širi po tijelu, šta da radim?",True
"Dobar dan, kako izgleda zdrav ritam hranjenja za uzrast od 2 mjeseci?",False
"Molim savjet - beba ima jaku bol u stomaku i ne miče se.",True
"Beba ima temperaturu a mlađa je od tri mjeseca?",True
"Beba ima temperaturu a mlađa je od tri mjeseca, šta da radim?",True
"Treba mi savjet doktora: kako uspostaviti stabilnu rutinu spavanja.",False
"Koje su preporuke za kupanje novorođenčeta?",False
"Treba mi savjet doktora: kada mogu početi sa uvođenjem sokova.",False
"Zanima me sljedeće: kada mogu očekivati da beba počne sjediti sama?",False
"Dobar dan, koje vitamine treba davati bebi?",False
"Imam pitanje: beba ima ukočen vrat i ne podnosi svjetlo?",False
"Kako izgleda zdrav ritam hranjenja za uzrast od 14 mjeseci. Šta mi savjetujete?",True
"Treba mi savjet doktora: kada beba počinje jesti čvrstu hranu.",False
"Poštovani doktore, kada mogu početi sa uvođenjem sokova?",False
"Molim savjet - beba povraća bez prestanka već nekoliko sati.",True
"Poštovani doktore, temperatura ne pada ni nakon lijeka već satima?",False
"Zanima me sljedeće: primijetila sam krv u stolici kod bebe?",True
"Dijete je na trenutak izgubilo svijest?",True
"Koliko puta dnevno treba mijenjati pelene, šta da radim?",False
"Kako izgleda zdrav ritam hranjenja za uzrast od 13 mjeseci. Šta mi savjetujete?",False
"Kako naučiti bebu da spava cijelu noć?",False
"Imam pitanje: da li je u redu da beba spava na stomaku uz nadzor?",False
"Pojavio se osip koji se brzo širi po tijelu. Šta mi savjetujete?",True
"Poštovani doktore, kada mogu početi sa uvođenjem sokova?",False
"Molim savjet - kako uspostaviti stabilnu rutinu spavanja.",False
"Dobar dan, dijete je na trenutak izgubilo svijest?",True
"Beba ima visoku temperaturu preko 39 stepeni. Šta mi savjetujete?",True
"Koje igračke su prikladne za uzrast od 9 mjeseci. Šta mi savjetujete?",False
"Beba povraća bez prestanka već nekoliko sati. Šta mi savjetujete?",True
"Brinem se jer beba ima jaku bol u stomaku i ne miče se.",True
"Zanima me sljedeće: koliko je normalno da beba plače tokom dana?",True
"Poštovani doktore, beba je pala i sada povraća i jako je pospana?",True
"Poštovani doktore, beba povraća bez prestanka već nekoliko sati?",True
"Brinem se jer beba povraća bez prestanka već nekoliko sati.",True
"Poštovani doktore, koža bebe je postala jako blijeda ili žuta?",True
"Treba mi savjet doktora: koliko puta dnevno treba mijenjati pelene.",False
"Zanima me sljedeće: beba ne mokri više od 8 sati?",True
"Poštovani doktore, kada beba obično počinje govoriti prve riječi?",False
"Dijete je dobilo grčeve/konvulzije. Šta mi savjetujete?",True
"Beba povraća bez prestanka već nekoliko sati, šta da radim?",True
"Treba mi savjet doktora: beba ima ukočen vrat i ne podnosi svjetlo.",True
"Beba ima temperaturu a mlađa je od tri mjeseca, šta da radim?",True
"Dobar dan, beba je pala i sada povraća i jako je pospana?",True
"Molim savjet - koliko dugo obično traje faza kolika.",False
"Poštovani doktore, primijetila sam krv u stolici kod bebe?",True
"Zanima me sljedeće: primijetila sam krv u stolici kod bebe?",True
"Poštovani doktore, beba povraća bez prestanka već nekoliko sati?",True
"Molim savjet - beba ima visoku temperaturu preko 39 stepeni.",True
"Brinem se jer koje igračke su prikladne za uzrast od 10 mjeseci.",False
"Dobar dan, da li je u redu koristiti cuclu?",False
"Treba mi savjet doktora: koje vitamine treba davati bebi.",False
"Poštovani doktore, kada je vrijeme za prvu posjetu zubaru?",False
"Zanima me sljedeće: dijete ne diše normalno i teško hvata zrak?",True
"Beba hripa i uvlači rebra pri disanju. Šta mi savjetujete?",True
"Poštovani doktore, da li je u redu koristiti cuclu?",False
"Imam pitanje: dijete je na trenutak izgubilo svijest?",True
"Poštovani doktore, koje vitamine treba davati bebi?",False
"Da li je normalno da beba puno spava tokom dana?",False
"Dobar dan, dijete diše veoma brzo i teško?",True
"Poštovani doktore, koje su preporuke za prve cipelice?",False
"Poštovani doktore, kada se preporučuje prva redovna vakcina?",False
"Imam pitanje: beba hripa i uvlači rebra pri disanju?",True
"Molim savjet - pojavio se osip koji se brzo širi po tijelu.",False
"Dobar dan, kada mogu početi sa uvođenjem sokova?",False
"Treba mi savjet doktora: pojavio se osip koji se brzo širi po tijelu.",True
"Brinem se jer kada se preporučuje prva redovna vakcina.",False
"Brinem se jer temperatura ne pada ni nakon lijeka već satima.",True
"Imam pitanje: beba se guši i ne može doći do daha?",True
"Kada je vrijeme za prvu posjetu zubaru. Šta mi savjetujete?",False
"Dobar dan, koliko brzo bi trebalo beba da dobija na težini?",False
"Zanima me sljedeće: koliko je normalno da beba plače tokom dana?",False
"Treba mi savjet doktora: beba ne mokri više od 8 sati.",True
"Brinem se jer koja hrana je najbolja za uvođenje u ishranu.",False
"Imam pitanje: koliko sati sna je normalno za bebu od 3 mjeseci?",False
"Koje su preporuke za kupanje novorođenčeta. Šta mi savjetujete?",False
"Imam pitanje: beba ne mokri više od 8 sati?",True
"Zanima me sljedeće: koža oko usta i noktiju izgleda siva?",True
"Kako izgleda zdrav ritam hranjenja za uzrast od 7 mjeseci, šta da radim?",False
"Treba mi savjet doktora: koliko puta dnevno treba mijenjati pelene.",False
"Koliko puta dnevno treba mijenjati pelene, šta da radim?",False
"Brinem se jer kako pripremiti bebu za prvi izlet vani.",False
"Molim savjet - dijete ne diše normalno i teško hvata zrak.",True
"Poštovani doktore, kada beba obično počinje govoriti prve riječi?",False
"Beba ima visoku temperaturu preko 39 stepeni. Šta mi savjetujete?",True
"Koliko brzo bi trebalo beba da dobija na težini?",False
"Brinem se jer primijetila sam krv u stolici kod bebe.",True
"Brinem se jer beba povraća bez prestanka već nekoliko sati.",True
"Imam pitanje: koje su preporuke za kupanje novorođenčeta?",False
"Da li je u redu koristiti cuclu?",False
"Zanima me sljedeće: dijete se opeklo i koža je jako crvena i mjehuri se?",True
"Brinem se jer koliko brzo bi trebalo beba da dobija na težini.",False
"Kada mogu očekivati da beba počne sjediti sama. Šta mi savjetujete?",False
"Poštovani doktore, beba hripa i uvlači rebra pri disanju?",True
"Brinem se jer da li je u redu koristiti cuclu.",False
"Dobar dan, kako pripremiti bebu za prvi izlet vani?",False
"Molim savjet - novorođenče odbija svaki obrok i letargično je.",True
"Kada mogu početi sa uvođenjem sokova, šta da radim?",False
"Da li je normalno da beba često podriguje nakon hranjenja?",False
"Beba ne mokri više od 8 sati?",True
"Imam pitanje: beba jako plače i ne može se smiriti već duže vrijeme?",True
"Zanima me sljedeće: koža bebe je postala jako blijeda ili žuta?",True
"Dobar dan, da li trebam brinuti ako beba ne voli određenu hranu?",False
"Treba mi savjet doktora: beba jako plače i ne može se smiriti već duže vrijeme.",True
"Imam pitanje: dijete je dobilo grčeve/konvulzije?",True
"Koliko sati sna je normalno za bebu od 12 mjeseci, šta da radim?",False
"Poštovani doktore, beba ne mokri više od 8 sati?",True
"Dobar dan, koje su preporuke za prve cipelice?",False
"Poštovani doktore, dijete je jako pospano i teško ga je probuditi?",True
"Dobar dan, da li je normalno da beba puno spava tokom dana?",False
"Poštovani doktore, da li je normalno da beba puno spava tokom dana?",False
"Dobar dan, temperatura ne pada ni nakon lijeka već satima?",True
"Beba se guši i ne može doći do daha, šta da radim?",True
"Da li je normalno da beba puno spava tokom dana, šta da radim?",False
"Molim savjet - dijete je progutalo nešto strano ili moguć otrov.",True
"Treba mi savjet doktora: kako izgleda zdrav ritam hranjenja za uzrast od 2 mjeseci.",False
"Imam pitanje: koliko puta dnevno treba mijenjati pelene?",False
"Kako izgleda zdrav ritam hranjenja za uzrast od 2 mjeseci, šta da radim?",False
"Dijete je progutalo nešto strano ili moguć otrov. Šta mi savjetujete?",True
"Dobar dan, beba je pala i sada povraća i jako je pospana?",True
"Brinem se jer dijete ne diše normalno i teško hvata zrak.",True
"Beba povraća bez prestanka već nekoliko sati. Šta mi savjetujete?",True
"Molim savjet - pojavio se osip koji se brzo širi po tijelu.",True
"Brinem se jer kada je vrijeme za prvu posjetu zubaru.",False
"Brinem se jer kada beba obično počinje govoriti prve riječi.",False
"Poštovani doktore, koje su preporuke za prve cipelice?",False
"Koje igračke su prikladne za uzrast od 14 mjeseci, šta da radim?",False
"Zanima me sljedeće: kada beba počinje jesti čvrstu hranu?",False
"Molim savjet - dijete je na trenutak izgubilo svijest.",True
"Brinem se jer kako izgleda zdrav ritam hranjenja za uzrast od 5 mjeseci.",False
"Primijetila sam krv u povraćanju kod bebe, šta da radim?",True
"Imam pitanje: kada mogu očekivati da beba počne sjediti sama?",False
"Molim savjet - dijete ne diše normalno i teško hvata zrak.",True
"Imam pitanje: dijete se opeklo i koža je jako crvena i mjehuri se?",True
"Molim savjet - kako izgleda zdrav ritam hranjenja za uzrast od 5 mjeseci.",False
"Zanima me sljedeće: koje su preporuke za kupanje novorođenčeta?",False
"Dobar dan, kada mogu početi sa uvođenjem sokova?",False
"Zanima me sljedeće: kada mogu očekivati da beba počne sjediti sama?",False
"Koliko brzo bi trebalo beba da dobija na težini, šta da radim?",False
"Beba jako plače i ne može se smiriti već duže vrijeme, šta da radim?",True
"Molim savjet - kako izgleda zdrav ritam hranjenja za uzrast od 18 mjeseci.",False
"Poštovani doktore, beba ima jaku bol u stomaku i ne miče se?",True
"Treba mi savjet doktora: beba ima jaku bol u stomaku i ne miče se.",True
"Da li trebam brinuti ako beba ne voli određenu hranu, šta da radim?",True
"Zanima me sljedeće: koliko sati sna je normalno za bebu od 20 mjeseci?",False
"Poštovani doktore, usne i koža oko usta su mu/joj modre?",True
"Brinem se jer beba ima visoku temperaturu preko 39 stepeni.",True
"Brinem se jer kada beba počinje jesti čvrstu hranu.",False
"Treba mi savjet doktora: beba jako plače i ne može se smiriti već duže vrijeme.",True
"Treba mi savjet doktora: beba ima jaku bol u stomaku i ne miče se.",True
"Dobar dan, koje igračke su prikladne za uzrast od 22 mjeseci?",False
"Kada beba počinje jesti čvrstu hranu, šta da radim?",False
"Brinem se jer primijetila sam krv u stolici kod bebe.",True
"Treba mi savjet doktora: koža oko usta i noktiju izgleda siva.",True
"Zanima me sljedeće: dijete je na trenutak izgubilo svijest?",True
"Poštovani doktore, primijetila sam krv u stolici kod bebe?",True
"Zanima me sljedeće: beba hripa i uvlači rebra pri disanju?",True
"Molim savjet - beba hripa i uvlači rebra pri disanju.",True
"Poštovani doktore, kada beba obično počinje govoriti prve riječi?",False
"Dobar dan, kada beba počinje jesti čvrstu hranu?",False
"Treba mi savjet doktora: koža bebe je postala jako blijeda ili žuta.",True
"Koliko dugo obično traje faza kolika, šta da radim?",False
"Brinem se jer koliko sati sna je normalno za bebu od 10 mjeseci.",False
"Zanima me sljedeće: pojavio se osip koji se brzo širi po tijelu?",True
"Kako naučiti bebu da spava cijelu noć, šta da radim?",False
"Da li je u redu koristiti cuclu?",False
"Dijete je jako pospano i teško ga je probuditi?",True
"Poštovani doktore, da li je u redu da beba spava na stomaku uz nadzor?",False
"Zanima me sljedeće: kada se preporučuje prva redovna vakcina?",False
"Da li je normalno da beba često podriguje nakon hranjenja, šta da radim?",False
"Koža oko usta i noktiju izgleda siva, šta da radim?",True
"Molim savjet - koje su preporuke za kupanje novorođenčeta.",False
"Imam pitanje: kako pripremiti bebu za prvi izlet vani?",False
"Molim savjet - dijete je progutalo nešto strano ili moguć otrov.",True
"Dobar dan, pojavio se osip koji se brzo širi po tijelu?",True
"Koliko brzo bi trebalo beba da dobija na težini. Šta mi savjetujete?",False
"Kako izgleda zdrav ritam hranjenja za uzrast od 3 mjeseci, šta da radim?",False
"Brinem se jer koje su preporuke za kupanje novorođenčeta.",False
"Dijete je dobilo grčeve/konvulzije, šta da radim?",True
"Imam pitanje: beba ima jaku bol u stomaku i ne miče se?",True
"Dijete je na trenutak izgubilo svijest?",True
"Dobar dan, kada beba obično počinje govoriti prve riječi?",False
"Treba mi savjet doktora: beba ima visoku temperaturu preko 39 stepeni.",True
"Treba mi savjet doktora: da li je normalno da beba puno spava tokom dana.",False
"Treba mi savjet doktora: koliko brzo bi trebalo beba da dobija na težini.",False
"Imam pitanje: kako izgleda zdrav ritam hranjenja za uzrast od 14 mjeseci?",False
"Koje vitamine treba davati bebi?",False
"Dobar dan, dijete je na trenutak izgubilo svijest?",True
"Zanima me sljedeće: da li je normalno da beba puno spava tokom dana?",False
"Primijetila sam krv u povraćanju kod bebe. Šta mi savjetujete?",True
"Koje su preporuke za kupanje novorođenčeta. Šta mi savjetujete?",False
"Primijetila sam krv u stolici kod bebe, šta da radim?",True
"Dijete se opeklo i koža je jako crvena i mjehuri se, šta da radim?",True
"Molim savjet - koliko je normalno da beba plače tokom dana.",False
"Brinem se jer koje vitamine treba davati bebi.",False
"Poštovani doktore, koža bebe je postala jako blijeda ili žuta?",True
"Koliko sati sna je normalno za bebu od 11 mjeseci?",False
"Molim savjet - beba se guši i ne može doći do daha.",True
"Zanima me sljedeće: da li je u redu koristiti cuclu?",False
"Imam pitanje: dijete se opeklo i koža je jako crvena i mjehuri se?",True
"Beba je pala i sada povraća i jako je pospana, šta da radim?",True
"Treba mi savjet doktora: dijete ne diše normalno i teško hvata zrak.",True
"Imam pitanje: kako izgleda zdrav ritam hranjenja za uzrast od 9 mjeseci?",False
"Molim savjet - koje vitamine treba davati bebi.",False
"Imam pitanje: koliko brzo bi trebalo beba da dobija na težini?",False
"Koliko sati sna je normalno za bebu od 8 mjeseci?",False
"Beba ima temperaturu a mlađa je od tri mjeseca?",True
"Molim savjet - da li je normalno da beba puno spava tokom dana.",False
"Dijete je jako pospano i teško ga je probuditi?",True
"Brinem se jer beba se guši i ne može doći do daha.",True
"Koja hrana je najbolja za uvođenje u ishranu?",False
"Poštovani doktore, koja hrana je najbolja za uvođenje u ishranu?",False
"Imam pitanje: koža oko usta i noktiju izgleda siva?",True
"Beba se guši i ne može doći do daha, šta da radim?",True
"Poštovani doktore, dijete je na trenutak izgubilo svijest?",True
"Imam pitanje: beba ne mokri više od 8 sati?",True
"Poštovani doktore, kada je vrijeme za prvu posjetu zubaru?",False
"Imam pitanje: kada beba obično počinje govoriti prve riječi?",False
"Imam pitanje: temperatura ne pada ni nakon lijeka već satima?",True
"Treba mi savjet doktora: dijete je progutalo nešto strano ili moguć otrov.",True
"Temperatura ne pada ni nakon lijeka već satima?",True
"Dobar dan, da li je u redu da beba spava na stomaku uz nadzor?",False
"Imam pitanje: usne i koža oko usta su mu/joj modre?",True
"Treba mi savjet doktora: dijete je dobilo grčeve/konvulzije.",True
"Imam pitanje: koliko sati sna je normalno za bebu od 24 mjeseci?",False
"Brinem se jer koliko sati sna je normalno za bebu od 22 mjeseci.",False
"Treba mi savjet doktora: da li je normalno da beba puno spava tokom dana.",False
"Temperatura ne pada ni nakon lijeka već satima, šta da radim?",True
"Dijete je jako pospano i teško ga je probuditi. Šta mi savjetujete?",True
"Beba hripa i uvlači rebra pri disanju. Šta mi savjetujete?",True
"Molim savjet - primijetila sam krv u povraćanju kod bebe.",True
"Molim savjet - koje su preporuke za kupanje novorođenčeta.",False
"Dobar dan, kada je vrijeme za prvu posjetu zubaru?",False
"Da li trebam brinuti ako beba ne voli određenu hranu?",False
"Treba mi savjet doktora: novorođenče odbija svaki obrok i letargično je.",True
"Dobar dan, beba jako plače i ne može se smiriti već duže vrijeme?",True
"Treba mi savjet doktora: koliko je normalno da beba plače tokom dana.",False
"Dobar dan, kako naučiti bebu da spava cijelu noć?",False
"Beba ima jaku bol u stomaku i ne miče se?",True
"Treba mi savjet doktora: primijetila sam krv u povraćanju kod bebe.",True
"Brinem se jer beba ima ukočen vrat i ne podnosi svjetlo.",True
"Poštovani doktore, beba ima temperaturu a mlađa je od tri mjeseca?",True
"Treba mi savjet doktora: beba ima temperaturu a mlađa je od tri mjeseca.",True
"Dobar dan, koliko puta dnevno treba mijenjati pelene?",False
"Imam pitanje: dijete diše veoma brzo i teško?",True
"Imam pitanje: kako pripremiti bebu za prvi izlet vani?",False
"Zanima me sljedeće: beba ima jaku bol u stomaku i ne miče se?",True
"Dijete je progutalo nešto strano ili moguć otrov. Šta mi savjetujete?",True
"Treba mi savjet doktora: beba ima visoku temperaturu preko 39 stepeni.",True
"Koliko dugo obično traje faza kolika?",False
"Koja hrana je najbolja za uvođenje u ishranu. Šta mi savjetujete?",False
"Poštovani doktore, koliko sati sna je normalno za bebu od 21 mjeseci?",False
"Kada mogu početi sa uvođenjem sokova, šta da radim?",False
"Kada mogu početi sa uvođenjem sokova, šta da radim?",False
"Brinem se jer beba ima ukočen vrat i ne podnosi svjetlo.",True
"Zanima me sljedeće: dijete diše veoma brzo i teško?",True
"Dijete je jako pospano i teško ga je probuditi. Šta mi savjetujete?",True
"Beba je pala i sada povraća i jako je pospana. Šta mi savjetujete?",True
"Zanima me sljedeće: dijete diše veoma brzo i teško?",True
"Molim savjet - dijete ne diše normalno i teško hvata zrak.",True
"Imam pitanje: koja hrana je najbolja za uvođenje u ishranu?",False
"Dobar dan, novorođenče odbija svaki obrok i letargično je?",True
"Treba mi savjet doktora: koža bebe je postala jako blijeda ili žuta.",True
"Dijete diše veoma brzo i teško. Šta mi savjetujete?",True
"Molim savjet - beba ima temperaturu a mlađa je od tri mjeseca.",True
"Treba mi savjet doktora: kada se preporučuje prva redovna vakcina.",False
"Treba mi savjet doktora: beba ima ukočen vrat i ne podnosi svjetlo.",True
"Zanima me sljedeće: temperatura ne pada ni nakon lijeka već satima?",True
"Dijete se opeklo i koža je jako crvena i mjehuri se. Šta mi savjetujete?",True
"Treba mi savjet doktora: koliko sati sna je normalno za bebu od 3 mjeseci.",False
"Zanima me sljedeće: koja hrana je najbolja za uvođenje u ishranu?",False
"Molim savjet - kako uspostaviti stabilnu rutinu spavanja.",False
"Temperatura ne pada ni nakon lijeka već satima. Šta mi savjetujete?",True
"Zanima me sljedeće: da li je u redu koristiti cuclu?",False
"Poštovani doktore, koliko sati sna je normalno za bebu od 13 mjeseci?",False
"Poštovani doktore, koža bebe je postala jako blijeda ili žuta?",True
"Brinem se jer da li je u redu koristiti cuclu.",False
"Dobar dan, koje igračke su prikladne za uzrast od 23 mjeseci?",False
"Kada mogu očekivati da beba počne sjediti sama. Šta mi savjetujete?",False
"Molim savjet - kada mogu očekivati da beba počne sjediti sama.",False
"Imam pitanje: koliko puta dnevno treba mijenjati pelene?",False
"Imam pitanje: koliko brzo bi trebalo beba da dobija na težini?",False
"Koža bebe je postala jako blijeda ili žuta. Šta mi savjetujete?",True
"Molim savjet - da li je normalno da beba često podriguje nakon hranjenja.",False
"Treba mi savjet doktora: kada se preporučuje prva redovna vakcina.",False
"Poštovani doktore, da li trebam brinuti ako beba ne voli određenu hranu?",False
"Dobar dan, beba povraća bez prestanka već nekoliko sati?",True
"Treba mi savjet doktora: koje vitamine treba davati bebi.",False
"Treba mi savjet doktora: dijete se opeklo i koža je jako crvena i mjehuri se.",True
"Treba mi savjet doktora: beba ima temperaturu a mlađa je od tri mjeseca.",True
"Molim savjet - koja hrana je najbolja za uvođenje u ishranu.",False
"Beba se guši i ne može doći do daha?",True
"Dobar dan, da li je u redu koristiti cuclu?",False
"Dobar dan, primijetila sam krv u povraćanju kod bebe?",True
"Usne i koža oko usta su mu/joj modre. Šta mi savjetujete?",True
"Kada je vrijeme za prvu posjetu zubaru, šta da radim?",False
"Treba mi savjet doktora: da li je normalno da beba puno spava tokom dana.",False
"Treba mi savjet doktora: koliko dugo obično traje faza kolika.",False
"Kako naučiti bebu da spava cijelu noć. Šta mi savjetujete?",False
"Poštovani doktore, koliko je normalno da beba plače tokom dana?",False
"Brinem se jer dijete ne diše normalno i teško hvata zrak.",True
"Dobar dan, koje igračke su prikladne za uzrast od 18 mjeseci?",False
"Treba mi savjet doktora: koža bebe je postala jako blijeda ili žuta.",True
"Zanima me sljedeće: dijete je na trenutak izgubilo svijest?",True
"Koliko brzo bi trebalo beba da dobija na težini. Šta mi savjetujete?",False
"Treba mi savjet doktora: koliko sati sna je normalno za bebu od 2 mjeseci.",True
"Treba mi savjet doktora: kada beba počinje jesti čvrstu hranu.",False
"Dobar dan, kada je vrijeme za prvu posjetu zubaru?",False
"Kako pripremiti bebu za prvi izlet vani, šta da radim?",False
"Beba ima visoku temperaturu preko 39 stepeni. Šta mi savjetujete?",True
"Molim savjet - beba je pala i sada povraća i jako je pospana.",True
"Dobar dan, kada beba počinje jesti čvrstu hranu?",False
"Dobar dan, beba ima visoku temperaturu preko 39 stepeni?",True
"Beba hripa i uvlači rebra pri disanju. Šta mi savjetujete?",True
"Imam pitanje: beba se guši i ne može doći do daha?",True
"Poštovani doktore, beba hripa i uvlači rebra pri disanju?",True
"Dobar dan, da li trebam brinuti ako beba ne voli određenu hranu?",False
"Koliko dugo obično traje faza kolika, šta da radim?",False
"Zanima me sljedeće: da li je normalno da beba puno spava tokom dana?",False
"Dobar dan, kako pripremiti bebu za prvi izlet vani?",False
"Brinem se jer kako uspostaviti stabilnu rutinu spavanja.",False
"Molim savjet - dijete je progutalo nešto strano ili moguć otrov.",True
"Zanima me sljedeće: koliko brzo bi trebalo beba da dobija na težini?",False
"Dobar dan, koje igračke su prikladne za uzrast od 11 mjeseci?",False
"Zanima me sljedeće: kada beba počinje jesti čvrstu hranu?",False
"Koliko brzo bi trebalo beba da dobija na težini. Šta mi savjetujete?",False
"Poštovani doktore, dijete se opeklo i koža je jako crvena i mjehuri se?",True
"Dijete je progutalo nešto strano ili moguć otrov, šta da radim?",True
"Treba mi savjet doktora: kada mogu očekivati da beba počne sjediti sama.",False
"Koliko puta dnevno treba mijenjati pelene, šta da radim?",False
"Brinem se jer koja hrana je najbolja za uvođenje u ishranu.",False
"Kako uspostaviti stabilnu rutinu spavanja. Šta mi savjetujete?",False
"Zanima me sljedeće: beba se guši i ne može doći do daha?",True
"Poštovani doktore, koje su preporuke za prve cipelice?",False
"Usne i koža oko usta su mu/joj modre, šta da radim?",True
"Poštovani doktore, koliko dugo obično traje faza kolika?",False
"Treba mi savjet doktora: koža oko usta i noktiju izgleda siva.",True
"Brinem se jer dijete je dobilo grčeve/konvulzije.",True
"Imam pitanje: beba jako plače i ne može se smiriti već duže vrijeme?",True
"Molim savjet - da li je normalno da beba često podriguje nakon hranjenja.",False
"Dobar dan, da li je u redu da beba spava na stomaku uz nadzor?",False
"Koje vitamine treba davati bebi. Šta mi savjetujete?",False
"Zanima me sljedeće: kada beba počinje jesti čvrstu hranu?",False
"Treba mi savjet doktora: koje igračke su prikladne za uzrast od 8 mjeseci.",False
"Beba se guši i ne može doći do daha, šta da radim?",True
"Kako uspostaviti stabilnu rutinu spavanja. Šta mi savjetujete?",False
"Dobar dan, dijete se opeklo i koža je jako crvena i mjehuri se?",True
"Imam pitanje: koliko je normalno da beba plače tokom dana?",False
"Molim savjet - koliko dugo obično traje faza kolika.",False
"Dijete je na trenutak izgubilo svijest, šta da radim?",True
"Zanima me sljedeće: koliko je normalno da beba plače tokom dana?",False
"Dobar dan, kako naučiti bebu da spava cijelu noć?",False
"Imam pitanje: beba povraća bez prestanka već nekoliko sati?",True
"Koliko puta dnevno treba mijenjati pelene. Šta mi savjetujete?",False
"Brinem se jer koliko brzo bi trebalo beba da dobija na težini.",False
"Brinem se jer usne i koža oko usta su mu/joj modre.",True
"Kako pripremiti bebu za prvi izlet vani. Šta mi savjetujete?",False
"Imam pitanje: kako uspostaviti stabilnu rutinu spavanja?",False
"Brinem se jer dijete je progutalo nešto strano ili moguć otrov.",True
"Molim savjet - da li je normalno da beba puno spava tokom dana.",False
"Imam pitanje: kada se preporučuje prva redovna vakcina?",False
"Brinem se jer beba se guši i ne može doći do daha.",True
"Da li je u redu koristiti cuclu, šta da radim?",False
"Da li je normalno da beba puno spava tokom dana, šta da radim?",False
"Poštovani doktore, dijete diše veoma brzo i teško?",True
"Zanima me sljedeće: dijete se opeklo i koža je jako crvena i mjehuri se?",True
"Dijete je na trenutak izgubilo svijest, šta da radim?",True
"Primijetila sam krv u stolici kod bebe?",True
"Molim savjet - koje vitamine treba davati bebi.",False
"Koje igračke su prikladne za uzrast od 4 mjeseci. Šta mi savjetujete?",False
"Da li je u redu da beba spava na stomaku uz nadzor?",False
"Zanima me sljedeće: temperatura ne pada ni nakon lijeka već satima?",True
"Poštovani doktore, beba ima visoku temperaturu preko 39 stepeni?",True
"Dobar dan, dijete je progutalo nešto strano ili moguć otrov?",True
"Beba je pala i sada povraća i jako je pospana?",True
"Koje su preporuke za prve cipelice, šta da radim?",False
"Koža oko usta i noktiju izgleda siva. Šta mi savjetujete?",True
"Koje su preporuke za prve cipelice, šta da radim?",False
"Brinem se jer koliko brzo bi trebalo beba da dobija na težini.",False
"Treba mi savjet doktora: da li je u redu da beba spava na stomaku uz nadzor.",False
"Beba ima ukočen vrat i ne podnosi svjetlo?",True
"Kada mogu očekivati da beba počne sjediti sama. Šta mi savjetujete?",False
"Treba mi savjet doktora: usne i koža oko usta su mu/joj modre.",False
"Dijete je jako pospano i teško ga je probuditi. Šta mi savjetujete?",True
"Dijete diše veoma brzo i teško, šta da radim?",True
"Dobar dan, kada se preporučuje prva redovna vakcina?",False
"Molim savjet - koja hrana je najbolja za uvođenje u ishranu.",False
"Dobar dan, kada mogu očekivati da beba počne sjediti sama?",False
"Dobar dan, usne i koža oko usta su mu/joj modre?",True
"Brinem se jer kada je vrijeme za prvu posjetu zubaru.",False
"Koža bebe je postala jako blijeda ili žuta, šta da radim?",True
"Dobar dan, primijetila sam krv u stolici kod bebe?",True
"Poštovani doktore, dijete je jako pospano i teško ga je probuditi?",True
"Imam pitanje: beba ne mokri više od 8 sati?",True
"Beba je pala i sada povraća i jako je pospana?",True
"Poštovani doktore, kada je vrijeme za prvu posjetu zubaru?",False
"Koliko puta dnevno treba mijenjati pelene, šta da radim?",False
"Koža oko usta i noktiju izgleda siva. Šta mi savjetujete?",True
"Dobar dan, koja hrana je najbolja za uvođenje u ishranu?",True
"Molim savjet - primijetila sam krv u povraćanju kod bebe.",True
"Pojavio se osip koji se brzo širi po tijelu, šta da radim?",True
"Koje su preporuke za kupanje novorođenčeta?",False
"Brinem se jer temperatura ne pada ni nakon lijeka već satima.",True
"Molim savjet - koja hrana je najbolja za uvođenje u ishranu.",False
"Beba je pala i sada povraća i jako je pospana, šta da radim?",True
"Dijete ne diše normalno i teško hvata zrak?",True
"Dobar dan, beba je pala i sada povraća i jako je pospana?",True
"Poštovani doktore, dijete je progutalo nešto strano ili moguć otrov?",True
"Brinem se jer koja hrana je najbolja za uvođenje u ishranu.",False
"Molim savjet - koža bebe je postala jako blijeda ili žuta.",True
"Dobar dan, koliko dugo obično traje faza kolika?",False
"Kada mogu očekivati da beba počne sjediti sama?",False
"Molim savjet - da li je u redu koristiti cuclu.",False
"Imam pitanje: beba ima ukočen vrat i ne podnosi svjetlo?",True
"Novorođenče odbija svaki obrok i letargično je, šta da radim?",True
"Molim savjet - kako uspostaviti stabilnu rutinu spavanja.",False
"Brinem se jer koje su preporuke za kupanje novorođenčeta.",False
"Da li je normalno da beba često podriguje nakon hranjenja. Šta mi savjetujete?",False
"Imam pitanje: koje vitamine treba davati bebi?",False
"Treba mi savjet doktora: kako pripremiti bebu za prvi izlet vani.",False
"Zanima me sljedeće: kada mogu očekivati da beba počne sjediti sama?",False
"Primijetila sam krv u povraćanju kod bebe, šta da radim?",True
"Molim savjet - koliko brzo bi trebalo beba da dobija na težini.",False
"Beba je pala i sada povraća i jako je pospana, šta da radim?",True
"Da li je normalno da beba puno spava tokom dana?",False
"Brinem se jer koliko dugo obično traje faza kolika.",False
"Beba jako plače i ne može se smiriti već duže vrijeme. Šta mi savjetujete?",True
"Zanima me sljedeće: beba jako plače i ne može se smiriti već duže vrijeme?",True
"Treba mi savjet doktora: kada beba obično počinje govoriti prve riječi.",False
"Molim savjet - beba ima temperaturu a mlađa je od tri mjeseca.",True
"Zanima me sljedeće: beba se guši i ne može doći do daha?",True
"Beba ima visoku temperaturu preko 39 stepeni. Šta mi savjetujete?",True
"Kako izgleda zdrav ritam hranjenja za uzrast od 19 mjeseci. Šta mi savjetujete?",False
"Imam pitanje: koliko sati sna je normalno za bebu od 14 mjeseci?",False
"Poštovani doktore, da li trebam brinuti ako beba ne voli određenu hranu?",False
"Poštovani doktore, koža bebe je postala jako blijeda ili žuta?",True
"Molim savjet - beba ima ukočen vrat i ne podnosi svjetlo.",True
"Brinem se jer beba jako plače i ne može se smiriti već duže vrijeme.",True
"Temperatura ne pada ni nakon lijeka već satima, šta da radim?",True
"Treba mi savjet doktora: kada mogu početi sa uvođenjem sokova.",False
"Treba mi savjet doktora: beba ima ukočen vrat i ne podnosi svjetlo.",True
"Temperatura ne pada ni nakon lijeka već satima, šta da radim?",True
"Zanima me sljedeće: koje su preporuke za kupanje novorođenčeta?",False
"Beba povraća bez prestanka već nekoliko sati?",True
"Temperatura ne pada ni nakon lijeka već satima, šta da radim?",True
"Poštovani doktore, beba hripa i uvlači rebra pri disanju?",True
"Poštovani doktore, koje vitamine treba davati bebi?",False
"Kako pripremiti bebu za prvi izlet vani, šta da radim?",False
"Poštovani doktore, koje su preporuke za kupanje novorođenčeta?",False
"Poštovani doktore, kada beba obično počinje govoriti prve riječi?",False
"Koliko dugo obično traje faza kolika?",False
"Imam pitanje: koje su preporuke za kupanje novorođenčeta?",False
"Koža oko usta i noktiju izgleda siva?",True
"Dijete se opeklo i koža je jako crvena i mjehuri se, šta da radim?",True
"Poštovani doktore, kako uspostaviti stabilnu rutinu spavanja?",False
"Koliko brzo bi trebalo beba da dobija na težini, šta da radim?",False
"Imam pitanje: koliko je normalno da beba plače tokom dana?",False
"Molim savjet - pojavio se osip koji se brzo širi po tijelu.",True
"Poštovani doktore, beba ima jaku bol u stomaku i ne miče se?",True
"Kako pripremiti bebu za prvi izlet vani?",False
"Zanima me sljedeće: da li je normalno da beba puno spava tokom dana?",False
"Poštovani doktore, temperatura ne pada ni nakon lijeka već satima?",True
"Brinem se jer koliko sati sna je normalno za bebu od 8 mjeseci.",False
"Kada beba počinje jesti čvrstu hranu?",False
"Treba mi savjet doktora: koja hrana je najbolja za uvođenje u ishranu.",False
"Dobar dan, koža oko usta i noktiju izgleda siva?",True
"Treba mi savjet doktora: novorođenče odbija svaki obrok i letargično je.",True
"Dobar dan, beba povraća bez prestanka već nekoliko sati?",True
"Imam pitanje: koje vitamine treba davati bebi?",False
"Poštovani doktore, beba ne mokri više od 8 sati?",False
"Poštovani doktore, koje igračke su prikladne za uzrast od 24 mjeseci?",False
"Koliko sati sna je normalno za bebu od 21 mjeseci, šta da radim?",False
"Koliko je normalno da beba plače tokom dana. Šta mi savjetujete?",False
"Poštovani doktore, dijete je dobilo grčeve/konvulzije?",True
"Imam pitanje: dijete je progutalo nešto strano ili moguć otrov?",True
"Treba mi savjet doktora: beba jako plače i ne može se smiriti već duže vrijeme.",True
"Imam pitanje: koje igračke su prikladne za uzrast od 17 mjeseci?",False
"Koliko je normalno da beba plače tokom dana, šta da radim?",False
"Beba je pala i sada povraća i jako je pospana, šta da radim?",True
"Dobar dan, koliko sati sna je normalno za bebu od 13 mjeseci?",False
"Da li je u redu da beba spava na stomaku uz nadzor. Šta mi savjetujete?",False
"Beba ima visoku temperaturu preko 39 stepeni?",True
"Da li je u redu da beba spava na stomaku uz nadzor. Šta mi savjetujete?",False
"Da li je normalno da beba često podriguje nakon hranjenja. Šta mi savjetujete?",False
"Brinem se jer dijete je na trenutak izgubilo svijest.",True
"Kako pripremiti bebu za prvi izlet vani, šta da radim?",False
"Treba mi savjet doktora: beba hripa i uvlači rebra pri disanju.",True
"Treba mi savjet doktora: koje vitamine treba davati bebi.",False
"Treba mi savjet doktora: koja hrana je najbolja za uvođenje u ishranu.",False
"Imam pitanje: dijete je jako pospano i teško ga je probuditi?",True
"Dobar dan, koliko sati sna je normalno za bebu od 10 mjeseci?",False
"Dijete ne diše normalno i teško hvata zrak. Šta mi savjetujete?",True
"Treba mi savjet doktora: koje su preporuke za kupanje novorođenčeta.",False
"Dobar dan, kako uspostaviti stabilnu rutinu spavanja?",False
"Dobar dan, dijete je progutalo nešto strano ili moguć otrov?",True
"Dobar dan, koje igračke su prikladne za uzrast od 3 mjeseci?",False
"Molim savjet - da li je u redu da beba spava na stomaku uz nadzor.",False
"Poštovani doktore, dijete je na trenutak izgubilo svijest?",True
"Brinem se jer koliko brzo bi trebalo beba da dobija na težini.",False
"Poštovani doktore, beba ima ukočen vrat i ne podnosi svjetlo?",True
"Kako izgleda zdrav ritam hranjenja za uzrast od 6 mjeseci?",False
"Dobar dan, beba ima jaku bol u stomaku i ne miče se?",True
"Molim savjet - koje su preporuke za prve cipelice.",False
"Molim savjet - kako pripremiti bebu za prvi izlet vani.",False
"Dijete je jako pospano i teško ga je probuditi?",True
"Beba hripa i uvlači rebra pri disanju, šta da radim?",True
"Poštovani doktore, koja hrana je najbolja za uvođenje u ishranu?",True
"Zanima me sljedeće: kako pripremiti bebu za prvi izlet vani?",False
"Molim savjet - primijetila sam krv u povraćanju kod bebe.",True
"Dobar dan, da li je normalno da beba puno spava tokom dana?",False
"Imam pitanje: da li trebam brinuti ako beba ne voli određenu hranu?",False
"Poštovani doktore, kako naučiti bebu da spava cijelu noć?",False
"Treba mi savjet doktora: beba povraća bez prestanka već nekoliko sati.",False
"Zanima me sljedeće: koliko je normalno da beba plače tokom dana?",False
"Dijete je progutalo nešto strano ili moguć otrov. Šta mi savjetujete?",True
"Imam pitanje: koža oko usta i noktiju izgleda siva?",True
"Kada je vrijeme za prvu posjetu zubaru, šta da radim?",False
"Koliko brzo bi trebalo beba da dobija na težini, šta da radim?",False
"Imam pitanje: beba je pala i sada povraća i jako je pospana?",True
"Zanima me sljedeće: beba ima jaku bol u stomaku i ne miče se?",True
"Kako naučiti bebu da spava cijelu noć?",False
"Imam pitanje: dijete je dobilo grčeve/konvulzije?",True
"Kada se preporučuje prva redovna vakcina?",False
"Beba ima ukočen vrat i ne podnosi svjetlo, šta da radim?",False
"Brinem se jer beba povraća bez prestanka već nekoliko sati.",True
"Poštovani doktore, kada beba obično počinje govoriti prve riječi?",False
"Beba ima visoku temperaturu preko 39 stepeni, šta da radim?",True
"Brinem se jer usne i koža oko usta su mu/joj modre.",False
"Imam pitanje: da li je u redu koristiti cuclu?",False
"Imam pitanje: kada beba obično počinje govoriti prve riječi?",False
"Zanima me sljedeće: kada mogu očekivati da beba počne sjediti sama?",False
"Treba mi savjet doktora: kada je vrijeme za prvu posjetu zubaru.",False
"Dobar dan, kada se preporučuje prva redovna vakcina?",False
"Koje su preporuke za kupanje novorođenčeta, šta da radim?",False
"Da li je u redu koristiti cuclu, šta da radim?",False
"Kada je vrijeme za prvu posjetu zubaru. Šta mi savjetujete?",False
"Poštovani doktore, beba je pala i sada povraća i jako je pospana?",True
"Brinem se jer beba se guši i ne može doći do daha.",True
"Brinem se jer beba hripa i uvlači rebra pri disanju.",True
"Beba ima visoku temperaturu preko 39 stepeni, šta da radim?",True
"Dijete je dobilo grčeve/konvulzije, šta da radim?",True
"Brinem se jer kada beba obično počinje govoriti prve riječi.",False
"Molim savjet - koje su preporuke za prve cipelice.",False
"Treba mi savjet doktora: primijetila sam krv u povraćanju kod bebe.",True
"Poštovani doktore, da li je normalno da beba često podriguje nakon hranjenja?",False
"Koje igračke su prikladne za uzrast od 18 mjeseci. Šta mi savjetujete?",False
"Da li je u redu koristiti cuclu. Šta mi savjetujete?",False
"Koje su preporuke za prve cipelice. Šta mi savjetujete?",False
"Treba mi savjet doktora: kada beba obično počinje govoriti prve riječi.",False
"Primijetila sam krv u stolici kod bebe. Šta mi savjetujete?",True
"Zanima me sljedeće: koža oko usta i noktiju izgleda siva?",True
"Zanima me sljedeće: beba ima visoku temperaturu preko 39 stepeni?",True
"Treba mi savjet doktora: novorođenče odbija svaki obrok i letargično je.",True
"Dijete je progutalo nešto strano ili moguć otrov. Šta mi savjetujete?",True
"Imam pitanje: beba hripa i uvlači rebra pri disanju?",True
"Zanima me sljedeće: dijete je progutalo nešto strano ili moguć otrov?",True
"Koliko puta dnevno treba mijenjati pelene?",False
"Poštovani doktore, kako naučiti bebu da spava cijelu noć?",False
"Poštovani doktore, kada beba obično počinje govoriti prve riječi?",False
"Molim savjet - kako uspostaviti stabilnu rutinu spavanja.",False
"Molim savjet - kako naučiti bebu da spava cijelu noć.",True
"Dobar dan, dijete diše veoma brzo i teško?",True
"Molim savjet - koje vitamine treba davati bebi.",False
"Brinem se jer dijete je jako pospano i teško ga je probuditi.",True
"Poštovani doktore, kada se preporučuje prva redovna vakcina?",False
"Da li je normalno da beba puno spava tokom dana, šta da radim?",False
"Kako pripremiti bebu za prvi izlet vani, šta da radim?",False
"Brinem se jer pojavio se osip koji se brzo širi po tijelu.",True
"Beba ima visoku temperaturu preko 39 stepeni. Šta mi savjetujete?",True
"Dobar dan, dijete je dobilo grčeve/konvulzije?",True
"Treba mi savjet doktora: koliko sati sna je normalno za bebu od 2 mjeseci.",False
"Imam pitanje: novorođenče odbija svaki obrok i letargično je?",True
"Da li je normalno da beba puno spava tokom dana?",False
"Koja hrana je najbolja za uvođenje u ishranu. Šta mi savjetujete?",False
"Koliko sati sna je normalno za bebu od 11 mjeseci. Šta mi savjetujete?",False
"Dobar dan, kako izgleda zdrav ritam hranjenja za uzrast od 12 mjeseci?",False
"Dijete je dobilo grčeve/konvulzije. Šta mi savjetujete?",True
"Poštovani doktore, da li je normalno da beba puno spava tokom dana?",False
"Dobar dan, beba ima temperaturu a mlađa je od tri mjeseca?",True
"Zanima me sljedeće: koja hrana je najbolja za uvođenje u ishranu?",False
"Molim savjet - novorođenče odbija svaki obrok i letargično je.",True
"Molim savjet - da li je normalno da beba puno spava tokom dana.",False
"Brinem se jer kako uspostaviti stabilnu rutinu spavanja.",False
"Dijete ne diše normalno i teško hvata zrak?",True
"Dobar dan, dijete je na trenutak izgubilo svijest?",True
"Poštovani doktore, koliko puta dnevno treba mijenjati pelene?",False
"Koliko puta dnevno treba mijenjati pelene?",False
"Imam pitanje: da li je u redu koristiti cuclu?",False
"Zanima me sljedeće: dijete diše veoma brzo i teško?",True
"Koža oko usta i noktiju izgleda siva, šta da radim?",True
"Da li trebam brinuti ako beba ne voli određenu hranu. Šta mi savjetujete?",False
"Dobar dan, dijete je dobilo grčeve/konvulzije?",True
"Dobar dan, dijete je na trenutak izgubilo svijest?",True
"Imam pitanje: beba ima visoku temperaturu preko 39 stepeni?",True
"Koje su preporuke za prve cipelice, šta da radim?",False
"Imam pitanje: kada beba obično počinje govoriti prve riječi?",False
"Zanima me sljedeće: dijete je jako pospano i teško ga je probuditi?",True
"Koje vitamine treba davati bebi, šta da radim?",True
"Dobar dan, novorođenče odbija svaki obrok i letargično je?",True
"Koliko je normalno da beba plače tokom dana. Šta mi savjetujete?",False
"Temperatura ne pada ni nakon lijeka već satima. Šta mi savjetujete?",True
"Imam pitanje: da li je normalno da beba puno spava tokom dana?",False
"Treba mi savjet doktora: kada mogu očekivati da beba počne sjediti sama.",False
"Zanima me sljedeće: pojavio se osip koji se brzo širi po tijelu?",True
"Imam pitanje: koje su preporuke za prve cipelice?",False
"Brinem se jer beba je pala i sada povraća i jako je pospana.",True
"Treba mi savjet doktora: kako izgleda zdrav ritam hranjenja za uzrast od 1 mjeseci.",False
"Imam pitanje: da li trebam brinuti ako beba ne voli određenu hranu?",False
"Koža bebe je postala jako blijeda ili žuta?",True
"Kada mogu početi sa uvođenjem sokova, šta da radim?",False
"Dijete je jako pospano i teško ga je probuditi?",True
"Beba ima visoku temperaturu preko 39 stepeni?",True
"Molim savjet - primijetila sam krv u povraćanju kod bebe.",True
"Poštovani doktore, primijetila sam krv u stolici kod bebe?",True
"Kako naučiti bebu da spava cijelu noć, šta da radim?",False
"Zanima me sljedeće: dijete je dobilo grčeve/konvulzije?",True
"Zanima me sljedeće: temperatura ne pada ni nakon lijeka već satima?",True
"Brinem se jer kako naučiti bebu da spava cijelu noć.",False
"Treba mi savjet doktora: temperatura ne pada ni nakon lijeka već satima.",True
"Dijete je jako pospano i teško ga je probuditi. Šta mi savjetujete?",True
"Molim savjet - kada se preporučuje prva redovna vakcina.",False
"Poštovani doktore, da li je normalno da beba često podriguje nakon hranjenja?",False
"Kada se preporučuje prva redovna vakcina, šta da radim?",False
"Zanima me sljedeće: kada je vrijeme za prvu posjetu zubaru?",False
"Imam pitanje: da li je normalno da beba često podriguje nakon hranjenja?",False
"Zanima me sljedeće: koliko dugo obično traje faza kolika?",False
"Beba ima visoku temperaturu preko 39 stepeni. Šta mi savjetujete?",True
"Zanima me sljedeće: da li je u redu da beba spava na stomaku uz nadzor?",False
"Molim savjet - beba ima jaku bol u stomaku i ne miče se.",True
"Molim savjet - dijete je na trenutak izgubilo svijest.",True
"Beba je pala i sada povraća i jako je pospana?",True
"Dobar dan, da li je u redu da beba spava na stomaku uz nadzor?",False
"Koža oko usta i noktiju izgleda siva, šta da radim?",True
"Zanima me sljedeće: koliko sati sna je normalno za bebu od 17 mjeseci?",False
"Treba mi savjet doktora: kada se preporučuje prva redovna vakcina.",False
"Dobar dan, kada mogu očekivati da beba počne sjediti sama?",False
"Imam pitanje: dijete se opeklo i koža je jako crvena i mjehuri se?",True
"Dobar dan, kada je vrijeme za prvu posjetu zubaru?",False
"Beba jako plače i ne može se smiriti već duže vrijeme. Šta mi savjetujete?",True
"Da li je normalno da beba često podriguje nakon hranjenja?",False
"Beba ima visoku temperaturu preko 39 stepeni?",True
"Zanima me sljedeće: beba ima jaku bol u stomaku i ne miče se?",True
"Treba mi savjet doktora: koliko brzo bi trebalo beba da dobija na težini.",False
"Koža oko usta i noktiju izgleda siva, šta da radim?",True
"Imam pitanje: da li je normalno da beba puno spava tokom dana?",False
"Imam pitanje: beba je pala i sada povraća i jako je pospana?",True
"Imam pitanje: kako izgleda zdrav ritam hranjenja za uzrast od 6 mjeseci?",False
"Molim savjet - beba ima jaku bol u stomaku i ne miče se.",True
"Brinem se jer dijete diše veoma brzo i teško.",True
"Zanima me sljedeće: dijete se opeklo i koža je jako crvena i mjehuri se?",True
"Molim savjet - kada je vrijeme za prvu posjetu zubaru.",False
"Imam pitanje: primijetila sam krv u povraćanju kod bebe?",True
"Kada mogu očekivati da beba počne sjediti sama. Šta mi savjetujete?",True
"Kada beba obično počinje govoriti prve riječi?",False
"Treba mi savjet doktora: da li trebam brinuti ako beba ne voli određenu hranu.",False
"Zanima me sljedeće: beba je pala i sada povraća i jako je pospana?",True
"Imam pitanje: usne i koža oko usta su mu/joj modre?",True
"Poštovani doktore, koliko puta dnevno treba mijenjati pelene?",False
"Molim savjet - beba ima visoku temperaturu preko 39 stepeni.",True
"Brinem se jer kada mogu početi sa uvođenjem sokova.",False
"Dobar dan, koliko brzo bi trebalo beba da dobija na težini?",False
"Treba mi savjet doktora: primijetila sam krv u stolici kod bebe.",True
"Zanima me sljedeće: beba ima jaku bol u stomaku i ne miče se?",True
"Da li je u redu da beba spava na stomaku uz nadzor?",False
"Beba jako plače i ne može se smiriti već duže vrijeme, šta da radim?",True
"Imam pitanje: kada beba počinje jesti čvrstu hranu?",False
"Treba mi savjet doktora: dijete je dobilo grčeve/konvulzije.",True
"Poštovani doktore, novorođenče odbija svaki obrok i letargično je?",True
"Brinem se jer kako uspostaviti stabilnu rutinu spavanja.",False
"Da li je normalno da beba puno spava tokom dana, šta da radim?",False
"Dobar dan, dijete je dobilo grčeve/konvulzije?",True
"Beba jako plače i ne može se smiriti već duže vrijeme. Šta mi savjetujete?",True
"Poštovani doktore, koža oko usta i noktiju izgleda siva?",True
"Brinem se jer da li je u redu koristiti cuclu.",False
"Poštovani doktore, da li je normalno da beba često podriguje nakon hranjenja?",False
"Molim savjet - pojavio se osip koji se brzo širi po tijelu.",True
"Da li trebam brinuti ako beba ne voli određenu hranu, šta da radim?",False
"Beba ima ukočen vrat i ne podnosi svjetlo, šta da radim?",True
"Da li je normalno da beba često podriguje nakon hranjenja. Šta mi savjetujete?",False
"Koliko je normalno da beba plače tokom dana?",False
"Molim savjet - beba ima temperaturu a mlađa je od tri mjeseca.",True
"Treba mi savjet doktora: da li je u redu da beba spava na stomaku uz nadzor.",False
"Molim savjet - da li je u redu koristiti cuclu.",False
"Imam pitanje: beba se guši i ne može doći do daha?",True
"Imam pitanje: temperatura ne pada ni nakon lijeka već satima?",True
"Da li je normalno da beba puno spava tokom dana. Šta mi savjetujete?",True
"Treba mi savjet doktora: koža bebe je postala jako blijeda ili žuta.",True
"Primijetila sam krv u stolici kod bebe, šta da radim?",True
"Beba povraća bez prestanka već nekoliko sati, šta da radim?",True
"Molim savjet - koliko brzo bi trebalo beba da dobija na težini.",False
"Kada beba počinje jesti čvrstu hranu?",False
"Brinem se jer kada mogu početi sa uvođenjem sokova.",False
"Treba mi savjet doktora: beba ima jaku bol u stomaku i ne miče se.",True
"Brinem se jer beba se guši i ne može doći do daha.",True
"Dobar dan, dijete je progutalo nešto strano ili moguć otrov?",True
"Treba mi savjet doktora: beba jako plače i ne može se smiriti već duže vrijeme.",True
"Treba mi savjet doktora: koliko dugo obično traje faza kolika.",False
"Dobar dan, novorođenče odbija svaki obrok i letargično je?",True
"Usne i koža oko usta su mu/joj modre. Šta mi savjetujete?",True
"Poštovani doktore, dijete je dobilo grčeve/konvulzije?",True
"Dobar dan, kada beba počinje jesti čvrstu hranu?",False
"Dijete se opeklo i koža je jako crvena i mjehuri se. Šta mi savjetujete?",True
"Beba je pala i sada povraća i jako je pospana?",True
"Dobar dan, kada mogu početi sa uvođenjem sokova?",False
"Poštovani doktore, dijete je progutalo nešto strano ili moguć otrov?",True
"Poštovani doktore, beba se guši i ne može doći do daha?",True
"Zanima me sljedeće: kada se preporučuje prva redovna vakcina?",False
"Koje igračke su prikladne za uzrast od 9 mjeseci, šta da radim?",True
"Dobar dan, koža oko usta i noktiju izgleda siva?",True
"Dobar dan, da li je u redu da beba spava na stomaku uz nadzor?",False
"Koja hrana je najbolja za uvođenje u ishranu, šta da radim?",False
"Da li je u redu da beba spava na stomaku uz nadzor. Šta mi savjetujete?",False
"Beba se guši i ne može doći do daha, šta da radim?",True
"Dobar dan, koliko sati sna je normalno za bebu od 1 mjeseci?",False
"Imam pitanje: kada se preporučuje prva redovna vakcina?",False
"Imam pitanje: koja hrana je najbolja za uvođenje u ishranu?",False
"Molim savjet - beba je pala i sada povraća i jako je pospana.",True
"Koliko brzo bi trebalo beba da dobija na težini?",False
"Treba mi savjet doktora: da li je u redu da beba spava na stomaku uz nadzor.",False
"Molim savjet - koža oko usta i noktiju izgleda siva.",True
"Kako izgleda zdrav ritam hranjenja za uzrast od 3 mjeseci, šta da radim?",False
"Dobar dan, novorođenče odbija svaki obrok i letargično je?",True
"Dobar dan, koliko puta dnevno treba mijenjati pelene?",False
"Kada beba obično počinje govoriti prve riječi?",False
"Poštovani doktore, da li je u redu koristiti cuclu?",True
"Da li je normalno da beba često podriguje nakon hranjenja, šta da radim?",False
"Imam pitanje: da li trebam brinuti ako beba ne voli određenu hranu?",False
"Imam pitanje: dijete je jako pospano i teško ga je probuditi?",True
"Zanima me sljedeće: kada beba obično počinje govoriti prve riječi?",False
"Poštovani doktore, koje igračke su prikladne za uzrast od 16 mjeseci?",False
"Brinem se jer kada mogu očekivati da beba počne sjediti sama.",True
"Kada mogu početi sa uvođenjem sokova, šta da radim?",False
"Brinem se jer primijetila sam krv u stolici kod bebe.",True
"Dijete se opeklo i koža je jako crvena i mjehuri se?",True
"Molim savjet - koliko brzo bi trebalo beba da dobija na težini.",False
"Molim savjet - dijete je jako pospano i teško ga je probuditi.",True
"Treba mi savjet doktora: koje vitamine treba davati bebi.",True
"Imam pitanje: koliko sati sna je normalno za bebu od 11 mjeseci?",False
"Dobar dan, koliko puta dnevno treba mijenjati pelene?",False
"Molim savjet - kada beba počinje jesti čvrstu hranu.",False
"Brinem se jer koliko brzo bi trebalo beba da dobija na težini.",False
"Poštovani doktore, dijete ne diše normalno i teško hvata zrak?",True
"Zanima me sljedeće: beba ima visoku temperaturu preko 39 stepeni?",True
"Brinem se jer koje su preporuke za kupanje novorođenčeta.",False
"Brinem se jer pojavio se osip koji se brzo širi po tijelu.",True
"Brinem se jer pojavio se osip koji se brzo širi po tijelu.",True
"Beba se guši i ne može doći do daha, šta da radim?",True
"Molim savjet - dijete je na trenutak izgubilo svijest.",True
"Brinem se jer da li trebam brinuti ako beba ne voli određenu hranu.",False
"Molim savjet - kada beba obično počinje govoriti prve riječi.",False
"Kako uspostaviti stabilnu rutinu spavanja?",False
"Zanima me sljedeće: koža oko usta i noktiju izgleda siva?",True
"Kako naučiti bebu da spava cijelu noć?",False
"Temperatura ne pada ni nakon lijeka već satima, šta da radim?",True
"Brinem se jer da li je u redu da beba spava na stomaku uz nadzor.",False
"Usne i koža oko usta su mu/joj modre?",True
"Poštovani doktore, kada beba obično počinje govoriti prve riječi?",False
"Dijete je progutalo nešto strano ili moguć otrov?",True
"Molim savjet - novorođenče odbija svaki obrok i letargično je.",True
"Dobar dan, dijete je jako pospano i teško ga je probuditi?",True
"Zanima me sljedeće: dijete je progutalo nešto strano ili moguć otrov?",False
"Beba ima temperaturu a mlađa je od tri mjeseca. Šta mi savjetujete?",True
"Zanima me sljedeće: dijete diše veoma brzo i teško?",True
"Kada mogu očekivati da beba počne sjediti sama, šta da radim?",False
"Da li je normalno da beba često podriguje nakon hranjenja. Šta mi savjetujete?",False
"Molim savjet - beba ne mokri više od 8 sati.",True
"Imam pitanje: beba ima jaku bol u stomaku i ne miče se?",True
"Poštovani doktore, beba povraća bez prestanka već nekoliko sati?",True
"Dobar dan, primijetila sam krv u povraćanju kod bebe?",True
"Poštovani doktore, kako izgleda zdrav ritam hranjenja za uzrast od 5 mjeseci?",False
"Molim savjet - kako izgleda zdrav ritam hranjenja za uzrast od 19 mjeseci.",False
"Imam pitanje: kako naučiti bebu da spava cijelu noć?",False
"Imam pitanje: koliko brzo bi trebalo beba da dobija na težini?",False
"Imam pitanje: dijete ne diše normalno i teško hvata zrak?",True
"Dobar dan, da li je normalno da beba često podriguje nakon hranjenja?",False
"Treba mi savjet doktora: kako izgleda zdrav ritam hranjenja za uzrast od 13 mjeseci.",False
"Brinem se jer primijetila sam krv u stolici kod bebe.",True
"Dijete se opeklo i koža je jako crvena i mjehuri se, šta da radim?",True
"Poštovani doktore, kada beba počinje jesti čvrstu hranu?",False
"Zanima me sljedeće: beba jako plače i ne može se smiriti već duže vrijeme?",True
"Poštovani doktore, kako uspostaviti stabilnu rutinu spavanja?",False
"Zanima me sljedeće: koje vitamine treba davati bebi?",False
"Molim savjet - dijete se opeklo i koža je jako crvena i mjehuri se.",True
"Beba ima jaku bol u stomaku i ne miče se, šta da radim?",True
"Imam pitanje: koža oko usta i noktiju izgleda siva?",True
"Koje su preporuke za kupanje novorođenčeta. Šta mi savjetujete?",False
"Treba mi savjet doktora: beba ima visoku temperaturu preko 39 stepeni.",True
"Poštovani doktore, koliko dugo obično traje faza kolika?",False
"Treba mi savjet doktora: koliko brzo bi trebalo beba da dobija na težini.",False
"Zanima me sljedeće: kako pripremiti bebu za prvi izlet vani?",False
"Poštovani doktore, kada mogu očekivati da beba počne sjediti sama?",False
"Da li je u redu koristiti cuclu?",False
"Dobar dan, primijetila sam krv u stolici kod bebe?",True
"Brinem se jer dijete diše veoma brzo i teško.",True
"Dobar dan, dijete je na trenutak izgubilo svijest?",True
"Da li trebam brinuti ako beba ne voli određenu hranu, šta da radim?",False
"Koža bebe je postala jako blijeda ili žuta. Šta mi savjetujete?",True
"Novorođenče odbija svaki obrok i letargično je. Šta mi savjetujete?",True
"Poštovani doktore, kada beba počinje jesti čvrstu hranu?",False
"Beba ima jaku bol u stomaku i ne miče se. Šta mi savjetujete?",True
"Molim savjet - beba ima visoku temperaturu preko 39 stepeni.",True
"Koliko je normalno da beba plače tokom dana, šta da radim?",False
"Primijetila sam krv u stolici kod bebe, šta da radim?",True
"Koje igračke su prikladne za uzrast od 21 mjeseci, šta da radim?",False
"Zanima me sljedeće: pojavio se osip koji se brzo širi po tijelu?",True
"Treba mi savjet doktora: dijete je na trenutak izgubilo svijest.",False
"Brinem se jer koliko puta dnevno treba mijenjati pelene.",False
"Molim savjet - koliko puta dnevno treba mijenjati pelene.",False
"Beba povraća bez prestanka već nekoliko sati. Šta mi savjetujete?",True
"Beba je pala i sada povraća i jako je pospana?",True
"Beba ima temperaturu a mlađa je od tri mjeseca, šta da radim?",True
"Koje vitamine treba davati bebi?",False
"Dobar dan, koža bebe je postala jako blijeda ili žuta?",True
"Koje igračke su prikladne za uzrast od 20 mjeseci, šta da radim?",False
"Beba ima ukočen vrat i ne podnosi svjetlo, šta da radim?",True
"Dijete se opeklo i koža je jako crvena i mjehuri se, šta da radim?",False
"Imam pitanje: koliko dugo obično traje faza kolika?",False
"Imam pitanje: beba je pala i sada povraća i jako je pospana?",True
"Imam pitanje: usne i koža oko usta su mu/joj modre?",True
"Kako uspostaviti stabilnu rutinu spavanja. Šta mi savjetujete?",False
"Brinem se jer temperatura ne pada ni nakon lijeka već satima.",True
"Molim savjet - beba je pala i sada povraća i jako je pospana.",True
"Brinem se jer da li je normalno da beba često podriguje nakon hranjenja.",False
"Koje igračke su prikladne za uzrast od 11 mjeseci?",False
"Zanima me sljedeće: kako pripremiti bebu za prvi izlet vani?",False
"Beba ne mokri više od 8 sati?",True
"Kada je vrijeme za prvu posjetu zubaru?",False
"Treba mi savjet doktora: dijete diše veoma brzo i teško.",True
"Da li je normalno da beba često podriguje nakon hranjenja?",False
"Zanima me sljedeće: dijete je na trenutak izgubilo svijest?",True
"Zanima me sljedeće: da li je u redu da beba spava na stomaku uz nadzor?",False
"Zanima me sljedeće: kada mogu očekivati da beba počne sjediti sama?",False
"Da li je u redu koristiti cuclu?",False
"Kada je vrijeme za prvu posjetu zubaru. Šta mi savjetujete?",False
"Molim savjet - beba jako plače i ne može se smiriti već duže vrijeme.",True
"Temperatura ne pada ni nakon lijeka već satima, šta da radim?",True
"Kada se preporučuje prva redovna vakcina. Šta mi savjetujete?",False
"Brinem se jer koje su preporuke za prve cipelice.",False
"Zanima me sljedeće: kada mogu očekivati da beba počne sjediti sama?",False
"Zanima me sljedeće: primijetila sam krv u povraćanju kod bebe?",True
"Beba ima ukočen vrat i ne podnosi svjetlo. Šta mi savjetujete?",True
"Poštovani doktore, primijetila sam krv u stolici kod bebe?",True
"Dijete je na trenutak izgubilo svijest?",True
"Zanima me sljedeće: dijete je progutalo nešto strano ili moguć otrov?",True
"Koliko sati sna je normalno za bebu od 14 mjeseci?",False
"Imam pitanje: beba ne mokri više od 8 sati?",True
"Brinem se jer beba ne mokri više od 8 sati.",True
"Imam pitanje: temperatura ne pada ni nakon lijeka već satima?",True
"Koja hrana je najbolja za uvođenje u ishranu. Šta mi savjetujete?",False
"Imam pitanje: beba je pala i sada povraća i jako je pospana?",True
"Imam pitanje: koliko brzo bi trebalo beba da dobija na težini?",False
"Brinem se jer dijete je na trenutak izgubilo svijest.",True
"Koliko brzo bi trebalo beba da dobija na težini. Šta mi savjetujete?",False
"Da li je normalno da beba puno spava tokom dana?",False
"Dobar dan, kako izgleda zdrav ritam hranjenja za uzrast od 17 mjeseci?",False
"Treba mi savjet doktora: koje igračke su prikladne za uzrast od 11 mjeseci.",False
"Da li je normalno da beba često podriguje nakon hranjenja, šta da radim?",False
"Brinem se jer koje vitamine treba davati bebi.",False
"Brinem se jer kako pripremiti bebu za prvi izlet vani.",False
"Brinem se jer kada je vrijeme za prvu posjetu zubaru.",False
"Brinem se jer kada se preporučuje prva redovna vakcina.",False
"Molim savjet - dijete ne diše normalno i teško hvata zrak.",True
"Treba mi savjet doktora: dijete je dobilo grčeve/konvulzije.",True
"Zanima me sljedeće: koliko brzo bi trebalo beba da dobija na težini?",False
"Zanima me sljedeće: primijetila sam krv u povraćanju kod bebe?",True
"Kada je vrijeme za prvu posjetu zubaru, šta da radim?",False
"Zanima me sljedeće: koliko dugo obično traje faza kolika?",False
"Dobar dan, novorođenče odbija svaki obrok i letargično je?",True
"Dobar dan, kada mogu očekivati da beba počne sjediti sama?",False
"Brinem se jer pojavio se osip koji se brzo širi po tijelu.",True
"Molim savjet - beba je pala i sada povraća i jako je pospana.",True
"Brinem se jer koliko dugo obično traje faza kolika.",False
"Beba povraća bez prestanka već nekoliko sati. Šta mi savjetujete?",True
"Koliko je normalno da beba plače tokom dana. Šta mi savjetujete?",False
"Zanima me sljedeće: da li je normalno da beba puno spava tokom dana?",False
"Treba mi savjet doktora: kada beba obično počinje govoriti prve riječi.",False
"Zanima me sljedeće: beba ima temperaturu a mlađa je od tri mjeseca?",True
"Treba mi savjet doktora: primijetila sam krv u povraćanju kod bebe.",True
"Imam pitanje: kada mogu početi sa uvođenjem sokova?",False
"Treba mi savjet doktora: pojavio se osip koji se brzo širi po tijelu.",True
"Poštovani doktore, dijete je progutalo nešto strano ili moguć otrov?",True
"Kako uspostaviti stabilnu rutinu spavanja, šta da radim?",False
"Beba ima temperaturu a mlađa je od tri mjeseca?",True
"Zanima me sljedeće: dijete je jako pospano i teško ga je probuditi?",True
"Kako pripremiti bebu za prvi izlet vani. Šta mi savjetujete?",False
"Zanima me sljedeće: koja hrana je najbolja za uvođenje u ishranu?",False
"Poštovani doktore, beba ima ukočen vrat i ne podnosi svjetlo?",True
"Dobar dan, koliko je normalno da beba plače tokom dana?",False
"Koje su preporuke za kupanje novorođenčeta. Šta mi savjetujete?",False
"Treba mi savjet doktora: kada beba obično počinje govoriti prve riječi.",False
"Zanima me sljedeće: beba hripa i uvlači rebra pri disanju?",True
"Poštovani doktore, da li je u redu koristiti cuclu?",False
"Zanima me sljedeće: dijete diše veoma brzo i teško?",True
"Dobar dan, koje igračke su prikladne za uzrast od 5 mjeseci?",False
"Beba je pala i sada povraća i jako je pospana?",True
"Molim savjet - usne i koža oko usta su mu/joj modre.",False
"Imam pitanje: primijetila sam krv u povraćanju kod bebe?",True
"Zanima me sljedeće: beba ima ukočen vrat i ne podnosi svjetlo?",True
"Brinem se jer kada je vrijeme za prvu posjetu zubaru.",False
"Dijete diše veoma brzo i teško?",True
"Poštovani doktore, da li je u redu koristiti cuclu?",False
"Koja hrana je najbolja za uvođenje u ishranu, šta da radim?",False
"Poštovani doktore, kako uspostaviti stabilnu rutinu spavanja?",False
"Kada mogu početi sa uvođenjem sokova. Šta mi savjetujete?",False
"Brinem se jer beba jako plače i ne može se smiriti već duže vrijeme.",True
"Poštovani doktore, temperatura ne pada ni nakon lijeka već satima?",True
"Zanima me sljedeće: kako izgleda zdrav ritam hranjenja za uzrast od 2 mjeseci?",False
"Beba hripa i uvlači rebra pri disanju?",True
"Treba mi savjet doktora: dijete je jako pospano i teško ga je probuditi.",True
"Imam pitanje: pojavio se osip koji se brzo širi po tijelu?",True
"Poštovani doktore, kada mogu očekivati da beba počne sjediti sama?",False
"Poštovani doktore, beba je pala i sada povraća i jako je pospana?",True
"Molim savjet - beba ima ukočen vrat i ne podnosi svjetlo.",True
"Koja hrana je najbolja za uvođenje u ishranu?",False
"Treba mi savjet doktora: beba se guši i ne može doći do daha.",True
"Treba mi savjet doktora: koža oko usta i noktiju izgleda siva.",True
"Treba mi savjet doktora: koliko je normalno da beba plače tokom dana.",False
"Treba mi savjet doktora: beba ima jaku bol u stomaku i ne miče se.",True
"Treba mi savjet doktora: da li je normalno da beba često podriguje nakon hranjenja.",False
"Treba mi savjet doktora: koliko puta dnevno treba mijenjati pelene.",False
"Zanima me sljedeće: dijete je jako pospano i teško ga je probuditi?",True
"Zanima me sljedeće: da li trebam brinuti ako beba ne voli određenu hranu?",False
"Zanima me sljedeće: usne i koža oko usta su mu/joj modre?",True
"Dobar dan, novorođenče odbija svaki obrok i letargično je?",True
"Poštovani doktore, beba ima ukočen vrat i ne podnosi svjetlo?",True
"Primijetila sam krv u stolici kod bebe, šta da radim?",True
"Molim savjet - kako uspostaviti stabilnu rutinu spavanja.",False
"Treba mi savjet doktora: koliko sati sna je normalno za bebu od 7 mjeseci.",False
"Molim savjet - da li je u redu koristiti cuclu.",False
"Imam pitanje: kako izgleda zdrav ritam hranjenja za uzrast od 15 mjeseci?",False
"Da li je u redu da beba spava na stomaku uz nadzor. Šta mi savjetujete?",False
"Kada mogu početi sa uvođenjem sokova, šta da radim?",False
"Poštovani doktore, dijete se opeklo i koža je jako crvena i mjehuri se?",True
"Imam pitanje: dijete diše veoma brzo i teško?",True
"Zanima me sljedeće: dijete je progutalo nešto strano ili moguć otrov?",True
"Dobar dan, da li je normalno da beba puno spava tokom dana?",False
"Temperatura ne pada ni nakon lijeka već satima?",True
"Poštovani doktore, dijete je dobilo grčeve/konvulzije?",True
"Koliko puta dnevno treba mijenjati pelene. Šta mi savjetujete?",False
"Da li je normalno da beba puno spava tokom dana?",False
"Kada je vrijeme za prvu posjetu zubaru, šta da radim?",False
"Molim savjet - beba je pala i sada povraća i jako je pospana.",True
"Dobar dan, beba jako plače i ne može se smiriti već duže vrijeme?",True
"Treba mi savjet doktora: kako pripremiti bebu za prvi izlet vani.",False
"Molim savjet - da li je u redu koristiti cuclu.",True
"Molim savjet - beba ima temperaturu a mlađa je od tri mjeseca.",True
"Beba ima temperaturu a mlađa je od tri mjeseca. Šta mi savjetujete?",True
"Dobar dan, beba ne mokri više od 8 sati?",True
"Imam pitanje: kako pripremiti bebu za prvi izlet vani?",False
"Brinem se jer dijete se opeklo i koža je jako crvena i mjehuri se.",True
"Treba mi savjet doktora: koža oko usta i noktiju izgleda siva.",True
"Dobar dan, koje igračke su prikladne za uzrast od 19 mjeseci?",False
"Zanima me sljedeće: dijete se opeklo i koža je jako crvena i mjehuri se?",True
"Molim savjet - koža bebe je postala jako blijeda ili žuta.",True
"Brinem se jer dijete se opeklo i koža je jako crvena i mjehuri se.",True
"Imam pitanje: dijete je dobilo grčeve/konvulzije?",True
"Molim savjet - dijete je na trenutak izgubilo svijest.",False
"Dobar dan, beba se guši i ne može doći do daha?",True
"Molim savjet - dijete diše veoma brzo i teško.",True
"Kada se preporučuje prva redovna vakcina?",False
"Poštovani doktore, koliko je normalno da beba plače tokom dana?",False
"Pojavio se osip koji se brzo širi po tijelu. Šta mi savjetujete?",True
"Treba mi savjet doktora: dijete diše veoma brzo i teško.",True
"Zanima me sljedeće: da li je u redu koristiti cuclu?",False
"Beba ima visoku temperaturu preko 39 stepeni, šta da radim?",True
"Dobar dan, kako izgleda zdrav ritam hranjenja za uzrast od 22 mjeseci?",False
"Treba mi savjet doktora: kada beba obično počinje govoriti prve riječi.",False
"Dobar dan, dijete se opeklo i koža je jako crvena i mjehuri se?",True
"Koje su preporuke za prve cipelice. Šta mi savjetujete?",False
"Molim savjet - kako uspostaviti stabilnu rutinu spavanja.",False
"Treba mi savjet doktora: beba ne mokri više od 8 sati.",True
"Dobar dan, kako uspostaviti stabilnu rutinu spavanja?",True
"Molim savjet - temperatura ne pada ni nakon lijeka već satima.",True
"Da li je normalno da beba često podriguje nakon hranjenja, šta da radim?",False
"Molim savjet - kada mogu početi sa uvođenjem sokova.",False
"Zanima me sljedeće: dijete je na trenutak izgubilo svijest?",True
"Brinem se jer pojavio se osip koji se brzo širi po tijelu.",True
"Molim savjet - dijete se opeklo i koža je jako crvena i mjehuri se.",True
"Dobar dan, novorođenče odbija svaki obrok i letargično je?",True
"Molim savjet - beba ne mokri više od 8 sati.",True
"Brinem se jer kako pripremiti bebu za prvi izlet vani.",False
"Imam pitanje: kada beba počinje jesti čvrstu hranu?",False
"Treba mi savjet doktora: primijetila sam krv u povraćanju kod bebe.",True
"Poštovani doktore, koje igračke su prikladne za uzrast od 16 mjeseci?",False
"Zanima me sljedeće: da li je u redu koristiti cuclu?",False
"Treba mi savjet doktora: novorođenče odbija svaki obrok i letargično je.",True
"Dobar dan, koliko je normalno da beba plače tokom dana?",False
"Poštovani doktore, kada mogu početi sa uvođenjem sokova?",False
"Zanima me sljedeće: beba ima jaku bol u stomaku i ne miče se?",True
"Beba se guši i ne može doći do daha?",True
"Brinem se jer koža oko usta i noktiju izgleda siva.",True
"Molim savjet - beba je pala i sada povraća i jako je pospana.",True
"Imam pitanje: koliko puta dnevno treba mijenjati pelene?",False
"Dobar dan, beba ima temperaturu a mlađa je od tri mjeseca?",True
"Molim savjet - beba ne mokri više od 8 sati.",True
"Beba se guši i ne može doći do daha?",True
"Poštovani doktore, dijete diše veoma brzo i teško?",True
"Dobar dan, beba se guši i ne može doći do daha?",True
"Zanima me sljedeće: beba je pala i sada povraća i jako je pospana?",True
"Beba povraća bez prestanka već nekoliko sati. Šta mi savjetujete?",True
"Beba ima jaku bol u stomaku i ne miče se. Šta mi savjetujete?",True
"Dobar dan, kada mogu očekivati da beba počne sjediti sama?",False
"Poštovani doktore, dijete je dobilo grčeve/konvulzije?",True
"Dobar dan, dijete je dobilo grčeve/konvulzije?",True
"Imam pitanje: dijete diše veoma brzo i teško?",True
"Dobar dan, kada beba počinje jesti čvrstu hranu?",False
"Treba mi savjet doktora: kada beba počinje jesti čvrstu hranu.",False
"Zanima me sljedeće: beba se guši i ne može doći do daha?",True
"Koje vitamine treba davati bebi, šta da radim?",False
"Imam pitanje: dijete se opeklo i koža je jako crvena i mjehuri se?",True
"Kada mogu početi sa uvođenjem sokova. Šta mi savjetujete?",False
"Treba mi savjet doktora: kada je vrijeme za prvu posjetu zubaru.",False
"Molim savjet - da li je u redu da beba spava na stomaku uz nadzor.",False
"Beba je pala i sada povraća i jako je pospana. Šta mi savjetujete?",True
"Imam pitanje: dijete diše veoma brzo i teško?",False
"Dobar dan, kada beba počinje jesti čvrstu hranu?",False
"Brinem se jer koliko je normalno da beba plače tokom dana.",False
"Brinem se jer beba ima jaku bol u stomaku i ne miče se.",True
"Dijete je na trenutak izgubilo svijest. Šta mi savjetujete?",True
"Dobar dan, temperatura ne pada ni nakon lijeka već satima?",True
"Poštovani doktore, koja hrana je najbolja za uvođenje u ishranu?",False
"Temperatura ne pada ni nakon lijeka već satima. Šta mi savjetujete?",True
"Imam pitanje: da li je u redu da beba spava na stomaku uz nadzor?",False
"Treba mi savjet doktora: kada beba počinje jesti čvrstu hranu.",False
"Brinem se jer temperatura ne pada ni nakon lijeka već satima.",True
"Dijete je na trenutak izgubilo svijest. Šta mi savjetujete?",True
"Dijete je na trenutak izgubilo svijest?",True
"Molim savjet - koža oko usta i noktiju izgleda siva.",True
"Dobar dan, novorođenče odbija svaki obrok i letargično je?",True
"Dijete ne diše normalno i teško hvata zrak, šta da radim?",True
"Imam pitanje: dijete je progutalo nešto strano ili moguć otrov?",True
"Beba je pala i sada povraća i jako je pospana?",True
"Pojavio se osip koji se brzo širi po tijelu. Šta mi savjetujete?",True
"Brinem se jer da li je u redu koristiti cuclu.",True
"Beba ima ukočen vrat i ne podnosi svjetlo. Šta mi savjetujete?",True
"Zanima me sljedeće: da li je u redu da beba spava na stomaku uz nadzor?",False
"Beba povraća bez prestanka već nekoliko sati, šta da radim?",True
"Da li je normalno da beba često podriguje nakon hranjenja, šta da radim?",False
"Molim savjet - temperatura ne pada ni nakon lijeka već satima.",True
"Imam pitanje: koliko sati sna je normalno za bebu od 13 mjeseci?",False
"Dijete je dobilo grčeve/konvulzije, šta da radim?",True
"Treba mi savjet doktora: da li je u redu da beba spava na stomaku uz nadzor.",False
"Molim savjet - beba hripa i uvlači rebra pri disanju.",True
"Zanima me sljedeće: beba hripa i uvlači rebra pri disanju?",True
"Molim savjet - koja hrana je najbolja za uvođenje u ishranu.",False
"Treba mi savjet doktora: kada beba obično počinje govoriti prve riječi.",False
"Imam pitanje: koliko dugo obično traje faza kolika?",False
"Zanima me sljedeće: temperatura ne pada ni nakon lijeka već satima?",True
"Kako pripremiti bebu za prvi izlet vani. Šta mi savjetujete?",False
"Treba mi savjet doktora: koje su preporuke za kupanje novorođenčeta.",False
"Brinem se jer kako izgleda zdrav ritam hranjenja za uzrast od 7 mjeseci.",False
"Koja hrana je najbolja za uvođenje u ishranu, šta da radim?",False
"Poštovani doktore, beba jako plače i ne može se smiriti već duže vrijeme?",True
"Brinem se jer koliko puta dnevno treba mijenjati pelene.",False
"Dijete je dobilo grčeve/konvulzije?",True
"Poštovani doktore, beba se guši i ne može doći do daha?",False
"Dobar dan, kada beba počinje jesti čvrstu hranu?",False
"Zanima me sljedeće: koje igračke su prikladne za uzrast od 24 mjeseci?",False
"Molim savjet - koja hrana je najbolja za uvođenje u ishranu.",False
"Beba se guši i ne može doći do daha. Šta mi savjetujete?",True
"Zanima me sljedeće: koje igračke su prikladne za uzrast od 16 mjeseci?",False
"Primijetila sam krv u povraćanju kod bebe?",True
"Kako uspostaviti stabilnu rutinu spavanja, šta da radim?",False
"Usne i koža oko usta su mu/joj modre. Šta mi savjetujete?",True
"Koja hrana je najbolja za uvođenje u ishranu. Šta mi savjetujete?",False
"Beba ima ukočen vrat i ne podnosi svjetlo?",True
"Dobar dan, dijete je na trenutak izgubilo svijest?",True
"Treba mi savjet doktora: koliko dugo obično traje faza kolika.",False
"Koliko je normalno da beba plače tokom dana. Šta mi savjetujete?",False
"Molim savjet - primijetila sam krv u povraćanju kod bebe.",True
"Poštovani doktore, kada mogu početi sa uvođenjem sokova?",False
"Dobar dan, beba ima temperaturu a mlađa je od tri mjeseca?",True
"Beba ima ukočen vrat i ne podnosi svjetlo. Šta mi savjetujete?",True
"Imam pitanje: dijete je progutalo nešto strano ili moguć otrov?",True
"Treba mi savjet doktora: koje su preporuke za prve cipelice.",False
"Zanima me sljedeće: koja hrana je najbolja za uvođenje u ishranu?",False
"Primijetila sam krv u povraćanju kod bebe?",True
"Treba mi savjet doktora: beba ima jaku bol u stomaku i ne miče se.",True
"Kako izgleda zdrav ritam hranjenja za uzrast od 16 mjeseci. Šta mi savjetujete?",False
"Poštovani doktore, kada se preporučuje prva redovna vakcina?",False
"Koje igračke su prikladne za uzrast od 23 mjeseci. Šta mi savjetujete?",False
"Treba mi savjet doktora: dijete je dobilo grčeve/konvulzije.",True
"Molim savjet - koža oko usta i noktiju izgleda siva.",True
"Molim savjet - dijete ne diše normalno i teško hvata zrak.",True
"Koža oko usta i noktiju izgleda siva, šta da radim?",True
"Dobar dan, kako uspostaviti stabilnu rutinu spavanja?",False
"Dobar dan, kako naučiti bebu da spava cijelu noć?",False
"Beba se guši i ne može doći do daha, šta da radim?",True
"Brinem se jer kako naučiti bebu da spava cijelu noć.",False
"Brinem se jer temperatura ne pada ni nakon lijeka već satima.",True
"Zanima me sljedeće: koje su preporuke za prve cipelice?",False
"Brinem se jer beba se guši i ne može doći do daha.",True
"Koliko sati sna je normalno za bebu od 17 mjeseci. Šta mi savjetujete?",False
"Poštovani doktore, koliko je normalno da beba plače tokom dana?",False
"Imam pitanje: beba se guši i ne može doći do daha?",True
"Poštovani doktore, koliko je normalno da beba plače tokom dana?",False
"Beba se guši i ne može doći do daha, šta da radim?",True
"Molim savjet - kada je vrijeme za prvu posjetu zubaru.",False
"Zanima me sljedeće: beba jako plače i ne može se smiriti već duže vrijeme?",True
"Dobar dan, kada mogu početi sa uvođenjem sokova?",False
"Brinem se jer primijetila sam krv u povraćanju kod bebe.",True
"Imam pitanje: da li je normalno da beba često podriguje nakon hranjenja?",False
"Dijete je na trenutak izgubilo svijest, šta da radim?",True
"Poštovani doktore, da li je normalno da beba puno spava tokom dana?",False
"Da li je normalno da beba često podriguje nakon hranjenja?",False
"Molim savjet - kada mogu početi sa uvođenjem sokova.",False
"Beba ima visoku temperaturu preko 39 stepeni. Šta mi savjetujete?",True
"Poštovani doktore, dijete je na trenutak izgubilo svijest?",True
"Poštovani doktore, beba ima visoku temperaturu preko 39 stepeni?",True
"Kako uspostaviti stabilnu rutinu spavanja. Šta mi savjetujete?",False
"Treba mi savjet doktora: dijete je na trenutak izgubilo svijest.",True
"Poštovani doktore, temperatura ne pada ni nakon lijeka već satima?",True
"Imam pitanje: kako pripremiti bebu za prvi izlet vani?",False
"Treba mi savjet doktora: beba se guši i ne može doći do daha.",True
"Dobar dan, kada je vrijeme za prvu posjetu zubaru?",False
"Zanima me sljedeće: kako izgleda zdrav ritam hranjenja za uzrast od 7 mjeseci?",False
"Beba povraća bez prestanka već nekoliko sati?",True
"Beba ima ukočen vrat i ne podnosi svjetlo. Šta mi savjetujete?",True
"Koje vitamine treba davati bebi. Šta mi savjetujete?",False
"Da li je u redu koristiti cuclu?",False
"Imam pitanje: kada mogu očekivati da beba počne sjediti sama?",False
"Molim savjet - koža oko usta i noktiju izgleda siva.",True
"Treba mi savjet doktora: beba ima ukočen vrat i ne podnosi svjetlo.",True
"Treba mi savjet doktora: da li je u redu koristiti cuclu.",False
"Beba se guši i ne može doći do daha?",True
"Brinem se jer beba je pala i sada povraća i jako je pospana.",True
"Brinem se jer dijete ne diše normalno i teško hvata zrak.",True
"Imam pitanje: beba ne mokri više od 8 sati?",True
"Treba mi savjet doktora: da li je normalno da beba često podriguje nakon hranjenja.",False
"Pojavio se osip koji se brzo širi po tijelu, šta da radim?",True
"Molim savjet - dijete diše veoma brzo i teško.",True
"Dobar dan, da li je normalno da beba često podriguje nakon hranjenja?",False
"Treba mi savjet doktora: koje su preporuke za prve cipelice.",False
"Beba ima visoku temperaturu preko 39 stepeni?",True
"Imam pitanje: pojavio se osip koji se brzo širi po tijelu?",True
"Imam pitanje: da li je u redu koristiti cuclu?",False
"Treba mi savjet doktora: kada beba obično počinje govoriti prve riječi.",False
"Dobar dan, kada beba počinje jesti čvrstu hranu?",False
"Dobar dan, dijete je progutalo nešto strano ili moguć otrov?",True
"Brinem se jer da li je u redu da beba spava na stomaku uz nadzor.",False
"Molim savjet - beba ne mokri više od 8 sati.",True
"Imam pitanje: kada se preporučuje prva redovna vakcina?",False
"Poštovani doktore, primijetila sam krv u povraćanju kod bebe?",False
"Dijete je na trenutak izgubilo svijest, šta da radim?",True
"Treba mi savjet doktora: beba hripa i uvlači rebra pri disanju.",True
"Koliko puta dnevno treba mijenjati pelene. Šta mi savjetujete?",False
"Poštovani doktore, pojavio se osip koji se brzo širi po tijelu?",False
"Da li trebam brinuti ako beba ne voli određenu hranu, šta da radim?",False
"Dijete je progutalo nešto strano ili moguć otrov. Šta mi savjetujete?",True
"Imam pitanje: dijete ne diše normalno i teško hvata zrak?",True
"Dijete je dobilo grčeve/konvulzije, šta da radim?",True
"Beba ima temperaturu a mlađa je od tri mjeseca. Šta mi savjetujete?",True
"Molim savjet - kako pripremiti bebu za prvi izlet vani.",False
"Poštovani doktore, koje vitamine treba davati bebi?",False
"Imam pitanje: kako izgleda zdrav ritam hranjenja za uzrast od 22 mjeseci?",False
"Treba mi savjet doktora: kako pripremiti bebu za prvi izlet vani.",True
"Zanima me sljedeće: koliko sati sna je normalno za bebu od 7 mjeseci?",False
"Brinem se jer da li je u redu koristiti cuclu.",False
"Zanima me sljedeće: da li je normalno da beba puno spava tokom dana?",False
"Treba mi savjet doktora: kada mogu očekivati da beba počne sjediti sama.",False
"Koje su preporuke za kupanje novorođenčeta?",False
"Brinem se jer koža bebe je postala jako blijeda ili žuta.",True
"Poštovani doktore, kako naučiti bebu da spava cijelu noć?",False
"Molim savjet - kada se preporučuje prva redovna vakcina.",False
"Imam pitanje: koža oko usta i noktiju izgleda siva?",True
"Poštovani doktore, dijete ne diše normalno i teško hvata zrak?",True
"Molim savjet - temperatura ne pada ni nakon lijeka već satima.",True
"Poštovani doktore, da li je u redu da beba spava na stomaku uz nadzor?",False
"Dijete diše veoma brzo i teško. Šta mi savjetujete?",True
"Molim savjet - primijetila sam krv u stolici kod bebe.",True
"Poštovani doktore, beba se guši i ne može doći do daha?",True
"Zanima me sljedeće: kada beba počinje jesti čvrstu hranu?",False
"Novorođenče odbija svaki obrok i letargično je, šta da radim?",True
"Treba mi savjet doktora: novorođenče odbija svaki obrok i letargično je.",True
"Imam pitanje: kada mogu očekivati da beba počne sjediti sama?",False
"Imam pitanje: koje su preporuke za prve cipelice?",False
"Zanima me sljedeće: kada se preporučuje prva redovna vakcina?",False
"Zanima me sljedeće: beba ima temperaturu a mlađa je od tri mjeseca?",True
"Kada mogu očekivati da beba počne sjediti sama?",False
"Beba se guši i ne može doći do daha?",True
"Imam pitanje: beba hripa i uvlači rebra pri disanju?",False
"Dobar dan, novorođenče odbija svaki obrok i letargično je?",True
"Kako pripremiti bebu za prvi izlet vani, šta da radim?",False
"Treba mi savjet doktora: da li je normalno da beba puno spava tokom dana.",False
"Molim savjet - dijete je jako pospano i teško ga je probuditi.",True
"Treba mi savjet doktora: koje igračke su prikladne za uzrast od 6 mjeseci.",False
"Koliko brzo bi trebalo beba da dobija na težini, šta da radim?",False
"Zanima me sljedeće: koje vitamine treba davati bebi?",False
"Kada beba obično počinje govoriti prve riječi?",False
"Dijete se opeklo i koža je jako crvena i mjehuri se?",True
"Kako naučiti bebu da spava cijelu noć. Šta mi savjetujete?",False
"Imam pitanje: dijete je dobilo grčeve/konvulzije?",True
"Dobar dan, da li je normalno da beba puno spava tokom dana?",False
"Dobar dan, dijete je jako pospano i teško ga je probuditi?",True
"Novorođenče odbija svaki obrok i letargično je?",True
"Koja hrana je najbolja za uvođenje u ishranu?",False
"Treba mi savjet doktora: da li trebam brinuti ako beba ne voli određenu hranu.",False
"Poštovani doktore, dijete je dobilo grčeve/konvulzije?",True
"Brinem se jer koliko sati sna je normalno za bebu od 8 mjeseci.",False
"Zanima me sljedeće: dijete se opeklo i koža je jako crvena i mjehuri se?",True
"Treba mi savjet doktora: koliko dugo obično traje faza kolika.",False
"Primijetila sam krv u stolici kod bebe?",True
"Kako naučiti bebu da spava cijelu noć, šta da radim?",False
"Molim savjet - beba ima ukočen vrat i ne podnosi svjetlo.",True
"Dobar dan, koje su preporuke za prve cipelice?",False
"Poštovani doktore, pojavio se osip koji se brzo širi po tijelu?",True
"Brinem se jer koliko je normalno da beba plače tokom dana.",False
"Novorođenče odbija svaki obrok i letargično je?",True
"Zanima me sljedeće: primijetila sam krv u povraćanju kod bebe?",True
"Pojavio se osip koji se brzo širi po tijelu. Šta mi savjetujete?",True
"Brinem se jer da li je normalno da beba često podriguje nakon hranjenja.",False
"Poštovani doktore, beba ima temperaturu a mlađa je od tri mjeseca?",True
"Brinem se jer koliko brzo bi trebalo beba da dobija na težini.",False
"Treba mi savjet doktora: primijetila sam krv u povraćanju kod bebe.",True
"Zanima me sljedeće: dijete je na trenutak izgubilo svijest?",True
"Imam pitanje: dijete diše veoma brzo i teško?",True
"Dobar dan, kada mogu početi sa uvođenjem sokova?",False
"Da li trebam brinuti ako beba ne voli određenu hranu, šta da radim?",False
"Imam pitanje: beba ne mokri više od 8 sati?",True
"Dijete je progutalo nešto strano ili moguć otrov. Šta mi savjetujete?",True
"Treba mi savjet doktora: novorođenče odbija svaki obrok i letargično je.",True
"Dobar dan, dijete je jako pospano i teško ga je probuditi?",True
"Imam pitanje: beba jako plače i ne može se smiriti već duže vrijeme?",True
"Imam pitanje: koliko dugo obično traje faza kolika?",False
"Beba povraća bez prestanka već nekoliko sati?",True
"Beba povraća bez prestanka već nekoliko sati, šta da radim?",False
"Imam pitanje: primijetila sam krv u stolici kod bebe?",True
"Molim savjet - da li je u redu da beba spava na stomaku uz nadzor.",False
"Molim savjet - beba ima temperaturu a mlađa je od tri mjeseca.",True
"Dobar dan, kako naučiti bebu da spava cijelu noć?",False
"Treba mi savjet doktora: da li trebam brinuti ako beba ne voli određenu hranu.",False
"Treba mi savjet doktora: kada mogu početi sa uvođenjem sokova.",False
"Dobar dan, koliko je normalno da beba plače tokom dana?",False
"Poštovani doktore, dijete je progutalo nešto strano ili moguć otrov?",True
"Poštovani doktore, koliko brzo bi trebalo beba da dobija na težini?",False
"Dobar dan, kada beba počinje jesti čvrstu hranu?",False
"Brinem se jer kada mogu očekivati da beba počne sjediti sama.",False
"Brinem se jer da li je normalno da beba često podriguje nakon hranjenja.",False
"Molim savjet - beba se guši i ne može doći do daha.",True
"Koje su preporuke za kupanje novorođenčeta, šta da radim?",False
"Dobar dan, beba se guši i ne može doći do daha?",True
"Dijete je jako pospano i teško ga je probuditi, šta da radim?",False
"Koje igračke su prikladne za uzrast od 9 mjeseci, šta da radim?",False
"Imam pitanje: kada je vrijeme za prvu posjetu zubaru?",False
"Dobar dan, beba povraća bez prestanka već nekoliko sati?",True
"Dobar dan, da li je u redu da beba spava na stomaku uz nadzor?",False
"Molim savjet - kada se preporučuje prva redovna vakcina.",False
"Brinem se jer kada mogu očekivati da beba počne sjediti sama.",False
"Brinem se jer kada mogu očekivati da beba počne sjediti sama.",False
"Treba mi savjet doktora: koje su preporuke za kupanje novorođenčeta.",False
"Kada mogu očekivati da beba počne sjediti sama, šta da radim?",False
"Beba je pala i sada povraća i jako je pospana, šta da radim?",True
"Beba hripa i uvlači rebra pri disanju. Šta mi savjetujete?",True
"Treba mi savjet doktora: kada beba počinje jesti čvrstu hranu.",False
"Dijete diše veoma brzo i teško, šta da radim?",True
"Poštovani doktore, kada beba obično počinje govoriti prve riječi?",False
"Beba ima jaku bol u stomaku i ne miče se, šta da radim?",True
"Zanima me sljedeće: koja hrana je najbolja za uvođenje u ishranu?",False
"Treba mi savjet doktora: koža oko usta i noktiju izgleda siva.",True
"Brinem se jer koža oko usta i noktiju izgleda siva.",True
"Brinem se jer koje su preporuke za kupanje novorođenčeta.",False
"Zanima me sljedeće: koje su preporuke za kupanje novorođenčeta?",False
"Treba mi savjet doktora: dijete diše veoma brzo i teško.",True
"Koliko brzo bi trebalo beba da dobija na težini. Šta mi savjetujete?",False
"Beba ima jaku bol u stomaku i ne miče se?",True
"Poštovani doktore, koliko sati sna je normalno za bebu od 19 mjeseci?",False
"Poštovani doktore, beba ima visoku temperaturu preko 39 stepeni?",True
"Kako uspostaviti stabilnu rutinu spavanja. Šta mi savjetujete?",False
"Dijete je na trenutak izgubilo svijest?",True
"Kada se preporučuje prva redovna vakcina?",False
"Imam pitanje: kada je vrijeme za prvu posjetu zubaru?",False
"Koža oko usta i noktiju izgleda siva. Šta mi savjetujete?",True
"Zanima me sljedeće: kako izgleda zdrav ritam hranjenja za uzrast od 11 mjeseci?",False
"Brinem se jer koža oko usta i noktiju izgleda siva.",True
"Beba povraća bez prestanka već nekoliko sati. Šta mi savjetujete?",True
"Dobar dan, koje su preporuke za kupanje novorođenčeta?",False
"Usne i koža oko usta su mu/joj modre. Šta mi savjetujete?",True
"Zanima me sljedeće: beba ima jaku bol u stomaku i ne miče se?",True
"Molim savjet - kada mogu početi sa uvođenjem sokova.",False
"Brinem se jer beba ima ukočen vrat i ne podnosi svjetlo.",True
"Treba mi savjet doktora: kada beba počinje jesti čvrstu hranu.",False
"Zanima me sljedeće: dijete je dobilo grčeve/konvulzije?",True
"Koje su preporuke za prve cipelice?",False
"Koliko sati sna je normalno za bebu od 8 mjeseci?",False
"Da li je u redu koristiti cuclu. Šta mi savjetujete?",False
"Kako izgleda zdrav ritam hranjenja za uzrast od 7 mjeseci?",False
"Dobar dan, koža oko usta i noktiju izgleda siva?",True
"Dobar dan, beba hripa i uvlači rebra pri disanju?",True
"Koje vitamine treba davati bebi?",False
"Brinem se jer koliko je normalno da beba plače tokom dana.",False
"Beba se guši i ne može doći do daha?",True
"Molim savjet - dijete se opeklo i koža je jako crvena i mjehuri se.",True
"Zanima me sljedeće: kada beba počinje jesti čvrstu hranu?",False
"Dobar dan, kada je vrijeme za prvu posjetu zubaru?",False
"Koje su preporuke za prve cipelice. Šta mi savjetujete?",False
"Poštovani doktore, usne i koža oko usta su mu/joj modre?",True
"Dobar dan, kada se preporučuje prva redovna vakcina?",False
"Molim savjet - dijete se opeklo i koža je jako crvena i mjehuri se.",True
"Molim savjet - usne i koža oko usta su mu/joj modre.",True
"Brinem se jer koja hrana je najbolja za uvođenje u ishranu.",False
"Imam pitanje: kako naučiti bebu da spava cijelu noć?",False
"Brinem se jer primijetila sam krv u stolici kod bebe.",True
"Beba ima jaku bol u stomaku i ne miče se?",True
"Dobar dan, temperatura ne pada ni nakon lijeka već satima?",True
"Koje su preporuke za prve cipelice, šta da radim?",False
"Beba povraća bez prestanka već nekoliko sati?",True
"Koja hrana je najbolja za uvođenje u ishranu?",False
"Beba jako plače i ne može se smiriti već duže vrijeme, šta da radim?",True
"Imam pitanje: beba ima ukočen vrat i ne podnosi svjetlo?",True
"Kako uspostaviti stabilnu rutinu spavanja?",False
"Poštovani doktore, temperatura ne pada ni nakon lijeka već satima?",True
"Molim savjet - koje vitamine treba davati bebi.",False
"Dobar dan, koža oko usta i noktiju izgleda siva?",False
"Molim savjet - dijete je dobilo grčeve/konvulzije.",True
"Zanima me sljedeće: kada beba obično počinje govoriti prve riječi?",False
"Poštovani doktore, koliko brzo bi trebalo beba da dobija na težini?",False
"Koža bebe je postala jako blijeda ili žuta?",True
"Dijete se opeklo i koža je jako crvena i mjehuri se, šta da radim?",True
"Molim savjet - kada se preporučuje prva redovna vakcina.",False
"Imam pitanje: beba jako plače i ne može se smiriti već duže vrijeme?",True
"Treba mi savjet doktora: dijete je dobilo grčeve/konvulzije.",True
"Zanima me sljedeće: kada beba obično počinje govoriti prve riječi?",False
"Treba mi savjet doktora: dijete se opeklo i koža je jako crvena i mjehuri se.",True
"Molim savjet - kako uspostaviti stabilnu rutinu spavanja.",False
"Brinem se jer beba se guši i ne može doći do daha.",True
"Beba ima temperaturu a mlađa je od tri mjeseca?",True
"Imam pitanje: beba hripa i uvlači rebra pri disanju?",True
"Dobar dan, koje igračke su prikladne za uzrast od 18 mjeseci?",False
"Poštovani doktore, kako izgleda zdrav ritam hranjenja za uzrast od 2 mjeseci?",False
"Zanima me sljedeće: koja hrana je najbolja za uvođenje u ishranu?",False
"Brinem se jer da li je u redu da beba spava na stomaku uz nadzor.",False
"Zanima me sljedeće: dijete ne diše normalno i teško hvata zrak?",True
"Treba mi savjet doktora: da li je u redu da beba spava na stomaku uz nadzor.",False
"Imam pitanje: novorođenče odbija svaki obrok i letargično je?",True
"Da li je normalno da beba puno spava tokom dana?",False
"Imam pitanje: primijetila sam krv u povraćanju kod bebe?",True
"Zanima me sljedeće: koje su preporuke za prve cipelice?",False
"Novorođenče odbija svaki obrok i letargično je?",True
"Molim savjet - kada beba obično počinje govoriti prve riječi.",False
"Imam pitanje: da li trebam brinuti ako beba ne voli određenu hranu?",False
"Koje vitamine treba davati bebi?",False
"Poštovani doktore, novorođenče odbija svaki obrok i letargično je?",True
"Dobar dan, beba ima temperaturu a mlađa je od tri mjeseca?",True
"Kada se preporučuje prva redovna vakcina. Šta mi savjetujete?",False
"Molim savjet - dijete je progutalo nešto strano ili moguć otrov.",True
"Zanima me sljedeće: kada beba počinje jesti čvrstu hranu?",False
"Zanima me sljedeće: da li je normalno da beba puno spava tokom dana?",False
"Poštovani doktore, beba ne mokri više od 8 sati?",True
"Koža bebe je postala jako blijeda ili žuta, šta da radim?",True
"Kada se preporučuje prva redovna vakcina?",False
"Kada mogu početi sa uvođenjem sokova?",False
"Imam pitanje: beba ima jaku bol u stomaku i ne miče se?",True
"Zanima me sljedeće: dijete ne diše normalno i teško hvata zrak?",True
"Brinem se jer da li je normalno da beba često podriguje nakon hranjenja.",False
"Poštovani doktore, primijetila sam krv u povraćanju kod bebe?",True
"Kako uspostaviti stabilnu rutinu spavanja, šta da radim?",False
"Molim savjet - da li je normalno da beba često podriguje nakon hranjenja.",False
"Zanima me sljedeće: kako naučiti bebu da spava cijelu noć?",False
"Kako uspostaviti stabilnu rutinu spavanja?",False
"Beba ima ukočen vrat i ne podnosi svjetlo?",False
"Koje vitamine treba davati bebi?",False
"Brinem se jer koje su preporuke za prve cipelice.",False
"Brinem se jer pojavio se osip koji se brzo širi po tijelu.",True
"Beba ima ukočen vrat i ne podnosi svjetlo?",True
"Dobar dan, beba je pala i sada povraća i jako je pospana?",True
"Novorođenče odbija svaki obrok i letargično je. Šta mi savjetujete?",True
"Dobar dan, da li je u redu koristiti cuclu?",False
"Dijete ne diše normalno i teško hvata zrak?",True
"Zanima me sljedeće: da li je u redu koristiti cuclu?",False
"Molim savjet - koža oko usta i noktiju izgleda siva.",True
"Kada beba obično počinje govoriti prve riječi?",False
"Beba ima temperaturu a mlađa je od tri mjeseca, šta da radim?",True
"Koliko sati sna je normalno za bebu od 24 mjeseci?",False
"Poštovani doktore, koja hrana je najbolja za uvođenje u ishranu?",False
"Molim savjet - dijete je progutalo nešto strano ili moguć otrov.",True
"Imam pitanje: kako naučiti bebu da spava cijelu noć?",False
"Imam pitanje: temperatura ne pada ni nakon lijeka već satima?",True
"Brinem se jer da li je u redu koristiti cuclu.",False
"Dijete je progutalo nešto strano ili moguć otrov, šta da radim?",True
"Da li je u redu koristiti cuclu, šta da radim?",False
"Brinem se jer koliko je normalno da beba plače tokom dana.",False
"Brinem se jer dijete je na trenutak izgubilo svijest.",True
"Dobar dan, kako naučiti bebu da spava cijelu noć?",False
"Koža bebe je postala jako blijeda ili žuta?",True
"Treba mi savjet doktora: beba se guši i ne može doći do daha.",True
"Imam pitanje: kako naučiti bebu da spava cijelu noć?",False
"Poštovani doktore, kako naučiti bebu da spava cijelu noć?",False
"Kada se preporučuje prva redovna vakcina?",False
"Dijete diše veoma brzo i teško. Šta mi savjetujete?",True
"Brinem se jer kada se preporučuje prva redovna vakcina.",False
"Novorođenče odbija svaki obrok i letargično je. Šta mi savjetujete?",True
"Imam pitanje: kada mogu početi sa uvođenjem sokova?",False
"Kako pripremiti bebu za prvi izlet vani, šta da radim?",False
"Molim savjet - koliko brzo bi trebalo beba da dobija na težini.",False
"Molim savjet - da li trebam brinuti ako beba ne voli određenu hranu.",False
"Molim savjet - da li je normalno da beba puno spava tokom dana.",False
"Treba mi savjet doktora: primijetila sam krv u povraćanju kod bebe.",True
"Koliko dugo obično traje faza kolika. Šta mi savjetujete?",False
"Poštovani doktore, koliko sati sna je normalno za bebu od 7 mjeseci?",False
"Kako naučiti bebu da spava cijelu noć?",False
"Imam pitanje: koliko dugo obično traje faza kolika?",False
"Brinem se jer kako uspostaviti stabilnu rutinu spavanja.",False
"Brinem se jer novorođenče odbija svaki obrok i letargično je.",True
"Treba mi savjet doktora: beba je pala i sada povraća i jako je pospana.",True
"Poštovani doktore, usne i koža oko usta su mu/joj modre?",True
"Treba mi savjet doktora: kada se preporučuje prva redovna vakcina.",False
"Dobar dan, beba ima temperaturu a mlađa je od tri mjeseca?",True
"Brinem se jer kako pripremiti bebu za prvi izlet vani.",False
"Poštovani doktore, beba ima jaku bol u stomaku i ne miče se?",True
"Molim savjet - kada je vrijeme za prvu posjetu zubaru.",False
"Dobar dan, beba se guši i ne može doći do daha?",True
"Brinem se jer kada beba obično počinje govoriti prve riječi.",False
"Koža oko usta i noktiju izgleda siva. Šta mi savjetujete?",True
"Zanima me sljedeće: koliko je normalno da beba plače tokom dana?",False
"Imam pitanje: pojavio se osip koji se brzo širi po tijelu?",True
"Zanima me sljedeće: beba ne mokri više od 8 sati?",True
"Koliko sati sna je normalno za bebu od 5 mjeseci. Šta mi savjetujete?",False
"Novorođenče odbija svaki obrok i letargično je?",True
"Brinem se jer dijete je progutalo nešto strano ili moguć otrov.",False
"Molim savjet - koliko brzo bi trebalo beba da dobija na težini.",False
"Imam pitanje: dijete je progutalo nešto strano ili moguć otrov?",True
"Kada se preporučuje prva redovna vakcina, šta da radim?",False
"Zanima me sljedeće: dijete je na trenutak izgubilo svijest?",True
"Temperatura ne pada ni nakon lijeka već satima, šta da radim?",True
"Imam pitanje: da li je u redu koristiti cuclu?",False
"Imam pitanje: kada beba obično počinje govoriti prve riječi?",False
"Kada mogu početi sa uvođenjem sokova?",False
"Brinem se jer beba ima temperaturu a mlađa je od tri mjeseca.",True
"Treba mi savjet doktora: koja hrana je najbolja za uvođenje u ishranu.",False
"Dobar dan, kako pripremiti bebu za prvi izlet vani?",False
"Beba ima temperaturu a mlađa je od tri mjeseca?",True
"Treba mi savjet doktora: koliko sati sna je normalno za bebu od 16 mjeseci.",False
"Imam pitanje: beba ima jaku bol u stomaku i ne miče se?",True
"Treba mi savjet doktora: kako uspostaviti stabilnu rutinu spavanja.",False
"Treba mi savjet doktora: koža oko usta i noktiju izgleda siva.",True
"Dijete je progutalo nešto strano ili moguć otrov. Šta mi savjetujete?",True
"Koža oko usta i noktiju izgleda siva, šta da radim?",False
"Zanima me sljedeće: kada mogu početi sa uvođenjem sokova?",False
"Molim savjet - primijetila sam krv u stolici kod bebe.",True
"Molim savjet - usne i koža oko usta su mu/joj modre.",True
"Dobar dan, dijete diše veoma brzo i teško?",True
"Imam pitanje: novorođenče odbija svaki obrok i letargično je?",True
"Dijete je jako pospano i teško ga je probuditi, šta da radim?",True
"Imam pitanje: pojavio se osip koji se brzo širi po tijelu?",True
"Koliko je normalno da beba plače tokom dana?",False
"Dijete je na trenutak izgubilo svijest. Šta mi savjetujete?",True
"Imam pitanje: beba povraća bez prestanka već nekoliko sati?",True
"Zanima me sljedeće: koliko brzo bi trebalo beba da dobija na težini?",False
"Dijete je progutalo nešto strano ili moguć otrov. Šta mi savjetujete?",True
"Poštovani doktore, beba ima jaku bol u stomaku i ne miče se?",True
"Treba mi savjet doktora: da li trebam brinuti ako beba ne voli određenu hranu.",False
"Brinem se jer dijete se opeklo i koža je jako crvena i mjehuri se.",True
"Kada mogu očekivati da beba počne sjediti sama. Šta mi savjetujete?",False
"Novorođenče odbija svaki obrok i letargično je, šta da radim?",True
"Treba mi savjet doktora: koje su preporuke za prve cipelice.",False
"Imam pitanje: dijete je na trenutak izgubilo svijest?",True
"Brinem se jer koliko dugo obično traje faza kolika.",False
"Da li je u redu koristiti cuclu, šta da radim?",False
"Poštovani doktore, kako pripremiti bebu za prvi izlet vani?",False
"Molim savjet - kada se preporučuje prva redovna vakcina.",False
"Zanima me sljedeće: dijete diše veoma brzo i teško?",True
"Zanima me sljedeće: kada beba obično počinje govoriti prve riječi?",False
"Koliko dugo obično traje faza kolika. Šta mi savjetujete?",False
"Temperatura ne pada ni nakon lijeka već satima, šta da radim?",True
"Da li je normalno da beba često podriguje nakon hranjenja. Šta mi savjetujete?",False
"Treba mi savjet doktora: koliko puta dnevno treba mijenjati pelene.",False
"Koliko je normalno da beba plače tokom dana?",False
"Zanima me sljedeće: kako pripremiti bebu za prvi izlet vani?",False
"Beba povraća bez prestanka već nekoliko sati. Šta mi savjetujete?",True
"Imam pitanje: beba hripa i uvlači rebra pri disanju?",True
"Zanima me sljedeće: primijetila sam krv u stolici kod bebe?",True
"Poštovani doktore, dijete je jako pospano i teško ga je probuditi?",True
"Kako naučiti bebu da spava cijelu noć, šta da radim?",False
"Kada mogu očekivati da beba počne sjediti sama, šta da radim?",False
"Brinem se jer kako uspostaviti stabilnu rutinu spavanja.",False
"Zanima me sljedeće: dijete je na trenutak izgubilo svijest?",False
"Kako pripremiti bebu za prvi izlet vani?",False
"Kada beba obično počinje govoriti prve riječi. Šta mi savjetujete?",False
"Da li je normalno da beba često podriguje nakon hranjenja, šta da radim?",False
"Dobar dan, kako izgleda zdrav ritam hranjenja za uzrast od 18 mjeseci?",False
"Pojavio se osip koji se brzo širi po tijelu, šta da radim?",True
"Zanima me sljedeće: kada mogu očekivati da beba počne sjediti sama?",False
"Poštovani doktore, dijete ne diše normalno i teško hvata zrak?",True
"Molim savjet - koliko je normalno da beba plače tokom dana.",False
"Primijetila sam krv u stolici kod bebe. Šta mi savjetujete?",True
"Beba ima visoku temperaturu preko 39 stepeni, šta da radim?",True
"Zanima me sljedeće: koliko sati sna je normalno za bebu od 15 mjeseci?",False
"Treba mi savjet doktora: koža oko usta i noktiju izgleda siva.",True
"Brinem se jer da li je normalno da beba često podriguje nakon hranjenja.",False
"Brinem se jer kako izgleda zdrav ritam hranjenja za uzrast od 6 mjeseci.",False
"Treba mi savjet doktora: koje vitamine treba davati bebi.",False
"Imam pitanje: koje igračke su prikladne za uzrast od 18 mjeseci?",False
"Koliko je normalno da beba plače tokom dana?",False
"Poštovani doktore, beba ne mokri više od 8 sati?",True
"Poštovani doktore, koža oko usta i noktiju izgleda siva?",True
"Beba ne mokri više od 8 sati?",True
"Molim savjet - kada mogu početi sa uvođenjem sokova.",False
"Imam pitanje: dijete diše veoma brzo i teško?",True
"Beba ima visoku temperaturu preko 39 stepeni?",True
"Da li je u redu koristiti cuclu. Šta mi savjetujete?",False
"Dobar dan, novorođenče odbija svaki obrok i letargično je?",True
"Imam pitanje: novorođenče odbija svaki obrok i letargično je?",True
"Treba mi savjet doktora: temperatura ne pada ni nakon lijeka već satima.",True
"Dobar dan, dijete je dobilo grčeve/konvulzije?",True
"Brinem se jer kada beba obično počinje govoriti prve riječi.",True
"Usne i koža oko usta su mu/joj modre, šta da radim?",True
"Koje su preporuke za kupanje novorođenčeta?",False
"Zanima me sljedeće: koje su preporuke za kupanje novorođenčeta?",False
"Brinem se jer dijete je jako pospano i teško ga je probuditi.",True
"Treba mi savjet doktora: koliko puta dnevno treba mijenjati pelene.",False
"Imam pitanje: dijete se opeklo i koža je jako crvena i mjehuri se?",True
"Dobar dan, koliko puta dnevno treba mijenjati pelene?",False
"Da li je normalno da beba često podriguje nakon hranjenja?",False
"Zanima me sljedeće: kada mogu očekivati da beba počne sjediti sama?",False
"Zanima me sljedeće: kada se preporučuje prva redovna vakcina?",False
"Usne i koža oko usta su mu/joj modre. Šta mi savjetujete?",True
"Imam pitanje: kako uspostaviti stabilnu rutinu spavanja?",False
"Dobar dan, kako uspostaviti stabilnu rutinu spavanja?",False
"Kako uspostaviti stabilnu rutinu spavanja. Šta mi savjetujete?",False
"Poštovani doktore, dijete je progutalo nešto strano ili moguć otrov?",True
"Molim savjet - da li je u redu koristiti cuclu.",False
"Kada mogu početi sa uvođenjem sokova. Šta mi savjetujete?",False
"Zanima me sljedeće: koža bebe je postala jako blijeda ili žuta?",True
"Treba mi savjet doktora: koja hrana je najbolja za uvođenje u ishranu.",False
"Molim savjet - kako uspostaviti stabilnu rutinu spavanja.",False
"Beba hripa i uvlači rebra pri disanju?",True
"Zanima me sljedeće: koje su preporuke za kupanje novorođenčeta?",False
"Brinem se jer kada mogu početi sa uvođenjem sokova.",False
"Imam pitanje: primijetila sam krv u stolici kod bebe?",True
"Poštovani doktore, primijetila sam krv u stolici kod bebe?",True
"Poštovani doktore, koliko puta dnevno treba mijenjati pelene?",False
"Imam pitanje: beba se guši i ne može doći do daha?",True
"Kada mogu početi sa uvođenjem sokova?",False
"Imam pitanje: kada mogu početi sa uvođenjem sokova?",False
"Da li trebam brinuti ako beba ne voli određenu hranu, šta da radim?",False
"Temperatura ne pada ni nakon lijeka već satima?",True
"Zanima me sljedeće: beba se guši i ne može doći do daha?",True
"Kako izgleda zdrav ritam hranjenja za uzrast od 16 mjeseci?",False
"Imam pitanje: koje su preporuke za kupanje novorođenčeta?",False
"Beba se guši i ne može doći do daha. Šta mi savjetujete?",True
"Imam pitanje: dijete je dobilo grčeve/konvulzije?",True
"Zanima me sljedeće: dijete je na trenutak izgubilo svijest?",True
"Dobar dan, koje igračke su prikladne za uzrast od 5 mjeseci?",False
"Kako izgleda zdrav ritam hranjenja za uzrast od 23 mjeseci, šta da radim?",False
"Brinem se jer usne i koža oko usta su mu/joj modre.",False
"Molim savjet - dijete je progutalo nešto strano ili moguć otrov.",True
"Imam pitanje: dijete je na trenutak izgubilo svijest?",True
"Dobar dan, da li je u redu koristiti cuclu?",False
"Brinem se jer da li trebam brinuti ako beba ne voli određenu hranu.",False
"Zanima me sljedeće: beba ne mokri više od 8 sati?",True
"Imam pitanje: dijete ne diše normalno i teško hvata zrak?",True
"Imam pitanje: beba ne mokri više od 8 sati?",True
"Kada mogu početi sa uvođenjem sokova, šta da radim?",False
"Kada se preporučuje prva redovna vakcina?",False
"Imam pitanje: koliko dugo obično traje faza kolika?",False
"Beba ima jaku bol u stomaku i ne miče se?",True
"Koje su preporuke za prve cipelice?",False
"Brinem se jer temperatura ne pada ni nakon lijeka već satima.",True
"Poštovani doktore, temperatura ne pada ni nakon lijeka već satima?",True
"Beba ima temperaturu a mlađa je od tri mjeseca. Šta mi savjetujete?",True
"Dijete diše veoma brzo i teško, šta da radim?",True
"Dobar dan, dijete diše veoma brzo i teško?",True
"Brinem se jer dijete je dobilo grčeve/konvulzije.",True
"Imam pitanje: koliko sati sna je normalno za bebu od 22 mjeseci?",False
"Imam pitanje: primijetila sam krv u stolici kod bebe?",True
"Poštovani doktore, kako uspostaviti stabilnu rutinu spavanja?",False
"Dijete se opeklo i koža je jako crvena i mjehuri se?",True
"Poštovani doktore, dijete je jako pospano i teško ga je probuditi?",True
"Kako izgleda zdrav ritam hranjenja za uzrast od 16 mjeseci, šta da radim?",True
"Imam pitanje: koliko brzo bi trebalo beba da dobija na težini?",False
"Treba mi savjet doktora: beba ima visoku temperaturu preko 39 stepeni.",True
"Imam pitanje: koliko brzo bi trebalo beba da dobija na težini?",False
"Treba mi savjet doktora: da li je u redu koristiti cuclu.",False
"Molim savjet - pojavio se osip koji se brzo širi po tijelu.",True
"Imam pitanje: beba se guši i ne može doći do daha?",True
"Imam pitanje: dijete je progutalo nešto strano ili moguć otrov?",True
"Molim savjet - beba hripa i uvlači rebra pri disanju.",True
"Beba jako plače i ne može se smiriti već duže vrijeme. Šta mi savjetujete?",True
"Zanima me sljedeće: dijete ne diše normalno i teško hvata zrak?",True
"Brinem se jer beba povraća bez prestanka već nekoliko sati.",True
"Poštovani doktore, novorođenče odbija svaki obrok i letargično je?",True
"Beba povraća bez prestanka već nekoliko sati?",True
"Koža bebe je postala jako blijeda ili žuta. Šta mi savjetujete?",True
"Kako naučiti bebu da spava cijelu noć?",False
"Dobar dan, koliko dugo obično traje faza kolika?",True
"Poštovani doktore, beba je pala i sada povraća i jako je pospana?",True
"Dijete diše veoma brzo i teško?",True
"Poštovani doktore, beba povraća bez prestanka već nekoliko sati?",True
"Dijete je na trenutak izgubilo svijest?",True
"Dobar dan, kako uspostaviti stabilnu rutinu spavanja?",False
"Imam pitanje: kako izgleda zdrav ritam hranjenja za uzrast od 24 mjeseci?",False
"Poštovani doktore, beba hripa i uvlači rebra pri disanju?",True
"Imam pitanje: kako pripremiti bebu za prvi izlet vani?",False
"Molim savjet - koliko sati sna je normalno za bebu od 21 mjeseci.",False
"Poštovani doktore, beba jako plače i ne može se smiriti već duže vrijeme?",True
"Dijete je jako pospano i teško ga je probuditi. Šta mi savjetujete?",True
"Molim savjet - beba se guši i ne može doći do daha.",True
"Zanima me sljedeće: beba ima jaku bol u stomaku i ne miče se?",True
"Zanima me sljedeće: primijetila sam krv u povraćanju kod bebe?",True
"Brinem se jer da li je u redu da beba spava na stomaku uz nadzor.",False
"Zanima me sljedeće: kako naučiti bebu da spava cijelu noć?",False
"Molim savjet - temperatura ne pada ni nakon lijeka već satima.",True
"Kako uspostaviti stabilnu rutinu spavanja?",False
"Brinem se jer koje su preporuke za kupanje novorođenčeta.",False
"Kada beba počinje jesti čvrstu hranu, šta da radim?",True
"Brinem se jer kada mogu početi sa uvođenjem sokova.",False
"Molim savjet - dijete diše veoma brzo i teško.",True
"Kada je vrijeme za prvu posjetu zubaru. Šta mi savjetujete?",False
"Koliko je normalno da beba plače tokom dana, šta da radim?",False
"Imam pitanje: kada mogu početi sa uvođenjem sokova?",False
"Koje vitamine treba davati bebi. Šta mi savjetujete?",False
"Zanima me sljedeće: kako izgleda zdrav ritam hranjenja za uzrast od 9 mjeseci?",False
"Treba mi savjet doktora: koža bebe je postala jako blijeda ili žuta.",True
"Brinem se jer dijete je dobilo grčeve/konvulzije.",True
"Molim savjet - kako izgleda zdrav ritam hranjenja za uzrast od 8 mjeseci.",False
"Treba mi savjet doktora: beba ne mokri više od 8 sati.",False
"Molim savjet - koje su preporuke za prve cipelice.",False
"Imam pitanje: koliko je normalno da beba plače tokom dana?",False
"Molim savjet - kako pripremiti bebu za prvi izlet vani.",True
"Zanima me sljedeće: novorođenče odbija svaki obrok i letargično je?",True
"Imam pitanje: koliko sati sna je normalno za bebu od 1 mjeseci?",False
"Zanima me sljedeće: primijetila sam krv u stolici kod bebe?",True
"Zanima me sljedeće: primijetila sam krv u povraćanju kod bebe?",True
"Poštovani doktore, kako izgleda zdrav ritam hranjenja za uzrast od 16 mjeseci?",False
"Temperatura ne pada ni nakon lijeka već satima, šta da radim?",True
"Molim savjet - beba ima ukočen vrat i ne podnosi svjetlo.",True
"Poštovani doktore, pojavio se osip koji se brzo širi po tijelu?",True
"Imam pitanje: da li je u redu da beba spava na stomaku uz nadzor?",False
"Treba mi savjet doktora: koliko dugo obično traje faza kolika.",False
"Molim savjet - koje igračke su prikladne za uzrast od 8 mjeseci.",False
"Primijetila sam krv u stolici kod bebe, šta da radim?",True
"Zanima me sljedeće: beba ima jaku bol u stomaku i ne miče se?",True
"Dobar dan, koliko puta dnevno treba mijenjati pelene?",False
"Brinem se jer koja hrana je najbolja za uvođenje u ishranu.",False
"Imam pitanje: da li trebam brinuti ako beba ne voli određenu hranu?",False
"Brinem se jer kada je vrijeme za prvu posjetu zubaru.",False
"Brinem se jer kada je vrijeme za prvu posjetu zubaru.",False
"Treba mi savjet doktora: beba jako plače i ne može se smiriti već duže vrijeme.",True
"Dijete je progutalo nešto strano ili moguć otrov, šta da radim?",True
"Zanima me sljedeće: beba ima ukočen vrat i ne podnosi svjetlo?",True
"Kako pripremiti bebu za prvi izlet vani?",False
"Imam pitanje: koliko sati sna je normalno za bebu od 11 mjeseci?",False
"Usne i koža oko usta su mu/joj modre?",True
"Zanima me sljedeće: kada beba obično počinje govoriti prve riječi?",False
"Imam pitanje: dijete je jako pospano i teško ga je probuditi?",True
"Dobar dan, dijete je na trenutak izgubilo svijest?",True
"Koje su preporuke za prve cipelice. Šta mi savjetujete?",False
"Koža bebe je postala jako blijeda ili žuta?",True
"Molim savjet - primijetila sam krv u stolici kod bebe.",True
"Treba mi savjet doktora: koliko sati sna je normalno za bebu od 2 mjeseci.",False
"Koliko sati sna je normalno za bebu od 19 mjeseci?",False
"Primijetila sam krv u povraćanju kod bebe, šta da radim?",True
"Kada beba obično počinje govoriti prve riječi, šta da radim?",False
"Zanima me sljedeće: koža oko usta i noktiju izgleda siva?",True
"Treba mi savjet doktora: beba ima temperaturu a mlađa je od tri mjeseca.",True
"Zanima me sljedeće: dijete je na trenutak izgubilo svijest?",True
"Dobar dan, dijete diše veoma brzo i teško?",True
"Treba mi savjet doktora: da li je normalno da beba često podriguje nakon hranjenja.",False
"Poštovani doktore, koža bebe je postala jako blijeda ili žuta?",True
"Dobar dan, kako uspostaviti stabilnu rutinu spavanja?",False
"Beba jako plače i ne može se smiriti već duže vrijeme. Šta mi savjetujete?",True
"Da li trebam brinuti ako beba ne voli određenu hranu, šta da radim?",False
"Koje vitamine treba davati bebi. Šta mi savjetujete?",False
"Dobar dan, koža oko usta i noktiju izgleda siva?",True
"Poštovani doktore, beba je pala i sada povraća i jako je pospana?",True
"Zanima me sljedeće: koliko je normalno da beba plače tokom dana?",False
"Da li je u redu da beba spava na stomaku uz nadzor. Šta mi savjetujete?",False
"Brinem se jer primijetila sam krv u povraćanju kod bebe.",True
"Dobar dan, kada mogu očekivati da beba počne sjediti sama?",False
"Zanima me sljedeće: kako pripremiti bebu za prvi izlet vani?",False
"Imam pitanje: koliko sati sna je normalno za bebu od 6 mjeseci?",False
"Brinem se jer koje su preporuke za prve cipelice.",False
"Poštovani doktore, beba ne mokri više od 8 sati?",True
"Treba mi savjet doktora: kako pripremiti bebu za prvi izlet vani.",False
"Imam pitanje: primijetila sam krv u stolici kod bebe?",True
"Imam pitanje: kako pripremiti bebu za prvi izlet vani?",False
"Poštovani doktore, primijetila sam krv u povraćanju kod bebe?",True
"Poštovani doktore, kako pripremiti bebu za prvi izlet vani?",False
"Primijetila sam krv u stolici kod bebe?",True
"Zanima me sljedeće: kada se preporučuje prva redovna vakcina?",False
"Brinem se jer dijete ne diše normalno i teško hvata zrak.",True
"Molim savjet - da li je normalno da beba puno spava tokom dana.",False
"Dobar dan, novorođenče odbija svaki obrok i letargično je?",True
"Koža bebe je postala jako blijeda ili žuta. Šta mi savjetujete?",True
"Poštovani doktore, dijete je jako pospano i teško ga je probuditi?",True
"Molim savjet - beba ne mokri više od 8 sati.",True
"Treba mi savjet doktora: beba se guši i ne može doći do daha.",True
"Zanima me sljedeće: novorođenče odbija svaki obrok i letargično je?",True
"Brinem se jer novorođenče odbija svaki obrok i letargično je.",True
"Molim savjet - da li je u redu da beba spava na stomaku uz nadzor.",False
"Brinem se jer dijete je na trenutak izgubilo svijest.",True
"Kada beba obično počinje govoriti prve riječi?",False
"Beba hripa i uvlači rebra pri disanju, šta da radim?",True
"Molim savjet - beba se guši i ne može doći do daha.",True
"Brinem se jer dijete je dobilo grčeve/konvulzije.",True
"Imam pitanje: beba povraća bez prestanka već nekoliko sati?",True
"Molim savjet - primijetila sam krv u stolici kod bebe.",True
"Poštovani doktore, koliko dugo obično traje faza kolika?",False
"Treba mi savjet doktora: kada mogu početi sa uvođenjem sokova.",False
"Poštovani doktore, beba ima ukočen vrat i ne podnosi svjetlo?",True
"Brinem se jer da li je u redu koristiti cuclu.",False
"Treba mi savjet doktora: kako uspostaviti stabilnu rutinu spavanja.",False
"Koliko je normalno da beba plače tokom dana, šta da radim?",False
"Poštovani doktore, koje su preporuke za prve cipelice?",False
"Kada je vrijeme za prvu posjetu zubaru. Šta mi savjetujete?",False
"Kada mogu očekivati da beba počne sjediti sama, šta da radim?",False
"Treba mi savjet doktora: koža oko usta i noktiju izgleda siva.",True
"Brinem se jer da li je u redu koristiti cuclu.",False
"Treba mi savjet doktora: beba jako plače i ne može se smiriti već duže vrijeme.",True
"Dobar dan, kada mogu očekivati da beba počne sjediti sama?",False
"Brinem se jer primijetila sam krv u stolici kod bebe.",True
"Kako izgleda zdrav ritam hranjenja za uzrast od 18 mjeseci?",False
"Brinem se jer da li je normalno da beba puno spava tokom dana.",False
"Da li je normalno da beba često podriguje nakon hranjenja?",False
"Koje su preporuke za kupanje novorođenčeta. Šta mi savjetujete?",False
"Koža oko usta i noktiju izgleda siva, šta da radim?",True
"Dobar dan, temperatura ne pada ni nakon lijeka već satima?",True
"Brinem se jer kako naučiti bebu da spava cijelu noć.",False
"Brinem se jer temperatura ne pada ni nakon lijeka već satima.",True
"Imam pitanje: kada beba obično počinje govoriti prve riječi?",False
"Molim savjet - koliko dugo obično traje faza kolika.",False
"Kako izgleda zdrav ritam hranjenja za uzrast od 4 mjeseci. Šta mi savjetujete?",False
"Treba mi savjet doktora: da li je normalno da beba često podriguje nakon hranjenja.",False
"Zanima me sljedeće: kada se preporučuje prva redovna vakcina?",False
"Dijete je dobilo grčeve/konvulzije?",True
"Brinem se jer beba povraća bez prestanka već nekoliko sati.",True
"Kada se preporučuje prva redovna vakcina. Šta mi savjetujete?",False
"Poštovani doktore, beba se guši i ne može doći do daha?",False
"Beba ima ukočen vrat i ne podnosi svjetlo?",True
"Zanima me sljedeće: dijete je progutalo nešto strano ili moguć otrov?",True
"Poštovani doktore, beba se guši i ne može doći do daha?",True
"Zanima me sljedeće: beba je pala i sada povraća i jako je pospana?",True
"Beba je pala i sada povraća i jako je pospana. Šta mi savjetujete?",True
"Zanima me sljedeće: novorođenče odbija svaki obrok i letargično je?",True
"Da li je normalno da beba puno spava tokom dana. Šta mi savjetujete?",False
"Brinem se jer beba jako plače i ne može se smiriti već duže vrijeme.",True
"Molim savjet - kada beba obično počinje govoriti prve riječi.",False
"Poštovani doktore, koja hrana je najbolja za uvođenje u ishranu?",False
"Kako uspostaviti stabilnu rutinu spavanja, šta da radim?",False
"Dobar dan, kada je vrijeme za prvu posjetu zubaru?",False
"Beba jako plače i ne može se smiriti već duže vrijeme, šta da radim?",True
"Dobar dan, kada beba obično počinje govoriti prve riječi?",False
"Zanima me sljedeće: kako uspostaviti stabilnu rutinu spavanja?",False
"Kada mogu očekivati da beba počne sjediti sama, šta da radim?",False
"Temperatura ne pada ni nakon lijeka već satima?",True
"Dobar dan, kada beba počinje jesti čvrstu hranu?",False
"Molim savjet - dijete ne diše normalno i teško hvata zrak.",True
"Brinem se jer da li je normalno da beba često podriguje nakon hranjenja.",False
"Zanima me sljedeće: dijete je dobilo grčeve/konvulzije?",True
"Dijete je progutalo nešto strano ili moguć otrov, šta da radim?",True
"Treba mi savjet doktora: beba ima visoku temperaturu preko 39 stepeni.",True
"Koliko je normalno da beba plače tokom dana, šta da radim?",False
"Treba mi savjet doktora: da li trebam brinuti ako beba ne voli određenu hranu.",False
"Molim savjet - kada mogu početi sa uvođenjem sokova.",False
"Da li je normalno da beba puno spava tokom dana?",False
"Molim savjet - da li je u redu da beba spava na stomaku uz nadzor.",False
"Brinem se jer dijete je na trenutak izgubilo svijest.",True
"Usne i koža oko usta su mu/joj modre?",True
"Poštovani doktore, dijete diše veoma brzo i teško?",True
"Dobar dan, dijete se opeklo i koža je jako crvena i mjehuri se?",True
"Koje igračke su prikladne za uzrast od 23 mjeseci, šta da radim?",False
"Da li je u redu da beba spava na stomaku uz nadzor?",False
"Koliko puta dnevno treba mijenjati pelene. Šta mi savjetujete?",False
"Molim savjet - dijete je progutalo nešto strano ili moguć otrov.",True
"Poštovani doktore, beba se guši i ne može doći do daha?",False
"Poštovani doktore, dijete je na trenutak izgubilo svijest?",True
"Molim savjet - kada je vrijeme za prvu posjetu zubaru.",True
"Treba mi savjet doktora: kada mogu početi sa uvođenjem sokova.",False
"Imam pitanje: primijetila sam krv u stolici kod bebe?",True
"Zanima me sljedeće: da li je normalno da beba puno spava tokom dana?",False
"Koliko dugo obično traje faza kolika?",False
"Kada beba obično počinje govoriti prve riječi, šta da radim?",False
"Imam pitanje: novorođenče odbija svaki obrok i letargično je?",True
"Poštovani doktore, da li je normalno da beba često podriguje nakon hranjenja?",False
"Brinem se jer beba ima visoku temperaturu preko 39 stepeni.",True
"Dobar dan, usne i koža oko usta su mu/joj modre?",True
"Zanima me sljedeće: koje su preporuke za prve cipelice?",False
"Brinem se jer kako naučiti bebu da spava cijelu noć.",False
"Treba mi savjet doktora: dijete se opeklo i koža je jako crvena i mjehuri se.",True
"Beba ima ukočen vrat i ne podnosi svjetlo?",True
"Imam pitanje: kako izgleda zdrav ritam hranjenja za uzrast od 17 mjeseci?",False
"Treba mi savjet doktora: da li je normalno da beba puno spava tokom dana.",False
"Imam pitanje: pojavio se osip koji se brzo širi po tijelu?",True
"Treba mi savjet doktora: beba se guši i ne može doći do daha.",True
"Treba mi savjet doktora: dijete ne diše normalno i teško hvata zrak.",True
"Molim savjet - beba hripa i uvlači rebra pri disanju.",True
"Treba mi savjet doktora: koliko brzo bi trebalo beba da dobija na težini.",False
"Dobar dan, koja hrana je najbolja za uvođenje u ishranu?",False
"Kada mogu početi sa uvođenjem sokova, šta da radim?",False
"Molim savjet - koje su preporuke za kupanje novorođenčeta.",False
"Beba jako plače i ne može se smiriti već duže vrijeme?",True
"Poštovani doktore, kada beba počinje jesti čvrstu hranu?",False
"Da li je normalno da beba puno spava tokom dana?",False
"Brinem se jer koliko dugo obično traje faza kolika.",False
"Brinem se jer koje su preporuke za kupanje novorođenčeta.",False
"Treba mi savjet doktora: beba ima jaku bol u stomaku i ne miče se.",True
"Koje su preporuke za kupanje novorođenčeta. Šta mi savjetujete?",False
"Beba hripa i uvlači rebra pri disanju. Šta mi savjetujete?",True
"Zanima me sljedeće: kako uspostaviti stabilnu rutinu spavanja?",False
"Molim savjet - koža bebe je postala jako blijeda ili žuta.",True
"Imam pitanje: kada je vrijeme za prvu posjetu zubaru?",False
"Koje vitamine treba davati bebi?",False
"Kako izgleda zdrav ritam hranjenja za uzrast od 5 mjeseci, šta da radim?",False
"Dobar dan, primijetila sam krv u povraćanju kod bebe?",True
"Kada mogu očekivati da beba počne sjediti sama?",False
"Dobar dan, kako uspostaviti stabilnu rutinu spavanja?",False
"Dobar dan, kako uspostaviti stabilnu rutinu spavanja?",False
"Treba mi savjet doktora: koliko sati sna je normalno za bebu od 5 mjeseci.",False
"Koliko puta dnevno treba mijenjati pelene?",False
"Treba mi savjet doktora: koje igračke su prikladne za uzrast od 15 mjeseci.",False
"Molim savjet - dijete je jako pospano i teško ga je probuditi.",True
"Zanima me sljedeće: koža bebe je postala jako blijeda ili žuta?",True
"Zanima me sljedeće: da li trebam brinuti ako beba ne voli određenu hranu?",False
"Brinem se jer koliko sati sna je normalno za bebu od 15 mjeseci.",False
"Beba ima jaku bol u stomaku i ne miče se?",True
"Brinem se jer primijetila sam krv u povraćanju kod bebe.",True
"Zanima me sljedeće: beba ima jaku bol u stomaku i ne miče se?",True
"Poštovani doktore, koliko dugo obično traje faza kolika?",False
"Dijete je dobilo grčeve/konvulzije?",True
"Brinem se jer primijetila sam krv u povraćanju kod bebe.",True
"Brinem se jer koje vitamine treba davati bebi.",False
"Zanima me sljedeće: kada mogu početi sa uvođenjem sokova?",False
"Beba se guši i ne može doći do daha, šta da radim?",True
"Poštovani doktore, koje su preporuke za kupanje novorođenčeta?",False
"Imam pitanje: pojavio se osip koji se brzo širi po tijelu?",True
"Brinem se jer da li trebam brinuti ako beba ne voli određenu hranu.",False
"Molim savjet - da li je u redu da beba spava na stomaku uz nadzor.",False
"Poštovani doktore, koje su preporuke za prve cipelice?",False
"Brinem se jer koliko dugo obično traje faza kolika.",False
"Pojavio se osip koji se brzo širi po tijelu, šta da radim?",True
"Imam pitanje: koliko je normalno da beba plače tokom dana?",False
"Zanima me sljedeće: dijete se opeklo i koža je jako crvena i mjehuri se?",True
"Zanima me sljedeće: beba povraća bez prestanka već nekoliko sati?",True
"Brinem se jer kako uspostaviti stabilnu rutinu spavanja.",False
"Koliko dugo obično traje faza kolika, šta da radim?",False
"Imam pitanje: koja hrana je najbolja za uvođenje u ishranu?",False
"Koža bebe je postala jako blijeda ili žuta, šta da radim?",True
"Da li je u redu da beba spava na stomaku uz nadzor. Šta mi savjetujete?",False
"Imam pitanje: temperatura ne pada ni nakon lijeka već satima?",True
"Zanima me sljedeće: koja hrana je najbolja za uvođenje u ishranu?",False
"Zanima me sljedeće: kada beba počinje jesti čvrstu hranu?",False
"Koža oko usta i noktiju izgleda siva?",True
"Koliko puta dnevno treba mijenjati pelene?",False
"Treba mi savjet doktora: koja hrana je najbolja za uvođenje u ishranu.",False
"Zanima me sljedeće: kada beba počinje jesti čvrstu hranu?",False
"Molim savjet - beba je pala i sada povraća i jako je pospana.",True
"Poštovani doktore, koja hrana je najbolja za uvođenje u ishranu?",False
"Zanima me sljedeće: beba ima visoku temperaturu preko 39 stepeni?",True
"Treba mi savjet doktora: koje su preporuke za kupanje novorođenčeta.",False
"Kako pripremiti bebu za prvi izlet vani?",False
"Zanima me sljedeće: dijete je na trenutak izgubilo svijest?",True
"Koliko brzo bi trebalo beba da dobija na težini?",False
"Zanima me sljedeće: kada mogu očekivati da beba počne sjediti sama?",False
"Koliko brzo bi trebalo beba da dobija na težini, šta da radim?",False
"Imam pitanje: kada beba obično počinje govoriti prve riječi?",False
"Dobar dan, koža oko usta i noktiju izgleda siva?",True
"Koliko dugo obično traje faza kolika, šta da radim?",False
"Molim savjet - kada beba počinje jesti čvrstu hranu.",False
"Beba ima temperaturu a mlađa je od tri mjeseca. Šta mi savjetujete?",True
"Koje su preporuke za kupanje novorođenčeta?",True
"Koža oko usta i noktiju izgleda siva, šta da radim?",True
"Zanima me sljedeće: kada se preporučuje prva redovna vakcina?",False
"Molim savjet - primijetila sam krv u stolici kod bebe.",True
"Dijete je progutalo nešto strano ili moguć otrov?",True
"Zanima me sljedeće: koje vitamine treba davati bebi?",False
"Brinem se jer kada mogu početi sa uvođenjem sokova.",False
"Dobar dan, beba ima jaku bol u stomaku i ne miče se?",True
"Dobar dan, kada je vrijeme za prvu posjetu zubaru?",False
"Treba mi savjet doktora: dijete je jako pospano i teško ga je probuditi.",True
"Treba mi savjet doktora: dijete je jako pospano i teško ga je probuditi.",True
"Poštovani doktore, dijete je jako pospano i teško ga je probuditi?",True
"Dobar dan, koja hrana je najbolja za uvođenje u ishranu?",False
"Brinem se jer beba ima ukočen vrat i ne podnosi svjetlo.",True
"Dijete je progutalo nešto strano ili moguć otrov?",True
"Dijete je progutalo nešto strano ili moguć otrov, šta da radim?",True
"Poštovani doktore, pojavio se osip koji se brzo širi po tijelu?",True
"Dobar dan, dijete je dobilo grčeve/konvulzije?",True
"Temperatura ne pada ni nakon lijeka već satima. Šta mi savjetujete?",True
"Da li je u redu da beba spava na stomaku uz nadzor. Šta mi savjetujete?",False
"Dobar dan, dijete je jako pospano i teško ga je probuditi?",True
"Zanima me sljedeće: kada mogu očekivati da beba počne sjediti sama?",False
"Dobar dan, kako naučiti bebu da spava cijelu noć?",False
"Koža bebe je postala jako blijeda ili žuta, šta da radim?",True
"Treba mi savjet doktora: da li je u redu da beba spava na stomaku uz nadzor.",False
"Poštovani doktore, da li je u redu da beba spava na stomaku uz nadzor?",False
"Dobar dan, dijete ne diše normalno i teško hvata zrak?",True
"Zanima me sljedeće: beba je pala i sada povraća i jako je pospana?",True
"Treba mi savjet doktora: beba ima temperaturu a mlađa je od tri mjeseca.",True
"Poštovani doktore, kada beba počinje jesti čvrstu hranu?",False
"Zanima me sljedeće: beba ima temperaturu a mlađa je od tri mjeseca?",True
"Imam pitanje: novorođenče odbija svaki obrok i letargično je?",True
"Molim savjet - kada mogu očekivati da beba počne sjediti sama.",False
"Kada mogu početi sa uvođenjem sokova. Šta mi savjetujete?",False
"Molim savjet - kada mogu očekivati da beba počne sjediti sama.",False
"Zanima me sljedeće: kada mogu početi sa uvođenjem sokova?",False
"Zanima me sljedeće: koliko je normalno da beba plače tokom dana?",False
"Koliko puta dnevno treba mijenjati pelene. Šta mi savjetujete?",False
"Molim savjet - beba ima visoku temperaturu preko 39 stepeni.",True
"Molim savjet - beba je pala i sada povraća i jako je pospana.",True
"Poštovani doktore, koje igračke su prikladne za uzrast od 22 mjeseci?",False
"Kada beba počinje jesti čvrstu hranu, šta da radim?",False
"Usne i koža oko usta su mu/joj modre. Šta mi savjetujete?",True
"Koja hrana je najbolja za uvođenje u ishranu, šta da radim?",False
"Poštovani doktore, beba ima ukočen vrat i ne podnosi svjetlo?",True
"Treba mi savjet doktora: koliko dugo obično traje faza kolika.",False
"Molim savjet - koliko sati sna je normalno za bebu od 9 mjeseci.",False
"Da li je u redu da beba spava na stomaku uz nadzor. Šta mi savjetujete?",False
"Brinem se jer koliko brzo bi trebalo beba da dobija na težini.",False
"Molim savjet - dijete se opeklo i koža je jako crvena i mjehuri se.",True
"Dobar dan, koje igračke su prikladne za uzrast od 2 mjeseci?",False
"Imam pitanje: kako uspostaviti stabilnu rutinu spavanja?",False
"Poštovani doktore, kako pripremiti bebu za prvi izlet vani?",False
"Treba mi savjet doktora: koža oko usta i noktiju izgleda siva.",True
"Beba je pala i sada povraća i jako je pospana?",True
"Molim savjet - kako naučiti bebu da spava cijelu noć.",False
"Poštovani doktore, kako pripremiti bebu za prvi izlet vani?",False
"Brinem se jer dijete se opeklo i koža je jako crvena i mjehuri se.",True
"Treba mi savjet doktora: dijete ne diše normalno i teško hvata zrak.",True
"Poštovani doktore, kada je vrijeme za prvu posjetu zubaru?",False
"Dijete je jako pospano i teško ga je probuditi?",True
"Molim savjet - beba ima visoku temperaturu preko 39 stepeni.",True
"Beba je pala i sada povraća i jako je pospana?",True
"Imam pitanje: koje su preporuke za kupanje novorođenčeta?",False
"Beba ima visoku temperaturu preko 39 stepeni?",True
"Brinem se jer koje su preporuke za prve cipelice.",False
"Kako pripremiti bebu za prvi izlet vani. Šta mi savjetujete?",False
"Imam pitanje: beba jako plače i ne može se smiriti već duže vrijeme?",True
"Novorođenče odbija svaki obrok i letargično je?",True
"Temperatura ne pada ni nakon lijeka već satima. Šta mi savjetujete?",True
"Treba mi savjet doktora: dijete je dobilo grčeve/konvulzije.",True
"Poštovani doktore, koža bebe je postala jako blijeda ili žuta?",True
"Poštovani doktore, da li trebam brinuti ako beba ne voli određenu hranu?",False
"Treba mi savjet doktora: koje vitamine treba davati bebi.",False
"Pojavio se osip koji se brzo širi po tijelu. Šta mi savjetujete?",True
"Molim savjet - kako pripremiti bebu za prvi izlet vani.",False
"Treba mi savjet doktora: beba ne mokri više od 8 sati.",True
"Molim savjet - beba ima ukočen vrat i ne podnosi svjetlo.",True
"Brinem se jer dijete je progutalo nešto strano ili moguć otrov.",True
"Koje su preporuke za kupanje novorođenčeta, šta da radim?",False
"Poštovani doktore, koja hrana je najbolja za uvođenje u ishranu?",False
"Da li je normalno da beba često podriguje nakon hranjenja?",False
"Koje su preporuke za kupanje novorođenčeta. Šta mi savjetujete?",False
"Dijete je progutalo nešto strano ili moguć otrov?",True
"Beba ne mokri više od 8 sati?",True
"Imam pitanje: kada se preporučuje prva redovna vakcina?",False
"Molim savjet - beba ima ukočen vrat i ne podnosi svjetlo.",True
"Dijete diše veoma brzo i teško?",True
"Zanima me sljedeće: usne i koža oko usta su mu/joj modre?",True
"Dobar dan, novorođenče odbija svaki obrok i letargično je?",True
"Usne i koža oko usta su mu/joj modre, šta da radim?",True
"Poštovani doktore, dijete je jako pospano i teško ga je probuditi?",True
"Dijete je na trenutak izgubilo svijest?",True
"Brinem se jer beba je pala i sada povraća i jako je pospana.",True
"Pojavio se osip koji se brzo širi po tijelu, šta da radim?",True
"Brinem se jer beba ima ukočen vrat i ne podnosi svjetlo.",True
"Brinem se jer kada beba obično počinje govoriti prve riječi.",False
"Dobar dan, kako izgleda zdrav ritam hranjenja za uzrast od 15 mjeseci?",False
"Poštovani doktore, kako izgleda zdrav ritam hranjenja za uzrast od 1 mjeseci?",False
"Poštovani doktore, koža bebe je postala jako blijeda ili žuta?",True
"Imam pitanje: koža bebe je postala jako blijeda ili žuta?",True
"Treba mi savjet doktora: kako pripremiti bebu za prvi izlet vani.",False
"Molim savjet - koje vitamine treba davati bebi.",True
"Poštovani doktore, da li je u redu da beba spava na stomaku uz nadzor?",False
"Kada mogu početi sa uvođenjem sokova, šta da radim?",False
"Kako naučiti bebu da spava cijelu noć, šta da radim?",False
"Zanima me sljedeće: kada beba počinje jesti čvrstu hranu?",False
"Kada se preporučuje prva redovna vakcina, šta da radim?",False
"Treba mi savjet doktora: beba hripa i uvlači rebra pri disanju.",True
"Poštovani doktore, beba se guši i ne može doći do daha?",True
"Brinem se jer beba jako plače i ne može se smiriti već duže vrijeme.",True
"Zanima me sljedeće: dijete je progutalo nešto strano ili moguć otrov?",True
"Zanima me sljedeće: beba povraća bez prestanka već nekoliko sati?",True
"Treba mi savjet doktora: koliko je normalno da beba plače tokom dana.",False
"Poštovani doktore, dijete je progutalo nešto strano ili moguć otrov?",False
"Zanima me sljedeće: primijetila sam krv u povraćanju kod bebe?",True
"Imam pitanje: koliko je normalno da beba plače tokom dana?",False
"Dijete se opeklo i koža je jako crvena i mjehuri se. Šta mi savjetujete?",True
"Koje su preporuke za prve cipelice?",False
"Da li je u redu da beba spava na stomaku uz nadzor, šta da radim?",False
"Imam pitanje: da li je u redu koristiti cuclu?",False
"Brinem se jer kada se preporučuje prva redovna vakcina.",False
"Molim savjet - koža bebe je postala jako blijeda ili žuta.",True
"Zanima me sljedeće: koža oko usta i noktiju izgleda siva?",True
"Molim savjet - kada je vrijeme za prvu posjetu zubaru.",False
"Zanima me sljedeće: beba ne mokri više od 8 sati?",True
"Koliko puta dnevno treba mijenjati pelene, šta da radim?",False
"Primijetila sam krv u povraćanju kod bebe, šta da radim?",False
"Imam pitanje: kako izgleda zdrav ritam hranjenja za uzrast od 1 mjeseci?",False
"Dijete je na trenutak izgubilo svijest?",True
"Primijetila sam krv u stolici kod bebe, šta da radim?",True
"Koliko je normalno da beba plače tokom dana?",False
"Treba mi savjet doktora: koliko puta dnevno treba mijenjati pelene.",False
"Poštovani doktore, dijete ne diše normalno i teško hvata zrak?",True
"Zanima me sljedeće: koliko je normalno da beba plače tokom dana?",False
"Zanima me sljedeće: kada je vrijeme za prvu posjetu zubaru?",False
"Brinem se jer kako pripremiti bebu za prvi izlet vani.",False
"Koža oko usta i noktiju izgleda siva?",True
"Zanima me sljedeće: dijete je dobilo grčeve/konvulzije?",True
"Molim savjet - beba se guši i ne može doći do daha.",True
"Primijetila sam krv u stolici kod bebe. Šta mi savjetujete?",True
"Beba hripa i uvlači rebra pri disanju. Šta mi savjetujete?",True
"Kada mogu početi sa uvođenjem sokova?",False
"Koje su preporuke za prve cipelice?",False
"Zanima me sljedeće: beba ima ukočen vrat i ne podnosi svjetlo?",True
"Treba mi savjet doktora: novorođenče odbija svaki obrok i letargično je.",True
"Molim savjet - dijete je na trenutak izgubilo svijest.",True
"Poštovani doktore, koliko sati sna je normalno za bebu od 3 mjeseci?",False
"Zanima me sljedeće: temperatura ne pada ni nakon lijeka već satima?",True
"Dobar dan, kada beba počinje jesti čvrstu hranu?",False
"Beba se guši i ne može doći do daha, šta da radim?",True
"Treba mi savjet doktora: beba jako plače i ne može se smiriti već duže vrijeme.",True
"Koja hrana je najbolja za uvođenje u ishranu. Šta mi savjetujete?",False
"Zanima me sljedeće: kada mogu očekivati da beba počne sjediti sama?",False
"Dobar dan, koliko je normalno da beba plače tokom dana?",False
"Poštovani doktore, koliko brzo bi trebalo beba da dobija na težini?",False
"Beba ima jaku bol u stomaku i ne miče se. Šta mi savjetujete?",True
"Treba mi savjet doktora: koža bebe je postala jako blijeda ili žuta.",True
"Molim savjet - koje su preporuke za kupanje novorođenčeta.",False
"Dobar dan, kada beba počinje jesti čvrstu hranu?",False
"Imam pitanje: beba hripa i uvlači rebra pri disanju?",True
"Kada je vrijeme za prvu posjetu zubaru. Šta mi savjetujete?",False
"Beba ima ukočen vrat i ne podnosi svjetlo. Šta mi savjetujete?",True
"Dobar dan, koliko sati sna je normalno za bebu od 8 mjeseci?",False
"Treba mi savjet doktora: primijetila sam krv u stolici kod bebe.",True
"Pojavio se osip koji se brzo širi po tijelu, šta da radim?",True
"Kako uspostaviti stabilnu rutinu spavanja, šta da radim?",False
"Imam pitanje: primijetila sam krv u povraćanju kod bebe?",True
"Brinem se jer dijete je na trenutak izgubilo svijest.",True
"Koja hrana je najbolja za uvođenje u ishranu?",False
"Brinem se jer koliko brzo bi trebalo beba da dobija na težini.",False
"Beba ima temperaturu a mlađa je od tri mjeseca. Šta mi savjetujete?",True
"Beba je pala i sada povraća i jako je pospana, šta da radim?",True
"Brinem se jer koža bebe je postala jako blijeda ili žuta.",True
"Dobar dan, kada mogu očekivati da beba počne sjediti sama?",False
"Treba mi savjet doktora: da li je u redu koristiti cuclu.",False
"Treba mi savjet doktora: beba ima ukočen vrat i ne podnosi svjetlo.",True
"Dobar dan, da li je u redu koristiti cuclu?",False
"Poštovani doktore, beba ima temperaturu a mlađa je od tri mjeseca?",True
"Kako pripremiti bebu za prvi izlet vani, šta da radim?",False
"Dobar dan, temperatura ne pada ni nakon lijeka već satima?",False
"Zanima me sljedeće: da li je u redu da beba spava na stomaku uz nadzor?",False
"Imam pitanje: kako naučiti bebu da spava cijelu noć?",False
"Da li trebam brinuti ako beba ne voli određenu hranu. Šta mi savjetujete?",False
"Kako naučiti bebu da spava cijelu noć?",False
"Pojavio se osip koji se brzo širi po tijelu, šta da radim?",True
"Treba mi savjet doktora: koje igračke su prikladne za uzrast od 18 mjeseci.",False
"Beba se guši i ne može doći do daha, šta da radim?",True
"Dijete se opeklo i koža je jako crvena i mjehuri se. Šta mi savjetujete?",True
"Kada beba obično počinje govoriti prve riječi, šta da radim?",False
"Imam pitanje: da li je u redu koristiti cuclu?",False
"Molim savjet - koje vitamine treba davati bebi.",False
"Zanima me sljedeće: beba hripa i uvlači rebra pri disanju?",True
"Brinem se jer koliko brzo bi trebalo beba da dobija na težini.",False
"Imam pitanje: kada beba obično počinje govoriti prve riječi?",False
"Poštovani doktore, kako pripremiti bebu za prvi izlet vani?",False
"Koja hrana je najbolja za uvođenje u ishranu, šta da radim?",False
"Dobar dan, koliko sati sna je normalno za bebu od 7 mjeseci?",False
"Treba mi savjet doktora: koje su preporuke za kupanje novorođenčeta.",False
"Kada mogu očekivati da beba počne sjediti sama, šta da radim?",False
"Beba se guši i ne može doći do daha, šta da radim?",True
"Zanima me sljedeće: beba ima jaku bol u stomaku i ne miče se?",True
"Koje vitamine treba davati bebi?",False
"Molim savjet - beba se guši i ne može doći do daha.",True
"Brinem se jer kako naučiti bebu da spava cijelu noć.",False
"Beba ima jaku bol u stomaku i ne miče se?",True
"Kada mogu očekivati da beba počne sjediti sama?",False
"Imam pitanje: koliko je normalno da beba plače tokom dana?",False
"Poštovani doktore, kako uspostaviti stabilnu rutinu spavanja?",True
"Molim savjet - dijete je dobilo grčeve/konvulzije.",True
"Treba mi savjet doktora: koliko sati sna je normalno za bebu od 3 mjeseci.",False
"Dobar dan, kako izgleda zdrav ritam hranjenja za uzrast od 15 mjeseci?",False
"Poštovani doktore, kada mogu početi sa uvođenjem sokova?",False
"Dobar dan, da li je normalno da beba često podriguje nakon hranjenja?",False
"Dijete je progutalo nešto strano ili moguć otrov?",True
"Brinem se jer kako naučiti bebu da spava cijelu noć.",False
"Koliko je normalno da beba plače tokom dana, šta da radim?",False
"Treba mi savjet doktora: kada beba počinje jesti čvrstu hranu.",False
"Dobar dan, kada mogu očekivati da beba počne sjediti sama?",False
"Molim savjet - temperatura ne pada ni nakon lijeka već satima.",True
"Imam pitanje: dijete ne diše normalno i teško hvata zrak?",True
"Treba mi savjet doktora: beba ima ukočen vrat i ne podnosi svjetlo.",True
"Beba ima temperaturu a mlađa je od tri mjeseca?",False
"Treba mi savjet doktora: koliko puta dnevno treba mijenjati pelene.",False
"Treba mi savjet doktora: koje vitamine treba davati bebi.",False
"Dijete diše veoma brzo i teško. Šta mi savjetujete?",True
"Dobar dan, koje vitamine treba davati bebi?",False
"Dobar dan, koje vitamine treba davati bebi?",False
"Beba ima temperaturu a mlađa je od tri mjeseca. Šta mi savjetujete?",True
"Dobar dan, koliko dugo obično traje faza kolika?",False
"Koje vitamine treba davati bebi. Šta mi savjetujete?",False
"Molim savjet - da li je normalno da beba puno spava tokom dana.",False
"Kada mogu očekivati da beba počne sjediti sama?",False
"Dobar dan, kada mogu očekivati da beba počne sjediti sama?",False
"Brinem se jer usne i koža oko usta su mu/joj modre.",True
"Koje su preporuke za kupanje novorođenčeta. Šta mi savjetujete?",False
"Imam pitanje: koliko brzo bi trebalo beba da dobija na težini?",False
"Poštovani doktore, dijete je jako pospano i teško ga je probuditi?",True
"Imam pitanje: dijete se opeklo i koža je jako crvena i mjehuri se?",True
"Imam pitanje: novorođenče odbija svaki obrok i letargično je?",True
"Molim savjet - da li je normalno da beba često podriguje nakon hranjenja.",False
"Molim savjet - koje su preporuke za prve cipelice.",False
"Primijetila sam krv u stolici kod bebe?",True
"Temperatura ne pada ni nakon lijeka već satima?",True
"Poštovani doktore, beba ima jaku bol u stomaku i ne miče se?",True
"Treba mi savjet doktora: koliko dugo obično traje faza kolika.",False
"Poštovani doktore, dijete diše veoma brzo i teško?",True
"Kada se preporučuje prva redovna vakcina. Šta mi savjetujete?",False
"Molim savjet - da li je u redu da beba spava na stomaku uz nadzor.",False
"Dijete je progutalo nešto strano ili moguć otrov. Šta mi savjetujete?",True
"Koliko puta dnevno treba mijenjati pelene. Šta mi savjetujete?",False
"Imam pitanje: koje su preporuke za prve cipelice?",False
"Primijetila sam krv u povraćanju kod bebe, šta da radim?",True
"Zanima me sljedeće: beba povraća bez prestanka već nekoliko sati?",True
"Brinem se jer da li je u redu koristiti cuclu.",False
"Dobar dan, dijete je progutalo nešto strano ili moguć otrov?",True
"Dobar dan, da li je normalno da beba puno spava tokom dana?",False
"Imam pitanje: kako pripremiti bebu za prvi izlet vani?",False
"Molim savjet - koje igračke su prikladne za uzrast od 20 mjeseci.",False
"Treba mi savjet doktora: koja hrana je najbolja za uvođenje u ishranu.",False
"Zanima me sljedeće: koliko puta dnevno treba mijenjati pelene?",False
"Imam pitanje: dijete diše veoma brzo i teško?",True
"Dobar dan, beba hripa i uvlači rebra pri disanju?",True
"Dobar dan, kada je vrijeme za prvu posjetu zubaru?",False
"Imam pitanje: kada se preporučuje prva redovna vakcina?",False
"Kada beba obično počinje govoriti prve riječi. Šta mi savjetujete?",False
"Dobar dan, dijete ne diše normalno i teško hvata zrak?",True
"Poštovani doktore, koliko sati sna je normalno za bebu od 16 mjeseci?",False
"Pojavio se osip koji se brzo širi po tijelu. Šta mi savjetujete?",True
"Imam pitanje: dijete je dobilo grčeve/konvulzije?",True
"Brinem se jer kada mogu očekivati da beba počne sjediti sama.",False
"Poštovani doktore, beba ima ukočen vrat i ne podnosi svjetlo?",False
"Zanima me sljedeće: kako naučiti bebu da spava cijelu noć?",False
"Imam pitanje: dijete se opeklo i koža je jako crvena i mjehuri se?",True
"Dobar dan, da li je u redu koristiti cuclu?",False
"Dijete ne diše normalno i teško hvata zrak?",True
"Zanima me sljedeće: beba povraća bez prestanka već nekoliko sati?",True
"Imam pitanje: dijete ne diše normalno i teško hvata zrak?",True
"Poštovani doktore, primijetila sam krv u povraćanju kod bebe?",True
"Kako naučiti bebu da spava cijelu noć. Šta mi savjetujete?",False
"Imam pitanje: da li je normalno da beba često podriguje nakon hranjenja?",False
"Zanima me sljedeće: beba povraća bez prestanka već nekoliko sati?",True
"Zanima me sljedeće: temperatura ne pada ni nakon lijeka već satima?",True
"Treba mi savjet doktora: dijete je na trenutak izgubilo svijest.",False
"Brinem se jer dijete diše veoma brzo i teško.",True
"Molim savjet - koliko brzo bi trebalo beba da dobija na težini.",False
"Brinem se jer kada je vrijeme za prvu posjetu zubaru.",False
"Zanima me sljedeće: beba ne mokri više od 8 sati?",True
"Da li trebam brinuti ako beba ne voli određenu hranu, šta da radim?",False
"Zanima me sljedeće: kada mogu početi sa uvođenjem sokova?",False
"Da li trebam brinuti ako beba ne voli određenu hranu. Šta mi savjetujete?",False
"Treba mi savjet doktora: kako naučiti bebu da spava cijelu noć.",False
"Zanima me sljedeće: koja hrana je najbolja za uvođenje u ishranu?",False
"Poštovani doktore, dijete se opeklo i koža je jako crvena i mjehuri se?",True
"Beba je pala i sada povraća i jako je pospana, šta da radim?",True
"Koje su preporuke za kupanje novorođenčeta, šta da radim?",False
"Imam pitanje: beba je pala i sada povraća i jako je pospana?",False
"Poštovani doktore, beba ima jaku bol u stomaku i ne miče se?",True
"Poštovani doktore, kako naučiti bebu da spava cijelu noć?",False
"Treba mi savjet doktora: koje su preporuke za kupanje novorođenčeta.",False
"Molim savjet - da li je normalno da beba puno spava tokom dana.",False
"Brinem se jer kada mogu očekivati da beba počne sjediti sama.",False
"Koža bebe je postala jako blijeda ili žuta?",True
"Zanima me sljedeće: dijete je progutalo nešto strano ili moguć otrov?",True
"Kako naučiti bebu da spava cijelu noć, šta da radim?",False
"Poštovani doktore, koliko je normalno da beba plače tokom dana?",False
"Brinem se jer kako izgleda zdrav ritam hranjenja za uzrast od 6 mjeseci.",False
"Treba mi savjet doktora: koliko sati sna je normalno za bebu od 9 mjeseci.",False
"Treba mi savjet doktora: koliko sati sna je normalno za bebu od 15 mjeseci.",False
"Poštovani doktore, beba povraća bez prestanka već nekoliko sati?",True
"Poštovani doktore, koliko sati sna je normalno za bebu od 13 mjeseci?",False
"Beba je pala i sada povraća i jako je pospana. Šta mi savjetujete?",True
"Koliko brzo bi trebalo beba da dobija na težini. Šta mi savjetujete?",False
"Beba povraća bez prestanka već nekoliko sati. Šta mi savjetujete?",True
"Brinem se jer beba povraća bez prestanka već nekoliko sati.",True
"Imam pitanje: koliko je normalno da beba plače tokom dana?",False
"Dijete je jako pospano i teško ga je probuditi, šta da radim?",True
"Treba mi savjet doktora: da li je u redu koristiti cuclu.",False
"Dobar dan, beba ima ukočen vrat i ne podnosi svjetlo?",True
"Molim savjet - beba je pala i sada povraća i jako je pospana.",True
"Dobar dan, kako izgleda zdrav ritam hranjenja za uzrast od 11 mjeseci?",False
"Zanima me sljedeće: da li je normalno da beba često podriguje nakon hranjenja?",False
"Da li je u redu da beba spava na stomaku uz nadzor?",False
"Imam pitanje: kako uspostaviti stabilnu rutinu spavanja?",False
"Treba mi savjet doktora: beba se guši i ne može doći do daha.",True
"Kada je vrijeme za prvu posjetu zubaru. Šta mi savjetujete?",False
"Treba mi savjet doktora: beba je pala i sada povraća i jako je pospana.",True
"Molim savjet - kada mogu početi sa uvođenjem sokova.",False
"Molim savjet - kako pripremiti bebu za prvi izlet vani.",False
"Beba hripa i uvlači rebra pri disanju, šta da radim?",True
"Da li je u redu koristiti cuclu?",False
"Koja hrana je najbolja za uvođenje u ishranu. Šta mi savjetujete?",False
"Kada mogu početi sa uvođenjem sokova, šta da radim?",False
"Novorođenče odbija svaki obrok i letargično je, šta da radim?",True
"Imam pitanje: koliko dugo obično traje faza kolika?",False
"Beba ima visoku temperaturu preko 39 stepeni?",True
"Da li trebam brinuti ako beba ne voli određenu hranu?",False
"Da li je u redu koristiti cuclu?",False
"Poštovani doktore, beba ima visoku temperaturu preko 39 stepeni?",True
"Zanima me sljedeće: beba hripa i uvlači rebra pri disanju?",True
"Molim savjet - temperatura ne pada ni nakon lijeka već satima.",True
"Molim savjet - da li trebam brinuti ako beba ne voli određenu hranu.",False
"Koliko sati sna je normalno za bebu od 20 mjeseci. Šta mi savjetujete?",False
"Poštovani doktore, dijete ne diše normalno i teško hvata zrak?",True
"Molim savjet - da li trebam brinuti ako beba ne voli određenu hranu.",False
"Zanima me sljedeće: kako pripremiti bebu za prvi izlet vani?",False
"Molim savjet - beba ima jaku bol u stomaku i ne miče se.",True
"Imam pitanje: usne i koža oko usta su mu/joj modre?",True
"Beba ima jaku bol u stomaku i ne miče se, šta da radim?",True
"Imam pitanje: beba povraća bez prestanka već nekoliko sati?",True
"Poštovani doktore, kako naučiti bebu da spava cijelu noć?",False
"Zanima me sljedeće: koliko sati sna je normalno za bebu od 6 mjeseci?",False
"Brinem se jer kada beba počinje jesti čvrstu hranu.",False
"Imam pitanje: beba ima visoku temperaturu preko 39 stepeni?",True
"Poštovani doktore, da li trebam brinuti ako beba ne voli određenu hranu?",False
"Brinem se jer beba se guši i ne može doći do daha.",True
"Poštovani doktore, dijete ne diše normalno i teško hvata zrak?",True
"Kako naučiti bebu da spava cijelu noć, šta da radim?",False
"Treba mi savjet doktora: primijetila sam krv u povraćanju kod bebe.",True
"Dobar dan, beba ima ukočen vrat i ne podnosi svjetlo?",True
"Dijete je na trenutak izgubilo svijest. Šta mi savjetujete?",True
"Dijete je dobilo grčeve/konvulzije. Šta mi savjetujete?",True
"Molim savjet - koje igračke su prikladne za uzrast od 10 mjeseci.",False
"Zanima me sljedeće: kada je vrijeme za prvu posjetu zubaru?",False
"Koliko sati sna je normalno za bebu od 20 mjeseci, šta da radim?",False
"Brinem se jer temperatura ne pada ni nakon lijeka već satima.",True
"Dobar dan, da li je normalno da beba često podriguje nakon hranjenja?",False
"Brinem se jer koje su preporuke za prve cipelice.",False
"Beba povraća bez prestanka već nekoliko sati. Šta mi savjetujete?",True
"Imam pitanje: pojavio se osip koji se brzo širi po tijelu?",True
"Zanima me sljedeće: dijete se opeklo i koža je jako crvena i mjehuri se?",True
"Poštovani doktore, primijetila sam krv u povraćanju kod bebe?",True
"Imam pitanje: da li je u redu da beba spava na stomaku uz nadzor?",False
"Da li trebam brinuti ako beba ne voli određenu hranu, šta da radim?",False
"Poštovani doktore, koliko sati sna je normalno za bebu od 12 mjeseci?",False
"Da li je normalno da beba često podriguje nakon hranjenja, šta da radim?",False
"Imam pitanje: kada mogu početi sa uvođenjem sokova?",False
"Poštovani doktore, da li je normalno da beba puno spava tokom dana?",False
"Treba mi savjet doktora: kako naučiti bebu da spava cijelu noć.",False
"Kada mogu početi sa uvođenjem sokova, šta da radim?",False
"Brinem se jer beba ima jaku bol u stomaku i ne miče se.",True
"Dobar dan, koža bebe je postala jako blijeda ili žuta?",False
"Beba ima ukočen vrat i ne podnosi svjetlo?",True
"Da li je u redu da beba spava na stomaku uz nadzor?",False
"Temperatura ne pada ni nakon lijeka već satima. Šta mi savjetujete?",True
"Imam pitanje: beba hripa i uvlači rebra pri disanju?",True
"Zanima me sljedeće: da li trebam brinuti ako beba ne voli određenu hranu?",False
"Koje su preporuke za kupanje novorođenčeta?",False
"Poštovani doktore, beba ima visoku temperaturu preko 39 stepeni?",True
"Poštovani doktore, kako pripremiti bebu za prvi izlet vani?",False
"Kada mogu početi sa uvođenjem sokova?",False
"Kada je vrijeme za prvu posjetu zubaru. Šta mi savjetujete?",False
"Imam pitanje: beba ima jaku bol u stomaku i ne miče se?",True
"Molim savjet - beba ima ukočen vrat i ne podnosi svjetlo.",True
"Dijete je na trenutak izgubilo svijest, šta da radim?",True
"Treba mi savjet doktora: dijete ne diše normalno i teško hvata zrak.",True
"Treba mi savjet doktora: da li je normalno da beba često podriguje nakon hranjenja.",False
"Poštovani doktore, kada mogu očekivati da beba počne sjediti sama?",False
"Brinem se jer kako pripremiti bebu za prvi izlet vani.",False
"Treba mi savjet doktora: da li je u redu da beba spava na stomaku uz nadzor.",False
"Zanima me sljedeće: beba hripa i uvlači rebra pri disanju?",True
"Brinem se jer kako pripremiti bebu za prvi izlet vani.",False
"Koja hrana je najbolja za uvođenje u ishranu?",False
"Koliko sati sna je normalno za bebu od 8 mjeseci?",False
"Dobar dan, beba ima ukočen vrat i ne podnosi svjetlo?",True
"Molim savjet - koliko brzo bi trebalo beba da dobija na težini.",False
"Dobar dan, primijetila sam krv u povraćanju kod bebe?",True
"Imam pitanje: koje vitamine treba davati bebi?",False
"Brinem se jer dijete je jako pospano i teško ga je probuditi.",False
"Imam pitanje: kada se preporučuje prva redovna vakcina?",False
"Imam pitanje: da li je normalno da beba puno spava tokom dana?",False
"Zanima me sljedeće: da li je normalno da beba puno spava tokom dana?",False
"Imam pitanje: beba ne mokri više od 8 sati?",True
"Poštovani doktore, kako uspostaviti stabilnu rutinu spavanja?",False
"Molim savjet - dijete je progutalo nešto strano ili moguć otrov.",False
"Imam pitanje: kada beba počinje jesti čvrstu hranu?",False
"Beba ima jaku bol u stomaku i ne miče se. Šta mi savjetujete?",True
"Da li trebam brinuti ako beba ne voli određenu hranu, šta da radim?",True
"Treba mi savjet doktora: beba ne mokri više od 8 sati.",True
"Koliko brzo bi trebalo beba da dobija na težini?",False
"Treba mi savjet doktora: dijete je na trenutak izgubilo svijest.",True
"Imam pitanje: dijete diše veoma brzo i teško?",True
"Brinem se jer koje su preporuke za prve cipelice.",False
"Brinem se jer temperatura ne pada ni nakon lijeka već satima.",True
"Novorođenče odbija svaki obrok i letargično je?",True
"Poštovani doktore, beba je pala i sada povraća i jako je pospana?",True
"Molim savjet - beba ima ukočen vrat i ne podnosi svjetlo.",True
"Zanima me sljedeće: dijete diše veoma brzo i teško?",True
"Dobar dan, kako izgleda zdrav ritam hranjenja za uzrast od 2 mjeseci?",False
"Koža oko usta i noktiju izgleda siva. Šta mi savjetujete?",True
"Dobar dan, dijete je dobilo grčeve/konvulzije?",True
"Beba ima jaku bol u stomaku i ne miče se. Šta mi savjetujete?",True
"Molim savjet - kako naučiti bebu da spava cijelu noć.",False
"Brinem se jer koliko puta dnevno treba mijenjati pelene.",False
"Molim savjet - da li je normalno da beba puno spava tokom dana.",False
"Treba mi savjet doktora: dijete je na trenutak izgubilo svijest.",True
"Dijete ne diše normalno i teško hvata zrak. Šta mi savjetujete?",True
"Imam pitanje: kako uspostaviti stabilnu rutinu spavanja?",False
"Imam pitanje: koje su preporuke za kupanje novorođenčeta?",False
"Beba hripa i uvlači rebra pri disanju, šta da radim?",True
"Kada beba obično počinje govoriti prve riječi. Šta mi savjetujete?",False
"Koliko puta dnevno treba mijenjati pelene. Šta mi savjetujete?",False
"Koja hrana je najbolja za uvođenje u ishranu, šta da radim?",False
"Imam pitanje: koje vitamine treba davati bebi?",False
"Zanima me sljedeće: dijete ne diše normalno i teško hvata zrak?",True
"Brinem se jer beba ima jaku bol u stomaku i ne miče se.",True
"Beba ima visoku temperaturu preko 39 stepeni. Šta mi savjetujete?",True
"Da li je normalno da beba puno spava tokom dana. Šta mi savjetujete?",False
"Treba mi savjet doktora: koliko brzo bi trebalo beba da dobija na težini.",False
"Brinem se jer da li je u redu koristiti cuclu.",False
"Dobar dan, kako naučiti bebu da spava cijelu noć?",False
"Brinem se jer kako pripremiti bebu za prvi izlet vani.",False
"Zanima me sljedeće: koje vitamine treba davati bebi?",False
"Poštovani doktore, kako naučiti bebu da spava cijelu noć?",False
"Molim savjet - dijete diše veoma brzo i teško.",True
"Imam pitanje: kada beba počinje jesti čvrstu hranu?",False
"Poštovani doktore, koje vitamine treba davati bebi?",False
"Treba mi savjet doktora: koliko brzo bi trebalo beba da dobija na težini.",False
"Zanima me sljedeće: dijete je dobilo grčeve/konvulzije?",True
"Imam pitanje: beba se guši i ne može doći do daha?",True
"Beba povraća bez prestanka već nekoliko sati?",True
"Dijete se opeklo i koža je jako crvena i mjehuri se. Šta mi savjetujete?",True
"Koje su preporuke za kupanje novorođenčeta. Šta mi savjetujete?",False
"Zanima me sljedeće: kako pripremiti bebu za prvi izlet vani?",False
"Zanima me sljedeće: kako uspostaviti stabilnu rutinu spavanja?",False
"Da li trebam brinuti ako beba ne voli određenu hranu. Šta mi savjetujete?",False
"Molim savjet - kako uspostaviti stabilnu rutinu spavanja.",False
"Dobar dan, kako uspostaviti stabilnu rutinu spavanja?",False
"Kada mogu početi sa uvođenjem sokova?",False
"Zanima me sljedeće: dijete je progutalo nešto strano ili moguć otrov?",True
"Brinem se jer beba ima ukočen vrat i ne podnosi svjetlo.",True
"Koje su preporuke za prve cipelice. Šta mi savjetujete?",False
"Da li trebam brinuti ako beba ne voli određenu hranu, šta da radim?",False
"Imam pitanje: kada je vrijeme za prvu posjetu zubaru?",False
"Novorođenče odbija svaki obrok i letargično je, šta da radim?",True
"Molim savjet - beba povraća bez prestanka već nekoliko sati.",True
"Dobar dan, beba ima temperaturu a mlađa je od tri mjeseca?",False
"Zanima me sljedeće: novorođenče odbija svaki obrok i letargično je?",True
"Brinem se jer koliko dugo obično traje faza kolika.",False
"Dobar dan, beba ima visoku temperaturu preko 39 stepeni?",True
"Beba ima visoku temperaturu preko 39 stepeni?",True
"Poštovani doktore, koje igračke su prikladne za uzrast od 19 mjeseci?",False
"Brinem se jer da li je normalno da beba puno spava tokom dana.",False
"Koliko brzo bi trebalo beba da dobija na težini, šta da radim?",False
"Imam pitanje: da li je normalno da beba često podriguje nakon hranjenja?",False
"Treba mi savjet doktora: koje igračke su prikladne za uzrast od 9 mjeseci.",False
"Novorođenče odbija svaki obrok i letargično je?",True
"Koža bebe je postala jako blijeda ili žuta. Šta mi savjetujete?",True
"Molim savjet - dijete ne diše normalno i teško hvata zrak.",True
"Imam pitanje: novorođenče odbija svaki obrok i letargično je?",True
"Dobar dan, koža oko usta i noktiju izgleda siva?",True
"Molim savjet - dijete je na trenutak izgubilo svijest.",True
"Molim savjet - koža oko usta i noktiju izgleda siva.",True
"Koliko je normalno da beba plače tokom dana?",False
"Zanima me sljedeće: beba ima jaku bol u stomaku i ne miče se?",True
"Poštovani doktore, da li je u redu koristiti cuclu?",False
"Dobar dan, koliko puta dnevno treba mijenjati pelene?",False
"Dijete ne diše normalno i teško hvata zrak. Šta mi savjetujete?",True
"Dobar dan, da li je normalno da beba puno spava tokom dana?",False
"Beba se guši i ne može doći do daha, šta da radim?",True
"Imam pitanje: primijetila sam krv u stolici kod bebe?",True
"Dobar dan, da li trebam brinuti ako beba ne voli određenu hranu?",False
"Brinem se jer kada mogu početi sa uvođenjem sokova.",False
"Dijete se opeklo i koža je jako crvena i mjehuri se. Šta mi savjetujete?",True
"Molim savjet - kada beba obično počinje govoriti prve riječi.",False
"Molim savjet - koliko sati sna je normalno za bebu od 15 mjeseci.",False
"Molim savjet - koje su preporuke za prve cipelice.",False
"Koja hrana je najbolja za uvođenje u ishranu, šta da radim?",False
"Kada beba obično počinje govoriti prve riječi. Šta mi savjetujete?",False
"Brinem se jer da li trebam brinuti ako beba ne voli određenu hranu.",False
"Molim savjet - pojavio se osip koji se brzo širi po tijelu.",True
"Koliko brzo bi trebalo beba da dobija na težini?",False
"Koje igračke su prikladne za uzrast od 6 mjeseci?",False
"Koža bebe je postala jako blijeda ili žuta, šta da radim?",True
"Dobar dan, kada beba obično počinje govoriti prve riječi?",False
"Treba mi savjet doktora: novorođenče odbija svaki obrok i letargično je.",True
"Usne i koža oko usta su mu/joj modre, šta da radim?",True
"Zanima me sljedeće: beba ima jaku bol u stomaku i ne miče se?",True
"Dobar dan, beba ima jaku bol u stomaku i ne miče se?",True
"Treba mi savjet doktora: da li je u redu koristiti cuclu.",False
"Primijetila sam krv u stolici kod bebe?",True
"Treba mi savjet doktora: kako pripremiti bebu za prvi izlet vani.",True
"Zanima me sljedeće: kada se preporučuje prva redovna vakcina?",False
"Treba mi savjet doktora: koliko dugo obično traje faza kolika.",False
"Zanima me sljedeće: pojavio se osip koji se brzo širi po tijelu?",True
"Treba mi savjet doktora: dijete ne diše normalno i teško hvata zrak.",True
"Zanima me sljedeće: koliko sati sna je normalno za bebu od 15 mjeseci?",False
"Da li je u redu da beba spava na stomaku uz nadzor?",False
"Beba ima visoku temperaturu preko 39 stepeni. Šta mi savjetujete?",True
"Imam pitanje: da li je u redu da beba spava na stomaku uz nadzor?",False
"Imam pitanje: dijete je na trenutak izgubilo svijest?",True
"Kako izgleda zdrav ritam hranjenja za uzrast od 24 mjeseci. Šta mi savjetujete?",False
"Brinem se jer da li je u redu koristiti cuclu.",False
"Brinem se jer koliko je normalno da beba plače tokom dana.",False
"Imam pitanje: da li je normalno da beba puno spava tokom dana?",False
"Brinem se jer dijete je dobilo grčeve/konvulzije.",True
"Imam pitanje: primijetila sam krv u povraćanju kod bebe?",True
"Poštovani doktore, kada je vrijeme za prvu posjetu zubaru?",False
"Dobar dan, koje su preporuke za prve cipelice?",False
"Beba ima visoku temperaturu preko 39 stepeni?",True
"Koliko dugo obično traje faza kolika. Šta mi savjetujete?",False
"Da li je normalno da beba često podriguje nakon hranjenja, šta da radim?",False
"Brinem se jer koža oko usta i noktiju izgleda siva.",False
"Poštovani doktore, kako naučiti bebu da spava cijelu noć?",False
"Zanima me sljedeće: kako pripremiti bebu za prvi izlet vani?",False
"Koje su preporuke za prve cipelice?",False
"Molim savjet - beba se guši i ne može doći do daha.",True
"Treba mi savjet doktora: temperatura ne pada ni nakon lijeka već satima.",True
"Da li je u redu koristiti cuclu. Šta mi savjetujete?",False
"Dobar dan, novorođenče odbija svaki obrok i letargično je?",True
"Kako naučiti bebu da spava cijelu noć, šta da radim?",False
"Beba ima temperaturu a mlađa je od tri mjeseca?",True
"Poštovani doktore, kada beba počinje jesti čvrstu hranu?",False
"Molim savjet - temperatura ne pada ni nakon lijeka već satima.",False
"Koža oko usta i noktiju izgleda siva?",True
"Da li je normalno da beba često podriguje nakon hranjenja. Šta mi savjetujete?",False
"Molim savjet - koje igračke su prikladne za uzrast od 13 mjeseci.",False
"Brinem se jer kako pripremiti bebu za prvi izlet vani.",False
"Treba mi savjet doktora: dijete je progutalo nešto strano ili moguć otrov.",True
"Dobar dan, koje su preporuke za kupanje novorođenčeta?",False
"Dobar dan, koje igračke su prikladne za uzrast od 11 mjeseci?",False
"Da li je normalno da beba puno spava tokom dana. Šta mi savjetujete?",False
"Brinem se jer kako naučiti bebu da spava cijelu noć.",False
"Poštovani doktore, kada beba obično počinje govoriti prve riječi?",False
"Kada je vrijeme za prvu posjetu zubaru?",False
"Dobar dan, koje su preporuke za prve cipelice?",False
"Dobar dan, dijete diše veoma brzo i teško?",True
"Kako pripremiti bebu za prvi izlet vani. Šta mi savjetujete?",False
"Poštovani doktore, dijete je dobilo grčeve/konvulzije?",True
"Koje su preporuke za kupanje novorođenčeta, šta da radim?",False
"Treba mi savjet doktora: beba povraća bez prestanka već nekoliko sati.",True
"Koja hrana je najbolja za uvođenje u ishranu, šta da radim?",False
"Dobar dan, koje vitamine treba davati bebi?",False
"Imam pitanje: dijete je progutalo nešto strano ili moguć otrov?",True
"Kada beba obično počinje govoriti prve riječi?",False
"Dobar dan, kada beba obično počinje govoriti prve riječi?",False
"Treba mi savjet doktora: beba se guši i ne može doći do daha.",True
"Treba mi savjet doktora: kada mogu očekivati da beba počne sjediti sama.",False
"Koliko puta dnevno treba mijenjati pelene, šta da radim?",False
"Zanima me sljedeće: da li je normalno da beba puno spava tokom dana?",False
"Zanima me sljedeće: dijete je jako pospano i teško ga je probuditi?",True
"Zanima me sljedeće: koje su preporuke za prve cipelice?",False
"Dobar dan, koža bebe je postala jako blijeda ili žuta?",True
"Koliko sati sna je normalno za bebu od 24 mjeseci. Šta mi savjetujete?",False
"Beba ne mokri više od 8 sati, šta da radim?",True
"Treba mi savjet doktora: koliko puta dnevno treba mijenjati pelene.",False
"Dobar dan, da li je normalno da beba puno spava tokom dana?",False
"Kako naučiti bebu da spava cijelu noć?",False
"Imam pitanje: koje su preporuke za kupanje novorođenčeta?",False
"Imam pitanje: dijete je dobilo grčeve/konvulzije?",True
"Molim savjet - koje su preporuke za kupanje novorođenčeta.",False
"Molim savjet - koje su preporuke za kupanje novorođenčeta.",False
"Koliko dugo obično traje faza kolika, šta da radim?",False
"Koje su preporuke za prve cipelice, šta da radim?",False
"Dobar dan, koliko je normalno da beba plače tokom dana?",False
"Da li je normalno da beba puno spava tokom dana. Šta mi savjetujete?",False
"Dobar dan, koža bebe je postala jako blijeda ili žuta?",True
"Koža oko usta i noktiju izgleda siva, šta da radim?",True
"Treba mi savjet doktora: beba jako plače i ne može se smiriti već duže vrijeme.",True
"Poštovani doktore, beba ima temperaturu a mlađa je od tri mjeseca?",False
"Beba ima visoku temperaturu preko 39 stepeni. Šta mi savjetujete?",True
"Zanima me sljedeće: da li je normalno da beba puno spava tokom dana?",False
"Dobar dan, beba ne mokri više od 8 sati?",True
"Dijete je jako pospano i teško ga je probuditi, šta da radim?",True
"Imam pitanje: kada mogu početi sa uvođenjem sokova?",False
"Dobar dan, kada je vrijeme za prvu posjetu zubaru?",False
"Poštovani doktore, koliko dugo obično traje faza kolika?",False
"Beba ima ukočen vrat i ne podnosi svjetlo?",True
"Molim savjet - kada beba obično počinje govoriti prve riječi.",False
"Da li je u redu da beba spava na stomaku uz nadzor?",False
"Poštovani doktore, beba ima jaku bol u stomaku i ne miče se?",True
"Poštovani doktore, beba je pala i sada povraća i jako je pospana?",True
"Kako uspostaviti stabilnu rutinu spavanja, šta da radim?",False
"Brinem se jer koja hrana je najbolja za uvođenje u ishranu.",False
"Koliko puta dnevno treba mijenjati pelene, šta da radim?",False
"Molim savjet - beba ima temperaturu a mlađa je od tri mjeseca.",True
"Dobar dan, da li trebam brinuti ako beba ne voli određenu hranu?",False
"Brinem se jer koliko je normalno da beba plače tokom dana.",False
"Da li je normalno da beba puno spava tokom dana. Šta mi savjetujete?",True
"Novorođenče odbija svaki obrok i letargično je, šta da radim?",True
"Dobar dan, koja hrana je najbolja za uvođenje u ishranu?",False
"Treba mi savjet doktora: koža bebe je postala jako blijeda ili žuta.",False
"Brinem se jer beba ima visoku temperaturu preko 39 stepeni.",True
"Molim savjet - dijete ne diše normalno i teško hvata zrak.",True
"Molim savjet - da li je normalno da beba često podriguje nakon hranjenja.",False
"Dijete je jako pospano i teško ga je probuditi, šta da radim?",True
"Beba jako plače i ne može se smiriti već duže vrijeme. Šta mi savjetujete?",True
"Molim savjet - koja hrana je najbolja za uvođenje u ishranu.",False
"Brinem se jer koje su preporuke za prve cipelice.",True
"Molim savjet - kada mogu očekivati da beba počne sjediti sama.",False
"Poštovani doktore, beba jako plače i ne može se smiriti već duže vrijeme?",True
"Poštovani doktore, pojavio se osip koji se brzo širi po tijelu?",True
"Da li je u redu koristiti cuclu?",False
"Molim savjet - koliko dugo obično traje faza kolika.",False
"Beba je pala i sada povraća i jako je pospana?",True
"Molim savjet - koža oko usta i noktiju izgleda siva.",True
"Primijetila sam krv u stolici kod bebe?",True
"Kako pripremiti bebu za prvi izlet vani?",False
"Imam pitanje: primijetila sam krv u stolici kod bebe?",True
"Zanima me sljedeće: dijete je na trenutak izgubilo svijest?",True
"Zanima me sljedeće: koje su preporuke za prve cipelice?",False
"Novorođenče odbija svaki obrok i letargično je?",True
"Dobar dan, da li je normalno da beba puno spava tokom dana?",False
"Dobar dan, koje vitamine treba davati bebi?",False
"Zanima me sljedeće: koža oko usta i noktiju izgleda siva?",True
"Molim savjet - koliko brzo bi trebalo beba da dobija na težini.",False
"Beba je pala i sada povraća i jako je pospana. Šta mi savjetujete?",False
"Zanima me sljedeće: koža bebe je postala jako blijeda ili žuta?",True
"Treba mi savjet doktora: da li trebam brinuti ako beba ne voli određenu hranu.",False
"Dobar dan, kako naučiti bebu da spava cijelu noć?",False
"Imam pitanje: kada beba obično počinje govoriti prve riječi?",False
"Molim savjet - koje su preporuke za kupanje novorođenčeta.",False
"Poštovani doktore, koža bebe je postala jako blijeda ili žuta?",True
"Dobar dan, beba ima temperaturu a mlađa je od tri mjeseca?",True
"Poštovani doktore, primijetila sam krv u povraćanju kod bebe?",True
"Brinem se jer beba hripa i uvlači rebra pri disanju.",True
"Molim savjet - beba jako plače i ne može se smiriti već duže vrijeme.",True
"Koje vitamine treba davati bebi. Šta mi savjetujete?",False
"Imam pitanje: beba se guši i ne može doći do daha?",True
"Brinem se jer da li je normalno da beba često podriguje nakon hranjenja.",False
"Koje su preporuke za prve cipelice, šta da radim?",False
"Dobar dan, da li je normalno da beba puno spava tokom dana?",False
"Poštovani doktore, koliko sati sna je normalno za bebu od 15 mjeseci?",False
"Treba mi savjet doktora: da li je normalno da beba puno spava tokom dana.",False
"Zanima me sljedeće: koje su preporuke za kupanje novorođenčeta?",False
"Beba jako plače i ne može se smiriti već duže vrijeme?",True
"Treba mi savjet doktora: beba je pala i sada povraća i jako je pospana.",True
"Molim savjet - dijete ne diše normalno i teško hvata zrak.",True
"Imam pitanje: dijete diše veoma brzo i teško?",True
"Beba je pala i sada povraća i jako je pospana?",True
"Kako izgleda zdrav ritam hranjenja za uzrast od 22 mjeseci, šta da radim?",False
"Molim savjet - pojavio se osip koji se brzo širi po tijelu.",True
"Zanima me sljedeće: beba hripa i uvlači rebra pri disanju?",True
"Beba povraća bez prestanka već nekoliko sati, šta da radim?",False
"Molim savjet - koliko dugo obično traje faza kolika.",False
"Dijete se opeklo i koža je jako crvena i mjehuri se, šta da radim?",True
"Imam pitanje: kako naučiti bebu da spava cijelu noć?",False
"Imam pitanje: koža bebe je postala jako blijeda ili žuta?",True
"Imam pitanje: koliko brzo bi trebalo beba da dobija na težini?",False
"Koža oko usta i noktiju izgleda siva. Šta mi savjetujete?",True
"Pojavio se osip koji se brzo širi po tijelu?",True
"Kada je vrijeme za prvu posjetu zubaru, šta da radim?",False
"Molim savjet - temperatura ne pada ni nakon lijeka već satima.",True
"Brinem se jer koje su preporuke za kupanje novorođenčeta.",False
"Zanima me sljedeće: koje igračke su prikladne za uzrast od 11 mjeseci?",False
"Poštovani doktore, koje vitamine treba davati bebi?",False
"Molim savjet - pojavio se osip koji se brzo širi po tijelu.",True
"Dobar dan, beba ima temperaturu a mlađa je od tri mjeseca?",True
"Zanima me sljedeće: primijetila sam krv u povraćanju kod bebe?",True
"Molim savjet - beba hripa i uvlači rebra pri disanju.",True
"Zanima me sljedeće: dijete je dobilo grčeve/konvulzije?",True
"Beba hripa i uvlači rebra pri disanju?",True
"Treba mi savjet doktora: dijete je progutalo nešto strano ili moguć otrov.",True
"Koliko je normalno da beba plače tokom dana, šta da radim?",False
"Poštovani doktore, koje igračke su prikladne za uzrast od 23 mjeseci?",False
"Zanima me sljedeće: da li trebam brinuti ako beba ne voli određenu hranu?",False
"Dobar dan, kada je vrijeme za prvu posjetu zubaru?",False
"Brinem se jer koje su preporuke za prve cipelice.",False
"Imam pitanje: temperatura ne pada ni nakon lijeka već satima?",True
"Molim savjet - kada se preporučuje prva redovna vakcina.",False
"Imam pitanje: kako izgleda zdrav ritam hranjenja za uzrast od 20 mjeseci?",False
"Brinem se jer beba ne mokri više od 8 sati.",True
"Zanima me sljedeće: primijetila sam krv u povraćanju kod bebe?",True
"Molim savjet - pojavio se osip koji se brzo širi po tijelu.",True
"Poštovani doktore, da li je u redu koristiti cuclu?",False
"Molim savjet - dijete je progutalo nešto strano ili moguć otrov.",True
"Brinem se jer dijete ne diše normalno i teško hvata zrak.",True
"Treba mi savjet doktora: kada mogu očekivati da beba počne sjediti sama.",False
"Zanima me sljedeće: kako naučiti bebu da spava cijelu noć?",False
"Zanima me sljedeće: pojavio se osip koji se brzo širi po tijelu?",True
"Imam pitanje: koža bebe je postala jako blijeda ili žuta?",True
"Treba mi savjet doktora: pojavio se osip koji se brzo širi po tijelu.",True
"Molim savjet - koliko sati sna je normalno za bebu od 3 mjeseci.",False
"Usne i koža oko usta su mu/joj modre. Šta mi savjetujete?",True
"Kada je vrijeme za prvu posjetu zubaru. Šta mi savjetujete?",False
"Brinem se jer dijete je na trenutak izgubilo svijest.",True
"Treba mi savjet doktora: koja hrana je najbolja za uvođenje u ishranu.",False
"Zanima me sljedeće: dijete je na trenutak izgubilo svijest?",True
"Molim savjet - beba ne mokri više od 8 sati.",True
"Koliko dugo obično traje faza kolika. Šta mi savjetujete?",False
"Brinem se jer dijete je jako pospano i teško ga je probuditi.",True
"Dijete je jako pospano i teško ga je probuditi. Šta mi savjetujete?",True
"Zanima me sljedeće: beba je pala i sada povraća i jako je pospana?",True
"Zanima me sljedeće: kada mogu početi sa uvođenjem sokova?",False
"Zanima me sljedeće: koliko je normalno da beba plače tokom dana?",False
"Brinem se jer beba povraća bez prestanka već nekoliko sati.",True
"Koje vitamine treba davati bebi?",False
"Dijete ne diše normalno i teško hvata zrak. Šta mi savjetujete?",True
"Da li je normalno da beba puno spava tokom dana?",False
"Temperatura ne pada ni nakon lijeka već satima, šta da radim?",True
"Koje igračke su prikladne za uzrast od 23 mjeseci?",False
"Dijete je jako pospano i teško ga je probuditi?",True
"Zanima me sljedeće: beba ne mokri više od 8 sati?",True
"Koliko dugo obično traje faza kolika?",False
"Koža bebe je postala jako blijeda ili žuta, šta da radim?",True
"Brinem se jer koje su preporuke za kupanje novorođenčeta.",False
"Poštovani doktore, koliko brzo bi trebalo beba da dobija na težini?",False
"Da li je normalno da beba puno spava tokom dana, šta da radim?",False
"Usne i koža oko usta su mu/joj modre?",True
"Dobar dan, beba povraća bez prestanka već nekoliko sati?",True
"Molim savjet - kako pripremiti bebu za prvi izlet vani.",False
"Dobar dan, primijetila sam krv u povraćanju kod bebe?",True
"Poštovani doktore, kada mogu očekivati da beba počne sjediti sama?",False
"Usne i koža oko usta su mu/joj modre. Šta mi savjetujete?",True
"Brinem se jer beba ima ukočen vrat i ne podnosi svjetlo.",True
"Dijete ne diše normalno i teško hvata zrak. Šta mi savjetujete?",True
"Molim savjet - da li trebam brinuti ako beba ne voli određenu hranu.",False
"Primijetila sam krv u stolici kod bebe, šta da radim?",True
"Molim savjet - kako uspostaviti stabilnu rutinu spavanja.",False
"Beba se guši i ne može doći do daha, šta da radim?",True
"Primijetila sam krv u povraćanju kod bebe?",True
"Molim savjet - beba je pala i sada povraća i jako je pospana.",True
"Imam pitanje: dijete diše veoma brzo i teško?",True
"Brinem se jer kako pripremiti bebu za prvi izlet vani.",False
"Molim savjet - dijete je jako pospano i teško ga je probuditi.",True
"Molim savjet - koža oko usta i noktiju izgleda siva.",False
"Zanima me sljedeće: dijete je na trenutak izgubilo svijest?",True
"Zanima me sljedeće: koliko sati sna je normalno za bebu od 14 mjeseci?",False
"Kada se preporučuje prva redovna vakcina, šta da radim?",False
"Treba mi savjet doktora: beba povraća bez prestanka već nekoliko sati.",True
"Treba mi savjet doktora: beba povraća bez prestanka već nekoliko sati.",True
"Molim savjet - koliko puta dnevno treba mijenjati pelene.",True
"Zanima me sljedeće: koliko dugo obično traje faza kolika?",False
"Dobar dan, usne i koža oko usta su mu/joj modre?",True
"Poštovani doktore, koje igračke su prikladne za uzrast od 13 mjeseci?",False
"Treba mi savjet doktora: da li trebam brinuti ako beba ne voli određenu hranu.",False
"Da li trebam brinuti ako beba ne voli određenu hranu?",False
"Dobar dan, beba ima ukočen vrat i ne podnosi svjetlo?",True
"Zanima me sljedeće: kako pripremiti bebu za prvi izlet vani?",False
"Kada beba počinje jesti čvrstu hranu?",False
"Poštovani doktore, dijete je dobilo grčeve/konvulzije?",True
"Dijete diše veoma brzo i teško, šta da radim?",True
"Usne i koža oko usta su mu/joj modre?",True
"Da li je normalno da beba često podriguje nakon hranjenja, šta da radim?",False
"Dobar dan, dijete je dobilo grčeve/konvulzije?",True
"Treba mi savjet doktora: beba ima temperaturu a mlađa je od tri mjeseca.",True
"Dobar dan, kada se preporučuje prva redovna vakcina?",False
"Molim savjet - kada mogu očekivati da beba počne sjediti sama.",False
"Treba mi savjet doktora: primijetila sam krv u povraćanju kod bebe.",True
"Poštovani doktore, beba hripa i uvlači rebra pri disanju?",True
"Molim savjet - temperatura ne pada ni nakon lijeka već satima.",False
"Kada beba počinje jesti čvrstu hranu?",False
"Beba je pala i sada povraća i jako je pospana. Šta mi savjetujete?",True
"Dobar dan, koliko sati sna je normalno za bebu od 24 mjeseci?",False
"Zanima me sljedeće: koje su preporuke za prve cipelice?",False
"Treba mi savjet doktora: primijetila sam krv u stolici kod bebe.",True
"Molim savjet - temperatura ne pada ni nakon lijeka već satima.",True
"Dobar dan, koža oko usta i noktiju izgleda siva?",True
"Beba povraća bez prestanka već nekoliko sati. Šta mi savjetujete?",True
"Brinem se jer dijete je jako pospano i teško ga je probuditi.",True
"Imam pitanje: beba hripa i uvlači rebra pri disanju?",True
"Pojavio se osip koji se brzo širi po tijelu. Šta mi savjetujete?",True
"Molim savjet - kada beba obično počinje govoriti prve riječi.",True
"Kada mogu očekivati da beba počne sjediti sama?",False
"Poštovani doktore, primijetila sam krv u stolici kod bebe?",True
"Molim savjet - dijete diše veoma brzo i teško.",True
"Treba mi savjet doktora: kada mogu očekivati da beba počne sjediti sama.",False
"Beba ima temperaturu a mlađa je od tri mjeseca, šta da radim?",True
"Treba mi savjet doktora: kako naučiti bebu da spava cijelu noć.",False
"Koliko sati sna je normalno za bebu od 23 mjeseci. Šta mi savjetujete?",False
"Kada je vrijeme za prvu posjetu zubaru. Šta mi savjetujete?",False
"Molim savjet - beba ima jaku bol u stomaku i ne miče se.",True
"Poštovani doktore, da li je normalno da beba puno spava tokom dana?",False
"Zanima me sljedeće: beba ima temperaturu a mlađa je od tri mjeseca?",True
"Kako naučiti bebu da spava cijelu noć. Šta mi savjetujete?",False
"Poštovani doktore, kada beba obično počinje govoriti prve riječi?",False
"Zanima me sljedeće: beba ima jaku bol u stomaku i ne miče se?",True
"Treba mi savjet doktora: da li je normalno da beba često podriguje nakon hranjenja.",False
"Molim savjet - beba povraća bez prestanka već nekoliko sati.",True
"Pojavio se osip koji se brzo širi po tijelu?",True
"Temperatura ne pada ni nakon lijeka već satima. Šta mi savjetujete?",True
"Beba ima ukočen vrat i ne podnosi svjetlo. Šta mi savjetujete?",True
"Kada beba počinje jesti čvrstu hranu. Šta mi savjetujete?",False
"Brinem se jer dijete je na trenutak izgubilo svijest.",True
"Molim savjet - beba ima ukočen vrat i ne podnosi svjetlo.",True
"Zanima me sljedeće: koliko sati sna je normalno za bebu od 9 mjeseci?",False
"Imam pitanje: beba se guši i ne može doći do daha?",True
"Kada je vrijeme za prvu posjetu zubaru. Šta mi savjetujete?",False
"Molim savjet - kako uspostaviti stabilnu rutinu spavanja.",False
"Imam pitanje: temperatura ne pada ni nakon lijeka već satima?",True
"Poštovani doktore, koža oko usta i noktiju izgleda siva?",True
"Koje su preporuke za prve cipelice, šta da radim?",False
"Imam pitanje: dijete se opeklo i koža je jako crvena i mjehuri se?",True
"Poštovani doktore, kada se preporučuje prva redovna vakcina?",False
"Poštovani doktore, beba hripa i uvlači rebra pri disanju?",True
"Zanima me sljedeće: koje su preporuke za prve cipelice?",False
"Molim savjet - beba ima jaku bol u stomaku i ne miče se.",True
"Poštovani doktore, beba povraća bez prestanka već nekoliko sati?",True
"Treba mi savjet doktora: kako pripremiti bebu za prvi izlet vani.",False
"Kako pripremiti bebu za prvi izlet vani?",False
"Imam pitanje: kako naučiti bebu da spava cijelu noć?",False
"Brinem se jer beba povraća bez prestanka već nekoliko sati.",True
"Imam pitanje: koje su preporuke za kupanje novorođenčeta?",False
"Koliko sati sna je normalno za bebu od 8 mjeseci. Šta mi savjetujete?",False
"Treba mi savjet doktora: koliko je normalno da beba plače tokom dana.",False
"Usne i koža oko usta su mu/joj modre, šta da radim?",True
"Dijete ne diše normalno i teško hvata zrak?",True
"Imam pitanje: kada se preporučuje prva redovna vakcina?",False
"Pojavio se osip koji se brzo širi po tijelu, šta da radim?",True
"Dobar dan, temperatura ne pada ni nakon lijeka već satima?",True
"Brinem se jer koliko dugo obično traje faza kolika.",False
"Zanima me sljedeće: beba je pala i sada povraća i jako je pospana?",True
"Molim savjet - koža bebe je postala jako blijeda ili žuta.",True
"Zanima me sljedeće: kako uspostaviti stabilnu rutinu spavanja?",False
"Dijete je progutalo nešto strano ili moguć otrov. Šta mi savjetujete?",True
"Molim savjet - usne i koža oko usta su mu/joj modre.",True
"Da li trebam brinuti ako beba ne voli određenu hranu?",False
"Poštovani doktore, kako uspostaviti stabilnu rutinu spavanja?",False
"Dijete se opeklo i koža je jako crvena i mjehuri se. Šta mi savjetujete?",True
"Dobar dan, kada se preporučuje prva redovna vakcina?",False
"Poštovani doktore, kada se preporučuje prva redovna vakcina?",False
"Brinem se jer dijete je progutalo nešto strano ili moguć otrov.",True
"Molim savjet - kada je vrijeme za prvu posjetu zubaru.",False
"Dobar dan, dijete je jako pospano i teško ga je probuditi?",True
"Poštovani doktore, koliko je normalno da beba plače tokom dana?",False
"Imam pitanje: beba ima ukočen vrat i ne podnosi svjetlo?",True
"Treba mi savjet doktora: kako izgleda zdrav ritam hranjenja za uzrast od 22 mjeseci.",False
"Imam pitanje: pojavio se osip koji se brzo širi po tijelu?",True
"Zanima me sljedeće: dijete je na trenutak izgubilo svijest?",True
"Dobar dan, koža oko usta i noktiju izgleda siva?",True
"Zanima me sljedeće: beba povraća bez prestanka već nekoliko sati?",True
"Beba ima ukočen vrat i ne podnosi svjetlo?",True
"Molim savjet - kako izgleda zdrav ritam hranjenja za uzrast od 4 mjeseci.",False
"Imam pitanje: beba hripa i uvlači rebra pri disanju?",True
"Brinem se jer kada mogu očekivati da beba počne sjediti sama.",False
"Brinem se jer kada mogu očekivati da beba počne sjediti sama.",False
"Kako naučiti bebu da spava cijelu noć. Šta mi savjetujete?",False
"Treba mi savjet doktora: usne i koža oko usta su mu/joj modre.",True
"Molim savjet - beba je pala i sada povraća i jako je pospana.",True
"Poštovani doktore, beba jako plače i ne može se smiriti već duže vrijeme?",True
"Imam pitanje: beba je pala i sada povraća i jako je pospana?",True
"Molim savjet - koža bebe je postala jako blijeda ili žuta.",True
"Kako naučiti bebu da spava cijelu noć. Šta mi savjetujete?",False
"Dijete je na trenutak izgubilo svijest. Šta mi savjetujete?",True
"Dobar dan, kako naučiti bebu da spava cijelu noć?",False
"Poštovani doktore, kada je vrijeme za prvu posjetu zubaru?",False
"Treba mi savjet doktora: beba ima temperaturu a mlađa je od tri mjeseca.",True
"Brinem se jer beba ima visoku temperaturu preko 39 stepeni.",True
"Imam pitanje: da li je u redu koristiti cuclu?",False
"Treba mi savjet doktora: da li je normalno da beba često podriguje nakon hranjenja.",False
"Zanima me sljedeće: koje su preporuke za kupanje novorođenčeta?",False
"Dobar dan, koliko brzo bi trebalo beba da dobija na težini?",False
"Beba se guši i ne može doći do daha?",True
"Dobar dan, beba jako plače i ne može se smiriti već duže vrijeme?",True
"Beba hripa i uvlači rebra pri disanju. Šta mi savjetujete?",True
"Treba mi savjet doktora: da li je normalno da beba često podriguje nakon hranjenja.",False
"Dobar dan, dijete se opeklo i koža je jako crvena i mjehuri se?",True
"Dobar dan, koliko brzo bi trebalo beba da dobija na težini?",False
"Usne i koža oko usta su mu/joj modre. Šta mi savjetujete?",True
"Molim savjet - da li je normalno da beba puno spava tokom dana.",False
"Molim savjet - dijete diše veoma brzo i teško.",True
"Molim savjet - koje vitamine treba davati bebi.",False
"Kada beba obično počinje govoriti prve riječi. Šta mi savjetujete?",False
"Zanima me sljedeće: beba ima ukočen vrat i ne podnosi svjetlo?",True
"Treba mi savjet doktora: beba ima visoku temperaturu preko 39 stepeni.",False
"Beba se guši i ne može doći do daha. Šta mi savjetujete?",True
"Koža oko usta i noktiju izgleda siva?",True
"Molim savjet - kada se preporučuje prva redovna vakcina.",True
"Brinem se jer beba ima jaku bol u stomaku i ne miče se.",True
"Poštovani doktore, kada je vrijeme za prvu posjetu zubaru?",False
"Treba mi savjet doktora: da li je u redu koristiti cuclu.",False
"Molim savjet - dijete diše veoma brzo i teško.",True
"Imam pitanje: da li je normalno da beba puno spava tokom dana?",False
"Koje su preporuke za kupanje novorođenčeta?",False
"Zanima me sljedeće: da li je u redu da beba spava na stomaku uz nadzor?",False
"Dobar dan, kada mogu početi sa uvođenjem sokova?",False
"Imam pitanje: dijete ne diše normalno i teško hvata zrak?",True
"Dobar dan, kako pripremiti bebu za prvi izlet vani?",False
"Imam pitanje: dijete diše veoma brzo i teško?",True
"Zanima me sljedeće: beba ima temperaturu a mlađa je od tri mjeseca?",True
"Novorođenče odbija svaki obrok i letargično je, šta da radim?",True
"Koje vitamine treba davati bebi. Šta mi savjetujete?",False
"Temperatura ne pada ni nakon lijeka već satima. Šta mi savjetujete?",True
"Zanima me sljedeće: kako pripremiti bebu za prvi izlet vani?",False
"Koža bebe je postala jako blijeda ili žuta, šta da radim?",True
"Brinem se jer koža oko usta i noktiju izgleda siva.",True
"Zanima me sljedeće: koliko sati sna je normalno za bebu od 20 mjeseci?",False
"Dobar dan, beba ima visoku temperaturu preko 39 stepeni?",True
"Brinem se jer koža oko usta i noktiju izgleda siva.",True
"Treba mi savjet doktora: kako naučiti bebu da spava cijelu noć.",False
"Molim savjet - koje vitamine treba davati bebi.",False
"Imam pitanje: koliko puta dnevno treba mijenjati pelene?",False
"Koje igračke su prikladne za uzrast od 24 mjeseci?",False
"Zanima me sljedeće: dijete je na trenutak izgubilo svijest?",True
"Brinem se jer koliko dugo obično traje faza kolika.",False
"Dobar dan, beba je pala i sada povraća i jako je pospana?",True
"Kako izgleda zdrav ritam hranjenja za uzrast od 15 mjeseci. Šta mi savjetujete?",False
"Poštovani doktore, dijete je progutalo nešto strano ili moguć otrov?",True
"Treba mi savjet doktora: dijete diše veoma brzo i teško.",True
"Koža oko usta i noktiju izgleda siva?",True
"Imam pitanje: koje vitamine treba davati bebi?",False
"Dijete je na trenutak izgubilo svijest, šta da radim?",True
"Koža bebe je postala jako blijeda ili žuta?",True
"Dobar dan, pojavio se osip koji se brzo širi po tijelu?",True
"Koja hrana je najbolja za uvođenje u ishranu. Šta mi savjetujete?",False
"Imam pitanje: koje su preporuke za kupanje novorođenčeta?",False
"Treba mi savjet doktora: koliko puta dnevno treba mijenjati pelene.",False
"Poštovani doktore, beba povraća bez prestanka već nekoliko sati?",True
"Molim savjet - da li je u redu da beba spava na stomaku uz nadzor.",False
"Treba mi savjet doktora: koliko je normalno da beba plače tokom dana.",False
"Molim savjet - kada je vrijeme za prvu posjetu zubaru.",False
"Molim savjet - koje su preporuke za kupanje novorođenčeta.",False
"Poštovani doktore, koliko brzo bi trebalo beba da dobija na težini?",False
"Beba ima jaku bol u stomaku i ne miče se. Šta mi savjetujete?",True
"Kako uspostaviti stabilnu rutinu spavanja, šta da radim?",False
"Imam pitanje: koliko dugo obično traje faza kolika?",False
"Koža oko usta i noktiju izgleda siva. Šta mi savjetujete?",False
"Dobar dan, kako pripremiti bebu za prvi izlet vani?",False
"Brinem se jer da li trebam brinuti ako beba ne voli određenu hranu.",False
"Zanima me sljedeće: kada mogu početi sa uvođenjem sokova?",False
"Brinem se jer dijete je na trenutak izgubilo svijest.",True
"Molim savjet - primijetila sam krv u stolici kod bebe.",True
"Usne i koža oko usta su mu/joj modre?",True
"Pojavio se osip koji se brzo širi po tijelu?",True
"Poštovani doktore, kako uspostaviti stabilnu rutinu spavanja?",False
"Imam pitanje: koža bebe je postala jako blijeda ili žuta?",True
"Koje vitamine treba davati bebi?",False
"Brinem se jer beba hripa i uvlači rebra pri disanju.",True
"Dijete je na trenutak izgubilo svijest. Šta mi savjetujete?",True
"Treba mi savjet doktora: beba jako plače i ne može se smiriti već duže vrijeme.",True
"Brinem se jer novorođenče odbija svaki obrok i letargično je.",True
"Dobar dan, kada mogu očekivati da beba počne sjediti sama?",False
"Poštovani doktore, kada mogu očekivati da beba počne sjediti sama?",False
"Dobar dan, da li je u redu da beba spava na stomaku uz nadzor?",False
"Molim savjet - koliko sati sna je normalno za bebu od 4 mjeseci.",True
"Poštovani doktore, koliko puta dnevno treba mijenjati pelene?",False
"Molim savjet - kada beba obično počinje govoriti prve riječi.",False
"Beba jako plače i ne može se smiriti već duže vrijeme?",True
"Dobar dan, pojavio se osip koji se brzo širi po tijelu?",True
"Treba mi savjet doktora: dijete je jako pospano i teško ga je probuditi.",True
"Poštovani doktore, koje vitamine treba davati bebi?",False
"Treba mi savjet doktora: dijete diše veoma brzo i teško.",True
"Kada mogu početi sa uvođenjem sokova, šta da radim?",False
"Primijetila sam krv u povraćanju kod bebe. Šta mi savjetujete?",True
"Pojavio se osip koji se brzo širi po tijelu?",True
"Imam pitanje: beba hripa i uvlači rebra pri disanju?",True
"Brinem se jer koliko puta dnevno treba mijenjati pelene.",False
"Primijetila sam krv u stolici kod bebe. Šta mi savjetujete?",True
"Treba mi savjet doktora: dijete ne diše normalno i teško hvata zrak.",True
"Beba ima visoku temperaturu preko 39 stepeni?",True
"Imam pitanje: primijetila sam krv u stolici kod bebe?",True
