AgeMonths,RelativeDeviation,StdDevMinutes,PctDaysOutOfRange,Direction,Label
7,0.19743,22.3776,0,1,Normal
12,2.23886,4.68849,1,1,Warning
5,0.0124504,36.8435,0.0283412,1,Normal
7,0.270152,39.096,0.456042,1,Normal
19,-0.0774626,18.3047,0.140821,-1,Normal
18,0.350679,5.17641,0,1,Normal
16,1.80132,20.475,0.451888,1,Normal
9,0.315363,64.6211,0.534266,1,Normal
2,1.34343,30.0465,0.49715,1,Normal
16,-2.33358,36.314,0.874142,-1,Warning
3,-1.92322,31.8919,0.586804,-1,Normal
23,-0.0482293,51.807,0,-1,Normal
19,-3.28142,30.7801,0.6358,-1,Warning
16,-2.08894,50.9443,0.837001,-1,Warning
3,2.26579,39.7155,1,1,Warning
12,-0.602274,24.082,0.701644,-1,Warning
14,1.93642,38.7368,0.286625,1,Normal
19,-2.81754,38.4212,0.599061,-1,Normal
2,2.9446,50.0969,0.876696,1,Normal
0,-1.11717,21.1733,0.861746,-1,Warning
10,-2.33367,58.6866,0.822778,-1,Warning
7,-0.332408,8.13146,0.686205,-1,Warning
7,0.125095,61.7929,0.0618619,1,Normal
22,2.85361,41.3958,0.501404,1,Normal
15,0.661827,53.1806,0.255347,1,Normal
23,0.190242,45.7591,0.226386,1,Normal
2,-0.564052,49.7643,0.413485,-1,Normal
3,2.57738,41.3207,0.605071,1,Normal
4,-1.21017,39.9446,0.766778,-1,Warning
14,-0.812173,28.0632,0.108415,-1,Normal
6,-0.869286,42.2283,0.283135,-1,Normal
15,0.39987,81.546,0.110268,1,Normal
22,2.14988,27.2628,0.665558,1,Normal
11,0.0100287,59.0126,0.436927,1,Normal
21,-2.5944,34.3074,0.801978,-1,Warning
9,-0.16276,52.2861,0.246579,-1,Normal
0,-0.690488,31.2128,0,-1,Normal
6,0.965321,44.7593,0.36948,1,Normal
21,-2.55087,23.9976,0.375992,-1,Normal
21,-0.618366,21.9744,0,-1,Normal
13,0.346579,38.6344,0.25807,1,Normal
18,-0.109499,35.1277,0.313866,-1,Normal
21,-2.19765,35.644,0.843902,-1,Warning
20,3.36747,47.3735,0.625552,1,Normal
14,-1.67378,8.28897,1,-1,Warning
17,0.534309,0,0.528,1,Normal
0,-0.818243,35.1396,0.569166,-1,Normal
7,-1.34082,54.5855,0.954016,-1,Warning
12,0.552364,13.4304,0.0354099,1,Warning
2,1.45924,48.4514,0.8195,1,Normal
8,1.1445,46.8347,0.906439,1,Normal
4,-4.15402,47.424,0.766132,-1,Warning
14,-0.219937,28.71,0.205447,-1,Normal
21,0.77259,0,0.674655,1,Normal
21,-2.51058,37.4889,0.772558,-1,Warning
6,1.95638,22.5848,0.904165,1,Warning
8,-1.44583,0,0.965907,-1,Warning
13,0.847733,67.5696,0.369277,1,Normal
7,0.286513,35.9167,0.663359,1,Normal
17,-3.03538,17.942,0.855759,-1,Normal
20,-0.278457,26.6109,0,-1,Normal
8,-1.25304,0,0.747001,-1,Normal
20,-0.422714,39.5256,0.120917,-1,Normal
11,-0.750313,37.0343,0.408715,-1,Normal
20,-1.3451,41.3909,0.858313,-1,Warning
2,1.30816,18.7172,0.724741,1,Normal
3,-0.340106,43.8118,0.493265,-1,Normal
23,-0.592067,40.1708,0.251623,-1,Normal
1,-0.268004,60.7247,0.433103,-1,Normal
16,0.656767,58.1694,0,1,Normal
20,2.44749,30.5208,0.945525,1,Warning
9,0.99028,50.3258,0.492202,1,Normal
10,0.492626,55.0842,0.729607,1,Normal
1,0.95342,44.957,0.557128,1,Normal
12,-0.493443,22.3873,0,-1,Normal
18,0.826475,31.0494,0,1,Normal
5,-0.476725,33.9468,0.305979,-1,Normal
22,-0.845112,34.8846,0.424486,-1,Warning
9,1.39671,27.7783,0.519717,1,Normal
2,-2.78721,44.8276,0.901114,-1,Warning
7,-0.0854796,32.4097,0.0853316,-1,Normal
6,-0.256115,37.7707,0.382439,-1,Normal
12,-2.21671,34.3832,0.976109,-1,Warning
2,2.6502,53.2665,1,1,Warning
9,-0.0978344,26.4719,0.246107,-1,Normal
15,0.745785,12.4445,0,1,Normal
9,0.131771,39.0971,0.229371,1,Normal
10,-0.243747,21.6205,0.698398,-1,Normal
16,-1.8668,29.0669,0.648917,-1,Warning
16,0.860667,2.36335,0.394277,1,Normal
5,-0.44366,32.6927,0,-1,Normal
3,-0.807555,14.7524,0.366631,-1,Normal
12,0.556989,69.2666,0.188573,1,Normal
5,0.0983334,26.766,0.0189703,1,Normal
17,0.050628,13.5319,0.487214,1,Normal
8,0.261661,45.0724,0.116816,1,Normal
4,-1.74994,28.1061,0.842142,-1,Warning
12,3.58834,46.9711,0.497796,1,Normal
14,0.654356,32.407,0,1,Normal
14,-1.05742,19.3064,0.779731,-1,Warning
5,1.25023,17.8775,0.561605,1,Normal
3,-0.180121,62.3778,0.220786,-1,Warning
14,-0.857256,71.6156,0.186978,-1,Normal
14,1.80036,44.8787,0.48574,1,Normal
22,-0.692724,51.5907,0.403563,-1,Normal
16,-1.77326,0.0602094,0.745838,-1,Normal
15,-2.23069,41.5922,0.705644,-1,Warning
19,-0.442277,36.2054,0,-1,Normal
4,0.8151,54.014,0,1,Normal
6,-3.44898,44.1202,0.797824,-1,Warning
21,0.178396,14.8626,0.531331,1,Normal
19,0.973236,23.123,0,1,Normal
13,-3.02506,0,0.818274,-1,Warning
18,0.0166502,35.5479,0.453201,1,Normal
3,0.276454,14.3228,0.00805991,1,Normal
0,-1.77137,55.6206,0.807138,-1,Warning
3,0.0353089,35.3276,0.444775,1,Normal
12,0.350795,19.636,0.281458,1,Normal
18,2.35506,42.6829,0.850597,1,Warning
13,3.1165,42.1976,0.293988,1,Normal
16,0.903345,12.9349,0,1,Normal
20,0.101816,49.6399,0.746079,1,Normal
16,-0.676669,20.8417,0.145181,-1,Normal
12,0.26279,36.1426,0,1,Normal
16,-0.316668,33.4838,0,-1,Normal
21,-3.53189,24.0037,0.7804,-1,Warning
6,-0.232092,59.7982,0.0524503,-1,Normal
8,3,40.1887,0.607616,1,Normal
2,-0.651268,11.9829,0.46085,-1,Normal
0,-1.80468,49.0302,1,-1,Warning
11,-0.566585,0,0.44591,-1,Normal
9,-0.924957,40.7237,0.497535,-1,Normal
11,1.0902,51.3759,0.885034,1,Normal
8,-0.091964,1.60683,0.294587,-1,Normal
7,2.10499,43.0134,1,1,Warning
6,-0.577791,40.6928,0.468532,-1,Normal
7,-0.677895,36.4063,0.0173169,-1,Normal
11,2.16162,23.0459,0.5845,1,Normal
16,2.22307,40.6151,1,1,Warning
8,0.201141,54.2517,0.493461,1,Normal
8,3,44.1446,0.772652,1,Normal
8,-3.17495,49.0825,0.345881,-1,Normal
0,0.0391832,23.321,0.469853,1,Normal
19,-0.22035,25.1255,0.0671401,-1,Normal
13,-3.9537,51.9051,0.567941,-1,Normal
4,-1.47831,39.1177,0.942233,-1,Warning
2,0.316089,0,0.200074,1,Normal
11,-0.114892,31.4382,0,-1,Normal
8,-2.19831,25.5132,1,-1,Normal
18,0.240727,50.8415,0.280105,1,Normal
3,0.665733,35.4757,0,1,Normal
23,-0.0374777,46.4063,0.193796,-1,Normal
21,0.0850062,27.4079,0.151744,1,Normal
10,1.90815,36.895,0.480015,1,Normal
2,-0.205187,45.594,0.592178,-1,Normal
13,0.298688,25.8346,0.0555613,1,Normal
14,0.634621,50.8833,0.565757,1,Normal
16,1.6956,57.5068,0.78564,1,Normal
5,-0.149174,73.634,0.542474,-1,Normal
18,0.890315,68.3354,0.410599,1,Normal
16,0.444623,47.5662,0.171097,1,Normal
22,0.00279824,37.2978,0.780409,1,Normal
12,0.0491668,52.417,0.18088,1,Normal
21,-0.18603,31.4117,0.166675,-1,Normal
23,0.893215,61.252,0.132896,1,Normal
23,-1.25028,20.5949,0.622131,-1,Warning
10,1.96565,18.0745,0.796369,1,Normal
13,0.265269,38.8285,0.00148261,1,Normal
18,-0.0121816,26.2844,0.247334,-1,Normal
0,2.1975,49.903,0.122541,1,Normal
9,-1.21578,44.8043,0.940882,-1,Warning
11,-0.202533,78.1183,0,-1,Normal
5,-0.748315,50.8359,0.654534,-1,Warning
2,0.0678099,43.4325,0.269098,1,Normal
5,-0.110994,29.7626,0.667439,-1,Normal
13,-1.72445,33.1047,0.568277,-1,Normal
15,-0.553743,18.3015,0,-1,Normal
7,0.169826,64.9223,0.0774288,1,Warning
19,-2.21495,27.102,0.86647,-1,Warning
16,0.00183402,24.6516,0,1,Warning
0,0.0910324,20.7129,0.239806,1,Normal
11,-2.85454,64.1516,0.495473,-1,Normal
3,-0.105629,0,0.623388,-1,Normal
13,-3.30563,24.3758,0.765509,-1,Warning
18,-0.559885,5.89129,0.598912,-1,Normal
7,0.378821,77.8584,0.236869,1,Normal
23,0.472134,60.2868,0.153329,1,Normal
15,-0.284216,70.2033,0.282334,-1,Normal
18,-0.103193,34.4692,0.194007,-1,Normal
11,0.912362,41.9649,0.238467,1,Normal
22,-0.00221292,39.7746,0.657735,-1,Normal
1,0.582748,55.8016,0.705349,1,Normal
13,2.30706,29.927,0.45412,1,Normal
23,-2.37234,15.6757,0.736469,-1,Warning
5,-0.0782282,26.8925,0.0328072,-1,Normal
12,0.242921,22.2112,0.124601,1,Normal
16,0.110752,19.6489,0.089484,1,Normal
8,-0.831694,33.5225,0,-1,Normal
2,1.28334,35.3011,0.627766,1,Normal
10,3,70.3958,0.375549,1,Normal
17,-3.1936,2.13205,0.235905,-1,Normal
16,1.51641,20.9303,1,1,Warning
18,1.31765,33.003,1,1,Normal
12,-2.81775,33.2623,0.918548,-1,Warning
13,0.250231,45.594,0,1,Normal
17,0.013174,30.1253,0.0806056,1,Normal
19,-1.28973,10.2811,0.676732,-1,Warning
15,-2.31687,24.1094,0.869001,-1,Warning
11,1.56181,42.0849,0.722526,1,Normal
18,-1.90981,43.4451,0.432958,-1,Warning
7,-1.31082,44.6277,1,-1,Warning
21,-0.74637,23.6705,0.16621,-1,Normal
23,0.706798,75.291,0.2991,1,Normal
14,1.08589,32.055,0.826483,1,Normal
11,1.00999,15.4866,1,1,Normal
9,-0.335938,32.9736,0.244526,-1,Normal
5,1.18123,22.9213,1,1,Normal
4,2.78906,64.214,0.789913,1,Normal
12,-0.910175,22.7449,0.516323,-1,Normal
16,-3.39733,4.98689,0.520381,-1,Normal
3,1.75528,50.4371,0.584048,1,Normal
3,3,25.6916,0.920976,1,Warning
3,3,33.0742,1,1,Warning
14,-1.47506,3.44492,0.664056,-1,Warning
16,-3.24242,24.5969,0.372441,-1,Normal
9,2.05508,48.4125,0.997583,1,Normal
23,0.666699,68.8742,0.627347,1,Normal
22,-1.41412,48.303,0.888189,-1,Warning
4,-1.91697,18.1081,0.852674,-1,Warning
23,0.483421,31.6587,0.367829,1,Normal
23,0.00195351,46.0132,0.135998,1,Normal
11,0.407016,46.6546,0.261136,1,Normal
9,-0.850565,18.8332,0.435949,-1,Normal
17,1.75988,39.4255,0.962039,1,Normal
0,-0.433904,25.3328,0,-1,Normal
0,-0.360351,68.8225,0.329213,-1,Normal
1,-2.31793,35.5293,0.589826,-1,Normal
15,0.821774,43.2004,0.153446,1,Normal
13,0.462016,15.3703,0.432663,1,Normal
9,0.0731033,27.6812,0.762246,1,Normal
13,2.59167,36.115,0.457177,1,Normal
3,-0.747375,8.57255,0.38446,-1,Normal
0,-0.639552,45.4137,0.220562,-1,Normal
23,-2.31062,37.2486,0.499861,-1,Normal
9,-2.79276,25.0926,1,-1,Warning
17,-0.895559,22.825,0.0880427,-1,Normal
18,-0.990426,17.6752,0,-1,Normal
10,0.234317,43.0876,0.319338,1,Normal
11,3,66.0861,0.641533,1,Normal
19,-1.74281,70.6594,0.483332,-1,Normal
11,0.368253,44.6951,0.384875,1,Normal
7,2.46835,71.3084,1,1,Warning
14,2.69392,29.9129,0.913054,1,Warning
12,-0.235328,20.2749,0.6061,-1,Normal
21,2.61774,77.1709,0.719158,1,Normal
0,1.3108,3.88881,0.713318,1,Normal
1,-0.184653,41.5952,0.491105,-1,Normal
11,0.873664,8.46768,0.388343,1,Normal
11,0.565334,17.7278,0.147856,1,Normal
2,0.562759,54.7829,0.514993,1,Normal
0,0.668942,0,0,1,Normal
13,-0.59621,46.1455,0.0598748,-1,Normal
20,-2.33656,37.6509,0.427193,-1,Normal
21,2.49871,18.2204,0.831257,1,Normal
3,0.464792,15.9621,0.0300233,1,Normal
13,1.87592,41.7292,1,1,Warning
21,-0.415062,90.2375,0.0855945,-1,Normal
12,2.50601,36.1205,0.727834,1,Normal
0,0.173271,18.7228,0,1,Normal
9,-0.552508,58.4316,0.182775,-1,Normal
20,-0.383008,62.4854,0.0196351,-1,Normal
5,-2.63903,17.9881,0.917769,-1,Warning
20,-1.77565,47.9661,0.862416,-1,Warning
14,-0.621337,16.3263,0.325605,-1,Normal
19,1.07298,48.7687,0.884587,1,Normal
7,0.0542784,29.0308,0.135952,1,Normal
22,2.14569,57.6467,1,1,Normal
3,0.994914,28.4425,0.0148451,1,Normal
7,0.185962,19.4437,0.410467,1,Normal
3,0.250359,12.2098,0,1,Normal
13,1.43649,45.9858,0.759382,1,Normal
22,-2.43862,57.5804,0.671564,-1,Warning
16,0.926465,11.7758,0.338407,1,Normal
19,-0.120913,33.296,0.0417737,-1,Normal
14,-1.74274,30.0073,1,-1,Warning
18,4.06543,51.2753,0.848959,1,Warning
0,-0.183034,30.2056,0.398355,-1,Normal
11,0.459735,1.28736,0.498834,1,Normal
15,0.305378,73.3777,0.0314531,1,Normal
13,0.78999,0,0.72677,1,Normal
22,-0.0153694,28.6434,0.427921,-1,Normal
3,-0.67599,4.03064,0.378286,-1,Normal
19,-2.593,26.4943,0.897352,-1,Warning
15,-0.000143237,34.321,1.43098E-06,-1,Normal
19,0.803632,13.6367,0.227834,1,Warning
17,-2.81667,36.5672,0.772352,-1,Warning
7,-1.61086,0,0.749264,-1,Warning
7,-1.86613,14.2929,0.668352,-1,Warning
20,-0.917397,62.5032,0,-1,Normal
9,0.344768,44.1853,0.0693962,1,Normal
6,1.06615,78.6936,0.691355,1,Normal
17,-0.220116,36.9789,0.422759,-1,Normal
1,0.0855556,0,0,1,Normal
20,-0.283525,51.2964,0.599445,-1,Normal
1,1.73441,27.118,0.579807,1,Normal
8,0.155463,37.4413,0.587096,1,Normal
14,2.28279,26.251,1,1,Warning
7,-0.945287,7.18345,0.728179,-1,Warning
13,1.294,52.6136,0.141798,1,Normal
1,0.385207,42.7765,0.0828292,1,Normal
1,-0.497621,31.7996,0.508437,-1,Warning
13,-1.53155,17.3346,0.298195,-1,Warning
11,-0.30231,41.5371,0.37607,-1,Normal
6,0.333798,38.2755,0.616184,1,Normal
10,-0.384951,16.0732,0.297347,-1,Normal
20,-1.89808,67.4041,0.687472,-1,Warning
8,3,0,0.264978,1,Normal
14,0.581688,36.222,0.109263,1,Warning
22,-1.16147,13.4645,0.775085,-1,Warning
3,-1.55169,58.1485,0.578389,-1,Normal
3,0.703791,42.1011,0.607807,1,Normal
21,0.094548,57.9355,0,1,Normal
19,-0.00352741,0,0.252224,-1,Normal
14,1.37822,25.6279,0.634523,1,Warning
22,0.109374,71.4941,1,1,Normal
23,-2.05452,0,1,-1,Warning
23,-1.4868,13.811,0.75373,-1,Warning
7,-0.710713,37.4311,0,-1,Normal
1,-0.0134804,1.60386,0.528344,-1,Normal
6,-0.232156,1.35482,0.493672,-1,Normal
14,-1.96719,50.4496,1,-1,Normal
23,0.887522,37.3278,0.36085,1,Normal
2,-0.375936,47.6899,0,-1,Normal
1,0.997517,54.1822,0.278669,1,Normal
22,0.397864,0.615469,0.264628,1,Normal
6,-0.417431,18.6191,0,-1,Normal
4,0.180632,19.6233,0.206953,1,Normal
23,0.0436328,12.6711,0.731443,1,Normal
7,-0.0661812,33.2378,0.266388,-1,Normal
3,2.23804,16.5769,1,1,Warning
11,1.86287,25.8547,1,1,Warning
2,-0.344982,58.7963,0.211325,-1,Normal
9,-0.892775,31.7002,0.421355,-1,Warning
8,0.390313,47.3522,0.449662,1,Normal
20,-1.02786,65.1025,0.453632,-1,Normal
19,1.77303,50.2034,0.570771,1,Normal
12,0.239845,40.9085,0.16174,1,Normal
1,-1.2322,53.724,0.800674,-1,Warning
11,-1.97667,55.1741,0.88189,-1,Warning
12,0.814358,51.3419,0.206552,1,Normal
21,-1.02227,42.1265,0.669628,-1,Warning
2,0.248066,10.5146,0.363194,1,Normal
2,-0.77487,4.19131,0.357712,-1,Normal
17,-0.220091,7.52959,0.505273,-1,Normal
16,0.40676,67.1975,0.280356,1,Normal
8,-0.357704,9.0622,0.264548,-1,Normal
6,-0.506857,21.0556,0.587529,-1,Normal
9,-1.72903,59.1601,0.792413,-1,Warning
1,-0.943003,18.4332,0.298563,-1,Normal
14,-0.330796,31.1417,0.043621,-1,Normal
12,-4.07291,13.4699,0.712987,-1,Warning
23,0.277249,38.5256,0.108756,1,Normal
3,-0.220993,19.3154,0.275402,-1,Normal
2,2.66307,39.5674,0.294163,1,Normal
4,-3.08704,19.3062,1,-1,Warning
4,-0.637743,34.7633,0.406917,-1,Normal
9,3,25.9224,0.749597,1,Normal
3,0.593952,19.1287,0.145509,1,Normal
13,0.22068,15.1379,0.297484,1,Normal
1,-0.970648,47.963,0.212981,-1,Normal
22,-0.426587,25.9541,0.395204,-1,Normal
19,1.50281,39.5378,0.783193,1,Normal
1,-0.890594,54.2687,0.045273,-1,Normal
14,0.1765,20.1402,0.257301,1,Normal
14,-2.55436,49.6067,0.486172,-1,Normal
16,-0.238416,19.7481,0.517318,-1,Normal
6,2.81703,59.8139,0.812858,1,Normal
13,-0.474806,45.921,0,-1,Normal
19,1.75762,11.8647,0.569854,1,Normal
23,2.48004,29.9052,1,1,Warning
12,0.617652,12.1062,0.556159,1,Normal
14,0.728758,63.469,0.482309,1,Normal
8,2.29537,58.3796,0.912263,1,Warning
4,-4.48759,42.3092,0.54679,-1,Normal
8,-0.385271,33.86,0.230115,-1,Normal
18,0.405009,15.5361,0,1,Normal
20,-2.15132,9.68668,0.908813,-1,Warning
5,-0.618366,44.8664,0.386604,-1,Normal
7,1.40288,42.8488,0.554488,1,Normal
23,-3.16635,49.0544,0.411781,-1,Normal
5,-0.394663,7.37269,0.63487,-1,Warning
21,3.40645,51.2539,0.638722,1,Normal
22,1.72944,52.1569,0.824217,1,Normal
5,-0.785662,29.9485,0.202636,-1,Normal
19,2.98898,24.6063,0.478703,1,Normal
18,-0.0479346,64.7942,0.346568,-1,Normal
20,0.00135403,44.3647,0.47687,1,Normal
20,-0.432342,35.1016,0.838973,-1,Warning
4,0.0948967,66.1675,0.25492,1,Normal
8,-0.452818,30.1018,0.725221,-1,Warning
17,1.50106,39.0458,0.735839,1,Normal
5,-2.46811,45.9002,0.42918,-1,Normal
23,-0.694581,28.0596,0.582503,-1,Normal
0,0.884203,42.4229,0.637533,1,Normal
4,-0.887878,58.1265,0.218527,-1,Normal
11,-0.295884,29.4997,0.278051,-1,Normal
7,-3.1272,64.5766,1,-1,Warning
23,0.342348,35.7474,0,1,Normal
21,-1.97303,80.9495,0.678557,-1,Warning
23,-0.312247,24.9605,0,-1,Normal
17,-3.13923,51.7192,0.764437,-1,Normal
16,1.20971,49.2555,0.818957,1,Normal
22,0.750387,58.5801,0.182613,1,Normal
21,2.39573,38.5678,0.563784,1,Normal
3,0.220011,45.4052,0.16894,1,Normal
14,0.533856,30.8278,0,1,Normal
9,-0.355777,56.082,0.562466,-1,Normal
16,-1.4836,11.8988,0.682261,-1,Warning
22,2.22012,46.6881,0.703792,1,Normal
22,0.227273,36.7387,0.140583,1,Normal
10,-1.03305,48.7756,0.267055,-1,Normal
21,-0.104661,70.6586,0.342558,-1,Normal
23,3.18188,11.68,0.688266,1,Normal
14,-2.43611,62.9565,1,-1,Warning
23,-0.098769,52.1127,0.220871,-1,Normal
15,-0.146495,62.1488,0,-1,Normal
3,-1.95364,31.5853,0.513477,-1,Normal
4,-0.575607,47.8158,0.490886,-1,Normal
21,-1.28019,0,0.702261,-1,Warning
20,-1.24489,43.4611,1,-1,Normal
5,-0.723751,50.1143,0.316726,-1,Normal
15,0.817272,37.1217,0,1,Normal
21,0.127195,23.7097,0,1,Normal
6,-0.819525,24.2555,0.100264,-1,Normal
1,0.169781,24.1763,0.550772,1,Normal
7,-2.96292,50.8392,0.509819,-1,Normal
6,-3.7431,38.7008,0.879759,-1,Warning
13,-0.866821,27.9816,0.441886,-1,Normal
3,1.71935,17.1009,1,1,Warning
16,-2.00771,27.3987,0.724331,-1,Warning
0,-3.69903,47.9873,0.915722,-1,Warning
6,-0.190081,50.0855,0.476067,-1,Normal
23,0.551523,17.149,0.115019,1,Normal
2,-2.36606,35.8384,0.498077,-1,Warning
18,-1.16982,45.7345,0.725255,-1,Warning
3,-0.715827,32.9342,0.366785,-1,Normal
8,1.14504,42.1872,0.417883,1,Normal
5,1.09354,37.3218,0.414963,1,Normal
20,-0.973708,56.0559,0.605252,-1,Normal
16,2.78294,14.7032,0.380591,1,Normal
7,-0.518215,31.5151,0.51024,-1,Normal
10,-3.20911,0,0.791808,-1,Warning
18,3.00366,44.8031,0.88414,1,Normal
3,-0.336233,43.0796,0.154873,-1,Normal
22,1.35068,30.2145,0.554461,1,Normal
2,-2.97241,26.0997,0.663335,-1,Warning
19,-2.81353,18.5013,0.848734,-1,Warning
10,-0.296158,56.632,0.331919,-1,Normal
21,-2.84952,13.8231,1,-1,Warning
5,2.7061,45.6876,0.325097,1,Normal
8,-2.09377,59.4039,0.689872,-1,Warning
14,-0.422311,31.1778,0.0858893,-1,Normal
14,-1.60827,54.6901,0.735889,-1,Warning
14,3.20382,39.6411,0.781518,1,Normal
18,-3.04663,57.3536,0.714191,-1,Warning
16,-1.46935,58.9883,0.841867,-1,Warning
0,0.593004,30.1974,0.450939,1,Normal
6,0.454212,44.3627,0.640084,1,Normal
22,-0.22752,0,0.352656,-1,Normal
12,-3.58413,10.5245,0.791566,-1,Warning
13,0.132568,19.1442,0.17582,1,Normal
1,3,26.8772,0.845898,1,Normal
9,-0.446112,29.4779,0.329825,-1,Normal
11,0.292607,50.6373,0,1,Normal
15,-1.88244,12.6632,0.823511,-1,Warning
14,0.226095,18.6741,0.0340115,1,Normal
8,-0.30141,56.1703,0.239214,-1,Warning
15,-1.26032,46.3455,1,-1,Warning
2,-1.61276,34.3067,0.591096,-1,Normal
10,1.85924,21.1285,0.812347,1,Normal
18,-2.04709,30.6661,0.726655,-1,Warning
12,-0.60356,38.9917,0.229826,-1,Normal
22,0.989769,31.2229,0.0881626,1,Normal
23,-0.346948,42.1362,0.240947,-1,Normal
5,-0.635417,30.5915,0.67492,-1,Warning
7,0.0859968,58.5583,0.417214,1,Normal
17,0.819011,10.0644,0.0755067,1,Normal
3,2.94181,0,1,1,Warning
20,0.662594,50.5877,0.311869,1,Normal
15,0.18046,92.822,0.541612,1,Normal
15,-0.117154,25.6347,0.470901,-1,Normal
6,0.214186,26.2315,0.580808,1,Normal
7,-0.983376,49.4723,0.0122845,-1,Normal
1,2.55566,30.6045,0.744525,1,Normal
12,-1.47762,52.1067,0.852023,-1,Warning
21,2.70797,0,0.821936,1,Normal
10,-1.99254,51.8261,0.661503,-1,Warning
4,-0.505838,45.623,0.563648,-1,Normal
20,0.588196,25.9543,0.542038,1,Normal
0,0.401384,47.0522,0.554772,1,Normal
17,-0.463964,33.5972,0.229672,-1,Normal
5,0.278386,46.5322,0.518379,1,Normal
9,1.83505,46.6283,1,1,Warning
4,0.123832,45.3797,0.494672,1,Normal
3,1.40257,52.2511,0.294485,1,Normal
18,-1.25677,0,1,-1,Warning
21,0.631664,34.5032,0,1,Normal
9,0.291051,21.8404,0.652829,1,Normal
1,0.000937686,24.8046,0.392584,1,Warning
0,3,65.6849,0.305658,1,Normal
1,-1.03958,50.9587,0.871674,-1,Warning
15,-0.0313519,22.3717,0.381191,-1,Normal
14,0.555564,29.624,0,1,Warning
10,0.283558,25.9794,0.626829,1,Normal
3,-1.86577,62.5723,1,-1,Warning
17,-0.325708,10.9663,0.470151,-1,Normal
17,-3.05017,40.9633,0.662901,-1,Warning
10,0.737758,39.0346,0.588469,1,Normal
17,-0.630194,2.27249,0.254056,-1,Normal
23,0.0351935,19.0139,0.273136,1,Normal
17,0.226484,17.179,0.635013,1,Normal
19,-0.395023,36.4095,0.343849,-1,Normal
18,-1.86158,23.2187,0.938109,-1,Warning
11,-0.62101,38.4293,0.691012,-1,Warning
16,-0.460427,26.0331,0.253489,-1,Normal
21,0.063521,49.1731,0.166262,1,Normal
0,2.76729,36.1893,0.680517,1,Normal
0,-1.84865,20.5971,0.641839,-1,Warning
0,-1.18911,44.0817,0.703811,-1,Warning
12,0.862327,57.2778,0.289697,1,Normal
7,0.100656,45.6005,0,1,Normal
18,-0.509645,14.6778,0.253668,-1,Normal
7,-0.737443,10.7069,0.523651,-1,Normal
15,0.341559,14.6001,0.191512,1,Normal
9,-4.00984,49.5294,0.754074,-1,Warning
11,0.207284,3.62734,0.537181,1,Normal
22,1.40435,64.8391,0.798044,1,Normal
9,-1.15412,21.6241,0.557466,-1,Normal
15,1.39388,37.1402,0.739349,1,Normal
7,-1.15781,50.8935,0.589203,-1,Normal
15,-2.49525,48.8304,0.509001,-1,Normal
16,0.957737,57.5275,0.0481347,1,Normal
17,-2.1032,0,0.733288,-1,Warning
14,-0.304645,1.89442,0.147965,-1,Normal
11,-0.5106,47.9676,0.311292,-1,Normal
10,-0.977729,78.121,0.294208,-1,Normal
4,0.269419,38.5793,0.141389,1,Normal
12,-1.39619,39.1391,0.653412,-1,Warning
2,-0.952637,32.5753,0.0189699,-1,Normal
2,-0.319317,45.8983,0.0335375,-1,Warning
9,-0.158903,16.1093,0.154145,-1,Normal
23,0.303823,38.9712,0.342182,1,Normal
14,1.02837,45.7314,0.942536,1,Normal
10,-0.156945,53.1425,0.433889,-1,Normal
15,0.0390788,26.823,0.896405,1,Normal
4,-0.615485,29.4333,0,-1,Normal
2,0.737512,54.6849,0.629384,1,Normal
7,0.551933,38.7446,0.248687,1,Normal
20,0.177094,10.9837,0.83423,1,Normal
1,0.107662,73.1012,0,1,Normal
16,-2.72023,35.6943,0.751448,-1,Warning
5,0.0749078,55.2313,0.454981,1,Normal
7,-2.22629,39.9791,0.878999,-1,Warning
12,1.04389,28.3015,0.690531,1,Normal
5,3,67.8476,0.515061,1,Normal
3,0.728109,72.1953,0.65736,1,Normal
19,0.0577753,34.5436,0.0727503,1,Normal
2,0.787192,48.1078,0.215612,1,Normal
8,-2.87354,3.71521,0.717211,-1,Warning
9,-0.753618,41.7038,0,-1,Normal
7,-3.09022,57.3018,1,-1,Warning
23,-0.880814,0,0,-1,Normal
22,-0.249704,14.0376,0,-1,Normal
18,0.510412,19.4597,0,1,Normal
6,0.875421,27.4631,0.975684,1,Normal
16,-0.203323,22.5397,0.716124,-1,Normal
7,2.42386,33.7033,0.919424,1,Warning
14,-0.480763,42.9763,0.39129,-1,Normal
4,-0.48941,40.5668,0.193435,-1,Normal
3,0.913673,36.7561,0.555787,1,Normal
1,1.22764,37.5252,0.556692,1,Normal
14,-0.4805,27.3348,0.404318,-1,Normal
9,1.42018,27.0104,0.348727,1,Normal
10,-0.155456,65.5536,0.538776,-1,Normal
6,-1.09128,38.1831,0.571767,-1,Normal
4,-0.23786,0,0,-1,Normal
1,-0.846519,40.5916,0.0804023,-1,Normal
9,-1.9719,43.8797,1,-1,Warning
12,0.437881,27.5853,0.378531,1,Normal
11,1.98343,31.1337,0.827306,1,Normal
13,-1.00954,45.2535,0.887473,-1,Warning
3,1.67823,48.799,0.894829,1,Normal
3,-1.00152,39.495,0.770719,-1,Warning
18,-0.138807,78.0242,0,-1,Normal
11,-0.540805,2.71583,0.694329,-1,Warning
2,-1.59091,16.6641,0.759372,-1,Warning
17,0.298293,36.4033,0.237472,1,Normal
19,-0.888546,43.9356,0.158961,-1,Normal
0,-1.88209,31.676,1,-1,Warning
15,0.099181,3.32827,0.672347,1,Normal
17,-0.758593,62.6329,0.247332,-1,Normal
12,-0.103253,0,0.260876,-1,Normal
0,1.348,22.5103,0.683425,1,Normal
22,0.776144,25.7725,0.156483,1,Normal
5,-2.66491,55.9788,0.764768,-1,Warning
13,-2.48342,57.1185,1,-1,Warning
13,-1.49308,52.5124,0.433787,-1,Normal
13,-0.208081,40.8015,0.426273,-1,Normal
11,-0.155141,46.9282,0.311081,-1,Normal
19,-3.46812,35.035,0.469525,-1,Normal
14,0.0275853,30.05,0.348178,1,Normal
0,0.604389,16.334,0.620551,1,Normal
17,0.480163,61.9079,0.0894051,1,Normal
13,1.75522,24.5658,0.81461,1,Normal
17,-0.685781,29.0407,0,-1,Normal
12,0.0616105,0,0.311074,1,Normal
17,-0.0216282,7.03118,0.778102,-1,Normal
22,-0.153734,34.0906,0.14377,-1,Normal
14,1.47252,35.4647,0.72968,1,Normal
4,-2.54747,47.424,0.916797,-1,Warning
10,0.018255,27.8923,0.336063,1,Normal
22,-3.77928,31.628,1,-1,Warning
6,-0.197616,31.0595,0.19292,-1,Normal
2,1.4049,34.127,0.46737,1,Normal
20,0.37547,19.793,0.210314,1,Normal
2,0.277149,14.2634,0.217461,1,Normal
1,2.93356,12.0684,0.62359,1,Normal
13,1.51576,33.3464,0.434806,1,Normal
20,3.84611,44.0843,0.833361,1,Normal
5,0.00738887,1.11682,0,1,Normal
23,-0.472006,32.6456,0.0822525,-1,Normal
23,0.0490196,32.4398,0.41212,1,Normal
19,-0.0556734,29.9896,0.526693,-1,Normal
15,0.394219,26.1137,0,1,Normal
15,-2.2679,63.0765,0.745963,-1,Warning
22,-0.432267,39.9126,0.0336723,-1,Normal
7,-2.37611,33.4253,0.60051,-1,Warning
16,-0.203807,39.707,0.415997,-1,Normal
11,-0.860087,13.9359,0.718343,-1,Warning
4,1.91103,58.9139,1,1,Warning
17,-0.445997,16.8425,0.278896,-1,Normal
3,0.982596,45.836,0.0752222,1,Normal
6,-0.928179,73.4263,0.320667,-1,Normal
9,0.559076,54.6529,0.679708,1,Normal
1,0.66159,75.0721,0.589251,1,Normal
17,1.7358,12.3253,0.795186,1,Normal
16,-2.27394,11.2568,0.493876,-1,Normal
22,0.813118,43.6662,0.525579,1,Normal
4,0.681814,3.1117,0.272478,1,Warning
6,-0.700273,33.2945,0.10071,-1,Normal
11,0.703436,58.7649,0,1,Normal
17,-0.734412,50.1599,0.190098,-1,Normal
16,0.183693,11.1777,0.0819004,1,Normal
2,1.64832,47.0138,1,1,Warning
2,-0.651304,65.6052,0.0641874,-1,Normal
8,-0.566332,44.2725,0.260397,-1,Warning
12,-0.0431806,27.2829,0.546685,-1,Normal
1,0.33903,36.9157,0.334988,1,Normal
21,2.5781,41.0305,0.856874,1,Normal
2,-0.118622,56.5564,0.42365,-1,Normal
10,0.0405822,0,0.0817064,1,Normal
14,-0.349072,59.9535,0.134547,-1,Normal
2,-0.254467,35.5811,0.260674,-1,Normal
16,1.21961,37.0556,0.425616,1,Normal
13,1.47875,61.4113,1,1,Normal
18,2.1449,18.4518,0.85609,1,Normal
9,-2.59166,30.1458,0.63724,-1,Warning
2,2.08151,20.3678,0.862877,1,Normal
1,2.52074,44.0051,0.910012,1,Warning
13,0.614061,40.615,0.911976,1,Normal
13,0.67912,38.2251,0.222635,1,Normal
22,0.571893,12.0063,0.158278,1,Normal
18,-3.52102,75.5639,0.519089,-1,Normal
19,0.131207,56.2661,0.0444756,1,Normal
1,-3.69844,45.3308,1,-1,Warning
5,-0.428738,26.7431,0.350008,-1,Normal
6,0.232508,30.5727,0.205448,1,Normal
0,-0.382,10.6966,0.146594,-1,Normal
23,-0.280057,38.2372,0.0923238,-1,Normal
22,-0.557223,64.2131,0.532482,-1,Normal
7,-2.04199,44.618,0.861681,-1,Warning
11,2.39455,46.6359,0.625353,1,Normal
1,0.739374,2.04456,0.11128,1,Normal
0,-0.400361,37.5216,0.543593,-1,Normal
18,1.08427,28.7783,0.634885,1,Normal
21,0.304997,65.8499,0,1,Normal
23,-0.486092,42.6173,0.0782483,-1,Normal
4,0.374825,35.019,0.444745,1,Normal
8,-0.0746715,50.4047,0.1926,-1,Normal
14,-0.348002,54.9153,0.448866,-1,Normal
13,-3.07051,4.74195,0.810877,-1,Normal
8,-1.0998,18.5957,0.982695,-1,Warning
1,-1.19691,33.8471,0.738057,-1,Warning
0,-0.0686795,13.0075,0.413415,-1,Normal
2,0.533432,28.5988,0.0547924,1,Normal
7,0.829186,37.28,0.428126,1,Warning
15,0.0533523,61.1875,0.333777,1,Normal
1,3,13.122,0.813663,1,Normal
22,0.327516,45.3456,0,1,Warning
13,-0.988967,73.0447,0.224284,-1,Normal
12,0.874825,49.2907,0.289188,1,Normal
21,-0.570858,32.9995,0.119934,-1,Normal
2,1.7375,16.9112,1,1,Warning
0,-2.75343,46.6064,0.726046,-1,Warning
17,-0.744495,35.394,1,-1,Warning
11,-0.283253,8.19005,0.188775,-1,Normal
23,0.230676,0,0,1,Normal
1,3,66.4576,0.770851,1,Normal
10,-0.519071,10.7646,0.491218,-1,Normal
13,-3.46581,56.9082,1,-1,Warning
20,-0.389007,56.108,0.0371799,-1,Normal
3,0.545263,29.5627,0.563656,1,Normal
17,0.757691,45.2198,0,1,Normal
21,-2.04876,46.309,0.924535,-1,Warning
21,-0.145077,28.2531,0,-1,Normal
15,-0.312989,59.6672,0.271244,-1,Normal
19,0.0722961,36.4914,0.114005,1,Normal
1,-0.77574,56.124,0.0809537,-1,Normal
16,-2.84126,13.0152,0.995813,-1,Warning
15,-0.386788,63.9543,0.328824,-1,Normal
6,1.05179,40.4718,0.647757,1,Warning
18,-1.07615,67.5791,0.59353,-1,Normal
0,0.885513,29.2567,0.546792,1,Normal
19,2.10389,32.0486,0.686667,1,Normal
22,3.38843,44.7495,0.52442,1,Normal
4,-0.567777,30.7498,0.469783,-1,Normal
1,-0.895267,37.4363,0.228527,-1,Normal
7,1.59801,24.0794,0.835427,1,Normal
19,-0.804679,59.373,0,-1,Normal
8,-0.374995,35.8396,0.452973,-1,Normal
4,0.535907,31.9137,0.151937,1,Normal
19,2.39055,0,0.521768,1,Normal
7,-0.138706,39.776,0.599959,-1,Normal
4,0.261896,66.9351,0.343873,1,Normal
2,-0.522524,59.3919,0.353414,-1,Normal
6,-0.17515,39.941,0,-1,Normal
12,2.05782,2.83656,0.931402,1,Warning
5,2.72609,57.677,0.582292,1,Normal
20,0.337942,42.7301,0.526339,1,Normal
5,-2.70802,14.3884,0.809146,-1,Warning
9,-0.50747,55.9154,0.261443,-1,Normal
23,-0.242078,31.7582,0.226246,-1,Normal
19,0.47483,30.6755,0,1,Normal
10,-0.040305,6.48334,0.0070726,-1,Normal
17,2.48848,34.0327,0.842137,1,Normal
22,0.292338,6.07557,0.222647,1,Normal
0,-0.772129,33.6491,0.59449,-1,Normal
6,-0.418308,39.6643,0,-1,Normal
5,-1.60666,41.7194,0.595834,-1,Normal
8,-0.320565,53.6453,0.578453,-1,Normal
12,-0.0409778,8.65693,0.466041,-1,Normal
0,-0.780371,51.5985,0.179703,-1,Normal
16,-1.21876,40.7386,0.687388,-1,Warning
4,-0.0608012,32.737,0.449302,-1,Normal
21,1.54081,2.77342,0.466205,1,Normal
20,-1.80866,21.1453,0.99044,-1,Warning
0,-1.61825,49.1874,1,-1,Warning
14,-0.617327,57.4383,0.0443302,-1,Normal
17,-0.477011,53.7127,0.363329,-1,Normal
5,-1.92703,12.9049,0.778422,-1,Warning
6,-0.966121,66.3569,0.53557,-1,Normal
17,-0.418005,49.5557,0.489643,-1,Normal
5,0.00511538,33.1209,0.398919,1,Normal
6,-0.635145,31.8449,0.154827,-1,Normal
17,0.974689,24.8745,0.663819,1,Normal
0,3,3.2846,0.645026,1,Normal
17,0.151005,11.1673,0.764303,1,Warning
5,-0.965055,34.9828,0.103046,-1,Normal
15,-0.0744336,30.32,0.392064,-1,Normal
20,0.720454,25.4499,0.141649,1,Normal
1,-1.1584,46.319,0.638826,-1,Warning
21,0.530814,37.6628,0.589653,1,Normal
3,-1.8274,8.00094,0.801049,-1,Warning
14,-2.19266,31.2729,1,-1,Warning
19,0.403249,67.4179,0.0203561,1,Normal
7,-2.09793,27.4297,0.801918,-1,Warning
10,-0.298385,35.3341,0.352446,-1,Normal
21,-1.55586,44.5901,0.894421,-1,Warning
19,-2.82869,64.2248,1,-1,Warning
2,-3.08705,12.0406,0.913741,-1,Warning
19,1.19112,42.2329,0.957891,1,Normal
5,2.55019,33.7106,0.990118,1,Warning
8,-0.907876,45.026,0.459504,-1,Normal
16,0.229771,68.7188,0.169387,1,Normal
0,0.655251,21.5535,0.156848,1,Normal
16,1.52795,59.9027,0.999214,1,Warning
3,0.149663,2.5688,0.374818,1,Normal
19,-1.9377,36.7752,1,-1,Warning
13,-2.04372,90.5024,0.440913,-1,Normal
6,-1.71294,64.1292,0.882806,-1,Warning
1,0.426145,67.2763,0.354064,1,Normal
19,2.9431,50.2997,0.771596,1,Normal
23,1.01398,25.8574,0.774023,1,Normal
9,-2.82197,25.1422,0.753311,-1,Warning
7,-0.43114,56.5908,0.0130737,-1,Normal
2,-2.14599,34.0399,1,-1,Warning
9,0.630474,35.5034,0.312774,1,Normal
19,1.58045,21.2448,0.895915,1,Normal
16,1.44324,57.1914,0.718974,1,Normal
10,-2.71532,31.6774,0.315461,-1,Warning
21,-1.17346,43.5987,0.994918,-1,Warning
2,2.85275,61.0369,0.548346,1,Normal
8,-0.119331,36.0436,0.402405,-1,Normal
12,-1.17054,29.9633,0.82044,-1,Warning
16,-1.56332,59.0832,0.833615,-1,Warning
23,1.92628,51.0627,0.850416,1,Normal
20,-0.146287,55.0485,0.227439,-1,Normal
13,0.119387,27.2989,0,1,Normal
6,3,42.6842,0.740024,1,Normal
13,3.37465,48.0601,0.907405,1,Warning
17,1.52079,24.8938,0.640871,1,Normal
1,2.4697,44.5888,0.564877,1,Normal
18,-2.03088,59.9432,0.414342,-1,Normal
6,1.18416,57.8323,0.746945,1,Normal
15,0.823578,0,0.169948,1,Normal
16,0.900187,13.201,0.470107,1,Normal
17,-2.08959,67.74,0.737748,-1,Warning
0,-0.55346,11.6057,0.544401,-1,Normal
10,0.447319,20.9678,0.477504,1,Normal
6,-1.42797,7.08554,0.626609,-1,Warning
5,-0.220093,23.8834,0.151461,-1,Normal
15,0.735611,44.4314,0.137347,1,Normal
15,0.162037,14.2133,0.422956,1,Normal
8,2.32805,36.063,0.131496,1,Normal
1,1.82604,57.7856,0.500626,1,Normal
6,-0.0239434,36.9545,0.0491396,-1,Normal
18,-0.311857,50.5471,0.465019,-1,Normal
19,-0.294268,4.781,0.0163417,-1,Normal
18,-1.29518,47.8679,0.743296,-1,Warning
12,1.20293,16.4098,0.220051,1,Normal
16,-0.296107,15.0375,0.25802,-1,Normal
16,3.2681,53.634,1,1,Warning
2,1.18423,56.7434,0.633048,1,Normal
9,0.303914,43.3546,0.391044,1,Normal
19,1.59317,15.3115,0.754891,1,Normal
16,-1.69315,43.3416,0.583801,-1,Normal
19,0.371504,19.1354,0,1,Normal
0,-0.0535426,36.7883,0,-1,Normal
4,-3.9277,24.8471,0.804352,-1,Warning
10,1.63544,39.8343,0.875184,1,Normal
7,1.17643,46.5968,0.74606,1,Normal
22,0.0553843,0.730842,0.338447,1,Normal
6,0.0533872,30.5961,0.113978,1,Normal
9,0.779919,10.3328,0.513366,1,Normal
21,1.0091,49.0206,0.395008,1,Normal
8,0.812526,41.1359,0.61335,1,Normal
16,0.00118071,20.4715,0.151394,1,Normal
13,-1.98826,55.8019,1,-1,Warning
12,-0.536232,5.7913,0.556612,-1,Normal
19,0.729946,43.7541,0.181234,1,Normal
4,-0.570161,8.35816,0.202105,-1,Normal
7,2.48647,44.1089,0.974666,1,Warning
8,-0.90033,14.5201,0.322153,-1,Normal
11,-0.0213837,24.8451,0.287445,-1,Normal
11,-0.365973,40.2903,0.2484,-1,Normal
13,-0.740067,40.4226,0,-1,Normal
13,1.96122,27.0816,1,1,Warning
22,-0.70506,73.7524,0,-1,Normal
5,0.0503392,38.5323,0.550468,1,Normal
15,0.327067,14.6313,0.381676,1,Normal
17,3.14992,44.2132,0.573704,1,Normal
21,-0.54444,25.5191,0.200941,-1,Normal
13,-1.35057,20.4222,0.710122,-1,Warning
16,-1.53104,56.2747,0.398306,-1,Normal
9,0.373452,24.8265,0,1,Normal
22,-4.55781,32.7664,1,-1,Warning
17,0.787855,7.30846,0.47965,1,Normal
5,-0.271845,32.7452,0.131617,-1,Normal
9,0.0810102,39.3796,0.24234,1,Normal
23,-4.36472,21.6426,0.669028,-1,Warning
9,0.894594,50.5847,0.345889,1,Normal
4,0.265851,43.0491,0.147367,1,Normal
17,0.962908,29.9736,0.0880696,1,Normal
20,3.2145,39.2692,0.971098,1,Warning
21,-2.32378,5.77731,0.776828,-1,Warning
19,-0.378979,27.3577,0.419429,-1,Normal
20,0.222883,32.6873,0.330208,1,Normal
15,-1.23929,76.0387,1,-1,Warning
1,1.55157,2.75127,0.978783,1,Warning
8,0.599027,26.9873,0.234798,1,Normal
4,1.14103,30.4867,0.569889,1,Normal
10,1.95469,18.6692,0.198111,1,Normal
22,-2.42031,52.4292,0.867475,-1,Warning
19,-0.0855914,13.9304,0.27857,-1,Normal
7,0.0277445,28.8389,0.32822,1,Normal
6,0.324036,38.9322,0.210225,1,Normal
9,0.53328,0,0.0543046,1,Normal
3,0.58674,17.5034,0.313381,1,Normal
0,0.181613,20.9736,0.175509,1,Normal
22,-0.790481,28.8923,0.201681,-1,Normal
4,-0.0647951,6.72583,0.306805,-1,Normal
22,-1.28297,67.4991,1,-1,Warning
12,2.24525,0.760791,0.929483,1,Warning
2,-1.02033,54.5022,0.525126,-1,Normal
11,1.18601,50.6763,0.398018,1,Normal
8,3,45.1201,0.756252,1,Normal
12,2.02551,4.03666,1,1,Warning
0,-0.143266,32.1014,0.295993,-1,Normal
5,-0.216839,39.5272,0.428226,-1,Normal
11,-1.99562,43.7151,0.647452,-1,Warning
3,-0.606797,77.9619,0.250017,-1,Normal
6,-2.11503,39.7918,0.637124,-1,Warning
6,-0.557819,24.5602,0.282248,-1,Normal
19,0.742904,39.3126,0.349578,1,Normal
9,2.41797,23.5354,0.804053,1,Normal
18,0.762287,32.0066,0.708728,1,Normal
19,0.379631,0,0.453582,1,Normal
11,1.75266,16.5793,0.614266,1,Normal
21,-0.384987,55.5336,0.0835213,-1,Normal
15,-1.70814,73.5485,0.77674,-1,Warning
9,1.80618,51.7754,1,1,Warning
17,-0.168125,0,0.214543,-1,Normal
7,-0.338802,2.38111,0.385109,-1,Normal
14,-0.946716,63.479,0.138277,-1,Normal
16,4.1418,36.9678,1,1,Warning
13,1.89817,30.2665,0.894109,1,Normal
5,1.51028,23.5349,1,1,Warning
3,-3.51134,31.4785,0.54699,-1,Normal
21,-0.215108,39.5464,0.365907,-1,Normal
17,-0.921008,46.3384,0.0882933,-1,Normal
0,-0.496982,12.6961,0.473643,-1,Normal
22,-2.14876,33.0756,0.789264,-1,Warning
20,-2.62512,2.43839,0.736553,-1,Warning
13,-3.00427,61.1519,1,-1,Warning
9,-0.59677,0,0.0847593,-1,Normal
3,-2.43551,36.4919,0.73126,-1,Warning
9,-0.733966,38.1003,0.354795,-1,Normal
22,0.850234,17.1904,0.469175,1,Normal
8,-1.03049,58.2841,0.642547,-1,Warning
17,-1.8058,31.0851,0.627123,-1,Warning
10,0.4165,27.5386,0.256883,1,Normal
1,-0.743529,44.3416,0.0179678,-1,Normal
13,0.33644,10.8106,0.553874,1,Normal
13,-1.02802,20.5449,0.948527,-1,Warning
13,0.43005,50.1191,0.418577,1,Normal
5,-1.76236,34.3426,0.82635,-1,Warning
20,1.17431,20.7097,0.154113,1,Normal
20,0.0449957,47.0193,0.483399,1,Normal
20,1.61828,0,0.653745,1,Normal
4,-1.23402,60.0621,1,-1,Warning
21,-1.71387,43.9457,0.615973,-1,Warning
5,-0.473633,46.2404,0.748809,-1,Warning
23,0.292923,35.8014,0.837149,1,Warning
6,-0.20322,35.8667,0.0774785,-1,Normal
0,0.340456,27.7787,0.0010388,1,Normal
1,-0.900256,9.79425,0.301766,-1,Normal
8,0.194512,29.9921,0.838405,1,Normal
15,-0.473249,0,0,-1,Normal
6,2.39314,19.4449,0.649622,1,Normal
21,-0.588796,53.6507,0,-1,Normal
23,-0.0890695,36.7085,0.0284929,-1,Normal
8,2.35476,31.4358,0.393645,1,Normal
21,-1.59597,37.9991,0.269041,-1,Normal
8,0.870878,40.1477,0.0468903,1,Normal
18,-0.347741,46.0803,0.223228,-1,Normal
12,0.867843,16.0845,0.326276,1,Normal
3,-0.0888909,36.7025,0.26798,-1,Normal
17,1.18519,29.0025,0.70312,1,Normal
11,0.842264,45.4039,0.494367,1,Normal
16,1.53259,30.2543,1,1,Warning
13,0.979268,51.1418,0.946706,1,Normal
10,1.1074,60.114,1,1,Normal
11,1.13596,53.0973,1,1,Normal
7,0.0695257,34.5687,0.393331,1,Normal
20,0.215245,14.9016,0.134988,1,Normal
7,0.105746,56.8243,0.447177,1,Normal
20,-3.05026,41.6708,0.544466,-1,Normal
3,-0.380359,0,0.526668,-1,Normal
19,2.0842,31.5734,0.720017,1,Normal
5,0.989671,0,0.391763,1,Normal
22,-0.442395,7.27287,0.309021,-1,Normal
4,-0.37536,29.8169,0.387491,-1,Normal
16,0.0655033,30.1358,0.356149,1,Normal
15,-1.74818,38.3108,1,-1,Warning
21,-4.33528,17.3979,1,-1,Warning
20,-0.942533,36.9046,0.632288,-1,Warning
7,-0.244224,57.1388,0,-1,Normal
4,-0.159493,4.93932,0,-1,Normal
14,0.672136,59.0125,0.640379,1,Normal
6,-0.653494,0.535314,0.23463,-1,Normal
1,-0.359637,54.4141,0.342182,-1,Normal
3,0.222653,57.5351,0.443733,1,Normal
18,0.00835546,54.3619,0.69618,1,Normal
10,0.978489,0,0.158017,1,Normal
18,-2.79586,77.38,1,-1,Warning
22,0.428295,89.6538,0.495941,1,Normal
19,-2.38503,10.7206,0.55552,-1,Normal
7,-1.75841,72.5573,1,-1,Warning
5,-2.64266,55.8318,0.428396,-1,Normal
5,-0.161381,53.1273,0.264438,-1,Normal
15,-2.33144,45.3979,0.566406,-1,Normal
2,-0.0343408,42.9142,0.260373,-1,Normal
19,0.58964,2.98144,0.21216,1,Normal
9,-2.57191,20.2025,0.825114,-1,Warning
14,0.174163,37.6565,0.52859,1,Normal
5,-0.208805,24.3869,0,-1,Normal
23,-0.356928,16.0525,0.173568,-1,Normal
19,0.34053,34.6667,0,1,Normal
3,-0.304799,31.7054,0,-1,Normal
18,-1.45191,39.3003,0.683937,-1,Warning
19,0.65732,40.2281,0,1,Normal
11,-0.0351865,50.9103,0.113648,-1,Normal
8,-0.175552,42.4966,0.67925,-1,Normal
14,0.43517,0.81942,0.0578097,1,Normal
14,0.0925601,22.0859,0.230494,1,Normal
6,0.677496,16.2577,0.493438,1,Normal
4,1.79114,30.3783,0.629592,1,Normal
2,3,24.1537,0.865204,1,Normal
22,-0.0754857,18.8473,0.148087,-1,Normal
9,-1.95142,67.2478,0.510785,-1,Normal
1,3,35.4294,0.927869,1,Warning
3,2.8109,14.4642,1,1,Warning
16,1.42264,50.4145,0.755478,1,Normal
22,0.354436,81.608,0.561311,1,Normal
21,0.197906,34.854,0.0323284,1,Normal
12,-3.95259,27.7057,0.586664,-1,Normal
12,-0.0223607,41.9997,0.234344,-1,Normal
22,-2.80704,45.9154,0.697456,-1,Warning
6,-0.36713,38.9959,0,-1,Normal
20,-2.55292,44.4789,0.678761,-1,Warning
19,0.177065,68.1093,0.368374,1,Normal
13,-0.982435,39.1785,0.146188,-1,Normal
10,-3.58159,41.5752,0.375118,-1,Normal
0,0.12082,0,0.862608,1,Normal
5,-3.05807,45.1334,0.998074,-1,Warning
15,-0.224757,48.1743,0,-1,Normal
4,2.16085,46.5282,1,1,Warning
20,3.12082,57.2447,0.614581,1,Normal
8,0.815906,3.77954,0.536145,1,Normal
1,-0.669146,19.1785,0.190883,-1,Normal
12,0.894268,74.4366,0.479147,1,Normal
4,2.53696,44.0054,0.636466,1,Normal
21,-1.11582,25.1552,0.829812,-1,Warning
3,0.416985,21.3013,0.576852,1,Normal
23,4.06309,30.8834,0.598316,1,Normal
15,-0.0720496,31.336,0.146358,-1,Normal
19,0.722561,64.2292,0.399077,1,Normal
18,-0.293925,0,0.464896,-1,Normal
4,0.931725,64.3165,0.00616562,1,Normal
5,-0.858377,16.3491,0.414465,-1,Normal
11,-1.31716,53.8769,0.38987,-1,Normal
2,0.0329514,50.1265,0.412471,1,Normal
0,-0.095365,58.9459,0,-1,Warning
18,-2.62224,29.0833,0.182329,-1,Normal
0,-3.07083,44.456,0.819396,-1,Warning
11,2.0345,42.8282,0.397646,1,Normal
19,2.90677,21.1515,0.822449,1,Normal
14,3.70208,29.7911,0.819725,1,Normal
14,0.379208,7.27365,0.178582,1,Normal
6,-0.726465,32.3676,0.360765,-1,Normal
8,0.850058,27.3637,0.202267,1,Normal
0,-0.494312,54.1971,0.704723,-1,Warning
1,-2.40873,25.2467,0.538511,-1,Normal
15,0.751244,42.8842,0.585246,1,Normal
17,-2.86525,49.512,0.646007,-1,Warning
8,-0.591719,21.8052,0,-1,Normal
3,-0.108122,4.89514,0.758032,-1,Normal
20,1.02969,24.759,1,1,Normal
8,0.0046261,45.4139,0.481358,1,Normal
6,-3.32023,38.5452,0.874444,-1,Warning
2,2.99082,19.3452,1,1,Warning
9,-1.08835,44.1188,1,-1,Warning
2,-2.44504,73.5249,0.882161,-1,Warning
4,2.81012,30.7302,0.54875,1,Normal
20,0.387059,34.8863,0.505986,1,Normal
9,-0.745315,55.1888,0,-1,Normal
15,2.31064,14.2175,0.982471,1,Warning
15,-0.0866364,35.9027,0,-1,Normal
23,-1.41477,28.5754,0.853287,-1,Warning
17,-2.37321,51.4259,1,-1,Warning
17,-1.02147,34.5261,0.680422,-1,Warning
10,-0.809614,43.6996,0.424728,-1,Normal
1,2.24667,5.85933,0.927285,1,Warning
3,0.43082,32.1384,0.710239,1,Normal
14,-0.868642,11.1514,0.369085,-1,Normal
4,-0.0979393,71.5658,0.266301,-1,Normal
22,-2.82638,40.8842,0.958396,-1,Warning
14,-0.544759,63.5723,0.236506,-1,Normal
17,1.00154,13.9259,0.582423,1,Normal
19,-1.77027,37.1517,0.539659,-1,Normal
23,1.84544,25.2496,0.593905,1,Normal
4,-0.198455,15.0721,0.437363,-1,Normal
0,1.60898,9.19187,0.689278,1,Normal
20,0.650161,73.9904,0.422137,1,Normal
10,1.86725,26.4263,0.742314,1,Normal
7,-1.60695,52.9548,1,-1,Warning
2,2.50745,22.9363,0.539174,1,Normal
18,-1.19811,58.2473,0.626529,-1,Warning
14,-2.02757,33.3895,0.350426,-1,Normal
7,2.35983,41.0116,1,1,Warning
0,-2.09305,21.2382,0.809856,-1,Warning
1,1.03342,43.9587,0.727163,1,Normal
0,-0.652875,33.6839,0.494111,-1,Normal
12,0.901617,53.7108,0,1,Normal
22,-3.94765,37.5336,0.369474,-1,Normal
13,-0.901066,45.4293,0.211128,-1,Normal
19,1.77056,37.8347,0.127008,1,Normal
15,-1.06015,37.4798,0.676322,-1,Warning
1,-0.989454,77.8454,0.357826,-1,Normal
7,-0.188333,25.5276,0.0562413,-1,Normal
11,-3.09907,35.9809,0.379547,-1,Normal
20,2.4981,39.8055,0.762427,1,Normal
7,0.987263,42.9789,0.420599,1,Normal
22,1.22579,29.9669,1,1,Normal
9,0.136447,33.4998,0,1,Warning
12,-0.0652092,38.2574,0,-1,Warning
15,-0.531018,36.8075,0,-1,Normal
15,0.982087,31.0907,0.473234,1,Normal
1,0.0491491,10.4187,0.119879,1,Normal
13,-1.61974,52.5013,0.361273,-1,Normal
22,-0.471744,0,0.043244,-1,Normal
15,0.141895,57.756,0.589969,1,Normal
2,-0.929504,12.2009,0.156948,-1,Normal
7,2.19793,67.5824,0.533371,1,Normal
7,1.97823,12.9292,0.853081,1,Normal
5,-0.608824,35.6606,0.0210656,-1,Normal
20,0.250622,26.8924,0.404751,1,Warning
22,-0.365826,44.194,0.140047,-1,Normal
13,1.14004,100.938,1,1,Normal
10,1.30916,42.2864,0.737348,1,Normal
21,1.88694,40.8707,0.632658,1,Normal
23,3.03377,25.9876,1,1,Warning
3,0.903185,50.1588,0,1,Normal
11,-0.119554,53.4308,0.368154,-1,Normal
4,-2.74983,11.4994,0.914654,-1,Warning
23,-0.0237312,64.3376,0,-1,Normal
8,0.639799,11.4409,0.0803642,1,Normal
13,2.37549,50.368,0.681826,1,Normal
2,2.13309,42.9309,0.406709,1,Normal
16,1.89395,23.9138,0.8913,1,Normal
11,3,43.6963,0.403758,1,Normal
1,-0.456167,15.7876,0.098041,-1,Normal
1,0.952422,30.6064,0.398372,1,Normal
0,0.196665,31.6854,0.335857,1,Normal
10,-3.8795,29.1189,0.784069,-1,Warning
22,-0.164812,24.6378,0.948974,-1,Normal
1,1.05244,23.0637,1,1,Normal
22,1.46289,26.9478,0.899284,1,Normal
13,1.18428,22.7049,0.910118,1,Normal
2,-0.341505,32.2437,0.472098,-1,Normal
1,-0.333756,40.6092,0.250823,-1,Normal
18,0.257125,10.7139,0.293278,1,Normal
3,1.95835,13.0615,0.81217,1,Normal
2,0.493839,44.0529,0.498296,1,Normal
16,1.67498,19.0651,0.743488,1,Normal
16,2.72918,17.1515,0.84266,1,Normal
19,-2.93177,19.2546,0.760332,-1,Warning
14,2.34787,13.6026,0.75171,1,Normal
2,-0.000229823,52.7074,0.457728,-1,Normal
2,0.273346,36.9086,0.210522,1,Normal
4,0.673377,4.30779,0.0196671,1,Normal
21,-0.197644,44.2997,0,-1,Normal
11,-0.647441,38.8295,0.182749,-1,Normal
21,-3.61585,35.7722,0.716846,-1,Warning
5,-1.64124,80.6231,0.816555,-1,Warning
8,-0.257942,67.0058,0.095216,-1,Normal
1,-0.589817,0,0,-1,Normal
15,-1.21625,39.7118,0.803954,-1,Warning
6,1.42315,70.2497,0.869512,1,Normal
6,2.36852,28.1716,1,1,Warning
19,3.31166,45.4509,0.501712,1,Normal
19,0.295296,50.1891,0.202163,1,Normal
6,-0.881014,0,0,-1,Normal
14,3.25918,41.6679,1,1,Warning
1,0.352832,69.5312,0.306223,1,Normal
23,-0.355363,33.946,0.320339,-1,Normal
21,-2.73094,71.5449,0.878713,-1,Warning
9,-1.82364,0,0.877547,-1,Warning
0,0.229222,31.387,0.302244,1,Normal
8,-1.23327,31.3554,1,-1,Warning
7,-3.08794,31.5868,0.625103,-1,Warning
2,-0.558457,20.3081,0.393465,-1,Normal
9,0.362959,37.6385,0,1,Normal
22,0.534708,18.3112,0.136943,1,Normal
5,-0.686059,42.7604,0.360515,-1,Normal
0,-2.89198,13.7312,1,-1,Normal
3,-0.468175,71.4057,0.42279,-1,Normal
4,0.472151,41.3996,0.144214,1,Normal
19,2.01903,28.8513,1,1,Warning
4,-0.339844,13.1675,0,-1,Normal
12,0.492771,48.211,0.627665,1,Normal
20,-0.374757,46.7157,0.0517349,-1,Normal
13,3.82728,64.5214,1,1,Warning
16,-1.84671,44.1933,1,-1,Warning
1,-0.290753,32.9864,0.175811,-1,Normal
2,-2.64742,34.2202,0.426737,-1,Normal
7,0.325524,8.85963,0.335235,1,Normal
15,-0.0477507,42.6688,0,-1,Normal
16,-0.516082,69.18,0,-1,Normal
5,0.226126,42.0615,0,1,Normal
20,-0.0720254,14.0808,0.0176559,-1,Normal
16,-1.35998,70.3591,0.698689,-1,Warning
18,-2.73268,38.2742,0.419242,-1,Normal
13,0.556033,24.1402,0,1,Normal
14,0.193475,66.9881,0.600303,1,Normal
23,0.0122653,24.3469,0,1,Normal
10,-0.55154,19.8863,0,-1,Warning
12,0.104109,20.4207,0,1,Warning
22,-0.51474,26.0873,0.360083,-1,Normal
20,-0.804647,0,0.314236,-1,Normal
14,-0.387144,16.5106,0.272786,-1,Normal
18,0.451592,43.3728,0.423827,1,Normal
7,-1.53856,21.201,0.951512,-1,Warning
4,-1.88356,50.7281,1,-1,Warning
20,3.50529,51.3942,0.855563,1,Normal
1,-1.28032,56.0288,1,-1,Warning
10,1.70141,19.2367,0.941253,1,Normal
17,0.403512,40.1421,0.159457,1,Normal
11,0.000445221,65.3138,0.317874,1,Normal
23,-1.68719,22.3186,0.876643,-1,Warning
20,2.6803,34.5032,0.856257,1,Normal
20,3.18008,56.8171,0.580652,1,Normal
0,-0.0526045,84.9403,0.514869,-1,Normal
12,-0.131439,58.8342,0.359742,-1,Normal
22,3.25573,27.6235,1,1,Warning
1,0.338208,67.5745,0.297284,1,Normal
5,-1.23822,12.6003,0.987778,-1,Warning
5,0.00157199,25.1956,0.302703,1,Normal
21,0.229008,57.3509,0.326628,1,Normal
21,-0.782097,13.7506,0.710193,-1,Warning
3,1.9525,51.4278,0.883143,1,Normal
11,-1.30153,22.0543,0.879699,-1,Warning
23,-0.880708,37.286,0.326588,-1,Normal
19,0.680303,46.7469,0.0209635,1,Normal
20,1.89837,6.91646,0.680935,1,Normal
3,-0.755378,50.6779,0.131021,-1,Normal
23,1.21309,40.0868,0.5416,1,Normal
3,0.693566,59.3178,0.713924,1,Normal
18,0.681322,19.53,0.0311751,1,Normal
6,-0.17766,48.9444,0.0837075,-1,Normal
2,-1.03673,27.4289,0.516842,-1,Normal
21,-0.897006,49.2679,0.327924,-1,Normal
14,-2.40235,44.5058,0.754839,-1,Warning
0,0.186237,34.7792,0.0729014,1,Normal
8,2.19411,19.6319,1,1,Warning
16,-0.141424,53.8455,0,-1,Normal
3,-0.685927,13.0428,0.340472,-1,Normal
1,0.629734,19.8444,0.318048,1,Normal
6,0.22345,16.358,0.402251,1,Normal
7,0.186733,0.753538,0.340205,1,Normal
23,0.662179,37.6047,0.188794,1,Normal
7,-0.269858,31.973,0.556699,-1,Normal
9,-0.0432589,60.8494,0.308346,-1,Normal
16,-3.40999,39.6318,0.508905,-1,Normal
18,0.652548,8.47898,0.424273,1,Normal
10,-1.65957,52.5339,0.762789,-1,Warning
8,-3.79887,16.4505,0.767572,-1,Warning
6,1.12013,20.521,1,1,Normal
6,-0.0635661,38.2316,0.502286,-1,Normal
8,-0.82037,73.3965,0.284082,-1,Normal
8,-0.39624,17.3514,0.106535,-1,Normal
5,-0.1223,84.5509,0.318984,-1,Normal
19,-2.59938,7.26768,0.760972,-1,Warning
12,-0.00812405,32.2355,0.421884,-1,Normal
22,0.114052,22.3882,0.609739,1,Normal
2,0.781277,58.1837,0.474651,1,Normal
5,0.0203256,30.0358,0,1,Normal
21,1.27775,33.4812,1,1,Normal
10,0.0729061,35.8774,0.256056,1,Normal
6,1.31986,26.8098,0.589542,1,Normal
18,0.677701,82.6675,0.435222,1,Warning
1,-1.62137,37.8551,0.45113,-1,Normal
3,1.20781,18.3895,0.691314,1,Normal
15,0.292325,44.1648,0.167676,1,Normal
5,2.03547,47.7145,0.848244,1,Normal
6,1.15823,60.781,0.371324,1,Normal
19,-2.97139,21.9574,1,-1,Warning
23,-0.339756,28.7746,0,-1,Normal
16,-1.53561,40.1352,0.163396,-1,Normal
6,2.82405,36.4837,0.655552,1,Normal
17,-1.93205,43.7858,0.708027,-1,Warning
6,2.21397,64.311,0.563473,1,Normal
21,0.982813,33.5191,0.341115,1,Normal
21,1.22154,69.7727,1,1,Warning
18,-2.23395,14.997,0.859218,-1,Warning
10,0.408972,20.5024,0.56524,1,Normal
15,-0.490303,38.4885,0.774341,-1,Warning
22,-0.37284,34.8602,0.533437,-1,Normal
17,0.210666,17.8958,0.168719,1,Normal
15,-0.974967,43.6086,0.248856,-1,Normal
12,-0.0396989,46.5849,0.194562,-1,Normal
5,-0.525801,18.799,0.382006,-1,Normal
23,0.00536151,3.98619,0.589999,1,Normal
11,-3.86305,30.1631,0.770974,-1,Warning
19,-0.817009,22.69,0.0811433,-1,Normal
1,-2.55628,32.7878,0.719653,-1,Warning
22,-0.327372,20.0721,0.137477,-1,Warning
6,0.202635,18.1569,0.251642,1,Normal
10,1.19148,46.3796,1,1,Normal
20,-0.361851,21.9087,0,-1,Warning
22,-3.90119,33.9458,1,-1,Warning
21,-0.64996,34.3154,0.0258552,-1,Normal
7,-1.28843,30.2275,0.413987,-1,Normal
16,-3.25277,24.8678,0.860865,-1,Warning
14,0.827781,29.0227,0.510158,1,Normal
13,-3.15972,31.8815,0.505726,-1,Normal
23,-0.173357,44.0121,0.246358,-1,Normal
20,0.674417,49.8585,0,1,Normal
5,0.433358,35.305,0,1,Normal
23,0.824966,23.6873,0.0811387,1,Normal
1,-1.69348,16.2117,0.990961,-1,Warning
7,-1.77918,59.2891,0.767785,-1,Warning
14,0.89281,64.0199,0.988316,1,Normal
11,-1.18813,21.3805,0.90936,-1,Warning
16,1.85676,51.6737,0.517542,1,Normal
11,0.553961,9.12361,0.174867,1,Normal
17,-0.259881,67.8025,0.523313,-1,Normal
5,-3.5952,58.7814,0.905734,-1,Warning
23,-0.951455,46.8609,0.408772,-1,Normal
1,0.961194,54.9621,0.352574,1,Normal
18,0.00600829,11.0627,0.516657,1,Normal
17,2.01744,22.1129,0.783513,1,Normal
2,-0.0191457,23.1118,0.0829044,-1,Normal
3,0.330076,19.7057,0.312368,1,Normal
23,-3.92099,27.2138,0.688098,-1,Warning
23,-0.765961,43.8086,0.136179,-1,Normal
6,0.634216,25.205,0.371148,1,Normal
14,-0.65899,23.9506,0.173929,-1,Normal
17,-0.532063,0,0.722706,-1,Warning
0,-0.565993,47.4598,0.641211,-1,Warning
3,-2.02742,16.0778,0.72294,-1,Warning
1,-0.449724,26.7188,0,-1,Normal
20,0.888026,52.732,0.404243,1,Normal
12,0.0897825,22.4415,0.223504,1,Warning
16,-0.685754,40.1234,0.386356,-1,Normal
1,2.88538,24.7774,0.678824,1,Normal
12,-3.96304,8.7828,0.909951,-1,Warning
0,-0.384336,50.7203,0.0457626,-1,Normal
20,0.579415,68.3247,0.292591,1,Normal
19,-0.0132535,17.2321,0.886643,-1,Normal
4,-0.672384,78.63,0.421128,-1,Normal
22,-0.324906,24.1127,0.39759,-1,Normal
19,3.1808,20.7327,1,1,Warning
12,2.74801,58.4364,0.51788,1,Normal
22,0.564966,36.0062,0.459881,1,Normal
11,0.545357,38.7994,0.414308,1,Normal
13,3.49113,20.1571,0.773288,1,Normal
7,-2.40671,15.8499,0.565987,-1,Normal
14,2.13324,36.7671,0.675536,1,Normal
0,-0.67189,2.20577,0.0496451,-1,Normal
2,3,30.16,1,1,Warning
2,-0.686341,27.4126,0.280122,-1,Normal
10,0.0337864,13.7041,0,1,Warning
3,-1.08503,5.65581,0.392989,-1,Normal
0,2.44873,33.4958,0.395155,1,Normal
21,1.66452,7.28,1,1,Warning
3,-1.4434,47.1979,0.561579,-1,Normal
11,0.933079,5.96146,0,1,Normal
12,-0.686692,52.9197,0,-1,Normal
6,-0.323976,0,0.395493,-1,Normal
1,1.99015,15.4455,0.84194,1,Normal
14,-2.51745,44.1462,1,-1,Warning
23,-0.149534,41.7853,0.0718074,-1,Normal
8,-0.0591945,34.4134,0.0526077,-1,Normal
0,1.07746,14.465,0.763646,1,Normal
8,-1.32331,55.4158,1,-1,Warning
23,-0.313594,16.7754,0.481542,-1,Normal
15,-3.52753,38.2981,0.463229,-1,Normal
14,3.12659,71.6702,1,1,Warning
16,0.12113,0,0,1,Normal
6,2.04165,45.0219,0.729543,1,Normal
14,0.0682438,26.9572,0.515723,1,Normal
21,-1.43865,29.948,0.78001,-1,Warning
4,-0.0489509,18.4881,0.0985542,-1,Warning
0,-0.657486,17.1758,0,-1,Normal
17,1.32043,33.7736,0.372456,1,Normal
8,-0.287639,31.5081,0.268365,-1,Normal
23,-2.68561,23.6099,0.855885,-1,Warning
19,-2.23953,57.528,0.973426,-1,Warning
7,0.770553,32.7587,0.443716,1,Normal
5,0.0977403,32.0479,0.272435,1,Normal
13,-0.292017,25.0659,0.327256,-1,Normal
6,-2.45998,71.7531,0.955433,-1,Warning
2,-2.77971,51.0451,0.743229,-1,Warning
23,0.182351,42.4056,0.150251,1,Normal
6,0.0133543,50.6382,0.208498,1,Normal
1,0.874596,45.9952,0,1,Normal
5,0.529762,47.5565,0.0986743,1,Normal
22,0.101591,37.5894,0.127095,1,Normal
18,-1.26218,20.3182,0.71138,-1,Warning
3,2.41995,30.1731,0.675788,1,Normal
13,1.57945,17.0746,0.260584,1,Normal
21,2.55039,60.857,0.425315,1,Normal
8,2.22028,36.74,0.727436,1,Normal
3,-2.49574,35.3567,0.722392,-1,Warning
3,-0.54006,21.2219,0.102439,-1,Normal
7,2.40054,61.4895,0.728413,1,Normal
11,-0.446613,36.6312,0.109581,-1,Normal
1,-0.271323,60.8692,0.355482,-1,Normal
15,-0.522692,35.232,0.0172212,-1,Normal
6,-0.437258,47.972,0.0799417,-1,Normal
21,-3.90429,23.1106,0.677815,-1,Warning
20,-0.496514,45.0057,0.3187,-1,Normal
0,-1.89966,61.4889,0.713507,-1,Warning
7,-0.753356,8.327,0.299531,-1,Normal
6,-0.10547,13.2769,0,-1,Normal
20,2.85199,36.7591,0.573477,1,Normal
12,-2.70819,35.0158,0.583086,-1,Normal
23,-0.898296,12.5133,0.0582877,-1,Normal
3,-3.93119,37.5199,1,-1,Warning
2,-0.673605,16.5699,0.0250218,-1,Normal
22,-1.3783,46.1985,0.676632,-1,Warning
18,0.397102,61.8749,0.0301733,1,Normal
4,-0.61995,42.419,0,-1,Normal
7,-3.28717,0,0.851678,-1,Warning
13,3.06719,18.7013,0.753355,1,Normal
17,1.57294,56.0293,0.749585,1,Normal
15,-0.626892,4.94749,0,-1,Normal
5,1.00792,49.1396,0.827173,1,Normal
11,-0.817295,38.2026,0.403121,-1,Normal
9,-0.562892,18.5037,0.439953,-1,Normal
17,0.0539048,37.8629,0.235687,1,Normal
0,-0.358216,26.4024,0.108469,-1,Normal
20,-3.53223,36.4664,0.849421,-1,Warning
2,0.750042,55.2675,0.16915,1,Normal
5,-2.60926,46.8542,1,-1,Warning
7,-3.63173,72.1021,0.812939,-1,Warning
20,-0.613336,29.0172,0.104544,-1,Normal
19,-0.722442,44.3136,0.305888,-1,Normal
6,-2.03159,25.756,1,-1,Warning
15,2.65858,13.2966,1,1,Warning
18,1.4607,71.4291,0.978988,1,Normal
3,-0.98079,37.5545,0,-1,Normal
6,-2.61677,39.8541,0.69051,-1,Warning
0,-3.61533,35.5754,0.721956,-1,Warning
8,0.64323,31.4853,0.0854894,1,Normal
21,0.481256,31.9563,0.622054,1,Normal
23,0.0273063,23.9034,0.229915,1,Normal
13,0.838126,20.338,0.456224,1,Normal
16,-3.57383,46.9964,0.638402,-1,Warning
5,1.72701,28.1549,0.879191,1,Normal
18,-0.94499,50.6653,0.401663,-1,Normal
8,0.570808,29.144,0.480974,1,Normal
13,0.552397,54.1538,0.284248,1,Normal
7,-0.545773,36.6929,0,-1,Normal
19,-0.096227,14.2439,0.288516,-1,Normal
22,-2.2236,52.802,1,-1,Warning
21,0.356533,30.4544,0,1,Normal
1,-1.47949,16.2618,0.990184,-1,Warning
15,0.339816,29.147,0.100573,1,Normal
15,-1.00407,17.9226,0.466803,-1,Normal
12,-0.840586,26.9407,0.10605,-1,Normal
3,0.0741824,14.7383,0.531135,1,Normal
0,0.327701,63.2927,0.555283,1,Normal
2,-1.84502,30.5158,0.909006,-1,Warning
3,0.651213,22.9291,0.607909,1,Normal
23,-1.12851,45.4927,0.826267,-1,Warning
12,2.32347,14.6821,1,1,Warning
0,-0.720398,20.3564,0.019576,-1,Normal
10,-0.0173573,17.3779,0.278973,-1,Normal
8,-2.19236,41.2034,0.513315,-1,Normal
0,3,53.3255,0.871913,1,Normal
23,-0.662228,19.5587,0.0535319,-1,Normal
6,3,25.5707,0.547037,1,Normal
11,-4.01757,10.7183,0.481238,-1,Normal
17,2.30397,25.0697,0.611699,1,Normal
2,-0.596022,30.8563,0.0960058,-1,Normal
23,0.0637992,12.4492,0,1,Normal
5,-1.33401,16.0025,1,-1,Warning
22,0.797834,35.6534,0.44134,1,Normal
11,3,45.1155,0.74682,1,Normal
1,-0.724169,19.2577,0.205636,-1,Normal
16,-0.132742,56.4789,0.471124,-1,Normal
23,0.516304,48.4855,0.110771,1,Normal
13,-1.10121,29.9774,0.177807,-1,Normal
2,2.85522,66.1404,0.797437,1,Normal
15,-0.00475624,55.4395,0.189552,-1,Normal
3,-2.09062,27.3193,0.684778,-1,Warning
20,-1.22618,21.2889,0.96658,-1,Normal
14,2.70288,47.59,1,1,Warning
16,3.15026,50.1177,0.769579,1,Normal
11,0.461686,32.9131,0.432644,1,Normal
16,0.136437,24.429,0.600691,1,Normal
11,0.0765238,46.0895,0.384135,1,Normal
11,0.0509049,54.2006,0.313605,1,Normal
13,0.177389,16.0604,0,1,Normal
2,0.0188915,32.6201,0.438956,1,Normal
7,-1.73229,26.5969,0.782328,-1,Warning
13,-2.87793,30.8015,0.370538,-1,Normal
23,2.47567,29.427,0.480604,1,Normal
4,0.293945,37.421,0.376266,1,Normal
1,-2.95285,40.1105,0.838381,-1,Warning
13,1.11524,38.764,0.603804,1,Normal
18,2.39761,33.4233,0.825723,1,Normal
14,-0.444062,35.6428,0.259659,-1,Normal
11,-3.62322,22.9876,0.716974,-1,Warning
17,-3.24232,24.8327,0.716452,-1,Warning
9,-0.402779,48.0783,0.320992,-1,Normal
21,-0.495972,69.4848,0.0936996,-1,Normal
18,-3.40026,0.0602193,0.769606,-1,Warning
21,-0.147263,23.0716,0,-1,Normal
21,0.564941,21.139,0.107498,1,Normal
11,-2.03083,23.3726,0.595071,-1,Normal
0,1.05532,11.7762,0.785854,1,Normal
17,-1.90838,25.7226,0.306574,-1,Warning
16,1.12162,31.5551,0.977657,1,Normal
9,0.767888,37.321,0.130621,1,Warning
11,-1.41406,39.6018,1,-1,Warning
23,0.787765,50.1886,0.149589,1,Normal
14,-1.6095,21.2529,1,-1,Warning
13,0.142804,49.4865,0.821899,1,Normal
14,0.536705,63.4338,0.297724,1,Normal
15,-1.83173,44.0556,0.79101,-1,Warning
4,3,36.4467,0.846269,1,Normal
10,1.9398,27.2944,0.48248,1,Normal
23,-0.785215,4.46647,0.363207,-1,Normal
14,-2.34167,25.7024,0.623219,-1,Warning
22,0.332907,1.60355,0.574884,1,Normal
16,0.608916,0,0.245091,1,Normal
22,0.387583,29.8709,0.0606649,1,Normal
19,-1.2355,9.94209,0.857124,-1,Warning
15,1.46627,46.7002,0.639859,1,Normal
8,-0.189642,5.95362,0.0247865,-1,Normal
7,-0.557447,27.661,0.646209,-1,Warning
13,3.87488,20.3308,1,1,Warning
19,-0.314863,65.1198,0.255124,-1,Normal
8,-0.729097,2.82585,0.338019,-1,Normal
7,-2.98579,12.9472,0.737865,-1,Warning
12,1.94088,35.8819,0.604554,1,Normal
17,-3.66043,56.2205,1,-1,Warning
3,-0.865974,2.54064,0.181961,-1,Normal
11,2.7503,59.3505,0.833099,1,Normal
10,3,32.4277,0.728168,1,Normal
12,2.61061,39.4565,0.837319,1,Normal
19,-0.235219,5.48988,0.234854,-1,Normal
5,1.83187,48.5651,1,1,Warning
9,-0.86524,33.3628,0.116793,-1,Warning
14,-0.00702155,79.0894,0.283818,-1,Normal
0,-0.0175082,1.54444,0.551812,-1,Normal
11,-1.06545,62.9983,0.725081,-1,Warning
17,2.90004,0,0.850529,1,Normal
9,1.76811,0,1,1,Warning
11,0.468404,58.7777,0,1,Normal
6,1.76023,55.8655,0.138845,1,Normal
14,-0.812536,1.0467,0.581108,-1,Normal
11,-3.55375,34.8735,0.570139,-1,Normal
5,0.134126,48.6639,0.420905,1,Normal
3,1.46734,57.4537,0.577806,1,Normal
9,-1.27925,32.234,1,-1,Warning
23,3.62517,45.5962,0.894893,1,Normal
23,2.06494,43.1356,0.603488,1,Normal
12,-4.35709,33.6265,0.894339,-1,Warning
4,-0.0109208,46.2231,0.261945,-1,Normal
13,1.13704,16.1378,1,1,Normal
17,-0.69891,34.8187,0.0341025,-1,Normal
8,2.31157,11.0527,0.83893,1,Normal
14,0.22534,45.6201,0,1,Normal
18,0.561092,25.4252,0.392494,1,Normal
16,3.31839,0,0.658702,1,Normal
5,-0.427432,45.0607,0.262224,-1,Normal
3,2.45888,27.5941,0.705949,1,Normal
5,-0.986365,41.7886,0.199207,-1,Warning
4,-2.31543,27.0146,0.565432,-1,Normal
13,-1.31202,0,0.507627,-1,Normal
10,-2.99018,38.7622,0.930348,-1,Warning
19,0.970299,18.5086,0,1,Normal
18,-3.93518,31.1237,0.620994,-1,Warning
10,3,50.1287,0.496964,1,Normal
13,0.770843,26.0651,0.246783,1,Normal
15,-0.499574,55.3409,0.131469,-1,Normal
14,-0.832815,72.4557,0.362242,-1,Normal
11,-0.730705,14.9036,0.714056,-1,Warning
14,0.606467,44.459,0.135119,1,Normal
14,-0.509932,18.5102,0.221324,-1,Normal
10,-0.485427,0,0,-1,Normal
1,1.87607,37.7065,0.879602,1,Normal
8,1.05647,25.311,0.585515,1,Normal
7,-1.79907,27.3653,0.575142,-1,Normal
13,-0.280838,24.267,0.375942,-1,Normal
8,-3.17677,61.9706,0.92957,-1,Warning
20,1.8805,16.2105,0.430048,1,Normal
1,-0.108539,70.9948,0.818254,-1,Normal
18,-3.37046,25.3993,0.681717,-1,Warning
4,-3.3044,63.1752,0.826182,-1,Warning
15,0.589255,44.2771,0,1,Normal
5,2.85287,20.5317,0.746591,1,Normal
17,-1.9147,27.4292,0.696842,-1,Warning
2,0.124461,47.8654,0,1,Normal
17,-0.745139,24.0328,0.242301,-1,Normal
5,0.151251,6.99982,0.31065,1,Normal
0,0.0981475,50.3638,0.339082,1,Normal
2,-0.203165,55.516,0.600334,-1,Normal
20,-0.817158,25.7501,0.140636,-1,Normal
2,-0.775982,54.8024,0,-1,Normal
15,0.729205,46.7855,0.584592,1,Normal
0,0.87243,15.6922,0.449781,1,Normal
10,-0.190229,14.5541,0,-1,Normal
21,-0.71776,52.89,0.505813,-1,Normal
12,0.262723,43.9062,0.535049,1,Normal
1,2.72251,39.171,0.546019,1,Normal
5,-0.196917,34.5208,0.210827,-1,Normal
17,-2.54149,0,1,-1,Warning
14,-2.30345,30.0054,0.578041,-1,Normal
21,-1.12086,0,0.648893,-1,Warning
14,-2.1255,49.8865,0.973984,-1,Warning
7,2.70094,27.5315,1,1,Warning
21,0.378567,37.9126,0.133446,1,Normal
12,2.51556,72.0608,0.723848,1,Normal
6,-0.663932,38.9654,0.0978822,-1,Normal
9,0.280901,43.5231,0.429681,1,Normal
17,0.682937,31.0764,0.0875829,1,Normal
19,0.930936,48.2423,0.367729,1,Normal
5,0.499827,42.5188,0,1,Normal
0,-0.13839,3.48882,0.896643,-1,Normal
3,-0.194089,87.8544,0.0445947,-1,Normal
12,0.572374,8.95401,0.127777,1,Normal
16,0.539769,21.8902,0.237656,1,Normal
2,-1.63879,55.1042,0.342381,-1,Normal
10,-1.19326,62.7626,0.805448,-1,Warning
12,0.0457582,5.14312,0.596286,1,Normal
20,-0.548622,48.0789,0.0964173,-1,Normal
16,0.213448,34.0721,0.10604,1,Normal
17,-0.102337,41.3935,0.429201,-1,Normal
10,0.969614,2.07915,0.506773,1,Normal
3,1.15896,34.1591,0.587416,1,Normal
18,1.32802,12.3663,0.859121,1,Normal
23,-0.455617,50.6155,0.432904,-1,Normal
21,0.255393,9.46212,0.411636,1,Normal
1,0.174324,47.4585,0.851839,1,Warning
8,-0.564279,37.3916,0.248641,-1,Normal
9,0.0455211,26.6821,0.0367996,1,Normal
16,-0.867547,31.1268,0.65504,-1,Warning
22,0.809564,56.2735,0.502339,1,Normal
23,2.24234,54.7158,0.612586,1,Normal
20,-0.981038,52.5961,0.191547,-1,Normal
0,0.767413,34.7729,0.121414,1,Normal
20,-0.161234,0,0.195744,-1,Normal
17,-1.72892,61.5718,0.155767,-1,Normal
2,1.67535,0,0.787697,1,Normal
9,-1.17992,40.8832,0.985015,-1,Warning
4,-0.351082,5.48735,0,-1,Normal
21,-0.368677,59.4567,0.572256,-1,Normal
18,-0.100309,35.0566,0.979724,-1,Normal
5,-1.12752,35.2392,0.917652,-1,Warning
20,-0.850409,52.5745,0.658737,-1,Warning
3,2.7771,28.4351,0.849608,1,Warning
9,1.28332,56.2618,0.697859,1,Normal
14,-1.32469,25.7272,0.788914,-1,Warning
8,-0.580907,55.0188,0,-1,Normal
10,-3.25944,65.8598,1,-1,Warning
12,0.302405,62.8913,0.213844,1,Normal
2,0.896826,36.413,0.0965439,1,Normal
19,-0.644212,38.3834,0.0409579,-1,Normal
11,-3.11059,6.95387,0.316841,-1,Normal
18,1.37898,51.6037,0.519552,1,Normal
16,-0.456438,50.563,0,-1,Normal
16,0.563605,49.2601,0.320979,1,Normal
13,-0.234629,40.8564,0.30322,-1,Normal
0,0.856136,47.8658,0.506672,1,Normal
20,0.0442811,48.5638,0.436928,1,Normal
13,-0.332347,51.4749,0.108126,-1,Normal
10,-1.77512,10.0814,0.699165,-1,Warning
16,-0.886109,27.9715,0.393041,-1,Normal
6,-0.432287,20.4877,0.118906,-1,Normal
10,1.77559,36.4503,0.873188,1,Normal
4,0.543682,48.4445,0.302669,1,Normal
3,3,71.4653,0.66044,1,Normal
12,-1.28508,55.133,0.979941,-1,Warning
9,0.465135,7.55711,0,1,Normal
20,-1.97511,59.2789,0.480474,-1,Normal
8,2.73808,44.2137,0.612983,1,Normal
15,-0.137808,21.1342,0.169704,-1,Normal
17,2.79469,61.1182,1,1,Warning
19,1.87618,11.4126,1,1,Warning
0,-2.02499,16.356,0.828605,-1,Warning
6,-0.733269,8.94655,0.521997,-1,Normal
7,0.586297,13.1565,0.0446149,1,Normal
17,0.313596,39.7072,0,1,Normal
9,-0.973245,52.4383,0.695211,-1,Warning
7,-2.13691,78.7107,0.64129,-1,Warning
6,-1.88329,52.0543,0.710833,-1,Warning
17,0.834406,38.0098,0.10222,1,Normal
18,0.116316,10.2894,0.298218,1,Warning
7,0.555719,12.5494,0.0584575,1,Normal
10,-0.710794,68.0288,0.505351,-1,Normal
9,0.229201,14.3565,0.0928903,1,Normal
6,-2.79573,28.8616,0.9247,-1,Warning
10,-3.08278,31.5031,0.842307,-1,Warning
5,-2.50145,70.7349,0.901277,-1,Warning
11,-1.03186,19.3929,1,-1,Warning
15,-1.37926,10.7009,0.717717,-1,Warning
19,2.6702,57.1717,0.816328,1,Normal
5,0.656982,37.7421,0.454067,1,Normal
17,-0.643954,38.201,0.374357,-1,Normal
14,0.754775,46.7505,0,1,Normal
20,-0.860096,43.9858,0.0117551,-1,Normal
23,-0.347415,58.2849,0.0524723,-1,Normal
17,-0.98088,18.6823,0,-1,Normal
16,-0.471414,29.5287,0,-1,Normal
11,-0.957904,31.5599,0.362603,-1,Normal
21,-0.0367071,10.2873,0.221734,-1,Normal
11,-2.0969,16.3655,0.812643,-1,Warning
15,1.01128,24.7762,0.885139,1,Normal
1,-1.2758,46.3054,0.975428,-1,Warning
4,-0.784972,10.9748,0.3657,-1,Normal
20,-2.5121,4.45318,0.634299,-1,Warning
11,0.237072,23.2543,0.412673,1,Normal
11,2.12653,0,0.658804,1,Normal
5,3,47.5047,0.961251,1,Warning
4,-2.19858,35.1348,0.886679,-1,Warning
10,-1.44368,34.9499,1,-1,Warning
12,-0.0236954,34.4303,0.585045,-1,Normal
9,2.74963,63.3931,0.437339,1,Normal
22,1.0127,54.426,1,1,Normal
5,0.452769,15.1927,0.387055,1,Normal
15,0.0510384,4.3381,0,1,Normal
7,-0.218793,30.0852,0.13526,-1,Normal
20,2.15382,18.2634,0.626577,1,Normal
12,0.55329,9.45946,0.0618734,1,Normal
4,1.98632,40.5661,1,1,Warning
11,-0.747782,0,0.265933,-1,Normal
10,0.00367396,45.5581,0.40609,1,Normal
0,0.482898,32.6785,0.332765,1,Normal
18,1.00393,53.5901,0.700229,1,Normal
10,1.10493,20.3197,0.394292,1,Normal
7,0.904726,36.0725,0.13034,1,Normal
19,-0.25671,45.5639,0,-1,Normal
2,0.15698,71.6497,0.293094,1,Normal
14,0.40407,9.49888,0.352839,1,Normal
11,3,13.6297,0.673195,1,Normal
22,-1.09871,24.5415,0.962399,-1,Warning
17,-2.03036,47.5689,0.537261,-1,Normal
22,-0.018402,38.8255,0.201624,-1,Normal
19,-0.260603,10.0728,0,-1,Normal
12,0.112669,66.6466,0.330696,1,Normal
1,0.369085,54.155,0.443153,1,Normal
5,3,39.1158,0.870256,1,Normal
6,-2.9541,27.5111,0.726954,-1,Warning
11,0.516175,50.0133,0.238057,1,Normal
1,-2.38466,15.0858,0.68081,-1,Warning
18,-0.291672,26.9867,0,-1,Normal
3,0.675326,53.7549,0.475343,1,Normal
8,-0.0315237,57.1369,0.0743106,-1,Normal
8,0.0061219,21.2346,0.120703,1,Normal
0,-0.261594,39.8753,0.0382459,-1,Normal
22,3.23166,39.8414,0.924443,1,Warning
7,0.0942799,34.2627,0.48628,1,Normal
17,1.51198,36.4771,0.78138,1,Normal
11,3,45.5022,0.631022,1,Normal
23,0.116847,33.9149,0,1,Normal
9,-0.27491,55.769,0.466776,-1,Normal
14,2.21325,18.2072,0.720691,1,Normal
9,0.951446,37.9152,0.149449,1,Normal
0,2.0923,29.5007,0.863136,1,Normal
18,2.57887,38.7979,1,1,Warning
19,-1.99145,47.8072,0.92673,-1,Warning
23,0.974347,40.9202,0.562776,1,Normal
6,-0.466084,16.369,0.531636,-1,Normal
2,0.233921,33.2208,0.342639,1,Normal
13,-0.538266,24.7946,0,-1,Normal
2,0.233979,23.2156,0.347221,1,Normal
21,-0.383566,0,0.244602,-1,Normal
8,1.22847,60.0368,0.839695,1,Normal
4,1.06568,0,0.49653,1,Normal
16,-0.306029,26.9441,0.345093,-1,Normal
23,0.305968,36.3039,0.230924,1,Normal
22,-0.668009,40.9251,0.34016,-1,Normal
17,-0.949488,95.7502,0.427392,-1,Normal
12,-0.802383,42.1323,0,-1,Normal
7,-1.157,12.3677,0.699758,-1,Warning
10,0.336703,52.569,0.222434,1,Normal
6,0.80433,51.1675,0.138876,1,Normal
19,-1.70359,35.6031,1,-1,Warning
18,0.431731,27.6835,0.230678,1,Normal
8,-1.22441,27.3013,1,-1,Warning
17,1.02526,47.9408,0.407509,1,Normal
8,1.35325,38.0795,0.993199,1,Normal
4,-2.82717,48.0028,1,-1,Warning
0,1.10629,44.3344,0.47861,1,Normal
8,-0.504916,27.1355,0.351331,-1,Normal
3,0.409109,0,0.4218,1,Normal
10,-0.424819,44.532,0.413449,-1,Normal
8,-0.620232,47.343,0,-1,Normal
22,0.424488,14.4036,0.0809301,1,Normal
23,-0.899862,36.8293,0.56247,-1,Normal
11,2.73198,49.2282,1,1,Warning
1,0.405462,18.386,0,1,Normal
1,0.204847,40.7891,0,1,Warning
4,-2.08965,29.3296,1,-1,Warning
15,0.34771,53.8808,0.433633,1,Normal
0,-0.196526,17.3218,0.568727,-1,Normal
18,1.31723,39.7231,0.997021,1,Normal
21,2.49292,12.5607,0.526739,1,Normal
6,-0.153456,40.9747,0.709604,-1,Normal
20,2.3116,28.9904,0.132694,1,Warning
22,0.183278,31.8924,0.12387,1,Normal
1,-2.88832,38.4844,0.884504,-1,Warning
21,1.53983,35.2818,0.659926,1,Normal
13,-0.535539,71.8213,0,-1,Normal
15,0.417801,0,0.469253,1,Normal
16,-1.73431,47.0571,0.904565,-1,Warning
4,3,39.9173,0.567835,1,Normal
12,-0.695015,56.8667,0.308371,-1,Normal
20,0.542966,13.9474,0.171494,1,Normal
22,-3.91594,22.3137,0.628238,-1,Warning
20,0.351089,18.5074,0.309041,1,Normal
15,0.144294,20.7129,0.0725745,1,Normal
13,0.589687,26.7038,0.0853186,1,Normal
0,-0.22154,49.6353,0.502392,-1,Normal
12,1.83887,26.4483,0.901422,1,Warning
14,1.45926,46.0728,0.756342,1,Normal
9,-3.64496,36.8582,0.845098,-1,Warning
23,1.17469,66.9634,0.382855,1,Normal
11,0.42718,43.0261,0.204251,1,Normal
20,-2.82911,58.3127,1,-1,Warning
15,2.84935,41.4945,0.69671,1,Normal
14,0.193132,0.220436,0,1,Normal
10,-1.4589,25.9448,0.74854,-1,Warning
2,-4.53723,52.92,0.763937,-1,Warning
17,-0.312909,0,0.254968,-1,Normal
5,-2.69665,37.5775,0.658971,-1,Warning
23,1.28403,54.1045,0.673038,1,Warning
5,1.15787,38.8937,1,1,Normal
19,-0.0691584,54.4495,0,-1,Normal
15,0.847275,6.43989,0.145942,1,Normal
22,2.05385,46.2303,0.970681,1,Warning
10,-0.936274,19.4791,0.393931,-1,Normal
21,-0.906708,56.3394,0.184162,-1,Normal
21,0.352715,44.5194,0,1,Normal
15,-0.738683,29.7568,0.636694,-1,Warning
7,3,13.5604,0.935324,1,Warning
7,1.02784,41.9926,0.993305,1,Normal
3,3,58.2163,0.814549,1,Normal
3,0.548036,76.5874,0.516661,1,Normal
2,-2.48793,0,0.721262,-1,Warning
21,0.950469,22.0741,0,1,Normal
3,-2.20404,25.2194,0.453972,-1,Normal
7,0.0276215,49.8538,0,1,Normal
6,0.367324,12.8076,0.577499,1,Normal
19,-3.40263,48.3992,0.609829,-1,Warning
14,0.852031,39.8573,0.47651,1,Normal
17,0.82682,10.7413,0.654166,1,Normal
20,-0.291886,34.5315,0.512065,-1,Normal
13,-1.14861,14.1635,0.850027,-1,Warning
23,-1.8947,13.3045,1,-1,Warning
2,3,52.5059,0.614249,1,Normal
16,1.12632,49.5041,0.0467604,1,Normal
14,-3.50005,37.9086,0.960717,-1,Warning
1,1.94741,45.267,0.697888,1,Normal
15,3.37032,44.8934,0.805549,1,Normal
19,-1.1238,47.7872,0.561041,-1,Normal
10,-0.637055,45.7362,0,-1,Normal
8,0.00980331,34.5883,0.226588,1,Normal
3,0.678082,64.051,0.677388,1,Normal
21,1.04654,35.5025,0.954725,1,Normal
7,0.658518,29.2259,0,1,Normal
4,-0.694672,41.4379,0.681837,-1,Warning
19,-1.64455,45.1455,0.565305,-1,Normal
2,-1.28329,32.5323,0.83165,-1,Warning
7,-0.589072,23.7557,0,-1,Normal
3,2.10386,17.9906,0.794091,1,Normal
14,-0.470777,16.5397,0.195086,-1,Normal
19,-0.122472,9.97328,0,-1,Normal
4,2.8114,20.3314,0.936951,1,Warning
21,-2.89039,46.4428,1,-1,Warning
21,1.44932,55.5414,1,1,Normal
8,-1.39181,8.32555,0.273523,-1,Normal
8,-0.185041,49.8086,0.332221,-1,Normal
22,-1.02427,0,0.766145,-1,Warning
11,-0.0530685,38.8117,0.0714825,-1,Normal
23,3.25555,20.1391,0.801193,1,Normal
18,0.859446,30.4419,0.428771,1,Normal
6,0.464998,51.8626,0.313363,1,Normal
22,-0.90356,36.329,0.185049,-1,Normal
21,-3.81672,49.0077,0.673902,-1,Warning
1,-0.475533,63.3216,0.205358,-1,Normal
4,-0.393185,56.1535,0.12556,-1,Normal
14,-0.421166,52.5705,0.594534,-1,Normal
19,0.64402,18.8811,0,1,Normal
8,-0.730352,0,0.4739,-1,Normal
1,3,0,1,1,Warning
1,0.495921,31.1088,0.494223,1,Normal
2,-1.6112,28.6302,1,-1,Warning
3,-2.61357,34.9423,1,-1,Normal
1,-0.526667,17.3655,0.130663,-1,Normal
8,-1.42822,52.3804,0.892619,-1,Warning
11,0.703595,35.2974,0.874581,1,Normal
13,2.97676,11.6075,0.720481,1,Normal
19,2.01522,53.5683,0.786757,1,Normal
2,0.514061,60.9991,0.524033,1,Normal
7,-0.573471,25.1112,0.0280246,-1,Normal
14,0.79415,64.2173,0,1,Normal
10,-2.57338,44.7484,0.347014,-1,Normal
23,2.60442,10.7889,0.0093886,1,Normal
7,-0.396087,36.2792,0.0448097,-1,Normal
0,0.813015,10.8329,0.530571,1,Normal
0,0.692463,55.5925,0.390809,1,Normal
10,-2.03238,40.9765,0.655563,-1,Warning
7,0.53733,75.1658,0.3079,1,Normal
6,-2.29245,0,0.772024,-1,Warning
16,-0.429631,43.5921,0.00220798,-1,Normal
16,-0.275559,81.9241,0.109893,-1,Normal
1,-0.47401,37.4304,0.176984,-1,Normal
19,0.482345,27.7611,0.629977,1,Normal
8,-0.895018,1.08475,0.401306,-1,Normal
8,-0.99945,37.6604,0.655659,-1,Warning
18,0.454172,10.9314,0.395768,1,Normal
13,1.92974,79.769,0.65167,1,Normal
8,-3.04493,46.307,0.434896,-1,Normal
17,0.309137,68.2499,0.291116,1,Normal
15,0.438623,23.7949,0.0146929,1,Normal
6,-0.454243,15.888,0.425506,-1,Normal
15,-0.324951,58.346,0.163811,-1,Normal
2,0.471933,30.9917,0.467612,1,Normal
23,-1.52023,16.382,1,-1,Warning
8,-0.824793,35.2786,0.0616626,-1,Normal
23,-0.993944,31.3733,0.396928,-1,Normal
22,-0.0252277,26.7236,0,-1,Normal
11,-2.94889,6.9583,0.721234,-1,Warning
20,-0.780992,15.0426,0.25457,-1,Normal
5,2.40375,22.0966,0.723441,1,Normal
15,0.647742,29.7179,0.143934,1,Normal
0,0.781016,20.3947,0.123791,1,Normal
22,-2.31832,1.91423,0.6287,-1,Normal
13,0.514071,23.6453,0.150259,1,Normal
1,-0.130892,34.676,0.0651259,-1,Normal
1,-1.29092,6.99889,0.671664,-1,Warning
20,0.573832,14.2097,0.215207,1,Normal
20,-2.26603,25.6231,0.77453,-1,Warning
6,2.55227,20.1943,0.62624,1,Normal
10,-0.563945,17.0402,0,-1,Normal
13,0.481123,33.5191,0.486906,1,Normal
11,-3.62607,29.6188,0.647076,-1,Warning
2,0.987614,41.3181,0,1,Normal
19,-0.524164,30.1339,0.488246,-1,Normal
9,-0.0642935,30.2783,0.623108,-1,Normal
8,-2.30808,18.8312,0.669298,-1,Warning
17,-0.739358,19.4899,0,-1,Warning
22,-2.1849,36.0158,0.625722,-1,Warning
14,1.12042,30.509,0.852512,1,Normal
9,-2.61067,50.3917,0.992526,-1,Warning
10,-0.89472,14.7108,0.646392,-1,Warning
8,-2.33787,40.1067,0.765147,-1,Warning
19,3.78855,48.3314,1,1,Warning
22,0.865461,20.1655,0.145161,1,Normal
17,-1.15365,31.7892,0.107274,-1,Normal
10,0.701648,11.414,0.248136,1,Normal
17,0.0277073,50.7152,0,1,Normal
22,0.499442,36.7413,0,1,Normal
17,-1.19387,41.3033,1,-1,Warning
4,0.628532,34.3267,0.252732,1,Normal
18,2.34858,24.411,0.882558,1,Normal
23,-0.137646,0,0.975714,-1,Normal
21,0.11844,51.7937,0.435958,1,Normal
21,-0.891458,0,0.317772,-1,Normal
2,1.84881,0,0.976961,1,Warning
22,0.564379,51.0053,0,1,Normal
15,-2.20105,0,0.882728,-1,Warning
18,-2.83973,44.3241,1,-1,Warning
14,0.0321545,36.7512,0.553994,1,Normal
4,-0.914696,29.5554,0.388351,-1,Normal
17,2.46708,33.3356,1,1,Warning
13,0.2352,36.6763,0.46599,1,Normal
8,-0.130323,45.8371,0.076664,-1,Normal
15,-0.672127,10.6765,0,-1,Normal
22,-0.565346,78.1902,0,-1,Normal
17,-1.0232,24.9158,0.529005,-1,Normal
8,0.327626,35.7769,0.30147,1,Normal
6,-0.460803,15.226,0.396969,-1,Normal
6,-2.86907,38.1021,0.326829,-1,Warning
8,2.10354,39.5872,0.425473,1,Normal
11,-0.124759,41.7002,0.516315,-1,Normal
20,0.363526,12.0787,0.286218,1,Normal
18,-0.0843878,57.6246,0,-1,Normal
18,0.990954,60.2032,0.0553577,1,Normal
15,-1.33406,46.8536,0.8433,-1,Warning
12,-3.20414,14.4853,1,-1,Warning
12,-3.55351,23.4724,0.797148,-1,Warning
15,0.339263,56.8181,0.518698,1,Normal
18,0.789685,0,0,1,Normal
18,3.32992,54.6284,0.349615,1,Normal
18,0.15299,43.7783,0.0946084,1,Normal
3,-0.755485,74.5866,0.169813,-1,Normal
23,1.19026,65.7851,0.491738,1,Normal
19,-3.65284,35.9473,0.8597,-1,Warning
20,0.915366,45.8654,0.214469,1,Normal
20,0.565328,31.2441,0.101342,1,Normal
4,0.488254,29.075,0.238592,1,Normal
9,2.80103,22.4985,0.71047,1,Normal
23,-0.102357,52.0358,0.259435,-1,Normal
21,0.965992,28.6547,0.258848,1,Normal
16,0.596484,38.521,0.604654,1,Warning
3,-0.875915,22.789,0.300557,-1,Normal
14,-2.86003,41.1624,0.920748,-1,Warning
20,-0.237682,17.2208,0,-1,Normal
21,1.90584,8.14895,0.486466,1,Normal
6,-3.22584,0,0.563326,-1,Normal
6,-0.873763,27.7164,0.0207838,-1,Normal
6,2.78821,65.7413,0.758479,1,Normal
20,0.753837,0,0.0628585,1,Normal
8,-2.87578,30.0126,1,-1,Warning
14,0.842351,18.1584,0,1,Normal
4,-2.60785,0,0.845843,-1,Warning
4,-0.486405,52.8181,0.31526,-1,Normal
15,0.999501,18.0415,0.424014,1,Normal
16,0.133851,56.4867,0.633044,1,Normal
6,2.31109,29.592,0.370776,1,Normal
11,0.707266,0,0.309364,1,Normal
13,-3.41378,7.25273,0.604868,-1,Warning
14,-3.67119,13.6286,0.676587,-1,Warning
6,-0.392,59.5198,0.0407702,-1,Warning
4,-0.635944,44.7523,0.596209,-1,Normal
19,-2.66215,55.3416,1,-1,Warning
12,-0.0357762,81.4123,0.351653,-1,Warning
19,0.600488,50.152,0.429488,1,Normal
5,0.816948,14.2879,0.556612,1,Normal
17,0.182339,77.3911,0.153465,1,Normal
16,1.79676,30.6879,0.815431,1,Normal
1,0.986823,9.52784,0,1,Normal
17,-1.74042,35.5564,0.930943,-1,Warning
7,0.00549342,55.7149,0.0538076,1,Normal
9,-0.444565,61.1303,0.314711,-1,Normal
20,1.29855,39.1246,0.860613,1,Normal
21,-2.77223,64.1187,0.647551,-1,Warning
6,-1.11896,44.3023,0.688365,-1,Warning
0,0.398502,29.1887,0.16545,1,Normal
22,-0.0694581,43.8944,0.075419,-1,Normal
17,-1.15376,35.9516,0.75168,-1,Warning
7,-1.58858,27.7561,0.727795,-1,Warning
18,-1.09487,29.4615,0.752929,-1,Warning
14,0.142058,20.528,0.466561,1,Normal
3,-2.7993,53.0637,1,-1,Warning
3,-4.22717,27.0313,0.788504,-1,Warning
1,2.59085,40.2683,1,1,Warning
5,-1.89803,6.38563,0.555683,-1,Normal
0,0.0675374,19.4936,0.519902,1,Normal
5,-4.00262,17.8586,0.899322,-1,Warning
6,0.823654,49.9639,0.141824,1,Normal
23,-2.03204,7.72964,0.0544337,-1,Normal
22,0.655071,47.2752,0.350365,1,Normal
12,-0.071029,0,0.148098,-1,Normal
21,0.884197,41.2073,0,1,Normal
22,-1.59994,47.7498,0.760256,-1,Warning
9,-0.339895,2.9296,0,-1,Normal
17,2.29595,46.0921,1,1,Warning
7,0.00569491,24.3212,0.610715,1,Normal
5,1.03097,65.4249,0.415668,1,Normal
7,-0.778698,23.7133,0.547471,-1,Normal
5,-0.319687,50.3886,0.319523,-1,Normal
10,-0.644918,32.699,0.060337,-1,Normal
23,0.425325,28.7916,0.541455,1,Normal
20,0.429261,34.5653,0.767376,1,Normal
1,-0.057355,59.7675,0.347356,-1,Normal
4,0.0629593,71.5293,0.420187,1,Normal
22,-1.61892,67.6492,1,-1,Warning
17,-1.30622,0,0.606797,-1,Warning
9,0.565441,15.3295,0.421313,1,Normal
4,0.738792,26.6907,0.431027,1,Normal
3,-0.720266,35.824,0,-1,Normal
14,-0.943274,67.5145,0.0589643,-1,Normal
17,0.0591419,47.3794,0,1,Normal
17,3.3331,50.8287,0.947696,1,Warning
6,-0.286549,25.2604,0.361899,-1,Normal
10,-2.42281,30.9844,0.755021,-1,Warning
5,2.43661,61.6639,0.802738,1,Normal
1,-1.13285,46.0207,1,-1,Warning
0,0.491962,67.6727,0.459311,1,Normal
7,-1.63943,55.9899,0.471903,-1,Normal
21,1.0301,20.0681,0.992851,1,Normal
2,0.596211,71.5374,0.424982,1,Normal
18,0.637409,78.0799,0.299732,1,Normal
15,-0.748731,36.2855,0.432467,-1,Normal
18,-0.759777,41.0023,0,-1,Normal
17,0.394632,3.2963,0.433065,1,Normal
15,1.00803,31.5426,0.79073,1,Normal
7,-0.927772,19.8175,0,-1,Normal
8,2.05343,25.2711,1,1,Warning
7,3,50.1885,0.750679,1,Normal
19,-0.120418,53.1456,0.445311,-1,Normal
9,0.0172154,67.1498,0.554277,1,Normal
19,2.76893,32.4251,0.791371,1,Normal
16,1.48003,76.8333,0.608429,1,Normal
5,2.91628,54.3123,0.575161,1,Normal
19,-1.69852,39.7195,0.424403,-1,Normal
2,-5.02247,23.7384,0.985948,-1,Warning
23,0.038303,38.725,0.054888,1,Warning
18,-0.15151,62.6864,0.427138,-1,Normal
2,0.0484064,43.6083,0.125942,1,Warning
12,1.25206,5.63622,0.515706,1,Normal
1,0.220778,5.59926,0.276863,1,Normal
7,2.18256,54.5472,0.76778,1,Normal
6,-0.0250151,54.937,0.330156,-1,Normal
13,0.0382483,57.1017,0,1,Normal
21,0.876897,7.70076,0.106276,1,Warning
18,2.07809,76.4501,0.92073,1,Warning
23,-0.311317,19.1919,0.637091,-1,Warning
22,2.7227,5.26692,0.680616,1,Normal
5,2.68579,49.5327,0.876627,1,Normal
18,0.269521,32.8264,0.240125,1,Normal
7,-0.336543,16.0265,0.244152,-1,Normal
13,-0.221389,50.5875,0.259928,-1,Normal
5,-0.314553,50.3162,0,-1,Normal
17,-0.556743,8.9504,0.161922,-1,Normal
12,-0.369775,53.8105,0.279647,-1,Normal
16,0.376735,48.5423,0.0665122,1,Normal
22,0.955483,32.0135,0.40354,1,Normal
23,-0.36535,21.4697,0.211459,-1,Normal
13,1.52533,65.7025,0.846794,1,Normal
17,-4.02375,47.6762,1,-1,Warning
8,-0.229311,27.9741,0.398857,-1,Normal
5,-0.694162,30.0738,0.105028,-1,Warning
19,-2.92409,31.435,0.260055,-1,Normal
23,-0.434893,6.89841,0,-1,Warning
7,1.49027,46.2172,0.82458,1,Normal
18,1.22355,9.54425,1,1,Normal
1,0.166344,45.2237,0.40515,1,Normal
17,3.69615,24.8288,0.994214,1,Warning
8,-0.853668,28.3809,0.756428,-1,Warning
17,0.219544,59.9257,0.371248,1,Normal
6,2.40534,61.6001,0.775007,1,Normal
3,-2.26229,6.82936,0.553419,-1,Normal
3,-0.0357833,26.9635,0.159027,-1,Normal
15,-0.767875,37.0877,0.287296,-1,Normal
20,0.748583,40.0689,0.722064,1,Normal
12,-0.604656,47.1709,0.632139,-1,Warning
16,0.134323,25.1281,0.562541,1,Normal
3,1.16306,8.77913,0.483628,1,Normal
14,-0.463871,17.5511,0,-1,Normal
16,-2.95131,49.8909,1,-1,Warning
10,-2.01225,49.747,1,-1,Warning
0,-0.534442,15.6991,0.429153,-1,Normal
7,0.641689,34.036,0.557314,1,Normal
23,-0.467195,9.74672,0.385486,-1,Normal
16,-0.89453,11.4036,0.598075,-1,Normal
0,-2.48652,72.039,0.415941,-1,Normal
7,2.13627,8.27146,0.742812,1,Normal
5,0.854855,2.13803,0.192435,1,Normal
3,-0.644992,36.75,0,-1,Normal
2,1.82979,77.576,0.619829,1,Normal
8,-0.351843,72.9889,0.141734,-1,Normal
17,1.13569,32.167,0.67717,1,Normal
18,-0.851638,4.67199,0.387322,-1,Normal
22,-0.0526078,30.2538,0.127555,-1,Normal
12,-0.00387839,10.9617,0,-1,Normal
10,0.217787,34.9837,0.403548,1,Normal
16,-1.09796,19.9391,0.785646,-1,Warning
5,1.12297,37.9577,0.205631,1,Normal
6,-0.256607,58.679,0.380728,-1,Normal
3,2.92129,41.7996,1,1,Warning
13,-1.54493,23.9664,0.697756,-1,Warning
1,-0.460838,39.6558,0.135226,-1,Normal
13,-1.48123,53.1421,0.979019,-1,Warning
19,0.0289682,0,0.305548,1,Normal
8,0.350132,36.2417,0.0230326,1,Normal
13,-2.5607,67.8173,0.780384,-1,Warning
9,-0.703005,23.3551,0,-1,Normal
5,-2.37395,0,0.930886,-1,Warning
8,-0.640465,41.7141,0.0270424,-1,Normal
0,1.51094,4.93327,0.877723,1,Normal
0,-0.8045,35.5222,0.452861,-1,Normal
17,0.269468,17.7355,0.562366,1,Warning
23,-0.367588,36.1653,0.0624473,-1,Normal
15,-1.45978,20.0734,0.760555,-1,Warning
13,-1.37686,80.4093,0.592331,-1,Normal
19,1.73705,67.437,0.728837,1,Normal
1,-0.0585355,38.5637,0.264791,-1,Normal
16,-0.117372,4.20326,0.430023,-1,Normal
11,2.66736,71.0445,0.941532,1,Warning
13,0.201646,39.6949,0.56439,1,Normal
2,-0.143196,45.2552,0.18658,-1,Normal
11,-0.1773,17.9812,0.323612,-1,Normal
4,0.933408,22.884,0.487944,1,Normal
17,1.7159,33.0929,0.330323,1,Normal
7,0.015377,11.0674,0.186008,1,Normal
4,2.93583,0,0.328529,1,Normal
22,1.85902,6.66525,0.978647,1,Warning
20,0.739878,29.6263,0.266663,1,Normal
3,0.0442301,56.3285,0.360824,1,Normal
21,2.10393,33.1898,0.463792,1,Normal
8,-2.56242,39.4321,0.957742,-1,Warning
11,1.81013,49.0755,0.787785,1,Normal
20,2.79741,35.8635,0.864302,1,Normal
13,-2.53938,32.7593,0.651012,-1,Normal
20,0.241828,31.03,0.630774,1,Normal
6,-0.720261,24.2101,0.291797,-1,Normal
10,0.195236,19.0022,0,1,Normal
12,-1.80111,42.5645,0.548005,-1,Normal
15,2.118,34.6677,1,1,Warning
4,-3.73701,41.9687,0.648397,-1,Warning
7,-0.665394,19.1575,0.00701409,-1,Normal
20,0.0339119,31.1438,0.357687,1,Normal
17,-0.855198,56.6173,0,-1,Normal
11,0.11501,25.1468,0.565543,1,Normal
23,1.49961,5.93869,0.824548,1,Normal
23,-0.433368,32.0721,0.210917,-1,Normal
18,-0.263609,46.5637,0.301688,-1,Normal
11,3,41.4108,0.738038,1,Normal
5,0.580427,0,0.365479,1,Normal
16,-1.15516,57.9896,0.817599,-1,Warning
21,3.09837,40.2311,0.681593,1,Normal
15,0.498427,20.1766,0,1,Normal
3,-2.0759,45.4526,0.798017,-1,Warning
16,2.11449,37.0234,0.822879,1,Normal
2,0.0887129,21.7948,0.142651,1,Normal
7,2.06274,35.1102,0.964373,1,Warning
10,-0.312193,56.5785,0.169338,-1,Normal
6,-2.98856,71.6996,0.822322,-1,Warning
4,-0.00480586,0,0.511594,-1,Normal
17,-0.988779,29.1435,0.604479,-1,Warning
8,0.189342,54.0298,0.501699,1,Warning
6,0.633823,43.459,0,1,Normal
16,0.198257,6.02193,0.241363,1,Normal
23,-0.202077,30.7959,0.299263,-1,Normal
0,-0.0856112,65.2377,0.541558,-1,Normal
0,-0.521766,86.5734,0.379158,-1,Normal
3,-0.0837406,28.8851,0.178605,-1,Normal
6,-1.75862,26.3954,0.582844,-1,Normal
20,0.110357,52.6722,0.378145,1,Normal
10,-0.413589,56.201,0.803712,-1,Warning
7,-2.32732,42.195,0.628335,-1,Warning
12,-0.46887,3.16703,0.330427,-1,Normal
12,-1.4202,23.0226,0.616848,-1,Warning
18,0.183823,37.368,0.0999913,1,Normal
8,0.0273568,21.3998,0.499533,1,Normal
3,-2.7327,25.6938,1,-1,Warning
0,-2.61104,34.8027,0.550065,-1,Normal
18,0.567784,25.4556,0.421655,1,Normal
23,0.703413,7.06883,0.365957,1,Normal
19,-1.49168,11.8699,0.41321,-1,Normal
17,0.372233,28.7279,0.345157,1,Normal
21,2.64978,45.9946,0.978317,1,Warning
20,-0.639128,54.6186,0.438644,-1,Normal
18,-1.17854,21.5744,0.535459,-1,Normal
11,-3.46015,65.2608,0.68993,-1,Warning
0,-0.247143,49.3699,0.302253,-1,Normal
8,-0.13417,54.82,0,-1,Normal
8,-4.17991,0.877306,0.596196,-1,Normal
18,-0.652743,27.8308,0.357911,-1,Warning
18,-1.52754,74.2568,0.673674,-1,Warning
3,-1.7622,28.2995,0.755847,-1,Warning
4,0.736346,19.4122,0.425664,1,Normal
23,-0.579476,41.4845,0.520278,-1,Normal
3,-0.575557,85.796,0,-1,Normal
0,0.933024,24.5685,0.0628779,1,Normal
12,1.54501,58.9355,0.682981,1,Normal
3,-0.636774,44.3088,0.12095,-1,Normal
16,-0.890426,23.952,0.216164,-1,Normal
2,-1.29285,49.6656,1,-1,Warning
5,0.163205,52.3295,0.199687,1,Normal
13,-2.79657,0,0.786783,-1,Warning
10,0.983099,0,0.336325,1,Normal
20,0.315875,28.3683,0.261822,1,Normal
22,-0.23715,46.3594,0.221777,-1,Normal
0,-0.339978,22.3883,0,-1,Warning
1,-0.707523,41.9361,0.597183,-1,Normal
17,2.43273,20.72,0.934414,1,Warning
2,0.556828,11.9417,0.269339,1,Normal
0,0.750932,50.6781,0.454221,1,Normal
14,0.261774,22.4609,0.501678,1,Normal
17,0.421119,89.036,0.314399,1,Normal
20,-0.514956,47.6261,0.54728,-1,Normal
6,2.86923,76.0002,0.789934,1,Normal
10,-4.37772,35.1059,0.787891,-1,Warning
2,-2.24724,31.7747,0.688956,-1,Warning
9,2.41361,4.83893,0.89704,1,Normal
5,-1.97127,6.30113,0.692185,-1,Warning
16,0.562271,26.1927,0.521362,1,Normal
14,-0.665318,4.55334,0.176527,-1,Normal
4,0.618662,34.2486,0.434518,1,Normal
14,0.516853,79.5341,0.51058,1,Normal
9,-0.243017,62.7682,0.249437,-1,Normal
16,0.663719,56.9658,0,1,Normal
21,-0.445058,53.4539,0.514762,-1,Normal
22,0.169624,57.4933,0.249917,1,Normal
12,-0.189249,24.2177,0.361481,-1,Normal
3,-0.784812,36.0078,0,-1,Normal
20,1.08667,44.5149,1,1,Normal
18,0.636444,42.0044,0,1,Normal
0,-0.717462,58.7844,0.315921,-1,Normal
12,1.62197,45.5218,0.634166,1,Normal
9,-0.221538,57.6293,0.423292,-1,Normal
6,-0.465848,40.3635,0.251044,-1,Normal
9,2.69585,35.9527,0.431444,1,Normal
14,0.223682,28.8659,0.399582,1,Normal
0,-0.245992,34.8701,0.610168,-1,Normal
11,-2.86961,53.2996,1,-1,Warning
19,-0.665402,0,0,-1,Normal
7,0.524193,28.1234,0.0551206,1,Normal
23,2.86124,5.86244,0.41433,1,Normal
11,0.656425,61.049,0.246752,1,Normal
20,-0.152896,47.878,0.299874,-1,Normal
1,-0.185146,33.8523,0.544828,-1,Normal
12,-2.05907,28.9099,0.872356,-1,Warning
4,0.415526,48.3082,0.228818,1,Normal
1,-0.685583,43.4495,0.214348,-1,Normal
9,1.05348,45.1689,0.786072,1,Normal
19,0.903889,35.4476,0.459061,1,Normal
4,-0.433629,33.9796,0.307729,-1,Normal
14,3.63934,26.1358,0.745413,1,Normal
19,1.30082,41.8405,0.974543,1,Normal
18,0.335313,37.3526,0.16047,1,Normal
18,-2.42805,2.3476,0.86469,-1,Warning
4,0.344701,38.4197,0.0039877,1,Normal
15,-2.05854,26.7522,0.886851,-1,Warning
14,0.472681,0,0.174506,1,Normal
16,-0.535514,24.2059,0.0118578,-1,Normal
18,2.45131,17.6651,1,1,Warning
19,3.0653,82.6312,1,1,Warning
22,0.213612,30.0088,0.50351,1,Normal
22,0.0978989,54.0756,0.478073,1,Normal
13,-0.199891,6.25568,0.386357,-1,Normal
14,2.59561,41.9716,0.790358,1,Normal
21,-3.21538,38.2508,0.88053,-1,Warning
8,-1.08375,56.7874,0.768712,-1,Warning
18,-0.487298,42.3547,0.18008,-1,Normal
22,1.33897,27.9186,0.465615,1,Normal
18,-1.70268,60.0369,0.729088,-1,Warning
23,3.76752,27.4555,0.793306,1,Normal
16,-2.0143,40.9917,0.743321,-1,Warning
15,-0.546538,29.4513,0.125922,-1,Normal
9,0.0484679,37.1832,0.244095,1,Normal
3,-0.0744808,53.9128,0.197906,-1,Normal
13,-0.580402,1.01449,0.635113,-1,Warning
0,0.368805,43.2586,0.305427,1,Normal
0,0.614169,16.2499,0.619614,1,Normal
7,-1.80401,41.7151,0.581074,-1,Normal
20,0.31015,26.5184,0,1,Normal
12,-0.57393,67.7017,0.442717,-1,Normal
11,1.05924,19.658,0.703384,1,Normal
14,-1.05199,44.2056,1,-1,Warning
14,-1.38456,0,0.820815,-1,Warning
1,2.93941,20.2048,0.855432,1,Normal
8,2.11215,0,1,1,Warning
23,-0.0465259,25.6232,0.380075,-1,Normal
1,-0.795087,61.2949,0.0467361,-1,Warning
17,0.701083,5.22339,0.306376,1,Normal
17,-0.508408,42.794,0.410126,-1,Normal
7,-1.72897,19.932,0.735752,-1,Warning
2,-4.09152,3.90541,1,-1,Warning
9,0.73327,56.8502,0.474977,1,Normal
18,0.558943,14.3709,0.199037,1,Normal
9,-1.35709,17.0038,0.929963,-1,Warning
3,0.418259,19.4788,0.144451,1,Normal
11,3,24.0592,0.608067,1,Normal
7,2.50175,9.14593,0.597392,1,Normal
9,0.0413604,15.5876,0.351849,1,Normal
7,0.265981,54.2203,0.228054,1,Normal
8,-1.64574,52.2923,0.751885,-1,Warning
6,1.84163,24.926,1,1,Warning
3,0.142065,27.1862,0.279627,1,Normal
22,1.3208,23.5797,0.196858,1,Normal
14,1.36681,12.9484,1,1,Normal
3,0.333268,30.1807,0.110043,1,Normal
22,0.566275,0,0.118843,1,Normal
1,1.15653,66.5396,0.335162,1,Normal
2,2.83512,7.70694,0.302881,1,Normal
5,1.95811,35.2691,1,1,Warning
8,1.51764,72.8047,0.88537,1,Normal
7,0.435038,74.7024,0.329803,1,Normal
18,0.820689,29.8003,0.221007,1,Normal
17,0.629312,43.149,0.315442,1,Normal
0,-0.450496,45.2021,0.0643749,-1,Normal
7,-0.510381,10.305,0,-1,Normal
10,-0.18664,45.9382,0.289307,-1,Normal
4,-2.01671,34.677,0.67158,-1,Normal
5,2.02444,43.9353,0.577979,1,Normal
0,2.81972,55.1488,0.488464,1,Normal
1,-0.562308,45.4331,0.169504,-1,Normal
11,-0.336787,54.5999,0.482254,-1,Normal
8,1.56999,30.0566,0.937054,1,Warning
11,-2.54897,51.3508,0.640079,-1,Warning
19,1.85374,12.9321,0.64281,1,Normal
22,3.11523,4.49787,0.781957,1,Normal
18,-0.0944638,17.5733,0,-1,Normal
2,1.2076,18.0737,1,1,Normal
22,-3.81036,11.0746,0.543666,-1,Normal
10,-0.500932,28.2845,0.328999,-1,Normal
1,-0.688385,13.8419,0.563213,-1,Normal
8,0.400259,10.9743,0,1,Normal
10,2.38377,0,0.640588,1,Normal
2,-0.389198,44.1268,0.281813,-1,Normal
10,1.65731,70.6309,0.494631,1,Normal
8,-0.166602,43.8183,0.078434,-1,Normal
4,2.02941,45.3307,0.779589,1,Normal
7,-0.926134,31.814,0,-1,Normal
3,-2.08905,8.52651,0.725546,-1,Warning
17,-0.0502361,64.0512,0.734175,-1,Normal
3,-1.48795,31.8745,0.866586,-1,Warning
15,-0.299506,52.3122,0.253748,-1,Normal
22,-3.88682,34.9721,0.960269,-1,Warning
11,-0.417138,64.601,0.426213,-1,Warning
3,-0.0615598,60.6341,0.194682,-1,Normal
23,0.866563,47.3344,0,1,Normal
23,-2.53043,24.7864,0.51962,-1,Normal
10,-0.885405,77.6921,0.34153,-1,Normal
7,-2.63493,34.0015,0.925168,-1,Warning
6,-0.371511,48.523,0.43783,-1,Normal
12,-2.44112,16.4511,0.713954,-1,Warning
9,0.505254,31.6583,0.189389,1,Normal
3,-2.06999,32.4097,0.691498,-1,Warning
4,-0.283501,51.0825,0.350304,-1,Normal
23,-3.36977,80.5213,0.856009,-1,Warning
17,-1.10693,62.6304,0.777644,-1,Warning
1,0.338993,70.7461,0.954687,1,Normal
12,-0.641075,39.6107,0.504418,-1,Normal
5,-0.933778,20.8286,0,-1,Normal
16,-1.44857,15.6344,0.677666,-1,Warning
5,-1.71708,38.7649,0.866627,-1,Warning
4,0.207271,20.2163,0.314135,1,Normal
10,2.34855,0,0.8045,1,Normal
17,0.774548,23.3456,0,1,Normal
23,0.212969,20.4952,0.305897,1,Normal
15,-2.06569,10.1261,0.840378,-1,Warning
20,-0.551655,66.2123,0.0875529,-1,Normal
2,-0.976759,16.406,0.204784,-1,Normal
10,1.30968,18.8067,1,1,Normal
4,-1.19569,1.71615,0.722074,-1,Warning
19,0.619003,38.195,0.621064,1,Normal
5,-0.623294,61.3305,0.271788,-1,Normal
13,-1.84197,60.0341,0.661633,-1,Warning
3,-0.974123,43.1626,0.157983,-1,Normal
19,-1.51437,41.254,1,-1,Warning
1,-0.327965,40.1024,0.288228,-1,Normal
4,0.742589,42.601,0.203961,1,Normal
1,-1.37371,41.7558,1,-1,Warning
5,-2.68179,49.8294,0.644712,-1,Warning
19,-2.13716,27.7174,0.559699,-1,Normal
8,1.31856,8.37471,0.862164,1,Normal
20,3.00976,27.2907,0.736863,1,Normal
12,2.51186,22.3411,0.760414,1,Normal
0,1.24066,25.1587,0.793702,1,Normal
16,-2.37585,49.2867,0.884698,-1,Warning
5,0.267536,63.6573,0.385544,1,Normal
8,-0.393832,23.8036,0.155455,-1,Normal
18,-0.270641,45.5499,0.530418,-1,Warning
5,-2.55053,16.7729,0.697856,-1,Warning
22,-0.471866,46.881,0.275379,-1,Normal
11,-1.82562,31.3994,0.686919,-1,Warning
2,-1.79241,18.2161,0.850168,-1,Warning
9,0.53368,30.8504,0.440108,1,Normal
22,0.114371,42.5329,0.370124,1,Normal
5,-0.0722595,0.577974,0,-1,Normal
19,-2.10906,43.2464,0.964556,-1,Warning
14,0.301868,28.9578,0.193249,1,Normal
23,2.53357,52.8664,0.862755,1,Normal
23,-1.081,32.7739,0.612108,-1,Warning
20,-1.07188,41.0186,0.57947,-1,Normal
7,0.359954,50.7335,0,1,Normal
9,-1.72011,23.1442,0.554612,-1,Normal
12,1.52415,5.1099,0.616761,1,Normal
13,0.780844,3.11926,0.318217,1,Normal
3,-0.117923,74.3191,0.341122,-1,Normal
19,0.334337,26.3821,0.439455,1,Normal
16,2.11969,0,1,1,Warning
22,-2.51847,14.9488,0.848998,-1,Warning
20,-0.133711,37.8794,0.274696,-1,Normal
10,3,26.4,0.224991,1,Normal
15,-0.463731,7.87861,0.696789,-1,Warning
20,-1.63153,5.10796,1,-1,Warning
9,0.0321186,0,0.370903,1,Normal
23,-1.59034,43.7756,0.993227,-1,Warning
23,-2.35534,58.2126,0.396263,-1,Normal
2,-2.60563,51.7913,0.498624,-1,Normal
18,0.377248,46.4409,0.389718,1,Normal
3,2.00994,24.2357,0.684743,1,Normal
8,-1.20409,21.1246,0.693553,-1,Warning
1,0.622733,36.711,0.0918042,1,Normal
1,1.41259,47.1174,0.536991,1,Normal
5,0.831395,20.9934,0,1,Normal
6,-0.0916961,42.7628,0.491527,-1,Normal
2,-1.10317,24.4469,0.8584,-1,Normal
9,0.313777,45.3023,0.436006,1,Normal
9,3,47.1285,0.43671,1,Normal
13,0.165847,36.5373,0.287772,1,Normal
3,0.133085,56.3845,0.351272,1,Normal
13,-0.701721,41.4511,0.262279,-1,Normal
5,-0.268683,18.4,0.0938222,-1,Normal
23,1.62546,2.8271,0.532099,1,Normal
22,2.05773,53.12,0.582531,1,Normal
9,-3.50666,24.5716,0.966744,-1,Normal
9,0.276528,1.16225,0,1,Normal
20,0.437444,45.7431,0,1,Normal
5,-2.82628,31.7363,0.61557,-1,Warning
8,0.244321,53.6234,0.287075,1,Normal
1,-2.34851,20.5707,0.829813,-1,Normal
14,1.0882,16.3713,1,1,Normal
9,0.0502662,12.5703,0,1,Normal
22,-0.533909,51.7397,0,-1,Warning
17,0.082719,49.2083,0.16372,1,Normal
13,2.84529,0,0.671885,1,Normal
21,1.86143,27.6499,0.828708,1,Normal
14,-1.15096,41.7157,0.915037,-1,Warning
22,0.27206,45.8326,0.0436229,1,Normal
3,-0.430984,41.2346,0,-1,Normal
7,-3.20828,16.9334,0.8511,-1,Warning
1,-1.1999,58.6353,0.20211,-1,Normal
9,1.74205,27.8412,0.927788,1,Warning
13,-0.00281809,40.8669,0.192251,-1,Normal
19,-0.346615,31.7537,0.192081,-1,Normal
4,-0.39234,55.1616,0.623462,-1,Warning
1,-0.630796,28.5279,0.525566,-1,Normal
15,-0.239358,54.5103,0.0307506,-1,Normal
0,-0.264369,17.665,0.526519,-1,Normal
6,3,40.5362,0.519156,1,Normal
1,0.0273915,68.6084,0.111429,1,Warning
17,0.816158,53.7651,0,1,Normal
15,0.57041,66.8572,0.167725,1,Normal
9,3,54.9441,0.607398,1,Normal
4,2.93447,27.4393,0.784949,1,Normal
19,1.34869,67.4161,0.615964,1,Normal
0,0.929762,48.1341,0,1,Normal
3,1.74533,67.799,0.670516,1,Normal
8,0.61572,22.9657,0,1,Normal
15,-0.161285,38.8711,0.257282,-1,Normal
13,-2.28475,32.4002,1,-1,Warning
22,0.828574,17.5589,0.0686172,1,Normal
8,-3.30323,54.779,0.782547,-1,Warning
0,-0.454636,28.3327,0.574221,-1,Normal
21,-0.226263,38.7028,0.0264878,-1,Normal
21,1.26463,66.0522,0.724822,1,Normal
4,-2.68241,0,0.664043,-1,Warning
2,-0.929669,65.7387,0.0613429,-1,Normal
13,-1.23785,51.6852,0.926094,-1,Warning
19,-0.674832,26.0676,0.285097,-1,Normal
18,1.11166,7.91464,0.411277,1,Warning
1,3,4.08326,0.64001,1,Normal
5,2.32022,64.6215,0.353143,1,Normal
9,1.20436,34.9763,0.481746,1,Normal
7,-1.62793,68.0119,0.589009,-1,Normal
19,-2.15358,86.8483,0.322361,-1,Normal
19,0.249261,72.8198,0.254214,1,Normal
6,-1.27602,47.9353,0.86808,-1,Warning
3,-0.797722,11.5089,0.193679,-1,Normal
5,0.628749,38.1885,0.260892,1,Normal
4,1.81525,34.936,0.773126,1,Normal
8,1.21532,56.5824,1,1,Normal
15,0.405431,16.0528,0.159252,1,Normal
18,-0.405488,54.0322,0.238,-1,Normal
0,0.179671,60.3858,0.405647,1,Normal
9,1.7277,9.72349,1,1,Warning
18,-1.67298,16.504,0.460015,-1,Normal
19,-0.200991,22.2021,0.302703,-1,Normal
21,-2.42731,5.07922,0.956976,-1,Warning
1,-0.0749706,9.89837,0.189055,-1,Normal
4,-0.503988,32.8277,0.678638,-1,Warning
4,0.922812,59.6929,0,1,Normal
13,-0.886515,10.7113,0.321155,-1,Normal
9,0.68767,26.0017,0.435538,1,Normal
16,0.704995,17.7493,0.493376,1,Normal
15,-0.821647,30.8956,0.358515,-1,Normal
14,2.8289,31.6824,0.811926,1,Normal
13,0.546122,50.9612,0.382502,1,Normal
2,0.871522,28.8804,0.484748,1,Normal
7,-1.62382,0,1,-1,Warning
15,0.423716,0,0.349137,1,Normal
9,0.866912,23.778,0.520455,1,Normal
19,1.38316,8.07082,0.586766,1,Normal
0,-2.64526,10.7175,0.750195,-1,Warning
20,-2.03486,39.5768,0.323051,-1,Warning
16,-2.48187,35.3764,0.794236,-1,Normal
13,0.871283,61.4528,0.651504,1,Normal
19,-2.94676,38.8242,0.516639,-1,Normal
8,-0.667406,24.228,0.165954,-1,Normal
18,-0.913706,49.3597,0.419357,-1,Normal
5,-1.90505,84.0146,0.503648,-1,Normal
9,0.485866,24.3095,0,1,Normal
7,-1.58788,23.6112,1,-1,Warning
11,0.0427891,45.151,0.0315636,1,Normal
13,-2.76722,13.4028,0.99016,-1,Warning
19,-0.18709,40.0947,0.155793,-1,Normal
21,-0.40779,36.1397,0.420105,-1,Normal
8,-0.0626828,21.7389,0.242121,-1,Normal
10,-0.763668,0,0,-1,Normal
23,-0.706422,18.5386,0.227869,-1,Normal
22,0.52773,48.481,0,1,Normal
8,2.05201,29.4417,0.949737,1,Warning
22,-1.74612,82.7013,0.912674,-1,Warning
5,0.595791,45.924,0.215787,1,Normal
22,-0.145729,43.4935,0.256541,-1,Normal
22,-1.13506,32.1817,0.619395,-1,Warning
14,0.795816,82.0075,0.327313,1,Normal
8,0.0405865,58.7677,0.245714,1,Normal
5,0.989358,12.7593,0.276913,1,Normal
8,-0.890492,21.3706,0,-1,Normal
10,1.40587,61.461,0.682875,1,Normal
3,0.728008,34.7497,0.319366,1,Normal
18,-0.897833,50.4383,0.521898,-1,Normal
5,0.233399,46.5964,0.63776,1,Normal
17,0.521263,50.5465,0.451958,1,Normal
5,3,38.7027,0.405327,1,Normal
20,0.165628,0,0.411887,1,Normal
1,1.43844,34.5097,0.831309,1,Normal
10,-0.629894,37.7003,0,-1,Normal
23,-2.71373,57.1367,1,-1,Warning
23,-1.36085,26.5042,0.416265,-1,Normal
13,-0.221829,35.6886,0.235577,-1,Normal
11,0.218833,41.6859,0.373041,1,Normal
21,2.14527,66.5067,0.659098,1,Normal
5,2.18464,44.561,0.644262,1,Normal
23,-0.864484,60.359,0.149168,-1,Normal
11,-2.62395,14.7246,0.236987,-1,Normal
12,0.0379589,55.9826,0.210722,1,Normal
4,-1.28302,42.683,0.834713,-1,Warning
4,0.168459,43.835,0,1,Normal
4,-0.307786,49.3612,0.268343,-1,Normal
23,0.709763,24.0614,0.492649,1,Normal
20,3.27784,44.6894,0.686058,1,Normal
3,-1.6383,46.7294,0.394975,-1,Normal
0,0.134245,82.9982,0.331404,1,Normal
5,-0.260792,32.4976,0.183452,-1,Normal
10,-0.622198,31.3022,0.00933329,-1,Normal
5,-1.28802,6.78087,0.388893,-1,Normal
10,-0.691246,65.0853,0.249661,-1,Normal
3,0.0731008,55.0361,0.500357,1,Normal
21,-1.33097,15.9043,0.985149,-1,Warning
23,0.36682,74.9583,0.110619,1,Normal
14,-3.64277,60.5481,0.167897,-1,Normal
17,-1.48629,20.0635,0.799565,-1,Warning
21,-1.19764,63.3962,0.551946,-1,Normal
5,0.845645,75.34,0.109384,1,Normal
6,0.294947,52.4897,0.405935,1,Normal
12,0.708423,52.4187,0.45043,1,Normal
18,-0.282563,29.1633,0.0460152,-1,Normal
11,-1.3851,50.595,1,-1,Warning
3,2.11949,69.0843,0.949707,1,Warning
7,0.0279457,36.9209,0.322389,1,Normal
9,0.56972,21.5089,0.342915,1,Normal
12,-3.56136,64.7012,0.565494,-1,Normal
11,1.49714,100.342,1,1,Normal
5,-0.335782,1.89913,0.166012,-1,Normal
10,0.366175,36.1565,0.275835,1,Normal
9,-2.85047,53.5114,0.944425,-1,Warning
14,-3.47762,51.1046,0.867975,-1,Warning
11,2.97907,70.4431,0.54889,1,Normal
0,1.00164,38.8502,1,1,Normal
21,-0.2751,15.0985,0.322637,-1,Normal
14,0.46161,18.3717,0.218164,1,Normal
23,0.364176,34.9961,0.641785,1,Normal
7,2.51998,23.54,0.771981,1,Normal
12,1.02761,15.6752,0.940527,1,Normal
22,-0.0980513,30.8619,0.0351514,-1,Normal
23,-0.583613,50.1118,0,-1,Normal
10,-2.38773,53.8602,1,-1,Warning
17,-0.737458,28.7645,0.264897,-1,Normal
20,-0.649372,33.3095,0.329739,-1,Normal
12,1.56509,30.7589,0.592188,1,Normal
11,-0.794211,68.791,0.262644,-1,Normal
6,-0.176023,52.607,0.621318,-1,Normal
10,0.00821913,25.9242,0.498176,1,Normal
18,-1.69244,57.6021,0.686285,-1,Warning
4,-2.69174,81.56,0.884349,-1,Warning
10,0.462165,39.8414,0.426528,1,Normal
15,1.96723,36.0697,0.472726,1,Normal
22,3.63962,48.6761,1,1,Warning
11,0.722441,49.0276,0,1,Normal
17,0.727874,16.4812,0.415439,1,Normal
9,-1.9048,54.8095,0.689499,-1,Warning
4,3,40.9027,0.817678,1,Normal
5,2.66711,42.9997,0.301041,1,Normal
5,1.24861,37.7435,0.587467,1,Normal
9,0.381924,50.7594,0.050772,1,Normal
16,0.762988,10.8011,0.531775,1,Normal
13,0.10362,35.2323,0.39893,1,Normal
12,0.835911,41.9271,0.172282,1,Normal
11,0.83189,0,0.0650748,1,Normal
7,3,49.9554,0.615906,1,Normal
18,-0.263479,51.1158,0.365356,-1,Normal
1,-2.25888,30.2571,0.452392,-1,Normal
22,3.3157,65.9809,1,1,Warning
0,-0.890792,23.865,0.112936,-1,Normal
6,-0.1228,26.557,0.0674491,-1,Normal
0,0.505692,35.2146,0,1,Normal
17,0.450092,13.2232,0.592577,1,Normal
22,-3.16617,29.5052,0.924126,-1,Warning
8,-1.19526,0,1,-1,Warning
19,0.67829,59.4497,0,1,Normal
4,2.86278,50.8012,0.865957,1,Normal
13,-1.54762,12.8432,0.465108,-1,Warning
12,-0.597708,30.3843,0,-1,Normal
11,-1.04585,5.99473,0.679464,-1,Warning
4,0.19405,60.4953,0.00443326,1,Normal
11,3,58.8322,0.695366,1,Normal
20,1.63299,0,0.824851,1,Normal
9,2.42573,38.4371,0.438162,1,Normal
14,0.35207,44.6707,0.538835,1,Normal
23,-1.37342,14.8987,0.924504,-1,Warning
7,0.618963,15.7643,0.222964,1,Normal
13,3.43228,16.5134,0.490178,1,Normal
23,-2.75559,30.7582,1,-1,Warning
0,-0.755386,0,0.788389,-1,Warning
5,-0.74126,23.849,0.307904,-1,Normal
8,2.68734,14.369,0.195429,1,Normal
22,-0.277426,54.3674,0.571427,-1,Normal
12,-0.778804,55.8185,0.717328,-1,Warning
23,2.20692,19.639,1,1,Warning
13,-0.73704,0,0.231122,-1,Normal
7,0.0954352,36.8059,0.597077,1,Normal
23,-0.914376,29.8184,0.119984,-1,Normal
5,-0.482737,30.8396,0.503406,-1,Normal
12,-0.164453,52.2884,0,-1,Normal
6,0.832592,33.5907,0.382173,1,Normal
9,-1.52885,43.6076,1,-1,Warning
17,-0.326686,54.2775,0.389003,-1,Warning
8,0.479023,17.7034,0.262376,1,Normal
4,-0.972418,77.5513,0.625827,-1,Normal
13,-0.823373,6.5922,0.0788162,-1,Normal
8,-3.53461,14.8502,0.359087,-1,Normal
16,-2.39778,31.414,0.579344,-1,Normal
18,3.05188,43.7382,0.630727,1,Normal
10,3,18.5553,0.969062,1,Warning
21,2.1548,53.9345,0.687458,1,Normal
17,-1.83308,12.8233,0.756181,-1,Warning
5,-0.371636,1.6803,0.685608,-1,Warning
2,0.348709,0,0,1,Normal
9,-0.374759,31.8753,0.37839,-1,Normal
3,-0.694563,13.8372,0.437243,-1,Normal
13,1.55097,23.0363,0.580721,1,Normal
3,-2.01815,30.5271,1,-1,Warning
7,0.0252219,32.2055,0.328504,1,Normal
18,1.63114,32.9108,0.208094,1,Normal
10,-1.80475,24.9362,0.634718,-1,Warning
6,-0.735369,0,0.367653,-1,Normal
17,-4.05021,21.2086,1,-1,Warning
13,-0.626475,17.6613,0.0575861,-1,Normal
12,0.513104,22.8959,0.270959,1,Normal
23,-0.24236,55.4891,0.496426,-1,Normal
6,0.106445,0,0,1,Normal
14,-2.67414,19.0734,0.845171,-1,Warning
4,-2.84979,27.6153,0.59415,-1,Normal
20,2.00683,41.9771,0.788621,1,Normal
0,0.476869,39.2896,0.0709741,1,Normal
9,0.319093,20.6479,0.336722,1,Normal
9,0.769893,33.0963,0.466556,1,Normal
18,2.27194,38.7081,0.828662,1,Normal
11,1.81867,28.6597,0.927939,1,Warning
16,-1.03247,35.7962,0.892227,-1,Warning
3,2.38297,16.7189,0.938633,1,Warning
13,0.226394,6.54166,0.226426,1,Normal
20,1.11977,32.7092,1,1,Normal
12,0.0841298,40.4491,0,1,Normal
11,-0.823192,38.4643,0.045896,-1,Normal
19,1.38651,56.2066,1,1,Warning
0,-0.374666,38.3311,0.56359,-1,Normal
16,0.82704,20.1224,0.340392,1,Normal
14,0.196469,47.3703,0.179102,1,Normal
22,0.527168,75.9907,0.899191,1,Normal
0,-0.211579,9.74151,0.143086,-1,Normal
17,-0.462746,20.0334,0.275895,-1,Normal
8,-1.56277,12.548,0.596615,-1,Normal
12,-0.459906,27.0312,0.266943,-1,Normal
23,0.0118837,49.3337,0.513828,1,Normal
20,-0.358597,0,0.0577043,-1,Normal
8,0.419511,24.6082,0.168614,1,Normal
9,2.4323,60.4827,0.732381,1,Normal
13,-2.56689,55.0572,0.428231,-1,Normal
15,-2.83215,40.4491,0.524446,-1,Normal
8,-2.21906,33.0343,0.792995,-1,Warning
8,3,26.5471,1,1,Warning
19,0.248341,49.874,0.423195,1,Normal
6,-2.45309,63.9294,1,-1,Warning
22,0.798992,31.9998,0.184016,1,Normal
1,-2.70383,58.3891,0.291948,-1,Normal
11,0.0114499,51.6385,0.377814,1,Normal
22,-2.76985,42.613,0.652603,-1,Warning
15,-0.48621,40.3383,0.286467,-1,Normal
20,-1.57257,7.28662,0.970384,-1,Warning
2,1.96758,47.1481,0.796977,1,Normal
3,1.92166,26.7263,0.732789,1,Normal
1,-1.93553,24.5301,0.783115,-1,Warning
18,-0.11322,24.0367,0,-1,Normal
22,-0.196706,40.5705,0.33142,-1,Normal
7,-0.825297,51.2448,0.349037,-1,Normal
23,0.413374,36.58,0,1,Normal
21,-2.50327,21.8053,0.892186,-1,Warning
9,0.16552,43.7493,0.563369,1,Normal
23,-0.546878,16.7705,0.617551,-1,Normal
11,2.09811,21.5126,0.968372,1,Warning
5,0.35904,37.7869,0.36934,1,Normal
10,-2.15914,22.455,0.831619,-1,Warning
13,0.802834,40.354,0.21465,1,Normal
2,-0.00164992,70.2733,0.450029,-1,Normal
12,0.335735,36.2023,0.430391,1,Normal
9,1.47994,0,1,1,Warning
2,1.85438,53.5674,0.727851,1,Normal
16,-2.41232,15.1528,0.822125,-1,Warning
0,1.65782,27.1396,0.741803,1,Normal
16,1.69963,4.11187,0.931924,1,Warning
22,0.454881,60.7391,0,1,Normal
12,-0.0637756,14.8022,0.687648,-1,Normal
4,2.59843,26.5832,0.853688,1,Normal
4,1.5337,24.3312,0.697696,1,Normal
6,2.08899,40.4177,0.931875,1,Warning
7,0.0568977,46.1857,0,1,Normal
13,-0.74147,55.9447,0.0952289,-1,Normal
18,-0.217902,40.329,0,-1,Normal
22,2.41236,11.4421,0.866789,1,Normal
18,0.00580194,0,0.255239,1,Normal
4,0.714148,36.9226,0.512221,1,Normal
5,-0.580633,64.3789,0.310369,-1,Normal
14,-2.68422,24.9221,0.291303,-1,Normal
5,1.14501,45.3054,0.859066,1,Normal
5,0.597023,49.6394,0.358844,1,Normal
6,1.09453,14.3909,1,1,Normal
14,1.79307,42.2593,1,1,Warning
21,-0.548564,14.324,0.348235,-1,Normal
21,0.800345,22.9764,0.123425,1,Normal
0,0.473046,40.2043,0.292443,1,Normal
9,-2.4696,31.5498,0.859542,-1,Warning
4,-0.539245,54.7689,0.345503,-1,Normal
7,1.07618,59.6319,0.822029,1,Normal
21,0.549774,93.5611,0.667226,1,Normal
16,-0.375068,0.126527,0.331792,-1,Normal
16,1.1507,20.6701,0.324761,1,Normal
5,0.0193791,89.2426,0.271643,1,Normal
18,-0.194367,74.557,0.292417,-1,Normal
4,0.217482,57.8676,0.441925,1,Normal
19,3.87165,41.6131,0.554572,1,Normal
2,2.68115,45.1777,0.357324,1,Normal
8,-0.421523,56.6662,0.245564,-1,Warning
5,0.931758,26.5833,0.246911,1,Warning
0,1.00336,52.5859,0.919182,1,Normal
12,-1.33982,63.248,0.612264,-1,Warning
13,-2.55394,37.4127,0.947386,-1,Warning
4,2.6531,0,1,1,Warning
23,-0.129691,23.3115,0.326214,-1,Normal
2,-0.0783668,19.3956,0.654353,-1,Normal
8,2.77878,6.55308,0.982098,1,Warning
8,0.14785,22.8824,0.534068,1,Normal
15,-3.45349,4.24574,1,-1,Warning
15,-0.486766,28.621,0.647926,-1,Warning
22,0.309141,80.5114,0.172487,1,Normal
4,-0.359281,55.4943,0,-1,Normal
12,0.789837,0,0,1,Normal
6,1.05014,53.1495,0.678225,1,Normal
2,2.25217,33.8476,0.3574,1,Normal
8,-0.825606,22.5855,0,-1,Normal
15,-2.55298,73.6427,0.788103,-1,Warning
19,-0.435048,33.6907,0.168919,-1,Normal
7,0.141649,52.5707,0.277701,1,Normal
6,2.01103,47.04,0.497462,1,Normal
10,-0.623077,68.7158,0.100571,-1,Normal
8,2.19472,25.6031,1,1,Warning
9,0.53311,53.3203,0,1,Normal
18,-1.1698,27.2667,0.770856,-1,Warning
5,0.504812,17.2518,0.226077,1,Normal
21,2.47041,33.5433,1,1,Warning
19,2.49235,66.6029,0.714085,1,Normal
18,-0.48977,32.8204,0,-1,Normal
17,3.39092,75.5584,1,1,Normal
14,0.296118,13.8746,0.527905,1,Normal
14,-1.17705,54.1691,0.724667,-1,Warning
5,0.0669612,67.2295,0.282512,1,Normal
1,0.704607,27.4082,0.39963,1,Normal
20,0.375494,8.04011,0.100717,1,Normal
23,1.91539,42.6211,0.588857,1,Normal
14,-1.75946,47.089,0.804066,-1,Warning
10,0.12446,27.7477,0.539703,1,Normal
16,-0.473563,54.0465,0.290392,-1,Normal
14,-0.864738,24.3487,0.199728,-1,Normal
17,-3.79225,34.6863,0.722932,-1,Warning
14,-0.460683,0,0.616547,-1,Warning
12,-0.655802,46.1421,0.472377,-1,Normal
13,-0.78438,24.0071,0.328232,-1,Normal
21,-0.47507,51.5124,0.0606178,-1,Normal
19,0.669141,28.7143,0,1,Normal
14,-0.325838,52.9602,0.209877,-1,Normal
11,1.38304,23.3921,0.572842,1,Normal
9,3,62.4368,0.840204,1,Normal
16,-0.589384,63.4707,0.161206,-1,Normal
11,2.16308,52.5466,0.689447,1,Normal
21,2.18888,9.73687,0.441972,1,Normal
19,-2.34759,0,1,-1,Warning
12,-0.127301,6.50864,0.123171,-1,Normal
8,1.06318,71.1933,0.331835,1,Normal
14,1.15879,4.49293,1,1,Normal
5,-2.83846,63.7897,0.890969,-1,Warning
9,-2.63825,22.1223,0.945639,-1,Warning
4,-0.139196,20.3323,0.46905,-1,Normal
8,-2.07348,52.5652,0.909163,-1,Warning
0,-0.903438,62.657,0.278241,-1,Normal
17,2.87865,19.6527,0.902429,1,Warning
7,-0.643024,64.1435,0.377501,-1,Normal
2,1.94081,23.6293,0.588638,1,Normal
14,0.0857687,36.811,0,1,Normal
0,-3.07789,16.0549,0.890475,-1,Warning
22,1.96946,0,0.866291,1,Normal
6,2.10984,85.5587,0.809528,1,Normal
16,0.314581,33.9673,0,1,Normal
11,0.563471,37.6727,0.0137429,1,Normal
4,-2.09628,19.6144,0.807148,-1,Warning
17,0.469461,30.6874,0.0397801,1,Normal
10,-3.67865,86.1061,0.622827,-1,Normal
0,-0.990041,30.3968,0.324221,-1,Normal
22,0.0664724,6.49409,0.40261,1,Normal
15,0.551682,37.989,0.21692,1,Normal
12,-1.66856,24.5131,0.943119,-1,Warning
16,1.55664,23.9406,0.659046,1,Normal
20,-3.15552,45.0967,0.698647,-1,Warning
12,0.673815,0,0.588772,1,Normal
20,-2.14228,23.2982,1,-1,Warning
5,-0.186158,53.4939,0.319327,-1,Normal
2,-0.961593,42.3282,0.20107,-1,Normal
20,-0.31623,35.1339,0.664368,-1,Warning
4,1.57539,24.5909,0.630964,1,Normal
0,-0.883204,56.5075,0.0898069,-1,Normal
15,1.0867,18.5699,0.182041,1,Normal
12,-3.72148,43.2122,0.754188,-1,Warning
8,3,21.7377,0.890665,1,Normal
2,2.4721,13.0399,0.552809,1,Normal
0,0.94751,31.0731,0,1,Normal
1,-2.33202,3.80983,0.239417,-1,Normal
6,-2.15588,0.93088,1,-1,Warning
15,0.460947,38.8731,0.446878,1,Normal
9,-1.44217,33.7826,0.42278,-1,Normal
17,0.454229,18.8634,0.0481937,1,Normal
20,-0.982715,33.4189,0.0218152,-1,Normal
2,-3.93288,65.1321,0.818033,-1,Warning
7,1.0442,31.0212,0.600026,1,Normal
18,1.12131,53.8854,0.83138,1,Normal
6,1.36506,23.658,0.737269,1,Normal
12,0.508447,21.6032,0.315774,1,Normal
2,0.915407,54.1504,0.407268,1,Normal
2,0.630651,22.8923,0,1,Normal
15,-1.389,42.3274,0.647557,-1,Warning
12,0.0536066,69.2471,0,1,Normal
20,-0.355516,39.5705,0.182824,-1,Normal
23,2.74945,18.3097,0.598022,1,Normal
19,-0.0930599,52.0659,0.4411,-1,Normal
7,-0.67195,56.3407,0.456726,-1,Normal
1,-2.75866,64.5744,1,-1,Warning
15,-0.155859,66.8098,0,-1,Normal
5,-0.903349,30.6617,0,-1,Normal
11,-2.28753,48.1024,0.37737,-1,Normal
18,2.55062,33.7206,0.531088,1,Normal
16,-2.69943,49.9176,0.703811,-1,Warning
4,1.06955,35.5102,0.718029,1,Normal
6,1.15343,51.2761,0.369496,1,Normal
12,-0.780835,47.9073,0.241857,-1,Normal
8,-0.182413,14.4515,0.922418,-1,Normal
20,-3.07602,4.93675,0.980126,-1,Warning
23,2.91297,29.2783,0.290619,1,Normal
6,3,13.4325,0.508788,1,Normal
0,2.66377,54.8809,0.808628,1,Normal
9,-1.67863,58.2096,1,-1,Warning
6,-0.887519,0,0,-1,Normal
7,-2.42433,43.0947,0.659042,-1,Normal
4,0.88164,25.9398,0.120384,1,Normal
1,-0.584246,40.3462,0.396329,-1,Normal
7,-0.151361,58.9824,0.14394,-1,Normal
15,-1.02658,26.0708,0.880848,-1,Warning
13,-0.0532854,28.9007,0,-1,Normal
5,1.00979,1.69784,0.724937,1,Normal
13,0.510786,37.1583,0.357795,1,Normal
12,-0.405766,3.55877,0.685549,-1,Warning
12,0.569916,31.9202,0.591652,1,Normal
1,-2.52788,17.5036,0.472328,-1,Normal
17,2.04974,7.79062,0.91203,1,Warning
13,0.657702,16.2093,0.0710255,1,Normal
5,0.585316,9.6582,0.0329013,1,Normal
10,0.23585,4.24207,0.190451,1,Normal
18,1.80206,15.4057,0.750883,1,Normal
1,1.35516,40.7484,1,1,Normal
7,0.29218,37.4663,0,1,Warning
2,2.53185,56.6349,0.638484,1,Warning
4,0.712364,0,0.461477,1,Normal
3,0.0467032,22.458,0.109804,1,Normal
20,1.96796,45.9897,0.82213,1,Normal
2,0.72579,75.9957,0,1,Normal
18,0.316986,52.2407,0,1,Normal
12,-0.95624,57.8621,0.444246,-1,Normal
8,-1.20789,0,0.865426,-1,Warning
7,-0.272819,58.3636,0,-1,Normal
9,0.181719,30.5766,0.103204,1,Normal
8,-1.32829,15.7291,0.772502,-1,Warning
5,-0.363436,45.9584,0.281758,-1,Normal
0,0.167591,22.7268,0,1,Normal
16,0.892199,29.6544,0.536896,1,Normal
7,-0.351889,37.9695,0.566356,-1,Normal
6,0.339747,47.172,0.841692,1,Normal
14,1.48413,60.3932,0.795115,1,Normal
1,-0.522573,35.2228,0.0763207,-1,Normal
9,1.46147,48.6231,1,1,Normal
11,1.76913,55.784,0.442432,1,Normal
1,-0.830019,37.2157,0.681736,-1,Warning
18,-0.628111,19.8527,0.21237,-1,Normal
22,2.55233,69.1909,0.757618,1,Normal
15,-2.00304,25.7089,0.765396,-1,Warning
12,-2.49234,27.907,0.727601,-1,Warning
5,3,47.078,0.876098,1,Normal
9,0.210233,0,0.380283,1,Normal
5,-0.484243,46.3972,0.216963,-1,Normal
15,2.27697,29.8858,0.602362,1,Normal
22,-3.11873,34.9307,0,-1,Normal
18,-1.60196,39.8147,0.445917,-1,Normal
10,0.314615,54.9705,0.384871,1,Normal
23,1.29841,43.4468,0.913369,1,Normal
15,-2.5671,38.2738,0.823643,-1,Warning
2,-0.651321,0.889795,0.137968,-1,Normal
9,0.199001,33.2447,0.0130995,1,Normal
4,0.33905,64.9356,0,1,Normal
3,-0.223592,15.3357,0.110545,-1,Normal
1,2.50715,20.8929,0.554804,1,Normal
12,-1.51494,67.1695,0.928035,-1,Warning
0,0.212541,70.7902,0.272569,1,Normal
0,0.538301,36.6017,0,1,Normal
6,0.696095,39.5042,0.172277,1,Normal
16,2.74549,63.2923,0.77339,1,Normal
17,1.79711,0,0.735953,1,Normal
5,-0.383068,63.1786,0.153339,-1,Normal
2,0.360979,39.7689,0.118636,1,Normal
16,-2.55824,36.6609,0.996988,-1,Warning
21,-0.273496,57.7841,0.14521,-1,Normal
21,1.324,12.9714,0.444271,1,Normal
0,-1.73309,28.4685,0.915228,-1,Warning
16,-4.15372,18.9547,1,-1,Warning
9,-2.0699,45.0075,0.697753,-1,Warning
21,0.181743,35.0171,0,1,Normal
11,0.924847,48.6219,0,1,Normal
5,-0.658783,46.1032,0.243131,-1,Normal
21,-2.15549,48.9352,0.727807,-1,Warning
22,0.938008,50.9318,0.268698,1,Normal
16,0.906331,29.9982,0.322977,1,Normal
4,-4.19078,58.1747,0.646224,-1,Warning
7,-2.10482,39.9337,0.931449,-1,Warning
11,0.304291,29.1925,0,1,Normal
10,-0.367485,0,0.169202,-1,Warning
11,-0.5629,50.781,0.178264,-1,Normal
2,-1.9568,22.8637,0.848023,-1,Warning
13,0.889717,64.4196,0,1,Normal
8,-0.62505,70.0163,0.294428,-1,Normal
6,-2.54937,6.1637,0.721467,-1,Warning
13,-3.22861,49.2703,0.936682,-1,Warning
3,0.730522,63.7504,0.313128,1,Normal
16,1.96746,64.374,1,1,Normal
12,0.0884543,17.9192,0,1,Normal
7,0.984091,62.5331,0,1,Normal
21,-0.750801,47.957,0.305702,-1,Normal
18,-2.87724,9.06145,1,-1,Warning
7,-4.04482,40.2029,0.371082,-1,Warning
22,-0.825144,70.1503,0.178562,-1,Normal
16,-0.954045,14.2755,0.635234,-1,Warning
11,1.67133,33.0327,0.839601,1,Normal
9,2.88867,28.2912,0.942878,1,Normal
1,1.06022,44.8217,0.350878,1,Normal
21,0.0940267,42.0265,0.331443,1,Normal
12,1.55017,4.67523,1,1,Warning
3,-0.101451,37.3764,0,-1,Normal
8,-0.708372,47.9535,0.294216,-1,Normal
13,2.20207,41.6493,1,1,Warning
0,-3.06797,34.8184,0.620925,-1,Warning
7,-3.89152,36.8283,0.900962,-1,Warning
23,0.778216,52.5174,0,1,Normal
21,2.41115,27.6521,0.381424,1,Normal
5,1.22908,11.0611,0.995258,1,Normal
22,0.105005,8.31915,0.361981,1,Normal
19,-1.07521,20.0613,0.899702,-1,Warning
13,2.31528,31.7936,0.358465,1,Warning
2,0.00311704,40.8444,0,1,Normal
7,0.00568471,0,0.383017,1,Normal
11,0.502967,0,0.301201,1,Normal
6,0.655096,19.1287,0.0578951,1,Normal
11,0.0520635,50.4837,0.397613,1,Normal
3,0.57357,90.7278,0.472019,1,Normal
3,3,35.4942,0.895245,1,Normal
12,3.50863,29.0897,0.73267,1,Normal
2,-2.84582,0.861499,0.716691,-1,Warning
19,2.2873,24.5966,0.761986,1,Normal
10,0.440188,25.5002,0.138218,1,Normal
19,-0.498787,46.1976,0.180299,-1,Normal
21,-2.68119,32.7998,0.840228,-1,Warning
15,-0.322442,24.154,0.0159953,-1,Normal
14,0.95532,50.8537,0.120422,1,Normal
16,2.09803,54.9578,0.927294,1,Warning
15,3.41687,0,0.510907,1,Normal
17,0.0577374,74.4046,0.225778,1,Normal
17,-0.0262933,0,0.269251,-1,Normal
21,0.045283,34.3182,0.831342,1,Normal
9,0.545386,34.9114,0.33703,1,Normal
20,3.51354,46.3683,0.797014,1,Normal
12,1.86469,12.3686,0.891517,1,Normal
9,-2.89462,41.108,0.998368,-1,Warning
8,-3.3718,33.9447,0.848376,-1,Warning
17,-0.234969,39.7845,0.587918,-1,Normal
8,1.01788,40.4356,0.830744,1,Normal
17,0.778647,33.7755,0.0929208,1,Normal
0,3,28.7537,0.657436,1,Normal
17,0.472827,31.6619,0.433237,1,Normal
5,-0.0798441,44.5694,0.0476587,-1,Normal
5,-0.117255,56.882,0.295333,-1,Normal
15,0.190667,40.5108,0.23908,1,Normal
6,0.916616,40.3914,0.165938,1,Normal
13,-0.471884,3.78719,0.313567,-1,Normal
5,1.81302,30.1264,1,1,Warning
12,0.570186,16.6469,0.235509,1,Normal
22,-0.24631,39.4467,0.228593,-1,Normal
19,-1.29354,40.4342,0.459568,-1,Normal
14,1.08131,37.708,0.759767,1,Normal
14,-1.99657,3.04137,0.774615,-1,Warning
8,1.53269,28.2543,0.480825,1,Normal
23,2.11092,30.3004,0.975865,1,Normal
5,-1.2605,27.4073,0.956851,-1,Warning
19,-1.98415,53.8564,0.772617,-1,Warning
22,3.07438,12.7961,0.734709,1,Normal
16,-3.04142,60.5219,0.791069,-1,Warning
0,-2.83448,24.3581,0.897988,-1,Warning
11,-0.322262,50.6401,0,-1,Normal
18,0.332496,39.1717,0.328089,1,Normal
19,2.45644,45.6195,0.475217,1,Normal
8,-0.471968,35.1757,0.945703,-1,Warning
21,0.0506156,43.5531,0.218225,1,Normal
17,-0.392069,63.7822,0.857277,-1,Warning
10,-1.7924,46.3948,0.838954,-1,Warning
10,0.287886,22.2431,0.555197,1,Normal
4,0.205397,40.0876,0.737043,1,Normal
10,1.0368,48.8766,1,1,Normal
21,-0.499737,47.2441,0.444212,-1,Normal
13,-4.88378,0,0.591481,-1,Normal
3,-1.19827,0,0.604963,-1,Warning
17,0.76158,59.2485,0.350365,1,Normal
11,-0.185008,12.2402,0.0669573,-1,Warning
7,0.110763,61.692,0,1,Normal
23,-0.344029,50.9684,0,-1,Normal
23,3.46458,60.8966,1,1,Warning
16,-3.71601,35.6138,0.811903,-1,Normal
4,-0.479127,32.1822,0.217695,-1,Normal
17,-0.130082,32.4076,0.335308,-1,Normal
23,-3.76215,28.1787,0.484155,-1,Normal
6,0.392028,56.457,0.579838,1,Normal
10,-1.01613,51.1387,0.176156,-1,Normal
16,2.19164,41.9753,0.740739,1,Normal
18,-3.6602,23.078,0.743943,-1,Warning
10,0.727756,14.0317,0.113566,1,Normal
8,1.21503,18.0162,0.486136,1,Normal
0,0.754257,19.3375,0,1,Normal
5,0.56455,18.6673,0.469702,1,Normal
0,-2.4515,58.5336,0.651862,-1,Warning
6,-0.0768557,26.8201,0.313703,-1,Normal
0,-1.45931,66.3327,0.357019,-1,Normal
5,-3.05621,20.8871,0.644911,-1,Warning
18,-0.574479,39.5219,0.00420404,-1,Normal
23,0.412606,64.1467,0.359376,1,Normal
16,-2.97779,43.1204,0.911672,-1,Warning
22,-0.229793,11.0232,0.588572,-1,Normal
3,-0.71278,27.4915,0.516887,-1,Normal
11,2.45361,22.498,0.684076,1,Normal
3,0.814371,7.07146,0.195584,1,Normal
8,-0.28231,26.1666,0.0942622,-1,Normal
2,-1.65287,34.5936,1,-1,Warning
20,-0.784646,34.3716,0.402466,-1,Normal
16,-0.421955,18.9796,0.131985,-1,Normal
20,1.07555,33.1563,0.216558,1,Normal
9,2.78335,35.2185,0.310865,1,Normal
20,-1.45668,25.0263,0.80803,-1,Normal
20,0.758603,50.2736,0.234465,1,Normal
17,-0.401143,63.1265,0.107198,-1,Normal
6,-0.265305,25.9632,0.384289,-1,Normal
14,-3.56927,23.0113,0.926592,-1,Warning
10,-0.464688,42.5739,0.283776,-1,Normal
12,0.571483,17.4155,0.163273,1,Normal
6,-3.24833,19.8922,0.713675,-1,Warning
14,2.15772,70.6079,0.979503,1,Warning
12,0.635877,52.4244,0.164528,1,Normal
0,-3.00887,21.1289,0.876792,-1,Warning
6,0.224197,81.7184,0.162096,1,Normal
17,-0.593094,23.5604,0.602779,-1,Warning
23,2.90488,8.19288,0.807064,1,Normal
11,0.880502,34.8437,0.582188,1,Normal
13,2.93721,47.0723,0.550731,1,Normal
6,-2.18548,47.4149,0.478929,-1,Normal
16,-2.24806,28.7094,0.227548,-1,Warning
3,0.655307,33.4408,0.318435,1,Normal
1,-0.762163,10.5985,0.201602,-1,Normal
2,-1.27975,36.7247,0.36304,-1,Normal
15,0.541431,52.7935,0.243545,1,Normal
9,2.4315,43.4081,0.805043,1,Normal
1,0.658685,9.58108,0.338827,1,Normal
17,-0.141364,43.1496,0,-1,Normal
19,-0.0875243,38.1465,0.351945,-1,Normal
19,0.0496959,48.6988,0.0541322,1,Normal
9,2.28453,42.2889,0.939208,1,Warning
17,0.611858,53.6708,0.364293,1,Normal
14,0.103583,14.113,0.509144,1,Normal
15,-0.139752,53.5428,0,-1,Normal
9,-2.76156,16.5923,0.822394,-1,Warning
10,0.614983,46.0728,0,1,Warning
21,0.673662,31.4485,0.29799,1,Normal
10,-2.13378,78.8757,0.681609,-1,Warning
7,1.01325,31.9052,0.479286,1,Normal
7,0.275836,0,0.193849,1,Normal
9,1.07565,40.9135,0.566699,1,Normal
11,-3.04236,44.5487,1,-1,Warning
22,0.896639,0,0.174294,1,Normal
16,-1.65494,17.6328,0.797457,-1,Warning
4,-1.18411,23.3084,0.917085,-1,Warning
9,1.1282,0,0.725604,1,Normal
21,0.00260068,22.7119,0.353627,1,Normal
14,1.27562,18.0448,0.72954,1,Normal
13,2.83296,23.833,0.52206,1,Normal
2,0.365343,7.50604,0.392268,1,Normal
1,-0.160214,43.5269,0.276346,-1,Normal
18,-1.45168,28.8009,0.529673,-1,Normal
10,-1.77127,38.4936,0.881572,-1,Warning
5,-0.171491,49.2454,0.301672,-1,Normal
13,1.8253,85.6407,0.624324,1,Normal
10,-1.02916,23.9883,0.82553,-1,Warning
4,-0.440738,67.5966,0.444763,-1,Normal
7,1.85531,33.3107,0.68585,1,Normal
13,-0.402545,36.8552,0.49,-1,Normal
6,0.555989,13.3378,0.342811,1,Normal
5,-0.311186,56.2951,0.606718,-1,Warning
8,-2.49069,45.5811,0.987616,-1,Warning
18,0.159317,32.3603,0.5768,1,Normal
10,-0.42896,20.8188,0.414537,-1,Normal
23,-0.675768,23.6255,0.336333,-1,Normal
22,3.0587,20.9197,0.935978,1,Warning
16,-0.454767,65.3454,0.44323,-1,Normal
10,0.23968,25.0924,0.385089,1,Normal
18,4.19174,64.7733,0.672928,1,Normal
22,-2.36079,0,0.346915,-1,Normal
16,0.713063,13.9057,0.0369554,1,Normal
13,1.29449,1.87237,0.53878,1,Normal
3,2.6614,49.6829,0.524283,1,Normal
3,-0.783457,11.941,0.22291,-1,Normal
12,0.0413852,45.0032,0.09892,1,Normal
15,1.81476,47.861,0.735894,1,Warning
16,-1.49355,5.24976,0.507874,-1,Normal
9,0.184424,43.0948,0.40867,1,Normal
0,0.247891,36.5271,0.201009,1,Normal
3,0.00291049,69.8279,0.651267,1,Normal
17,0.722394,54.8424,0,1,Normal
3,-0.0201678,57.7957,0.515042,-1,Normal
23,0.362951,46.3205,0.28386,1,Normal
5,2.72007,46.2776,0.432041,1,Normal
9,-0.16213,33.1007,0.192351,-1,Warning
0,0.484105,56.2018,0.0665189,1,Normal
16,-0.182881,18.8208,0,-1,Normal
14,0.491714,12.3683,0,1,Normal
2,-0.288364,75.6106,0.385159,-1,Warning
12,0.468161,3.89455,0.679376,1,Normal
16,-0.36195,21.6658,0.538641,-1,Normal
12,-2.42565,22.5748,0.667371,-1,Warning
12,-0.580725,39.4197,0,-1,Normal
5,-0.494446,0,0.0128727,-1,Normal
21,0.0979007,8.94215,0.211064,1,Normal
10,2.66046,20.6796,0.358355,1,Normal
21,0.0764416,41.7025,0.204485,1,Normal
6,-1.51473,42.4588,0.91062,-1,Warning
23,-0.530853,46.7562,0.463424,-1,Normal
19,-1.45193,39.6335,0.68988,-1,Warning
0,-0.793208,11.3503,0,-1,Normal
13,1.48014,62.5107,0.933478,1,Normal
13,-2.88134,9.07542,0.788832,-1,Warning
22,0.0367606,71.3849,0.257863,1,Normal
0,-0.697287,35.7541,0.536867,-1,Normal
20,3.063,46.2234,0.977479,1,Warning
16,-1.6907,48.9081,0.521095,-1,Normal
23,-1.88248,18.6983,0.427138,-1,Normal
4,1.15272,33.5819,1,1,Normal
1,2.36506,20.9868,0.25053,1,Normal
10,0.443491,32.6551,0.109788,1,Normal
17,-1.4696,48.8279,1,-1,Normal
20,-1.23261,44.3543,0.742139,-1,Warning
15,-0.310058,74.0141,0,-1,Normal
16,1.12639,20.5538,1,1,Normal
8,-2.1529,48.585,1,-1,Warning
19,-0.745568,30.1427,0.084879,-1,Normal
11,-0.581216,39.8235,0,-1,Normal
19,0.760669,9.00834,0.514497,1,Normal
7,0.790873,42.8052,0.210079,1,Normal
5,2.78779,31.8966,0.97704,1,Warning
10,-3.08723,42.8642,0.948015,-1,Warning
17,-0.139868,21.0915,0.525706,-1,Normal
23,0.907504,16.4425,0,1,Normal
9,0.338012,60.6908,0.232893,1,Normal
13,0.295343,10.6391,0.189384,1,Normal
2,-3.42058,25.7148,1,-1,Warning
1,-3.27339,26.885,1,-1,Warning
13,2.96473,0.357893,0.820177,1,Normal
12,1.81767,11.4686,0.844723,1,Normal
4,-0.195241,13.9914,0.0953721,-1,Normal
12,-2.14667,25.8074,0.836977,-1,Warning
22,-0.95512,29.3783,0.417225,-1,Normal
0,-0.931018,54.6991,0.495884,-1,Normal
15,0.873958,36.7839,0.0124101,1,Normal
3,-0.40715,22.7869,0.590597,-1,Normal
5,-0.231721,63.0896,0.712711,-1,Normal
12,-3.26559,57.2493,0.941687,-1,Warning
14,1.6443,70.3469,0.735195,1,Normal
6,3,41.5171,0.77474,1,Normal
10,2.6814,44.2991,0.486695,1,Normal
9,3,42.9073,0.650304,1,Normal
2,-0.31578,23.3182,0.384162,-1,Normal
21,1.58232,13.5676,0.647729,1,Normal
23,0.225123,29.8445,0.272393,1,Normal
6,0.782729,53.4573,0.301363,1,Normal
17,-0.260781,45.7929,0.737019,-1,Normal
5,3,36.5015,0.917626,1,Warning
12,-0.0215983,38.062,0,-1,Warning
23,-2.23601,74.8268,0.867698,-1,Warning
18,0.125216,41.4834,0.555854,1,Normal
21,0.110511,32.4529,0,1,Normal
19,1.09917,46.9763,0.870364,1,Normal
3,-0.885364,23.9993,0.136958,-1,Normal
20,-2.89439,63.6214,0.857378,-1,Warning
22,0.0810813,30.8587,0,1,Normal
20,0.250736,15.8479,0.259032,1,Normal
5,0.725922,32.1301,0.304325,1,Warning
16,0.775919,33.8768,0.111344,1,Normal
23,1.54214,35.8488,0.800536,1,Normal
10,3,73.6277,0.356714,1,Normal
14,0.369266,21.28,0.119505,1,Normal
11,2.02759,6.40693,0.919676,1,Warning
20,0.576036,26.0449,0.254595,1,Normal
9,0.574441,0,0.264916,1,Normal
17,-0.535934,15.0055,0,-1,Normal
12,0.913301,46.6023,0.406451,1,Normal
2,-0.476491,32.9829,0.375824,-1,Normal
13,-2.36837,51.6544,0.817901,-1,Warning
7,-1.81465,22.8143,0.829765,-1,Warning
1,-0.0391046,24.9399,0,-1,Normal
5,0.0599188,62.4963,0.345398,1,Normal
7,-2.99115,23.0769,0.397527,-1,Normal
23,2.01381,17.9113,1,1,Warning
3,3,38.8658,0.934084,1,Warning
9,-0.405055,52.2081,0.497274,-1,Normal
23,0.640362,33.7756,0.68204,1,Normal
11,-1.36365,39.1918,0.493226,-1,Normal
6,2.2407,73.0324,0.812289,1,Normal
18,1.95663,11.9195,0.597419,1,Normal
15,-1.38465,51.9124,0.871367,-1,Warning
8,-0.0410419,48.001,0.296325,-1,Warning
14,2.1963,23.4122,0.903515,1,Warning
5,-0.0855413,28.1318,0.234255,-1,Normal
1,0.164999,43.9669,0.270206,1,Normal
16,0.214397,7.87778,0.20186,1,Normal
22,0.180051,37.1986,0.0213633,1,Normal
3,2.65774,26.0673,0.427249,1,Normal
16,2.20022,28.2007,0.680707,1,Normal
19,-0.853088,12.8093,0.465713,-1,Normal
11,-3.32429,30.6789,0.394799,-1,Normal
9,-1.59692,37.4229,0.658419,-1,Warning
13,-2.55837,1.63398,0.746786,-1,Warning
23,1.80798,9.80243,1,1,Warning
14,0.174415,40.6715,0,1,Normal
3,-0.440005,64.2014,0.490786,-1,Normal
13,0.132459,60.3896,0,1,Normal
18,-2.96087,43.5706,0.949493,-1,Warning
21,-0.497304,25.3809,0,-1,Normal
1,0.0807929,17.4114,0.209256,1,Normal
9,2.55294,46.5647,0.494824,1,Normal
21,0.387379,24.495,0.650855,1,Normal
2,2.14653,44.8691,0.545276,1,Normal
19,2.08808,74.7609,0.630465,1,Normal
8,0.460929,60.8071,0,1,Normal
3,-1.52119,12.5273,0.244893,-1,Normal
14,-1.0872,41.4775,0.599412,-1,Normal
7,2.17584,29.761,0.963164,1,Warning
10,-1.9726,32.2125,0.733242,-1,Warning
15,-2.15349,35.4265,1,-1,Warning
0,-0.530326,54.6595,0.415615,-1,Normal
5,-2.73568,25.0258,0.595209,-1,Normal
16,-0.931912,30.3343,0.69029,-1,Warning
0,0.607847,47.9672,0.804855,1,Normal
15,-1.09826,68.105,0.428691,-1,Normal
1,2.91658,23.5078,0.718982,1,Normal
22,-1.58378,0,0.81905,-1,Warning
22,-0.420587,22.5673,0,-1,Normal
13,0.0159282,39.2121,0,1,Normal
23,-1.64672,57.0478,0.686804,-1,Warning
16,-0.307346,0,0.454652,-1,Normal
23,-0.949425,26.435,0.707347,-1,Normal
9,-0.238157,13.9413,0.228165,-1,Normal
12,-3.1497,24.1043,0.760854,-1,Warning
21,-2.55916,11.3949,0.949469,-1,Warning
17,3.28388,44.5392,0.543684,1,Warning
17,2.37162,32.4998,0.980728,1,Warning
8,2.76933,13.0293,1,1,Warning
4,3,56.3537,1,1,Warning
22,1.19913,30.2892,0.778757,1,Normal
11,-2.06047,32.6342,0.555397,-1,Normal
23,0.629605,2.11364,0.042824,1,Normal
8,0.711496,10.7812,0,1,Normal
3,-0.44725,30.4394,0.356214,-1,Normal
13,-0.0377192,0,0.101503,-1,Normal
20,0.844265,23.747,0.238879,1,Normal
13,-0.307931,29.4617,0.265103,-1,Normal
8,0.526103,10.1737,0.457079,1,Normal
9,1.49442,31.2052,0.785262,1,Normal
6,0.0138239,19.377,0.483609,1,Normal
9,-1.03422,45.7325,1,-1,Warning
1,-0.877246,9.84885,0.190116,-1,Normal
8,-2.17979,82.0293,0.908375,-1,Warning
11,-0.224783,22.1922,0.303745,-1,Normal
10,-2.55228,10.6808,0.970821,-1,Warning
9,-0.725496,81.3229,0.121134,-1,Normal
11,0.121038,37.8286,0.168076,1,Normal
9,3,12.1993,0.655888,1,Normal
19,1.82185,54.2267,0.913162,1,Warning
13,3.51835,30.7097,0.406596,1,Normal
18,-1.17035,10.2034,0.839891,-1,Warning
17,-1.08743,28.2095,1,-1,Warning
8,0.115741,34.2583,0.0970116,1,Normal
11,0.396824,3.5389,0.568455,1,Normal
5,1.96592,37.5287,1,1,Warning
20,0.130593,42.7599,0.021771,1,Normal
13,1.8714,32.3507,0.557453,1,Normal
23,0.590858,34.6745,0.279004,1,Normal
23,-0.108853,26.3912,0.345141,-1,Normal
20,-3.2617,18.0196,0.78985,-1,Warning
1,-0.250353,42.6345,0,-1,Normal
2,0.498057,16.0987,0.0867615,1,Normal
19,1.04793,36.9068,0.90982,1,Normal
15,3.68987,5.70173,0.853894,1,Normal
9,-2.29436,31.8871,0.748614,-1,Warning
8,0.950105,35.4018,0.228515,1,Normal
10,1.14985,44.333,0.235306,1,Normal
3,-3.01638,43.7021,0.504856,-1,Normal
15,-2.29159,22.1242,0.90208,-1,Warning
5,-0.608877,60.2388,0.0527051,-1,Normal
10,-1.07116,21.6617,1,-1,Warning
7,-3.59266,4.85783,1,-1,Warning
20,0.754912,25.8104,0.224159,1,Normal
11,-0.540577,42.026,0,-1,Normal
2,-0.00109125,17.4812,0.4527,-1,Normal
14,2.15327,0.571299,0.686239,1,Normal
11,-2.03091,0,0.842287,-1,Warning
19,-2.40713,14.1142,0.715388,-1,Warning
19,-1.65419,56.113,0.670508,-1,Warning
21,-0.0862054,34.8252,0.475677,-1,Normal
4,3,12.763,0.790452,1,Warning
11,-2.54352,33.1613,1,-1,Warning
2,0.9796,21.925,0.0341157,1,Normal
10,-1.72914,0,0.544145,-1,Normal
4,0.660369,0,0.676147,1,Normal
15,-0.171618,35.0232,0.0745236,-1,Normal
11,0.569369,37.9365,0,1,Normal
0,-3.08152,25.6277,1,-1,Warning
1,1.01839,0,0.716237,1,Normal
21,-3.59373,43.9994,1,-1,Warning
9,0.767374,27.1259,0.497761,1,Normal
22,-0.426029,21.0382,0.443813,-1,Normal
10,0.00551689,42.4554,0,1,Normal
13,-1.09036,12.2312,0.876015,-1,Warning
22,-0.976925,36.7184,0,-1,Warning
16,0.314088,40.214,0.386955,1,Normal
20,-0.000395217,32.3811,0,-1,Normal
18,1.07997,58.2646,1,1,Normal
13,0.297499,78.4432,0.483121,1,Normal
1,-1.94952,64.2319,0.693117,-1,Warning
1,-1.78382,14.3469,0.625789,-1,Warning
6,-1.76731,59.2972,0.882361,-1,Warning
17,0.347263,50.813,0.139147,1,Warning
21,-3.86507,45.9613,0.657988,-1,Warning
17,0.806485,25.5756,0.0565636,1,Normal
0,2.20069,49.2279,0.902401,1,Warning
12,-0.69706,26.2667,0.307527,-1,Normal
16,1.40634,20.4283,0.662463,1,Normal
12,-0.231977,50.7073,0.497916,-1,Normal
22,-2.92834,61.1216,0.815108,-1,Warning
21,-2.84793,13.8805,0.647652,-1,Warning
5,2.77037,43.7104,0.6725,1,Normal
9,-0.803776,21.1365,0,-1,Normal
14,-0.210261,19.3638,0.364358,-1,Normal
14,-1.319,45.3511,0.729759,-1,Warning
18,-0.483541,0.497085,0.26554,-1,Normal
11,-0.259844,24.396,0.384509,-1,Normal
20,-3.09039,62.8185,0.467307,-1,Normal
2,2.61357,30.6582,0.781357,1,Normal
11,-0.347845,42.7331,0.40239,-1,Normal
19,1.63665,8.22313,0.797664,1,Normal
3,0.49701,57.0797,0.499976,1,Normal
22,0.610546,0.285551,0.472267,1,Normal
18,-1.59901,60.9994,1,-1,Warning
14,-0.0561194,25.4545,0.283977,-1,Normal
9,-0.840199,64.2464,0,-1,Normal
17,0.288714,9.29488,0,1,Normal
16,2.60278,53.4678,1,1,Warning
14,-0.476406,33.2302,0.642084,-1,Warning
21,4.13451,47.5875,0.474496,1,Normal
22,0.96634,60.0884,0.372132,1,Normal
2,-2.71434,64.1234,0.795809,-1,Warning
14,-0.490292,19.0345,0.721404,-1,Warning
20,0.110395,39.649,0,1,Normal
12,2.48065,63.9261,0.70106,1,Normal
19,1.27455,39.5195,0.378495,1,Normal
13,-4.01476,35.3902,0.744092,-1,Warning
17,0.436111,46.4397,1,1,Normal
21,-1.30387,43.3208,1,-1,Warning
10,0.0339717,27.834,0.349585,1,Normal
10,1.79612,2.06872,0.761919,1,Normal
22,2.25877,37.977,0.752884,1,Normal
10,-3.91131,47.6617,0.573577,-1,Normal
6,-0.110755,23.5487,0.233908,-1,Normal
18,-0.670217,27.6659,0.0674623,-1,Normal
0,1.23413,57.417,0.827047,1,Normal
4,1.64665,48.2003,1,1,Warning
11,0.206082,26.4359,0.739824,1,Normal
23,-2.33713,59.1839,0.619976,-1,Warning
6,-2.45964,20.8141,0.265146,-1,Normal
20,2.38632,41.1258,0.535111,1,Warning
3,-2.88654,34.4469,0.15577,-1,Normal
18,0.247412,10.9356,0.566521,1,Normal
16,-0.332699,25.7883,0.385145,-1,Normal
23,-0.197848,52.9395,0.54872,-1,Normal
12,0.552026,7.46023,0.370386,1,Normal
7,2.89886,10.7359,0.698842,1,Normal
1,0.798888,53.2201,0.470277,1,Normal
20,1.64345,45.5968,0.57079,1,Normal
19,0.14774,30.8701,0.330646,1,Normal
7,0.00467866,34.9781,0.45596,1,Normal
19,2.65581,19.4254,0.788163,1,Normal
1,-2.86827,45.9174,0.949475,-1,Warning
6,1.99588,53.909,1,1,Warning
15,1.72144,77.044,0.815218,1,Normal
22,0.682424,21.5374,0.138589,1,Normal
20,-3.253,0,0.433099,-1,Normal
21,0.292648,14.9088,0.179575,1,Normal
15,1.84401,73.875,0.803969,1,Normal
0,-0.236471,33.5435,0.418313,-1,Normal
18,-0.531398,21.586,0.191333,-1,Normal
1,0.325843,19.9433,0.0457109,1,Normal
6,-0.728372,47.8837,0.275319,-1,Normal
15,-2.85314,53.8739,0.845031,-1,Warning
20,1.0893,15.541,0.521326,1,Normal
13,0.341353,6.54858,0.241896,1,Normal
0,-0.575737,34.0986,0.351898,-1,Normal
13,-0.633144,27.7653,0.488034,-1,Normal
23,-0.457611,38.135,0.529693,-1,Normal
1,-0.189831,4.0651,0,-1,Normal
18,-1.31482,42.952,0.716639,-1,Warning
15,3.58974,10.3513,0.70487,1,Normal
3,-0.196726,30.3213,0,-1,Normal
15,0.233518,40.1559,0.267039,1,Normal
3,1.86498,43.4397,0.701823,1,Normal
8,0.0527848,32.8796,0.166573,1,Normal
1,-1.22273,49.7758,0.762484,-1,Warning
9,-0.349428,51.7614,0.298246,-1,Normal
7,3,39.4434,0.755644,1,Normal
22,1.72377,57.4317,0.770078,1,Normal
6,0.508554,55.6972,0.262205,1,Normal
15,0.189794,39.0436,0.493665,1,Normal
20,2.11557,0,0.892202,1,Normal
7,-0.185628,49.7806,0,-1,Normal
16,2.20451,51.9116,0.521384,1,Normal
1,0.53647,28.0698,0.707973,1,Normal
14,1.69427,26.8064,0.850239,1,Normal
4,-2.80996,59.7234,0.290074,-1,Normal
1,2.02104,27.9759,0.664509,1,Normal
12,0.984374,43.1315,0.5059,1,Normal
9,-1.05878,27.0034,1,-1,Warning
12,0.201828,54.0386,0.0401553,1,Normal
17,-0.548197,43.3722,0.479223,-1,Normal
4,-0.799575,8.79178,0.273987,-1,Normal
0,-0.934812,36.0227,0.638294,-1,Warning
1,0.56668,32.8447,0.153351,1,Normal
10,1.3231,24.2038,1,1,Normal
11,-0.284315,26.2373,0.164019,-1,Normal
13,4.11202,32.4119,1,1,Warning
5,1.16309,36.1062,0.969575,1,Normal
18,-2.30005,53.5796,0.600398,-1,Warning
20,0.334056,50.8084,0.326423,1,Normal
0,0.569261,50.1406,0.118938,1,Normal
14,2.26483,67.247,0.383787,1,Normal
5,-2.2821,40.7723,0.425523,-1,Normal
14,-0.0277248,51.0722,0.281193,-1,Normal
11,-0.975751,30.5993,0.384607,-1,Normal
20,-0.31299,30.6349,0.796642,-1,Warning
11,-0.377479,8.74555,0.251154,-1,Normal
1,0.06522,30.8179,0.534654,1,Normal
18,1.77435,58.9496,1,1,Warning
5,-2.66732,47.2875,0.837716,-1,Warning
21,1.14351,23.3764,0.82895,1,Normal
0,0.666953,34.5941,0.212555,1,Normal
20,0.20078,35.9664,0.0713705,1,Normal
5,-0.280109,56.0223,0.359529,-1,Normal
7,0.58538,80.4798,0.231021,1,Normal
17,-5.22861,7.96052,0.808677,-1,Warning
15,1.43477,28.8708,0.651148,1,Normal
2,-1.64783,51.8651,0.504034,-1,Normal
11,2.29008,19.9764,0.852272,1,Normal
10,-0.125866,35.7302,0.0197139,-1,Normal
21,0.602109,52.4328,0.57619,1,Normal
18,2.3967,73.6488,0.991528,1,Warning
5,-2.60725,24.2233,0.493086,-1,Normal
23,-0.999107,18.2519,0.428971,-1,Normal
13,-0.174666,56.0602,0,-1,Normal
20,-0.59473,39.8968,0.509302,-1,Normal
5,-2.02544,48.3762,1,-1,Warning
16,-0.41875,12.1871,0,-1,Normal
15,1.40922,47.1734,0.799355,1,Normal
13,2.168,21.3453,0.66238,1,Normal
23,3.78288,6.21811,0.882926,1,Normal
17,1.06829,3.68413,0.582025,1,Normal
22,-0.0132538,0,0.591567,-1,Normal
4,-0.755413,53.9093,0.574047,-1,Normal
17,-3.19607,32.8561,0.795088,-1,Warning
10,0.894345,54.8733,0.456885,1,Normal
11,-0.410866,10.5553,0.283919,-1,Warning
3,0.531945,18.6986,0.0692234,1,Normal
12,-1.5372,29.2223,0.746796,-1,Warning
23,0.647667,30.6337,0.53012,1,Normal
2,2.61024,51.6785,0.617069,1,Normal
22,-0.232101,26.3539,0,-1,Normal
14,-0.264814,25.7545,0.567074,-1,Normal
22,-0.476001,7.65774,0.0776384,-1,Normal
13,0.761369,12.6931,0.258713,1,Normal
18,-0.176491,1.34341,0.246828,-1,Normal
11,3,48.4339,0.976006,1,Warning
6,-3.32357,26.4478,0.679493,-1,Warning
11,1.16788,16.9592,0.881101,1,Normal
7,1.11996,56.3324,0.939775,1,Normal
16,-4.20306,71.5362,1,-1,Warning
10,-2.2872,49.5559,0.78495,-1,Warning
4,0.0340998,88.2245,0,1,Normal
11,3,52.7824,0.803768,1,Normal
2,-1.11819,28.948,0.669087,-1,Warning
15,-1.21489,25.1917,0.30761,-1,Normal
2,2.09819,36.5116,0.587294,1,Normal
4,0.416035,47.314,0.264442,1,Normal
13,-2.21141,60.7225,0.275943,-1,Normal
7,-2.59927,48.1803,0.665338,-1,Warning
17,1.12511,30.5649,0.864464,1,Normal
4,-1.66932,18.2664,0.600924,-1,Warning
20,-0.46527,17.5939,0.0728193,-1,Normal
22,2.44889,55.0334,0.498414,1,Normal
12,0.370483,44.0871,0.333474,1,Normal
22,1.0207,29.4521,0.45449,1,Normal
17,0.411374,22.6339,0,1,Normal
14,-0.190467,57.8903,0.371547,-1,Normal
13,0.225352,43.4079,0.187543,1,Normal
5,0.242092,37.9476,0,1,Normal
18,0.359495,38.2636,0.40945,1,Normal
8,3,22.9008,1,1,Warning
8,0.789661,50.0412,0,1,Normal
22,-0.275527,31.0231,0,-1,Normal
22,-2.15712,48.0935,0.445806,-1,Normal
14,3.37882,40.1266,0.758736,1,Normal
14,-0.650177,46.8545,0.327043,-1,Normal
16,-1.12592,53.9584,0.886295,-1,Warning
17,-0.411213,32.5482,0.316644,-1,Normal
9,-2.29802,47.2296,1,-1,Warning
11,-2.10306,42.857,0.908571,-1,Warning
15,2.62052,19.2859,0.339391,1,Normal
23,-2.41685,12.2812,0.61112,-1,Warning
23,1.30461,32.838,0.805961,1,Normal
8,-0.798399,10.7743,0.14047,-1,Normal
3,-2.47998,12.1945,0.753166,-1,Warning
23,-1.49629,13.9586,0.658622,-1,Warning
9,-0.145772,59.9488,0,-1,Normal
11,3,44.8341,0.936499,1,Warning
17,-1.01163,36.0632,0.553388,-1,Normal
9,1.24861,56.037,0.591485,1,Normal
1,0.561496,38.5413,0.0856859,1,Normal
13,3.74647,28.4749,0.9668,1,Warning
22,0.233771,0,0.202182,1,Normal
9,-0.632574,25.6558,0.668658,-1,Warning
7,-0.274087,51.7175,0.326614,-1,Normal
12,-0.631689,66.362,0.886435,-1,Warning
19,1.3134,78.2692,0.645672,1,Normal
19,0.662995,67.9354,0.191944,1,Normal
6,-3.03241,0,0.891455,-1,Warning
8,-0.511357,23.6299,0.0345558,-1,Normal
16,0.307746,55.1167,0,1,Normal
23,0.550102,13.7715,0.0381496,1,Normal
16,-0.255494,48.7027,0.177227,-1,Normal
11,1.06452,66.871,1,1,Normal
2,-1.20141,26.326,0.995134,-1,Warning
8,1.02592,26.5679,0.750107,1,Normal
11,3,28.9958,0.67303,1,Normal
3,1.33929,39.0373,1,1,Normal
10,-4.12387,76.8678,1,-1,Warning
11,2.83683,50.6618,0.72186,1,Normal
1,1.36001,15.6953,1,1,Normal
13,1.29418,50.4704,0.676334,1,Normal
20,-0.11772,53.5305,0.349269,-1,Normal
16,-0.487558,22.8659,0.111329,-1,Normal
12,-0.731641,44.0419,0.291007,-1,Normal
18,0.678019,17.2072,0.230088,1,Warning
22,2.8408,28.3245,1,1,Warning
2,-0.31853,50.9232,0.673698,-1,Warning
19,-2.76168,32.5585,0.814602,-1,Warning
4,-0.463748,2.13691,0.45851,-1,Warning
16,-0.661493,50.9886,0,-1,Normal
2,-1.30718,46.4362,0.817604,-1,Warning
16,-2.18702,55.8907,0.841081,-1,Warning
10,0.139867,27.1866,0.351481,1,Normal
7,-0.85891,30.6422,0.0266104,-1,Normal
1,-0.468545,0,0.137226,-1,Normal
11,-0.00781735,0,0.530995,-1,Normal
17,-0.99446,43.8267,0.626057,-1,Warning
23,-1.8049,47.1529,0.0701556,-1,Normal
1,1.45853,40.3746,0.598806,1,Normal
12,-2.96508,79.6449,1,-1,Warning
1,0.275646,58.2581,0.0571998,1,Normal
0,0.793105,44.1224,0.612812,1,Normal
10,0.680693,36.4957,0.468852,1,Normal
11,-3.24174,51.5995,0.620318,-1,Warning
6,2.27351,44.0626,0.533825,1,Normal
23,1.06019,65.0158,0.703249,1,Normal
12,0.301443,28.9057,0.393226,1,Normal
14,-2.3237,34.7895,1,-1,Warning
11,-1.68235,51.7445,0.489322,-1,Normal
21,2.96499,36.3203,0.663867,1,Normal
1,-2.10188,43.0663,1,-1,Warning
4,-1.75739,9.98749,0.91667,-1,Warning
4,-2.03785,47.2614,1,-1,Warning
4,0.0560359,36.79,0.322945,1,Normal
20,-0.364529,89.4322,0.23633,-1,Normal
9,-1.20517,19.0353,0.939138,-1,Warning
6,-2.57301,23.7788,0.305401,-1,Normal
21,0.084092,35.3519,0.134563,1,Normal
0,-3.1042,42.6887,0.64982,-1,Warning
20,0.381355,28.0689,0.0467312,1,Normal
21,2.29288,39.134,0.445515,1,Normal
7,-0.401806,20.4849,0.428715,-1,Warning
23,2.219,48.0097,1,1,Warning
20,-0.0889595,42.891,0.742936,-1,Normal
0,2.74464,18.4775,0.679628,1,Normal
16,2.61151,0,0.407919,1,Normal
4,-2.66476,46.6525,0.854936,-1,Warning
13,-0.050938,37.103,0.105031,-1,Normal
6,0.376851,32.4098,0.461107,1,Normal
22,-3.32755,36.926,0.751251,-1,Warning
23,0.932416,24.6525,0,1,Normal
0,-1.07565,16.1894,0.749009,-1,Warning
15,-2.85254,22.489,0.663599,-1,Warning
6,-2.8191,21.0826,0.713362,-1,Warning
15,-0.0293126,26.1489,0.6007,-1,Normal
20,-2.48108,55.3438,0.82714,-1,Warning
2,-3.04012,24.2773,0.62494,-1,Warning
7,0.850746,43.8398,0.541653,1,Normal
13,-0.649339,32.0547,0.142449,-1,Normal
15,-0.386786,20.3804,0.353882,-1,Normal
10,-4.03356,8.95385,0.345919,-1,Normal
9,1.45983,6.14236,0.615797,1,Warning
19,-3.20922,50.9156,0.838859,-1,Warning
5,-0.991406,27.4919,0.356736,-1,Normal
5,-1.36291,41.7933,0.42257,-1,Normal
11,-0.689591,45.9003,0,-1,Normal
1,-0.36658,30.3669,0.546692,-1,Normal
14,1.11109,32.3794,0.623468,1,Normal
18,0.144804,0,0.071769,1,Normal
17,-0.648913,69.9735,0.552913,-1,Normal
10,-0.539031,16.7365,0.544331,-1,Normal
11,0.37908,76.6965,0.62883,1,Normal
20,1.45508,18.4188,0.422181,1,Normal
7,-0.161266,27.0926,0.328117,-1,Normal
16,-1.78551,38.7561,1,-1,Warning
1,-0.811547,55.6596,0.342095,-1,Normal
4,0.757753,30.1452,0.429419,1,Normal
19,-0.24588,24.7017,0.535898,-1,Normal
13,1.03306,41.1819,0.787845,1,Normal
6,-3.25652,33.8731,0.754372,-1,Warning
21,0.448566,19.8419,0.142208,1,Normal
5,-1.00812,66.3318,0.811158,-1,Warning
11,-1.54128,18.6954,0.751555,-1,Warning
16,-0.356517,19.3274,0,-1,Normal
18,0.936379,29.0565,0.712224,1,Normal
5,0.611246,3.61945,0.1802,1,Normal
11,2.20755,13.4939,0.641262,1,Normal
7,0.268152,22.0319,0,1,Normal
9,-0.570362,44.2169,0.545483,-1,Normal
18,0.583151,32.2787,0.0646489,1,Normal
3,0.2589,11.367,0.128709,1,Normal
13,-0.333243,43.0554,0.122036,-1,Normal
15,0.279147,63.7817,0.562641,1,Normal
19,2.6117,34.9926,0.520205,1,Normal
11,-2.13892,42.6406,0.682678,-1,Warning
2,2.17207,57.5145,0.825089,1,Warning
1,0.730372,53.4604,0.218529,1,Normal
18,-0.194545,0,0.11086,-1,Normal
8,-2.47796,14.1923,0.956773,-1,Warning
5,-0.60737,7.26723,0.107574,-1,Normal
10,3,34.2191,1,1,Warning
7,1.1172,31.9854,0.836145,1,Normal
15,-0.316855,17.9582,0.289723,-1,Normal
9,2.06567,24.8115,0.377886,1,Normal
12,0.238439,19.4163,0.436168,1,Normal
22,1.31403,28.3431,0.962337,1,Normal
10,-0.758677,83.9361,0.520631,-1,Normal
5,-0.669185,22.8486,0.0230437,-1,Normal
1,0.535795,38.876,0.149371,1,Normal
9,-3.11732,39.5562,0.842851,-1,Warning
0,0.687726,50.5986,0.277211,1,Normal
16,-0.610127,36.2863,0.622836,-1,Warning
0,1.43478,11.5044,0.76805,1,Normal
16,-0.878833,50.485,0.102997,-1,Normal
10,2.41951,47.4335,0.627793,1,Normal
3,-3.01414,51.7603,0.618534,-1,Warning
9,0.687984,6.11688,0.244857,1,Normal
9,-2.22028,31.9764,0.781903,-1,Warning
17,-0.0225951,72.4147,0.290731,-1,Normal
15,2.28054,6.4601,0.855989,1,Normal
22,-0.77071,20.2138,0.178538,-1,Normal
9,-2.20045,63.1974,0.539074,-1,Warning
21,-0.354198,21.843,0.178209,-1,Normal
17,-3.44403,55.0034,0.577597,-1,Normal
11,-0.301009,44.7592,0.552996,-1,Normal
6,1.45192,38.7953,0.734652,1,Normal
6,2.65826,53.6513,0.732111,1,Normal
3,0.314572,51.0332,0.274363,1,Normal
2,-1.50234,23.8511,0.508383,-1,Warning
20,-0.738728,45.1276,0.648734,-1,Normal
3,-0.498086,8.78105,0,-1,Normal
1,0.276832,28.333,0.374804,1,Normal
4,-2.20697,35.1402,0.419466,-1,Normal
20,-2.4822,2.22054,0.714577,-1,Warning
1,0.554755,16.1538,0.215778,1,Normal
10,1.16447,26.6778,0.181482,1,Normal
9,-0.192289,22.5353,0.299351,-1,Normal
21,2.48259,1.27555,0.643877,1,Normal
18,3.41112,50.6318,1,1,Warning
6,0.0713826,68.8016,0.247976,1,Normal
3,2.99568,23.6766,0.805591,1,Warning
16,0.669984,19.6814,0.497999,1,Normal
11,-2.59583,62.8412,0.492503,-1,Normal
0,0.596621,0,0.612369,1,Normal
5,1.15406,11.6574,0.58674,1,Normal
10,-0.706741,35.2685,0.292881,-1,Normal
22,0.00508066,27.9476,0.608018,1,Normal
6,2.69228,17.8372,0.792998,1,Normal
5,0.968214,8.40128,0.277047,1,Normal
7,0.0642639,61.8895,0.6893,1,Normal
16,1.69971,64.3896,0.638819,1,Normal
8,-2.12968,52.916,0.637952,-1,Warning
2,3,41.0648,0.988003,1,Warning
1,-0.679112,10.9194,0.349496,-1,Normal
18,3.57965,20.0313,0.885324,1,Normal
0,-0.775285,27.1268,0.157757,-1,Normal
2,-0.218292,35.0907,0.486084,-1,Normal
13,0.491417,23.7696,0.245507,1,Normal
23,-1.19999,46.8559,0.685771,-1,Warning
11,-2.83872,38.8809,0.511397,-1,Normal
11,2.74738,6.60768,0.990172,1,Warning
12,1.36393,12.4041,1,1,Warning
11,-0.129335,69.7306,0.234971,-1,Normal
14,0.774626,50.0078,0.153492,1,Normal
6,0.692933,59.5712,0.0479085,1,Warning
2,2.09324,77.7734,0.577345,1,Normal
3,-0.364589,72.0431,0.0941424,-1,Normal
1,0.843331,48.035,0.285029,1,Normal
22,-0.401903,66.9233,0,-1,Normal
10,-0.619119,22.7538,0.283524,-1,Normal
19,0.152547,0,0.0627837,1,Normal
1,0.515371,0.619674,0.279071,1,Normal
0,1.91266,22.9103,0.519705,1,Normal
22,2.06698,14.8514,0.730523,1,Normal
16,0.44689,48.0355,0,1,Normal
22,3.52141,51.1299,0.639307,1,Normal
20,-1.55092,51.4943,0.597556,-1,Normal
12,0.361896,10.0299,0.152243,1,Normal
19,0.701972,31.7229,0.375831,1,Normal
20,-3.07507,0,0.474602,-1,Normal
12,0.912087,46.9228,0.164084,1,Normal
15,-2.97586,59.2995,0.485453,-1,Normal
4,0.203656,51.2078,0,1,Normal
6,1.2844,43.7403,0.827772,1,Normal
1,3,37.1775,0.680052,1,Normal
4,-1.26356,33.2811,0.581502,-1,Normal
23,-0.433695,26.5768,0,-1,Normal
15,-0.328474,44.9599,0.406861,-1,Normal
23,0.807355,27.2232,0.501468,1,Normal
3,0.944879,35.5151,0.0344008,1,Normal
18,-3.21587,10.5583,0.976474,-1,Warning
10,1.51911,49.4351,1,1,Warning
0,-0.93361,36.1273,0.356125,-1,Normal
8,0.540051,0,0.0127359,1,Normal
4,-1.29321,50.5002,0.287236,-1,Normal
8,-0.601562,32.3368,0.617709,-1,Normal
13,0.384972,43.2466,0.222864,1,Normal
23,-0.0819077,36.5396,0.0870121,-1,Normal
4,0.772621,34.7225,0.562886,1,Normal
22,2.68948,35.4989,0.329098,1,Normal
19,-0.954197,41.9091,0.212412,-1,Normal
2,-3.42873,12.5081,0.358267,-1,Normal
17,2.92462,42.8476,0.831686,1,Normal
23,0.0142911,0.108865,0.224096,1,Normal
4,0.256818,27.5218,0.17912,1,Normal
18,-1.38674,73.861,0.660761,-1,Warning
13,2.27072,67.8787,0.77874,1,Warning
6,-1.17827,17.8497,0.957463,-1,Warning
20,3.98472,63.8142,0.72783,1,Normal
1,0.193097,42.9784,0.312861,1,Normal
6,0.220855,36.246,0.442083,1,Normal
11,-0.475561,6.63515,0.363607,-1,Normal
5,0.610516,38.4031,0.68737,1,Normal
23,-0.0342949,9.58102,0.271311,-1,Normal
6,2.67263,51.3213,0.841176,1,Normal
2,-0.213156,9.48738,0.359764,-1,Normal
1,1.24195,35.5414,0.435425,1,Normal
10,-0.385819,31.9034,0,-1,Normal
16,0.734097,20.8374,0.45316,1,Normal
9,-0.129809,44.1408,0.401559,-1,Normal
15,0.780679,77.6148,0.538624,1,Normal
13,0.477294,33.3481,0.395085,1,Normal
1,-1.13845,38.1168,0.964834,-1,Warning
22,0.857585,55.4349,0.13505,1,Normal
16,1.09249,42.9753,0.785888,1,Warning
4,-0.0323994,0,0.23353,-1,Normal
10,-0.179728,13.565,0.335717,-1,Normal
5,-3.4303,23.9519,0.837477,-1,Warning
14,0.977321,26.8001,0,1,Normal
2,-0.977853,48.2707,0.682508,-1,Warning
18,0.625723,20.429,0.700919,1,Warning
21,-0.341135,39.1342,0.0851064,-1,Normal
9,-1.19378,35.0664,1,-1,Warning
19,0.587667,29.5982,0.562324,1,Normal
23,0.325585,72.2468,0.221769,1,Normal
16,0.355282,11.9763,0,1,Normal
5,-0.840222,61.0662,0.260258,-1,Normal
18,-4.17025,29.1129,0.383687,-1,Normal
6,1.00755,52.7499,0.865727,1,Normal
23,-1.72631,14.6264,1,-1,Warning
4,-0.958512,40.0418,0,-1,Normal
9,1.38766,27.6006,0.926398,1,Normal
21,0.333291,40.5017,0.301947,1,Normal
18,-0.276067,61.7579,0.0404176,-1,Normal
9,-3.03549,59.8109,0.524061,-1,Normal
6,-0.110273,19.555,0.688216,-1,Normal
3,-0.811177,32.4934,0.379687,-1,Normal
5,-0.346444,37.8716,0.702751,-1,Warning
8,-0.273228,26.5439,0.245138,-1,Normal
15,-3.78635,19.324,0.933895,-1,Warning
10,-3.7037,0,0.776967,-1,Warning
22,0.762838,0,0.879034,1,Normal
13,-1.48884,29.5179,0.559148,-1,Normal
15,0.155014,55.6958,0.268917,1,Normal
10,-0.505126,55.4778,0.282078,-1,Normal
16,-0.393353,37.1662,0,-1,Normal
8,2.40179,31.1552,0.772844,1,Normal
6,0.013974,41.7378,0.379035,1,Normal
13,-2.708,40.6411,0.792,-1,Warning
21,0.778857,23.8661,0.351597,1,Normal
9,0.0418534,31.6419,0.0395372,1,Normal
16,-0.222485,59.4948,0,-1,Normal
23,-2.67163,41.3284,0.830861,-1,Warning
17,-0.0359579,66.5635,0.710272,-1,Normal
2,1.50685,16.017,0.870135,1,Normal
23,-2.42355,17.4306,0.901056,-1,Warning
7,-1.65145,59.2458,1,-1,Warning
23,1.92406,9.54692,0.556039,1,Normal
0,1.99661,75.8489,0.47182,1,Normal
14,-0.884126,26.3589,0.741117,-1,Warning
21,-0.850568,35.5736,0.516444,-1,Normal
5,-2.19339,58.7884,0.914141,-1,Warning
19,-0.23586,58.0051,0.0817792,-1,Normal
6,0.690072,24.1121,0.765609,1,Normal
21,0.773747,21.607,0.099908,1,Normal
18,-2.0837,43.6738,0.512082,-1,Normal
11,1.26737,27.8215,0.793215,1,Normal
3,3,19.1336,0.676077,1,Normal
2,-0.273451,55.2961,0.288813,-1,Normal
8,1.58106,46.7586,0.893442,1,Normal
9,0.107179,29.8577,0.768792,1,Normal
18,0.887361,32.4778,0.563121,1,Normal
6,1.7364,28.0149,1,1,Warning
18,-3.01753,13.7027,0.460493,-1,Normal
9,1.55105,38.6207,0.646253,1,Normal
20,-0.107542,62.1238,0.418689,-1,Normal
12,0.25345,63.0103,0,1,Warning
22,-2.92632,16.3995,0.782778,-1,Warning
7,-0.396893,45.4813,0.737196,-1,Warning
23,1.20575,50.4336,1,1,Normal
3,-2.54586,54.136,1,-1,Warning
10,2.80199,21.7332,0.6934,1,Normal
5,-3.17045,38.2346,0.910306,-1,Warning
17,0.00420716,18.3212,0.0440377,1,Normal
12,-1.69358,85.2568,0.947407,-1,Warning
22,-0.697449,45.1842,0.0493718,-1,Normal
0,-0.37689,35.0214,0.596452,-1,Normal
5,2.34804,55.3318,0.90923,1,Warning
15,0.575144,41.0582,0.618306,1,Normal
22,-2.00103,38.0738,0.710773,-1,Warning
23,-0.229852,34.8034,0.0246067,-1,Normal
12,0.154886,20.3928,0.36974,1,Normal
12,1.29739,0,1,1,Normal
11,-0.45849,88.3547,0.0586803,-1,Normal
1,-1.52237,13.0242,0.454804,-1,Normal
19,0.26779,22.9691,0,1,Normal
1,-0.853402,0,0.295339,-1,Normal
16,-0.549131,30.2631,0.471682,-1,Normal
13,0.556665,0.12114,0.0808834,1,Normal
12,-2.01387,5.22827,0.842556,-1,Warning
10,-0.673866,48.4555,0.400688,-1,Normal
14,0.802259,51.6999,0.768427,1,Normal
14,-1.01457,26.0301,1,-1,Warning
2,0.178181,32.8626,0.356275,1,Normal
22,1.44387,45.462,0.968502,1,Normal
20,1.95079,36.675,0.709451,1,Normal
6,-0.522877,19.6557,0.449669,-1,Normal
10,-2.42683,8.59908,0.982931,-1,Warning
7,1.54219,8.73172,1,1,Warning
10,2.76608,61.2431,1,1,Warning
3,-2.28591,27.546,0.147044,-1,Normal
19,0.190992,21.3407,0.475246,1,Normal
22,0.75454,55.9309,0.678527,1,Normal
21,0.535851,38.6555,0.118676,1,Normal
13,0.817311,72.3872,0.203548,1,Normal
11,0.345748,54.0375,0.096124,1,Normal
7,-0.668826,43.2267,0.754607,-1,Warning
6,0.376752,48.5126,0.52979,1,Warning
16,-0.0274739,21.3914,0.48372,-1,Normal
23,-0.77562,24.5578,0.128261,-1,Normal
21,-2.49569,26.2508,0.530273,-1,Normal
19,-0.621209,32.7634,0.575665,-1,Normal
21,-0.624265,32.197,0.406587,-1,Normal
9,-0.58182,28.3245,0.425621,-1,Normal
8,-0.81659,70.6594,0.130627,-1,Normal
5,-0.351064,29.5688,0.471765,-1,Normal
2,-3.0916,43.323,0.565495,-1,Normal
5,1.8005,39.055,0.882915,1,Normal
5,-1.40006,0,0.705844,-1,Warning
11,-1.37619,23.181,0.771472,-1,Normal
2,1.09353,44.6381,1,1,Normal
20,2.63187,28.9829,0.739327,1,Normal
19,0.411474,9.08376,0.175218,1,Normal
23,-0.638172,7.18208,0,-1,Normal
8,1.96265,62.6495,0.63587,1,Normal
9,-0.597756,13.0302,0.333572,-1,Normal
3,-0.109391,25.3045,0.435275,-1,Normal
16,-0.819747,57.3891,0.438472,-1,Normal
17,2.19945,63.1366,0.526715,1,Normal
16,0.0962995,39.4747,0.444648,1,Normal
15,0.274863,31.1592,0.304257,1,Normal
20,-2.10181,34.9281,1,-1,Warning
16,-0.160176,32.9313,0.761507,-1,Normal
22,0.46862,27.7398,0,1,Normal
4,0.391797,34.1968,0.443862,1,Normal
8,0.871186,35.8004,0.145098,1,Normal
2,0.86069,47.2364,0.708329,1,Normal
19,1.37756,0,0.637833,1,Normal
8,-0.244839,16.4414,0.716166,-1,Normal
13,3.39795,6.5555,0.829002,1,Normal
5,0.689841,51.2316,0,1,Normal
21,1.01617,0,0.587911,1,Normal
10,-2.63592,35.5179,0.953142,-1,Warning
17,-0.985624,19.7474,0.240952,-1,Normal
11,0.102065,35.1129,0.211221,1,Warning
10,0.856245,49.5489,0.567804,1,Normal
15,0.168976,69.3139,0.442078,1,Normal
16,0.86425,28.4148,0.280851,1,Normal
9,-2.32512,8.29586,0.691436,-1,Warning
8,0.844742,23.5318,0.152357,1,Normal
10,-2.50859,28.7968,0.811802,-1,Warning
9,-2.2514,39.7231,0.804679,-1,Warning
11,-2.14534,45.5809,0.591183,-1,Normal
19,0.218433,45.3984,0.400388,1,Normal
15,-0.740103,5.98412,0.264411,-1,Normal
4,-0.908693,51.562,0.13636,-1,Normal
7,1.16407,38.5739,0.43083,1,Normal
1,0.855848,0,0.586343,1,Normal
23,-2.91344,50.4633,0.498217,-1,Normal
19,0.659925,38.8685,0.576326,1,Normal
2,1.93876,22.1694,0.487164,1,Normal
10,-1.06227,16.8104,0.365118,-1,Normal
5,-2.02102,40.5638,0.774455,-1,Warning
4,-0.379402,47.1348,0.424213,-1,Normal
6,1.20607,46.1978,0.540705,1,Warning
21,1.00361,10.0844,1,1,Normal
22,-0.912227,6.90668,0.0394184,-1,Normal
17,0.903491,39.5475,0.101036,1,Normal
2,1.83472,42.2705,0.419532,1,Normal
20,4.2396,15.1372,1,1,Warning
17,-0.878363,18.5081,0.345831,-1,Normal
2,2.77391,36.0401,1,1,Warning
1,-0.182677,67.4784,0.384889,-1,Normal
14,-0.429929,30.8125,0.397922,-1,Normal
23,1.99657,8.76407,0.866793,1,Normal
11,0.861016,41.9369,0.231088,1,Normal
15,-1.18723,29.1094,0.396806,-1,Normal
21,-0.44304,48.6645,0.144479,-1,Normal
16,-0.739719,27.6698,0.107378,-1,Normal
1,0.377924,44.9293,0.164603,1,Normal
15,-0.381399,28.45,0.203101,-1,Normal
9,2.66134,34.5529,0.974039,1,Warning
0,-2.2411,18.719,0.841366,-1,Warning
17,0.0978491,28.8327,0.212994,1,Normal
12,0.841824,43.2813,0,1,Normal
10,-2.03056,9.16789,0.721602,-1,Warning
20,0.446926,1.29968,0.581166,1,Normal
19,0.579366,6.76096,0.0596881,1,Normal
0,2.61454,33.1639,1,1,Warning
0,-0.559201,26.7791,0.457259,-1,Normal
23,0.930629,40.7556,0.60212,1,Normal
8,0.50405,45.2375,0.540334,1,Normal
15,3.08866,16.3627,0.439409,1,Normal
6,2.40023,0,0.782563,1,Normal
2,0.175465,35.896,0.0453678,1,Normal
15,-0.488379,21.4088,0.359278,-1,Normal
19,-0.200861,44.7477,0,-1,Normal
19,0.197905,50.9136,0,1,Normal
21,0.27281,18.3013,0.311793,1,Normal
18,0.640437,21.1287,0.576511,1,Normal
10,-0.512417,19.8866,0,-1,Normal
8,-0.959464,19.0717,0.0645139,-1,Normal
8,-0.157219,20.5526,0,-1,Warning
2,0.344402,42.2708,0.480049,1,Normal
7,-0.47852,49.0195,0.395365,-1,Normal
13,-3.30994,20.6333,0.814965,-1,Warning
5,0.393306,27.8603,0.500042,1,Normal
8,-0.672368,37.2953,0.186509,-1,Normal
21,-0.304586,46.9213,0.113883,-1,Normal
2,1.52616,76.8953,1,1,Warning
22,-1.0965,75.6553,0.652004,-1,Warning
15,0.130638,6.13558,0.62534,1,Normal
6,0.275133,60.4307,0.429493,1,Normal
4,1.3001,63.4885,0.884731,1,Normal
12,0.2724,64.0884,0.356473,1,Normal
15,0.0884995,35.5896,0.327404,1,Normal
4,1.07988,16.3432,0.647748,1,Normal
20,-0.0827314,22.8594,0,-1,Normal
21,0.570322,36.2007,0.74613,1,Normal
17,-0.220993,11.9919,0.33269,-1,Normal
10,0.788402,23.2165,0,1,Normal
6,1.09937,27.6749,0.665972,1,Normal
20,-0.00648032,48.2976,0.80825,-1,Normal
15,1.29474,52.0872,1,1,Normal
23,3.99295,18.1627,0.701117,1,Normal
22,2.78083,93.5068,0.741942,1,Normal
15,0.226343,63.1702,0.245797,1,Normal
22,0.808963,78.3016,0.189696,1,Normal
6,-1.05671,64.8783,0.707325,-1,Warning
19,0.82266,15.3763,0.387914,1,Normal
12,-2.4927,0,1,-1,Warning
6,2.96331,46.9753,0.753754,1,Normal
20,-0.569289,20.8043,0.196952,-1,Normal
19,0.211148,35.8983,0.297312,1,Normal
11,-2.33808,44.8009,0.815479,-1,Warning
2,-0.388071,0.609232,0.0996001,-1,Normal
17,0.0428826,42.3518,0,1,Normal
4,-1.00705,0,0.881891,-1,Warning
14,0.960395,35.035,0.964995,1,Normal
4,2.46373,37.1965,0.525241,1,Normal
11,2.86402,41.4269,1,1,Warning
16,0.00726583,62.8941,0.0923676,1,Normal
15,-0.793108,55.9628,0,-1,Normal
0,2.631,10.1744,0.591534,1,Normal
19,-0.319099,0,0,-1,Normal
9,-2.51276,54.55,0.625361,-1,Warning
17,-1.06481,9.67495,0.655162,-1,Warning
11,-0.248288,31.7337,0.0668284,-1,Normal
4,-2.68113,47.9916,1,-1,Warning
17,-2.10231,57.3762,0.445285,-1,Normal
13,-1.18897,71.4226,1,-1,Warning
11,1.49611,71.0257,0.972024,1,Normal
22,0.710665,27.4469,0.553505,1,Normal
4,-2.52544,28.6721,0.998116,-1,Warning
13,-1.76359,54.0781,0.946833,-1,Warning
23,-0.50406,33.3128,0,-1,Normal
8,-0.0557605,42.1166,0,-1,Normal
11,-0.994987,49.127,0,-1,Normal
1,0.471973,24.1152,0.376291,1,Normal
14,0.282369,44.1617,0.190216,1,Normal
10,-2.18639,71.1185,1,-1,Warning
9,-2.47274,29.6519,0.38084,-1,Normal
14,-2.45895,28.4253,0.511181,-1,Normal
0,1.16127,24.4017,0.527308,1,Normal
2,-0.898606,23.6163,0.668351,-1,Warning
22,-3.17294,58.5058,0.464615,-1,Normal
19,-0.935976,38.5947,0,-1,Normal
23,2.42055,18.9785,0.44997,1,Normal
21,-1.07787,31.4161,0.99481,-1,Warning
8,-2.14923,72.6842,0.505696,-1,Normal
2,-0.178478,25.7329,0,-1,Normal
7,-0.0922873,13.9723,0.495583,-1,Normal
17,-0.227089,20.8125,0.414054,-1,Normal
15,-1.16136,13.9753,0.635557,-1,Warning
20,0.21982,33.8092,0.511551,1,Normal
10,0.443166,2.15329,0.0873547,1,Normal
18,0.216521,45.6712,0.347819,1,Normal
9,-0.0577811,39.3207,0.17367,-1,Normal
23,-2.60004,53.9488,0.593659,-1,Normal
11,1.85502,18.2688,0.491185,1,Normal
1,-0.0464072,38.9133,0.00729716,-1,Normal
22,-0.0987444,0,0.0267813,-1,Normal
23,-0.890916,21.8212,0.187927,-1,Normal
22,-0.0112594,19.9111,0.287238,-1,Normal
13,-0.547737,55.2656,0,-1,Normal
7,2.40315,0.961226,0.696831,1,Normal
15,-0.701679,11.2381,0.239866,-1,Normal
9,0.795624,50.2248,0.16884,1,Normal
18,0.282367,34.7082,0.411302,1,Normal
16,0.0627705,20.5275,0.278674,1,Normal
6,0.0902362,36.473,0.337299,1,Normal
20,0.667638,45.6613,0.663856,1,Normal
6,-2.42186,8.06263,1,-1,Warning
8,1.73729,37.285,0.529199,1,Normal
1,-0.473476,28.5181,0,-1,Normal
15,-1.1881,34.7512,0.928569,-1,Warning
17,-0.541178,72.6937,0.414788,-1,Normal
4,-0.378352,2.24119,0,-1,Normal
8,3,39.2943,1,1,Warning
14,1.47304,32.8504,0.598808,1,Normal
4,0.544991,37.9325,0.292551,1,Normal
2,0.307774,0,0.102541,1,Normal
11,2.06278,24.8574,0.383046,1,Normal
19,-2.45571,40.3359,0.73794,-1,Warning
19,0.621335,79.6948,0.0989361,1,Normal
16,0.47725,32.5536,0.599479,1,Normal
20,0.136025,42.346,0.401887,1,Normal
1,0.545804,30.1525,0.238903,1,Normal
4,2.0634,25.1629,0.616632,1,Normal
20,1.3282,18.354,0.781676,1,Normal
23,0.915942,41.0754,0,1,Normal
21,-0.568156,42.6405,0.258333,-1,Normal
14,1.90433,43.1261,0.582817,1,Normal
18,-0.243919,43.5026,0.319443,-1,Normal
15,-0.136716,12.2379,0,-1,Normal
19,-1.70646,12.9736,1,-1,Warning
8,-0.0707495,13.481,0.0370127,-1,Normal
2,1.68528,37.2377,0.791841,1,Normal
17,-0.963313,1.60372,0.585494,-1,Normal
15,1.367,49.2525,0.507957,1,Normal
7,-0.0265664,35.8771,0.347787,-1,Normal
7,-0.711132,23.246,0.254311,-1,Normal
3,-0.0131389,33.8774,0.141034,-1,Normal
12,0.496485,50.0963,0.216446,1,Normal
21,0.348566,6.88115,0.531367,1,Normal
0,-0.188589,31.9036,0.450635,-1,Normal
20,2.68311,25.2205,1,1,Warning
12,-2.75017,70.023,0.530094,-1,Normal
18,-1.63353,46.9083,0.827279,-1,Warning
18,-0.836961,30.0783,0.226916,-1,Normal
11,2.57635,3.22549,0.899495,1,Normal
20,0.72297,33.674,0.0624682,1,Normal
9,-0.233963,44.7247,0.572054,-1,Normal
15,0.616977,32.8016,0.582768,1,Normal
0,-0.793543,8.42352,0.359938,-1,Normal
14,-2.75181,27.3193,0.899426,-1,Warning
4,0.884634,48.3097,0.223111,1,Normal
23,1.95813,36.0592,0.64486,1,Normal
19,0.66836,55.3097,0.149207,1,Normal
22,1.27001,56.6826,0.816799,1,Normal
20,-0.475877,26.134,0.0834473,-1,Normal
13,-0.0584306,52.3695,0,-1,Normal
14,1.22173,31.1033,0.576027,1,Normal
4,0.0570396,39.8931,0.311968,1,Normal
4,-1.1753,49.5558,0.890079,-1,Warning
22,-3.34127,32.1177,0.762823,-1,Warning
16,1.95244,39.8715,0.960163,1,Warning
16,-3.12406,29.6424,0.787433,-1,Warning
4,2.60219,26.165,0.873525,1,Normal
3,-0.788096,30.2673,0.266851,-1,Normal
6,-0.038998,82.8779,0,-1,Normal
8,0.831028,8.73015,0.123916,1,Normal
18,0.508468,61.3418,0,1,Normal
19,0.395356,0,0.610257,1,Normal
12,-0.665987,41.0203,0.426338,-1,Normal
6,-0.97666,12.5786,0.109428,-1,Normal
3,2.11386,45.6713,0.474341,1,Normal
16,-0.278357,36.3897,0.548792,-1,Normal
0,-0.763457,21.1961,0,-1,Normal
21,0.672456,31.9217,0.320134,1,Normal
11,0.16346,67.9518,0.0451,1,Normal
8,-1.11517,53.0099,0.423514,-1,Normal
3,2.34776,23.5316,0.806936,1,Normal
2,-1.01743,45.4022,0.55319,-1,Normal
15,-0.140468,56.7836,0.29106,-1,Normal
3,0.947347,53.6658,0.32171,1,Normal
19,-2.17887,43.6869,0.983045,-1,Warning
22,-0.979349,50.0819,0.158467,-1,Normal
22,0.628118,19.6378,0.613016,1,Normal
10,2.88233,8.30933,0.781598,1,Normal
20,-0.556485,36.9187,0.521359,-1,Normal
19,0.165557,42.0333,0.525502,1,Normal
1,2.39147,27.8465,1,1,Warning
6,1.10049,43.6885,0.81193,1,Normal
20,0.358546,47.804,0.320339,1,Normal
8,2.52879,0,0.628669,1,Normal
19,0.193379,23.1325,0.358234,1,Normal
18,-0.450517,59.7305,0.387317,-1,Normal
4,-2.17184,51.9421,0.781513,-1,Warning
12,2.96118,64.2266,1,1,Warning
21,0.666028,20.425,0.0876732,1,Normal
4,0.535115,41.4654,0.056121,1,Normal
12,1.03794,83.4243,0.784641,1,Normal
17,2.73226,56.0254,1,1,Warning
7,-0.0573085,53.5316,0.515303,-1,Normal
22,0.221131,11.8543,0.753499,1,Normal
6,2.9499,46.3181,0.99684,1,Warning
5,-2.97894,45.469,0.727797,-1,Warning
4,1.55202,25.1107,1,1,Warning
7,-2.51232,36.4361,0.261241,-1,Normal
17,-0.434222,7.54496,0.527546,-1,Normal
18,-2.28535,27.2553,0.731067,-1,Warning
21,0.0942017,44.5287,0.0317767,1,Normal
14,-3.31373,47.0594,0.536038,-1,Normal
2,2.16215,23.8623,0.914412,1,Warning
6,-0.80563,28.8093,0.513753,-1,Normal
1,-2.33165,70.0671,0.634107,-1,Warning
12,0.455344,34.7023,0.285442,1,Normal
22,-0.216235,27.9801,0.458964,-1,Normal
11,-3.78128,54.2147,0.394281,-1,Normal
19,-0.307118,61.3478,0.361602,-1,Normal
2,2.94653,42.2185,0.839182,1,Normal
17,-0.108329,16.1762,0.404654,-1,Normal
6,-2.84204,4.18549,0.448772,-1,Normal
5,0.842246,11.1903,0.177206,1,Normal
9,-0.170005,57.3784,0.218514,-1,Normal
18,-0.699537,54.5202,0.539053,-1,Normal
8,0.663194,31.0688,0,1,Normal
7,0.894653,38.1929,0,1,Normal
20,1.26346,59.4702,0.53334,1,Normal
18,1.30289,38.2693,0.772297,1,Normal
7,-0.949304,51.447,0.397064,-1,Warning
19,0.815547,46.1972,0,1,Normal
6,1.50322,62.0095,0.964728,1,Warning
3,0.728381,2.46548,0.208264,1,Normal
0,0.665546,53.8842,0,1,Normal
12,-0.0871937,73.2164,0.717444,-1,Normal
1,0.345915,23.8428,0,1,Normal
23,0.0928848,11.5051,0,1,Warning
22,-2.86643,10.9273,1,-1,Warning
23,-0.221687,22.1147,0.417489,-1,Normal
6,-0.0415854,14.2978,0.0023785,-1,Normal
11,2.29863,30.1668,0.724943,1,Normal
2,2.65718,6.53812,0.718698,1,Normal
16,0.190453,9.33095,0.794286,1,Normal
4,-0.924615,41.7205,0.223214,-1,Normal
16,2.0763,31.4803,0.660313,1,Normal
16,1.40679,34.9637,0.469784,1,Normal
20,-0.243383,8.72421,0.0588306,-1,Normal
1,3,52.3944,0.7744,1,Normal
5,-0.375575,39.0621,0.628575,-1,Warning
15,-3.32125,39.5295,0.693014,-1,Warning
8,1.10922,66.4607,0.423106,1,Normal
10,1.05855,44.5839,0.5847,1,Normal
4,-1.22276,44.2996,0.220361,-1,Normal
6,0.894928,29.5757,0,1,Normal
23,-3.26889,24.1837,0.649408,-1,Warning
0,-0.310475,79.6461,0.251241,-1,Normal
2,-3.70925,73.9187,0.6578,-1,Warning
8,-1.1905,34.523,0.582153,-1,Normal
23,0.252688,40.0392,0,1,Normal
8,0.463663,32.1435,0.159457,1,Normal
11,-3.12328,32.8276,1,-1,Warning
22,0.84554,13.9985,0.0178732,1,Normal
23,-0.533498,27.864,0.0423484,-1,Normal
21,-3.25297,0,0.947001,-1,Warning
1,3,22.2545,0.924491,1,Warning
23,2.23612,16.8631,0.713609,1,Normal
5,0.201251,36.8284,0.00528223,1,Normal
16,2.05516,31.3658,0.54083,1,Normal
17,-0.647902,30.8276,0.0664323,-1,Normal
19,-1.14403,19.6938,0.772848,-1,Warning
9,-0.446611,27.3034,0,-1,Normal
3,1.86568,67.5106,0.820804,1,Normal
18,0.165574,59.6663,0,1,Normal
22,0.385227,35.9981,0.039464,1,Warning
21,0.218954,0,0.536806,1,Normal
17,-0.940422,41.9227,0.115854,-1,Normal
8,-0.393055,0.14463,0.507137,-1,Normal
9,-0.244357,22.2687,0.00783213,-1,Normal
4,-1.34302,49.502,0.619332,-1,Warning
10,2.85777,60.499,0.659483,1,Normal
20,3.06562,22.3416,0.760517,1,Normal
23,-0.833712,40.8127,0,-1,Normal
7,-3.40705,61.8865,0.989118,-1,Warning
13,-0.141789,20.4411,0.403226,-1,Normal
2,0.325141,24.7743,0.048982,1,Normal
18,0.381097,76.0506,0,1,Normal
11,-0.487106,54.8954,0.284785,-1,Normal
1,0.635487,5.3085,0.637628,1,Normal
12,0.323028,42.9104,0.370227,1,Normal
13,-0.409702,35.9191,0,-1,Normal
14,-0.456163,56.4448,0.280632,-1,Normal
14,-3.03093,25.1953,1,-1,Warning
17,0.139721,55.6291,0.259461,1,Normal
4,3,57.4672,0.637519,1,Normal
12,3.42789,17.916,1,1,Warning
5,1.86979,46.4999,0.978687,1,Warning
14,0.907442,2.49409,0.0781837,1,Warning
12,-0.503369,71.2313,0.341157,-1,Normal
3,0.575869,23.3743,0.226958,1,Normal
23,0.153789,61.6065,0.239304,1,Normal
11,1.1227,28.266,0.854931,1,Normal
11,2.96292,16.3535,0.883351,1,Normal
14,3.12364,48.3286,0.743449,1,Normal
22,-0.275419,43.2644,0.552672,-1,Normal
22,-2.34548,47.8695,1,-1,Warning
12,-0.998645,13.66,0.62077,-1,Warning
11,-0.093244,64.0452,0.306308,-1,Normal
17,-0.467427,47.1478,0.702366,-1,Warning
15,-0.677677,14.7326,0.398371,-1,Normal
22,-1.84044,60.9653,0.804013,-1,Warning
13,-0.333652,33.9793,0,-1,Normal
23,1.19377,43.4207,0.52051,1,Normal
14,0.480689,46.9203,0.265912,1,Normal
1,-1.00671,36.1506,0.722948,-1,Warning
10,0.701315,60.3691,0.256748,1,Normal
16,0.517525,52.7697,0.466058,1,Normal
8,-1.9981,17.6902,0.96358,-1,Warning
10,2.45351,37.6922,0.82614,1,Normal
4,-0.672199,59.6731,0.321662,-1,Normal
17,1.98875,16.5489,0.530366,1,Normal
10,-0.1755,22.647,0.476637,-1,Normal
10,-1.2211,28.7927,0.472235,-1,Normal
20,1.34061,25.0972,0.211915,1,Normal
16,0.213227,41.5982,0,1,Normal
6,1.98416,26.1245,1,1,Warning
8,2.43342,58.9908,0.363912,1,Normal
9,1.24007,47.0083,0.733156,1,Normal
7,-0.132771,77.8161,0.147947,-1,Normal
15,-2.93929,30.0539,0.884021,-1,Warning
11,-2.96642,22.9805,1,-1,Normal
12,-0.472444,62.3238,0.313384,-1,Normal
7,0.392921,7.18471,0,1,Normal
21,-4.14936,24.8743,0.448469,-1,Normal
12,2.09711,12.7669,0.355975,1,Normal
2,2.76043,31.3052,1,1,Warning
11,-0.611677,20.8641,0.705853,-1,Warning
6,-0.363139,56.2206,0.356588,-1,Normal
8,0.119132,0,0.0243229,1,Normal
0,3,59.1871,0.686582,1,Normal
9,0.525341,78.87,0.011172,1,Normal
5,0.468494,39.1425,0.48464,1,Normal
4,0.0537525,21.9552,0.168715,1,Normal
15,2.1315,0,0.45434,1,Normal
7,-2.92131,7.77296,0.486938,-1,Normal
2,-0.298262,35.6578,0.118259,-1,Normal
14,0.0239935,31.6334,0,1,Normal
17,0.852255,44.3461,0.430183,1,Normal
3,-2.17837,19.2601,1,-1,Warning
23,-1.09055,73.0397,0.994461,-1,Normal
5,-0.151476,71.0417,0,-1,Normal
2,-0.154536,1.12432,0.121163,-1,Normal
0,2.33783,29.6379,0.395055,1,Normal
13,-0.0878022,25.8022,0.00251003,-1,Normal
18,0.212371,55.4158,0.244862,1,Normal
14,-0.00348207,57.5405,0.0292982,-1,Normal
19,0.292233,9.56845,0.248279,1,Normal
7,1.62445,13.7031,0.67377,1,Normal
22,-1.67407,18.9196,0.857641,-1,Warning
21,-0.572457,32.7535,0.140167,-1,Normal
9,-1.36595,20.7053,0.844311,-1,Warning
7,0.0496244,35.3216,0.451557,1,Normal
10,0.846351,48.4611,0.228124,1,Normal
10,-4.09165,41.8079,0.599187,-1,Normal
1,-2.25423,47.6106,0.939074,-1,Warning
18,0.621053,8.58984,0.377041,1,Normal
10,1.93703,33.3502,0.498345,1,Normal
10,-1.47986,42.3394,0.481142,-1,Normal
7,-0.333861,50.4599,0.421419,-1,Normal
4,-2.68329,47.0822,0.919586,-1,Warning
20,0.0235841,43.5461,0.417241,1,Normal
4,0.921206,44.6229,0,1,Normal
16,-0.193331,13.2365,0.116749,-1,Normal
18,3.6175,81.9967,0.384629,1,Normal
17,0.592469,18.4045,0.581097,1,Normal
8,-0.442363,60.51,0.423221,-1,Normal
1,0.23579,24.1291,0.294842,1,Normal
13,-0.136691,50.8117,0.105832,-1,Normal
5,0.663038,66.2143,0.0168459,1,Normal
6,0.64743,46.7915,0.382152,1,Normal
8,1.29765,18.1563,0.421206,1,Normal
23,-0.850172,67.0429,0.120635,-1,Normal
9,2.55765,48.8665,0.50135,1,Normal
14,0.00707032,0,0.354909,1,Normal
10,-3.43949,10.7855,1,-1,Warning
10,-0.498557,30.8055,0.137736,-1,Normal
13,-0.585519,16.1193,0,-1,Normal
16,-1.14028,30.9477,0.800441,-1,Warning
2,-0.75259,50.0494,0.176424,-1,Normal
10,0.653667,36.3572,0,1,Normal
12,-0.59849,54.0059,0.342263,-1,Normal
3,0.0352892,22.6588,0.196298,1,Normal
15,0.759844,46.1966,0.100453,1,Normal
21,-0.758579,25.4654,0.301361,-1,Normal
11,0.796226,40.1513,0.27144,1,Normal
21,0.188423,45.4093,0.71428,1,Normal
19,0.493034,35.4977,0,1,Normal
5,-0.30222,38.6821,0.345847,-1,Normal
15,-0.557823,54.1792,0.0402267,-1,Normal
19,-0.286716,77.261,0.21012,-1,Normal
8,-0.201802,23.0755,0.177152,-1,Normal
7,-1.98337,20.2401,0.710685,-1,Warning
17,-0.016694,29.0662,0,-1,Normal
6,-0.387798,55.9547,0.39827,-1,Normal
23,0.780603,36.2497,0.129055,1,Normal
16,-1.30258,89.5836,0.677515,-1,Warning
6,0.952559,30.0784,0,1,Normal
10,3,57.9891,1,1,Warning
1,0.535892,43.3564,0.12534,1,Normal
14,0.605851,54.3614,0.344057,1,Normal
21,-0.436958,13.6283,0.26086,-1,Normal
5,2.25997,72.8701,0.880975,1,Normal
12,-0.184543,44.2574,0.254063,-1,Warning
15,-0.942484,74.5492,0.453363,-1,Normal
12,0.325385,7.87108,0.216411,1,Normal
18,-0.867876,37.0443,0,-1,Normal
2,-0.898503,55.0226,0.254434,-1,Normal
1,0.307799,18.8568,0,1,Normal
19,-1.38424,0,1,-1,Warning
8,0.272649,33.5731,0.531682,1,Normal
2,0.631346,20.0097,0.0237404,1,Normal
0,-2.59114,48.6166,0.592615,-1,Normal
5,0.602313,41.2591,0.514256,1,Normal
11,1.18334,12.652,0.641405,1,Normal
14,0.430609,36.7728,0.0338609,1,Normal
20,-1.86434,31.6503,0.75537,-1,Warning
13,-1.21083,18.817,0.954103,-1,Warning
11,0.825754,42.2841,0.29124,1,Normal
19,-0.746859,4.90338,0.374213,-1,Normal
8,-0.505973,3.93764,0.282913,-1,Normal
3,0.650667,57.697,0.2843,1,Normal
11,-0.125474,2.43252,0.671997,-1,Normal
0,0.289891,44.6622,0,1,Normal
8,-2.96878,34.0967,0.788947,-1,Warning
23,0.800423,47.581,0,1,Normal
10,-0.547318,32.5617,0.417187,-1,Normal
21,2.29571,43.0376,0.897504,1,Normal
21,0.112893,60.841,0.391979,1,Normal
8,3,8.66939,1,1,Warning
2,-3.18616,34.3229,0.613766,-1,Warning
9,-0.522648,22.864,0.286846,-1,Normal
3,-2.55975,6.09177,0.940968,-1,Warning
9,1.14716,38.3601,0.702423,1,Normal
7,0.83022,4.24789,0.455553,1,Normal
13,-0.120364,23.4468,0.698448,-1,Warning
0,2.58048,30.9333,0.79927,1,Normal
5,-1.04404,15.6784,1,-1,Warning
15,-2.65905,48.5787,0.887198,-1,Warning
18,-0.187253,42.8238,0.557754,-1,Normal
13,-0.0162815,11.0139,0.869579,-1,Normal
1,-0.433852,50.3328,0.296106,-1,Normal
6,2.3061,33.2224,0.264517,1,Normal
14,0.264529,52.051,0,1,Normal
22,2.29283,31.5196,0.974065,1,Warning
20,0.0174576,48.9201,0.599828,1,Normal
1,0.145933,26.0328,0.0904135,1,Normal
9,-3.88818,11.6771,0.776607,-1,Warning
2,0.324698,23.4573,0.141357,1,Normal
0,-0.307432,23.4632,0,-1,Normal
8,-3.10821,59.8879,0.475412,-1,Normal
14,1.25448,0,0.536133,1,Normal
1,2.43413,20.0148,0.49573,1,Normal
10,-2.9193,38.7656,0.874196,-1,Normal
9,2.55926,75.86,0.822558,1,Normal
5,0.280255,29.7915,0.149098,1,Normal
17,0.203506,63.0295,0.272513,1,Normal
23,0.0997499,38.7124,0.17244,1,Normal
14,0.142927,7.62579,0.700515,1,Normal
5,-1.85716,36.8488,1,-1,Warning
23,-3.1398,48.1941,0.933943,-1,Warning
13,0.51679,18.9437,0.173054,1,Normal
12,-1.60532,39.2599,1,-1,Warning
17,0.778178,37.8731,0,1,Normal
23,1.68976,11.0414,1,1,Warning
6,-0.260344,43.383,0.477656,-1,Normal
6,0.187701,27.9438,0,1,Warning
16,0.86845,50.9188,0.193198,1,Normal
23,0.193634,50.3463,0.312154,1,Normal
19,-0.0873783,63.1846,0.367921,-1,Normal
12,0.324673,36.3174,0.175325,1,Normal
10,-0.25322,37.1153,0.356309,-1,Normal
13,-0.97168,32.2249,0.284838,-1,Normal
16,-2.42101,58.9521,0.623394,-1,Warning
17,-1.64927,22.6412,0.641878,-1,Warning
3,0.486942,73.6523,0.143625,1,Normal
22,-2.09692,11.3918,1,-1,Warning
12,0.00463207,0.725722,0,1,Normal
16,3.54943,49.0665,0.823152,1,Normal
20,2.42678,75.5815,0.805476,1,Normal
23,-3.21173,21.5812,0.486196,-1,Warning
15,-0.955481,31.6313,0.0145692,-1,Normal
17,-0.190749,71.1187,0.642717,-1,Normal
4,0.0377286,24.9908,0.482601,1,Normal
19,1.21599,30.5326,0.68421,1,Normal
20,-0.849922,55.4509,0.215895,-1,Normal
23,2.59318,21.6706,0.784162,1,Normal
13,-0.0256644,27.1412,0.297564,-1,Normal
18,-1.41257,13.7709,0.530259,-1,Normal
2,-1.95667,43.0808,0.792366,-1,Warning
12,1.54295,57.9354,1,1,Warning
7,-1.72182,24.1663,0.764433,-1,Warning
22,-1.9796,44.3491,1,-1,Warning
15,-1.7259,34.8873,0.671777,-1,Warning
1,0.115628,21.3188,0.836177,1,Normal
23,2.14773,62.4296,0.959408,1,Warning
19,-0.937387,54.8261,0,-1,Normal
9,0.629742,18.8806,0,1,Normal
21,2.52631,0.75256,0.184285,1,Normal
10,0.513159,40.01,0,1,Normal
9,-0.234277,22.7549,0.0676492,-1,Normal
14,-1.04872,66.0117,0.87413,-1,Warning
6,3,6.14964,0.797174,1,Normal
20,0.465316,14.9263,0.233439,1,Normal
9,3,41.1126,0.923967,1,Warning
3,-0.246578,55.0248,0.343871,-1,Normal
12,-0.227251,44.9118,0.0542925,-1,Normal
18,0.383453,25.3781,0.465861,1,Normal
4,-2.38321,26.2673,0.804602,-1,Normal
14,1.30423,25.2723,0.555618,1,Normal
9,-1.31356,61.5187,0.490701,-1,Normal
10,0.400139,38.5803,0.220145,1,Normal
6,2.03934,27.8354,1,1,Warning
2,0.136039,56.2194,0.344289,1,Normal
16,0.612671,23.5669,0,1,Warning
3,-0.809183,34.0328,0.31572,-1,Normal
3,2.72101,32.003,1,1,Warning
3,0.0967548,78.8173,0.28293,1,Normal
4,3,65.7387,0.839517,1,Normal
10,-1.75696,17.1274,0.877579,-1,Warning
0,0.841512,57.0167,0.0587722,1,Normal
21,-0.103779,26.0733,0.363297,-1,Normal
3,-0.636721,39.1541,0.185994,-1,Normal
11,-0.108659,19.2247,0.356165,-1,Normal
2,-0.41597,21.0929,0.176163,-1,Normal
16,-0.181364,70.6862,0,-1,Normal
11,0.394773,3.40126,0.0205805,1,Normal
2,-3.86758,45.6842,0.875279,-1,Warning
14,-2.18043,44.2463,0.79506,-1,Warning
23,1.20501,67.665,0.908263,1,Normal
15,0.269901,62.7822,0,1,Normal
2,0.254881,9.93407,0.852237,1,Normal
23,0.23148,19.3612,0.560754,1,Normal
11,0.306911,37.7561,0.147266,1,Normal
10,-0.737889,54.4649,0.0427962,-1,Warning
16,-2.44453,51.9811,1,-1,Warning
16,0.660492,38.4185,0.364674,1,Normal
19,-0.316006,47.3972,0.4859,-1,Normal
17,-1.16847,7.44376,0.99061,-1,Warning
7,-0.0430439,24.8832,0.381317,-1,Normal
12,-0.90644,30.3597,0.307476,-1,Normal
17,0.770011,45.8395,0.189696,1,Warning
9,-0.681689,37.371,0.10277,-1,Normal
15,0.46922,20.5698,0.238982,1,Normal
14,-2.4446,31.2244,0.646809,-1,Warning
15,-1.6624,82.8284,0.306403,-1,Normal
1,-2.152,13.774,1,-1,Warning
22,-0.622027,18.5497,0.70419,-1,Warning
14,-1.87636,79.0137,0.856451,-1,Warning
12,-0.0719892,72.1843,0.492364,-1,Normal
15,0.0667616,39.8463,0,1,Normal
19,-3.40607,46.2549,1,-1,Warning
23,0.988677,52.8385,0.631952,1,Normal
20,-2.76341,20.0441,0.717783,-1,Warning
4,-0.134448,37.1434,0,-1,Normal
5,2.68668,31.5446,0.457854,1,Normal
4,-2.74819,43.1888,0.724282,-1,Warning
23,-0.123585,76.1032,0.623822,-1,Normal
21,-1.15118,30.1812,0.695607,-1,Warning
18,-0.520721,30.0069,0,-1,Normal
17,0.307617,10.4068,0.24503,1,Normal
19,2.72341,32.2767,0.532991,1,Normal
23,0.712673,49.9773,0.278572,1,Normal
21,0.682153,55.4804,0.464771,1,Normal
16,-0.235318,50.3653,0.178545,-1,Normal
6,-2.45869,15.0919,1,-1,Warning
1,1.93995,25.4578,0.601868,1,Normal
7,1.80805,5.80861,0.741822,1,Normal
21,-0.645742,44.3639,0.642169,-1,Warning
3,0.147315,44.058,0.24171,1,Normal
12,0.498889,16.7349,0,1,Normal
9,0.547453,56.7375,0,1,Normal
17,0.0660419,31.1376,0.0793199,1,Normal
8,1.71613,49.3192,0.851964,1,Normal
1,1.32105,68.9057,1,1,Normal
23,0.36619,9.43682,0,1,Normal
12,2.47187,13.1966,0.471721,1,Normal
23,0.820642,25.8454,0.235846,1,Normal
12,-0.430886,53.8801,0.109882,-1,Normal
10,-1.74644,47.7806,0.544748,-1,Normal
10,0.173691,62.2838,0.0242854,1,Normal
21,0.264794,20.3306,0.485379,1,Normal
16,1.01606,43.3103,0.486784,1,Normal
21,0.806303,24.3049,0.185577,1,Normal
3,0.479886,66.0988,0.424115,1,Normal
3,-0.289698,89.5223,0.189854,-1,Normal
4,-0.890362,19.2887,0,-1,Normal
1,0.63683,43.134,0,1,Normal
10,-0.206067,46.6681,0.264665,-1,Normal
14,-0.703053,25.8993,0,-1,Normal
13,2.48906,29.7405,0.721452,1,Normal
3,-0.275631,17.6735,0,-1,Normal
8,0.276991,25.9956,0.261807,1,Normal
15,-2.20042,30.8114,0.792273,-1,Warning
11,0.839581,18.5241,0.494904,1,Normal
13,2.51721,38.3331,0.594493,1,Normal
23,1.11504,51.1196,0.660632,1,Normal
7,-1.44696,39.6688,0.76581,-1,Warning
8,-0.975827,8.50737,0.10548,-1,Normal
15,-0.245353,29.7071,0.300918,-1,Normal
19,-0.293047,32.8251,0,-1,Normal
21,-2.12289,13.3935,0.564556,-1,Normal
4,-0.527255,24.1835,0.18708,-1,Normal
18,0.519461,50.8719,0,1,Normal
10,1.56009,65.6456,0.477999,1,Normal
18,-0.480992,6.47259,0.322765,-1,Normal
14,-0.411701,45.272,0,-1,Normal
2,-2.17276,37.3978,0.638011,-1,Warning
7,-0.890074,20.1513,0.139264,-1,Normal
11,0.669797,37.546,0.292896,1,Normal
6,0.859776,46.638,0.468419,1,Normal
17,2.99642,27.4558,1,1,Warning
5,0.430281,79.4838,0.140679,1,Normal
10,2.08581,44.6756,0.663098,1,Normal
22,-0.708639,10.2133,0.409664,-1,Normal
14,-1.41674,38.5872,0.889602,-1,Warning
13,0.95995,48.5713,0.331534,1,Normal
10,1.05074,35.7219,0.676077,1,Normal
18,0.94631,59.6097,0.294071,1,Normal
3,0.460648,14.1995,0.488805,1,Normal
17,-0.367234,39.6874,0.286388,-1,Normal
3,0.922535,31.0619,0.656323,1,Warning
4,-3.16316,39.3674,0.616163,-1,Warning
8,-3.25433,53.1179,0.558073,-1,Normal
17,-1.92371,34.4074,0.879767,-1,Warning
8,-0.915531,53.4265,0.440708,-1,Normal
13,-0.993392,44.2435,0,-1,Normal
4,-1.70203,41.8522,0.772882,-1,Warning
0,-0.516419,0,0.262814,-1,Normal
3,0.517516,43.9475,0.486739,1,Normal
3,-0.672411,41.033,0.0931333,-1,Normal
23,-0.388408,49.256,0.197824,-1,Normal
0,-0.0147992,18.5001,0.451446,-1,Normal
9,-1.82346,59.6323,0.512393,-1,Normal
23,-3.92564,26.1487,0.635308,-1,Warning
6,-2.25884,4.57568,0.488633,-1,Normal
11,0.380556,12.1177,0.357759,1,Normal
10,-1.17216,37.0772,1,-1,Warning
8,0.410178,13.9367,0.401554,1,Normal
13,3.11216,40.4023,0.905001,1,Warning
22,-2.08462,0,0.798986,-1,Warning
22,-0.568294,22.9524,0.139299,-1,Normal
6,0.748692,35.7512,0.31337,1,Normal
12,-2.43723,13.207,0.428163,-1,Normal
8,-0.00267732,43.7266,0.131587,-1,Normal
20,0.937711,20.1629,1,1,Normal
7,-0.422467,26.8774,0.306696,-1,Normal
14,2.5876,79.8008,0.738078,1,Normal
13,-1.18947,40.5355,0.940644,-1,Warning
3,1.2144,19.348,0.838198,1,Normal
19,0.412632,76.5238,0.575952,1,Normal
13,2.27561,37.2139,0.738751,1,Normal
7,1.91691,22.8868,0.670832,1,Normal
18,2.89492,28.3986,0.651173,1,Normal
9,-0.265241,19.2111,0.565218,-1,Normal
7,-2.239,42.3994,0.674215,-1,Warning
21,-0.609306,56.3677,0.0293985,-1,Normal
2,0.0406648,36.3298,0.390285,1,Normal
5,-1.53659,0,1,-1,Normal
2,-0.788273,71.0141,0.360865,-1,Normal
9,-1.79581,23.992,0.600928,-1,Warning
7,0.0386024,30.398,0,1,Normal
8,0.524757,75.0219,0.570785,1,Normal
14,-0.0591406,24.9041,0.278992,-1,Normal
15,1.55188,6.92387,0.943614,1,Warning
21,0.374234,19.4521,0.323295,1,Normal
12,-2.16516,67.0303,0.669813,-1,Warning
8,0.0628039,20.084,0.25699,1,Normal
17,-1.3932,35.1823,0.848166,-1,Warning
5,3,59.9927,1,1,Warning
1,-2.58344,10.3865,0.458397,-1,Normal
2,1.40276,33.3345,1,1,Normal
9,-0.588824,30.8097,0.791667,-1,Warning
15,-0.260046,19.0952,0,-1,Normal
6,2.58131,0,0.671773,1,Normal
20,3.2811,26.7941,1,1,Warning
2,-0.182344,21.4766,0.890601,-1,Normal
3,-0.219924,50.2816,0.481234,-1,Normal
0,1.0018,64.6635,0.608469,1,Normal
21,0.153307,34.1227,0.314803,1,Normal
20,-0.550392,27.503,0.389188,-1,Normal
22,-0.852015,44.6798,0.41854,-1,Normal
15,3.56077,73.9605,1,1,Warning
11,0.655489,15.7249,0.229184,1,Normal
6,0.295796,8.96845,0.394533,1,Normal
11,1.91525,66.3778,0.776925,1,Normal
11,2.16583,47.3945,0.846324,1,Normal
13,-0.0812202,17.5387,0.503552,-1,Normal
17,0.447675,20.0791,0.195122,1,Normal
0,0.093743,16.9786,0.459553,1,Normal
0,-0.199778,30.3876,0.468348,-1,Normal
13,-0.167675,63.1063,0,-1,Normal
8,0.35647,53.0716,0,1,Normal
1,1.37869,8.03465,1,1,Normal
14,-1.99551,72.1492,0.955239,-1,Warning
13,-0.0812844,22.319,0.175345,-1,Normal
12,0.175631,39.1828,0.398602,1,Normal
14,-2.90319,40.9593,0.6317,-1,Warning
19,0.0500809,59.3928,0.0653928,1,Normal
4,-1.65516,74.1514,0.831938,-1,Warning
8,0.00550759,28.2622,0.231817,1,Warning
14,0.497392,26.8049,0.182282,1,Normal
0,0.449501,27.3036,0.125244,1,Normal
19,-0.597438,58.4408,0.476989,-1,Normal
16,-1.96909,34.3553,0.822519,-1,Warning
21,-0.437925,29.5539,0.0498529,-1,Warning
4,-1.52585,33.8745,0.509267,-1,Normal
16,0.0767034,38.2207,0.0970897,1,Normal
10,-0.367216,18.1641,0.0301406,-1,Normal
14,-0.988555,36.7508,0,-1,Warning
12,-1.12199,37.969,1,-1,Warning
18,0.333573,12.2999,0.527915,1,Normal
21,0.422922,17.2113,0.434777,1,Normal
7,3,35.3501,1,1,Warning
8,-0.389106,34.0672,0.0986001,-1,Normal
21,-0.531667,44.6386,0.303894,-1,Normal
1,0.708644,74.2981,0.280074,1,Normal
13,0.0558155,50.6505,0.826703,1,Normal
8,2.72914,38.3264,0.889261,1,Normal
4,1.48416,37.5923,0.665118,1,Normal
13,-2.26928,15.9775,0.924835,-1,Warning
16,0.531314,18.1835,0.335172,1,Normal
23,0.560458,38.6458,0.26702,1,Normal
18,0.630002,62.5787,0.333047,1,Normal
16,-0.106341,52.7723,0.0594743,-1,Normal
23,-0.0812885,25.6276,0.446813,-1,Normal
21,-0.263328,36.2166,0.449398,-1,Normal
13,-1.80063,41.1064,0.962242,-1,Warning
4,-0.920929,24.7853,0.346067,-1,Normal
6,-2.04229,23.8334,0.714204,-1,Warning
14,0.348845,22.5058,0.12871,1,Normal
5,1.27456,30.9723,0.345986,1,Normal
16,-2.3797,32.4036,0.858013,-1,Warning
21,-0.711889,60.2128,0.38624,-1,Normal
1,3,44.6866,0,1,Normal
22,-0.651827,6.05057,0.403405,-1,Normal
3,-1.22174,47.1309,0.332781,-1,Normal
18,-3.66494,13.1382,0.845621,-1,Warning
5,0.218475,25.8944,0.228869,1,Normal
9,0.803708,0,0,1,Normal
13,1.82004,7.9849,0.959136,1,Warning
14,0.223048,25.7354,0.271263,1,Normal
19,1.16554,33.6987,0.540329,1,Normal
10,0.451579,26.7214,0,1,Normal
19,-0.25285,0,0,-1,Normal
16,-0.0961871,49.315,0,-1,Normal
23,-2.0836,27.039,0.343138,-1,Normal
17,-0.570262,6.10566,0.583008,-1,Normal
5,-0.506628,0,0.329843,-1,Normal
15,1.4737,26.0319,0.879966,1,Normal
22,-0.651517,41.4359,0.0136776,-1,Normal
13,-1.95693,69.3547,0.98241,-1,Warning
7,0.674136,30.3251,0.120089,1,Normal
17,-3.48231,62.0354,0.727952,-1,Warning
0,-0.166622,9.43023,0.500892,-1,Warning
2,-0.743024,54.2803,0.207341,-1,Normal
23,0.0282164,63.6465,0.229655,1,Normal
2,-0.50664,22.3915,0.569007,-1,Normal
3,-0.842507,25.9789,0.621694,-1,Warning
3,1.08726,12.3899,0.674795,1,Normal
1,3,64.2195,0.568912,1,Normal
20,0.222458,0,0.0621674,1,Normal
7,-2.60075,57.3798,0.768178,-1,Warning
18,2.46047,27.3721,0.822775,1,Normal
11,2.95937,23.3949,0.649845,1,Normal
12,-0.214086,38.5497,0.275957,-1,Normal
22,0.88863,40.7915,0.105339,1,Normal
20,-1.37106,16.8258,0.506193,-1,Normal
14,0.668687,33.3302,0.593022,1,Normal
16,0.0418958,32.7451,0.8957,1,Warning
14,-2.86798,38.5517,1,-1,Warning
18,0.353393,14.3372,0.360319,1,Normal
1,0.764252,48.1511,0.235455,1,Normal
8,-0.808546,9.01298,0.376445,-1,Normal
14,-0.072708,39.7735,0.530099,-1,Normal
20,-3.43964,23.8968,0.904813,-1,Warning
7,-2.84743,35.9784,0.920626,-1,Warning
2,-2.38868,8.89773,0.397684,-1,Normal
12,-0.313536,22.4167,0.132191,-1,Normal
6,0.256703,63.2846,0.288676,1,Normal
12,0.102653,46.8338,0.0438993,1,Normal
0,-0.479201,32.8376,0.0306439,-1,Normal
8,0.253541,15.2145,0,1,Normal
0,-1.22908,28.3711,0.534756,-1,Normal
14,-2.6622,18.4281,0.604019,-1,Warning
6,-1.56168,45.7763,0.641609,-1,Warning
0,-2.0268,84.9694,0.561389,-1,Normal
17,3.11599,61.2733,0.270557,1,Normal
11,2.2343,46.2743,0.820982,1,Normal
12,0.95373,64.1928,0,1,Normal
23,0.75779,13.9715,0.273847,1,Normal
16,0.08541,26.899,0.328808,1,Normal
4,-0.718717,0.29664,0.352803,-1,Normal
21,3.3273,37.7348,0.515864,1,Warning
19,-0.202477,27.0281,0.227389,-1,Normal
14,0.604863,20.982,0,1,Normal
7,2.40327,24.2321,0.7001,1,Normal
14,1.58462,5.49073,0.660766,1,Normal
10,-0.786834,42.1331,0.434739,-1,Normal
15,-2.76258,26.8978,0.602448,-1,Warning
23,-0.0989909,55.2327,0.174384,-1,Normal
23,-0.757574,8.34022,0.489507,-1,Normal
19,-0.916456,58.4804,0,-1,Warning
14,0.419147,28.6727,0.140871,1,Normal
19,-2.94261,16.57,0.606055,-1,Warning
22,-1.71773,38.4158,1,-1,Warning
6,-0.366008,11.1612,0.470608,-1,Normal
12,0.0389818,56.2512,0.431785,1,Normal
12,-3.0579,67.2015,1,-1,Warning
1,-0.798271,23.3023,0.311543,-1,Normal
0,2.99446,35.8428,0.638808,1,Normal
23,-1.16157,45.4023,0.628323,-1,Warning
0,-1.88173,39.7065,0.685603,-1,Warning
21,2.41946,16.113,1,1,Warning
5,0.444375,8.20547,0,1,Normal
3,0.644852,15.3374,0.383546,1,Normal
7,0.505908,42.0764,0.22537,1,Normal
3,2.86529,54.673,0.65063,1,Normal
0,0.269555,43.4117,0,1,Normal
3,-0.0438429,6.52836,0.751906,-1,Normal
21,1.25474,48.7303,0.496881,1,Normal
17,-1.63401,40.6379,0.734466,-1,Warning
3,-0.442721,77.7107,0.380765,-1,Normal
8,3,3.94604,0.272754,1,Normal
15,0.653902,28.3649,0.156464,1,Normal
17,0.810768,43.6801,0.138003,1,Normal
10,0.484595,4.13894,0,1,Normal
21,0.362566,65.6678,0,1,Normal
12,0.78186,30.2266,0.343132,1,Normal
4,0.0728528,0,0.0597932,1,Normal
19,-1.57027,3.30208,0.821471,-1,Warning
18,1.23844,54.5608,1,1,Normal
17,-0.352806,10.6956,0.398139,-1,Normal
16,-0.0397552,30.0631,0.110994,-1,Normal
0,-1.34405,16.2545,0.466551,-1,Normal
1,-2.29932,57.8021,1,-1,Warning
8,3,8.88496,0.702889,1,Normal
9,0.863265,65.3718,0.364103,1,Normal
9,-0.0796019,27.3517,0.174774,-1,Normal
19,0.7241,31.1594,0.70901,1,Normal
5,-2.8326,0,1,-1,Normal
17,-1.47132,65.9179,0.84051,-1,Warning
15,-4.02271,3.88183,0.840485,-1,Warning
21,0.461493,26.7354,0.622562,1,Normal
15,-0.49056,27.6827,0.236397,-1,Normal
8,3,51.5137,0.987397,1,Warning
18,-0.316699,25.1201,0,-1,Normal
5,-0.231624,32.9594,0.331915,-1,Normal
14,-1.38356,34.4071,0.407983,-1,Normal
19,-2.40521,33.7524,0.583228,-1,Normal
15,0.609771,41.1496,0,1,Normal
19,-1.48921,20.509,0.769697,-1,Warning
13,2.7455,44.9592,0.757158,1,Normal
1,-0.285437,49.0871,0.176227,-1,Normal
10,0.259451,61.7575,0.405988,1,Normal
10,0.423289,56.0041,0.0859944,1,Normal
9,0.671588,58.6665,0.824443,1,Normal
1,0.297319,33.8596,0.0324666,1,Normal
13,0.00590067,44.7647,0.158184,1,Normal
15,-0.147964,22.9982,0.310075,-1,Normal
20,-4.23221,38.0671,0.821425,-1,Warning
7,0.311896,67.1727,0.552477,1,Normal
15,1.80116,59.7224,0.837236,1,Normal
17,-0.48516,8.58102,0.563876,-1,Normal
6,-2.20888,26.9546,0.973754,-1,Warning
11,-1.57038,26.9027,0.848576,-1,Warning
11,-0.109342,54.4394,0.696321,-1,Normal
13,0.873985,0,0.112704,1,Normal
2,0.589376,0,0.247864,1,Normal
10,0.691267,0,0.136138,1,Normal
19,-0.900818,44.077,0.280415,-1,Normal
19,2.24001,33.9457,0.394413,1,Normal
17,0.898291,12.8599,0.534513,1,Normal
14,3.16265,52.6672,1,1,Warning
1,-0.0931885,15.9706,0.15989,-1,Normal
20,-0.370947,48.7916,0.344147,-1,Normal
2,0.435958,3.94984,0.54787,1,Normal
4,-0.119125,34.8528,0.246085,-1,Normal
3,0.338954,84.7094,0.511254,1,Normal
15,-2.14606,20.8357,1,-1,Warning
7,-2.50632,56.3973,0.486561,-1,Normal
18,0.471606,34.0627,0.149826,1,Normal
0,-1.51412,38.8307,0.695621,-1,Warning
20,-0.0430424,50.8397,0.196648,-1,Normal
8,-0.0607782,38.6429,0,-1,Normal
14,1.28949,13.7397,0.490555,1,Normal
17,-1.92467,25.6275,0.480318,-1,Normal
8,3,40.2877,0.76466,1,Normal
16,1.20309,40.0476,1,1,Normal
4,0.148541,48.3843,0.153046,1,Normal
20,-0.144595,53.6283,0.0536628,-1,Normal
2,-0.0566693,52.4521,0,-1,Normal
4,-0.0914477,27.9273,0.0537964,-1,Normal
18,-0.337312,64.7064,0.423481,-1,Normal
21,-1.40504,41.6281,1,-1,Normal
21,1.08344,32.5594,0.882189,1,Warning
11,-1.1683,34.1451,0.968497,-1,Warning
18,0.148815,27.3399,0.414575,1,Normal
7,0.752176,12.5882,0,1,Warning
15,0.95635,57.9486,0.402925,1,Normal
13,-1.87285,13.8265,1,-1,Warning
18,3.21804,29.985,1,1,Warning
11,-1.09282,31.2313,0.468626,-1,Warning
1,0.0750151,41.5038,0,1,Normal
9,-1.14458,72.4716,1,-1,Warning
12,-3.35642,31.5052,0.846575,-1,Warning
5,1.34972,3.29933,0.540657,1,Normal
12,-1.43159,26.7666,0.870307,-1,Warning
14,0.192517,38.4832,0,1,Normal
13,0.400221,64.6939,0.338133,1,Normal
14,-0.251108,31.0526,0.557248,-1,Normal
15,-0.933076,59.5417,0,-1,Normal
3,-1.42516,30.5542,0.902555,-1,Warning
12,0.287605,38.4969,0.313026,1,Normal
0,-2.77071,43.5786,0.778145,-1,Warning
23,-0.583022,31.7181,0.551621,-1,Normal
15,-0.500625,49.5865,0.506315,-1,Normal
17,0.679145,40.0744,0.281356,1,Normal
3,2.10289,55.5095,0.841913,1,Normal
19,0.763339,22.1152,0,1,Normal
23,0.130631,3.246,0.466436,1,Normal
11,2.4235,42.0149,0.844373,1,Normal
17,-0.375338,26.5487,0.261239,-1,Normal
4,-3.03582,20.0931,0.403871,-1,Normal
16,-1.11708,32.1161,0.770536,-1,Warning
11,-0.0551863,56.2184,0.532228,-1,Normal
8,0.864199,11.0041,0.267139,1,Normal
16,0.293091,25.1723,0.309365,1,Normal
3,-4.23987,45.0463,0.37089,-1,Normal
19,-0.452581,10.993,0.604016,-1,Warning
15,-0.418636,24.3214,0.255474,-1,Normal
5,2.68893,53.3806,0.707313,1,Normal
2,0.113434,19.3214,0.623764,1,Normal
21,0.384269,41.1417,0.342533,1,Normal
0,0.413868,42.6708,0,1,Normal
20,2.15726,84.1644,1,1,Warning
22,-0.100556,22.6687,0.444394,-1,Normal
10,0.97906,41.6795,0.00327996,1,Normal
14,-0.982777,38.0682,0.193694,-1,Normal
1,-0.0602517,15.6387,0,-1,Normal
15,-0.100789,50.9448,0.216204,-1,Normal
0,-2.26617,23.1108,0.537574,-1,Normal
17,-0.171779,40.9902,0.0941076,-1,Normal
1,-3.59603,47.6698,0.635645,-1,Warning
5,3,20.2524,0.733542,1,Normal
10,2.36839,26.0959,0.476952,1,Normal
19,0.500004,32.1282,0.220064,1,Normal
11,-2.76966,15.4135,0.887623,-1,Warning
19,1.72021,25.1488,0.815508,1,Normal
4,-0.604827,33.9564,0,-1,Normal
19,1.34504,56.4177,0.820705,1,Normal
0,3,19.0733,1,1,Warning
16,-0.138628,33.0152,0.174504,-1,Normal
18,2.30811,7.8708,0.418709,1,Normal
11,-1.25632,28.3243,0.453728,-1,Normal
15,1.04175,64.2334,1,1,Normal
9,0.0743941,34.1848,0,1,Normal
9,-0.649598,50.7244,0.650251,-1,Warning
17,2.3526,57.4051,0.630606,1,Normal
23,0.94906,49.9046,0.821893,1,Normal
6,-2.21572,23.1547,0.540534,-1,Normal
2,-4.55825,77.6833,1,-1,Warning
6,-2.33749,39.7745,0.713052,-1,Warning
21,0.273509,0,0.323692,1,Normal
13,-0.231905,31.9439,0.260946,-1,Normal
7,-2.76612,37.4838,0.681691,-1,Warning
14,-0.152441,36.5692,0.0319533,-1,Normal
19,0.406447,40.9365,0.311878,1,Normal
0,0.431288,36.5443,0.494885,1,Normal
10,0.0571537,33.8918,0.513876,1,Normal
0,-0.0709069,27.2755,0.483931,-1,Normal
17,0.711534,39.7989,0,1,Normal
20,-0.576352,27.6368,0,-1,Normal
1,0.265267,43.0175,0.301237,1,Normal
23,-1.83829,44.0592,0.406346,-1,Normal
16,0.392383,52.2273,0.421089,1,Normal
3,1.41099,62.682,0.761749,1,Normal
2,-0.387941,20.8318,0.0175174,-1,Normal
21,-0.177138,46.2785,0.0278779,-1,Normal
13,0.25409,53.8897,0,1,Normal
9,-3.03038,25.9644,0.822973,-1,Warning
6,-0.626171,36.5604,0.02355,-1,Normal
1,0.22324,34.0172,0.488238,1,Normal
10,0.770688,28.3449,0.129926,1,Normal
8,-1.2533,35.5007,0.83196,-1,Warning
12,0.163266,30.2259,0.683128,1,Normal
2,-1.38945,11.9655,1,-1,Warning
9,2.73976,59.2288,1,1,Warning
21,2.1359,33.4924,1,1,Warning
22,-0.149261,10.3978,0.404012,-1,Normal
3,-1.95894,30.4694,0.535939,-1,Normal
6,0.102555,41.3231,0.257717,1,Normal
13,1.46958,39.4888,1,1,Normal
3,-0.685673,28.8693,0.456618,-1,Normal
13,-2.31228,1.40764,0.751942,-1,Normal
6,0.421135,53.3848,0,1,Normal
13,0.384775,46.7014,0.0685304,1,Normal
19,0.401603,27.7026,0.131183,1,Normal
20,1.24749,49.2971,0.582482,1,Normal
8,-2.57447,28.0269,1,-1,Warning
1,-0.449616,35.0742,0.674181,-1,Warning
22,0.0701544,34.4488,0.587591,1,Normal
5,-2.36103,0,0.816104,-1,Warning
7,0.01556,54.9628,0.30463,1,Normal
19,0.406926,50.3495,0.488934,1,Normal
1,-0.90484,21.4509,0.175177,-1,Normal
21,-3.49676,13.1086,0.599731,-1,Normal
6,-1.99026,38.9917,0.847405,-1,Warning
9,-2.1671,13.0165,0.94762,-1,Warning
6,-2.7245,32.7602,0.255867,-1,Normal
11,-1.26372,16.5505,0.649343,-1,Normal
17,1.73678,46.4274,1,1,Warning
8,1.77732,43.6205,0.227185,1,Normal
2,0.744213,34.5921,0.310262,1,Normal
11,-2.147,30.7348,0.762382,-1,Warning
2,-0.18032,19.7064,0.383131,-1,Normal
19,1.2942,29.6309,0.206085,1,Normal
15,1.40945,26.8946,0.720735,1,Normal
2,-0.803219,93.3492,0,-1,Normal
23,-0.654892,35.7932,0.252352,-1,Normal
21,0.19792,0,0.159062,1,Normal
9,0.274505,42.8276,0.514865,1,Normal
7,0.669913,48.4788,0.404416,1,Normal
2,0.227834,10.7319,0.394432,1,Normal
19,-0.136426,25.4347,0.484216,-1,Normal
3,2.1615,49.3843,0.816037,1,Normal
6,-1.10008,23.2506,0.827576,-1,Warning
3,-0.299557,0.926621,0.694128,-1,Normal
1,-0.471324,48.09,0.344461,-1,Normal
17,-0.218535,41.8826,0.1609,-1,Normal
1,0.836897,76.3394,0.291177,1,Normal
0,3,39.0512,0.385927,1,Normal
11,2.97726,46.6384,0.777673,1,Normal
20,-1.8812,22.1209,0.59474,-1,Normal
12,-0.825333,66.6305,0.307861,-1,Normal
14,0.654107,45.3237,0.244023,1,Normal
7,-0.144259,43.1208,0.0421271,-1,Normal
15,0.661448,42.6422,0.421273,1,Normal
20,-1.41683,63.9922,0.819468,-1,Warning
13,-0.428598,74.1951,0.0832791,-1,Normal
3,0.0460804,36.1168,0.481995,1,Normal
13,-0.10974,0,0.547842,-1,Normal
13,0.21264,87.8,0.30488,1,Normal
12,-0.94523,17.1253,0.187301,-1,Normal
5,0.298692,85.3251,0.423321,1,Normal
16,0.527858,42.9468,0.280729,1,Normal
11,-0.0637046,41.795,0.44121,-1,Normal
12,-0.476259,20.2761,0,-1,Normal
5,-0.109803,40.7142,0.198093,-1,Normal
0,0.719131,33.9901,0.180213,1,Normal
9,0.582026,56.5886,0.153779,1,Normal
8,2.73797,33.5553,0.7223,1,Normal
6,1.44126,29.9764,0.39623,1,Normal
18,-1.45909,30.8757,0.598587,-1,Normal
19,-0.6831,33.4974,0.108311,-1,Normal
17,-1.85947,20.9759,0.828614,-1,Warning
12,0.876424,19.988,0,1,Normal
9,0.956955,46.6853,0.315209,1,Normal
18,0.0533489,75.0367,0.365686,1,Normal
15,3.48821,34.0856,0.594831,1,Normal
18,1.85589,44.8186,1,1,Warning
19,0.343262,45.4019,0.0290354,1,Normal
11,0.649031,44.7638,0.363489,1,Warning
21,2.82788,43.2705,0.552328,1,Warning
8,-0.212315,27.2163,0.262354,-1,Normal
0,0.504324,12.2401,0.193525,1,Normal
22,-0.977172,44.6056,0.138762,-1,Normal
5,-0.439899,52.7994,0,-1,Normal
2,0.0422395,28.7999,0.39713,1,Normal
21,-2.24154,34.1236,0.445931,-1,Normal
4,0.549868,53.7308,0.244604,1,Normal
18,-0.704367,58.7493,0.481713,-1,Normal
12,-2.51603,15.5658,0.718685,-1,Warning
8,0.103301,70.8928,0.192989,1,Normal
13,-0.309553,27.4058,0.631494,-1,Warning
15,1.19113,43.018,0.845237,1,Normal
4,0.942593,34.2089,0.474803,1,Normal
2,0.211868,45.0839,0.634821,1,Normal
8,-0.560334,31.45,0.556487,-1,Normal
22,-1.2246,0,0.915929,-1,Warning
7,-0.657072,25.9801,0.0511502,-1,Normal
18,0.664567,25.8849,0.201486,1,Normal
16,-0.737136,16.6135,0.372761,-1,Normal
3,-0.221491,43.8552,0.599799,-1,Normal
9,-0.657709,8.78838,0.110764,-1,Normal
11,2.90719,77.9597,0.628919,1,Normal
20,2.44461,25.2209,0.634374,1,Normal
4,-2.55678,11.4442,0.567342,-1,Normal
23,-0.540757,33.9206,0.565745,-1,Normal
23,-0.0482317,13.6713,0.0179064,-1,Normal
16,-1.62119,56.2642,1,-1,Warning
15,0.867671,51.6401,0.552067,1,Normal
23,-0.444969,0,0.453068,-1,Normal
6,-2.33155,32.2015,0.844935,-1,Warning
12,2.21201,28.3058,0.648723,1,Warning
19,0.357306,20.8281,0.334031,1,Normal
10,-0.682433,2.10858,0.199076,-1,Normal
9,-0.100177,37.4356,0.456636,-1,Normal
9,0.278417,7.282,0.515651,1,Normal
20,3.24202,50.0319,0.940407,1,Warning
10,0.792404,37.9412,0.509224,1,Normal
16,-1.90273,21.8919,0.961957,-1,Warning
12,1.18505,55.3608,0.553791,1,Normal
11,3,42.1928,0.728568,1,Warning
15,-1.84052,42.2634,0.593468,-1,Normal
1,-0.446261,27.0508,0.799533,-1,Warning
19,-1.6617,4.2909,0.665737,-1,Warning
16,-0.491098,1.61235,0.623346,-1,Warning
15,-0.696945,24.8127,0.256929,-1,Normal
23,-1.36098,54.4184,1,-1,Warning
18,-0.449105,39.5787,0,-1,Normal
20,0.0997688,47.9187,0.0408035,1,Normal
10,-3.64399,37.5478,0.969705,-1,Warning
4,-2.41629,78.9985,0.434736,-1,Normal
3,-0.679554,16.3791,0,-1,Normal
6,-2.53481,62.1636,0.687229,-1,Warning
13,-0.187934,24.39,0.218974,-1,Normal
14,-3.66863,38.7525,0.467215,-1,Normal
15,1.01483,47.3369,0.419641,1,Normal
7,-0.474163,7.55532,0.13925,-1,Normal
8,-0.795873,22.5399,0.433268,-1,Normal
1,-0.157062,36.6171,0,-1,Normal
12,-2.07207,57.3019,0.817496,-1,Warning
21,-0.0317425,36.7572,0,-1,Normal
0,-0.221667,46.7343,0.353138,-1,Normal
19,-0.400068,61.1667,0,-1,Normal
13,-0.270601,29.5901,0.19721,-1,Normal
21,1.10881,37.431,0.848752,1,Normal
15,-1.30342,47.9263,1,-1,Warning
16,-2.41672,12.2625,0.497137,-1,Normal
3,2.998,8.82682,0.95673,1,Warning
6,-0.577059,68.2449,0,-1,Normal
20,-0.523625,41.4473,0.82668,-1,Warning
22,3.48526,70.298,0.675851,1,Normal
3,0.399263,23.2129,0.122965,1,Normal
22,1.105,42.0386,0.639572,1,Normal
20,-1.17842,22.5064,0.510654,-1,Normal
6,0.350024,51.3082,0.349487,1,Normal
22,-0.362267,46.3658,0.431697,-1,Normal
8,0.385489,74.7808,0.274195,1,Normal
23,3.09675,33.6749,0.738217,1,Normal
1,0.40307,29.8306,0.757416,1,Normal
16,-0.0215429,62.6278,0.251304,-1,Normal
18,-0.402518,40.7396,0.318928,-1,Normal
0,-0.86923,26.5823,0.17603,-1,Normal
9,-2.58565,32.9601,1,-1,Warning
21,2.00305,27.788,0.612479,1,Normal
18,0.668536,45.0051,0.417777,1,Normal
6,-1.80948,18.7651,0.634493,-1,Warning
4,-0.74136,29.603,0,-1,Normal
6,1.44005,38.7845,0.656325,1,Normal
3,-2.39781,44.8864,0.628455,-1,Warning
12,2.61938,31.3506,0.81281,1,Normal
1,-3.11489,11.1455,0.539869,-1,Normal
4,3,38.6501,0.881935,1,Normal
14,-0.725882,31.3692,0.137178,-1,Normal
23,1.21823,43.9761,1,1,Normal
23,-1.38282,41.9546,0.784632,-1,Warning
14,-2.95222,17.9138,0.59898,-1,Normal
16,-0.83674,63.2708,0.448012,-1,Normal
19,-0.59571,23.2356,0.216268,-1,Normal
9,-0.303674,32.1446,0.427717,-1,Normal
2,-0.139367,0,0.0944975,-1,Normal
17,-0.137142,13.3263,0.590284,-1,Normal
11,0.784846,46.3709,0.125626,1,Normal
17,1.02872,65.5513,0.610671,1,Normal
5,1.54752,67.0268,0.491333,1,Normal
3,0.690814,34.35,0.368427,1,Normal
9,0.716539,25.3517,0,1,Normal
5,-2.37863,34.6625,0.883823,-1,Warning
21,0.201681,18.1346,0.381985,1,Normal
15,0.865389,60.4425,0.106506,1,Normal
12,1.28911,39.8361,0.58363,1,Normal
12,2.94396,24.6028,0.669876,1,Normal
22,0.967847,63.5838,0.447383,1,Normal
14,-1.19874,47.863,0.787626,-1,Warning
9,-0.771347,58.6941,0.272399,-1,Normal
5,1.23089,13.2387,0.60778,1,Normal
13,3.78041,44.821,0.913812,1,Warning
7,3,42.5009,0.485973,1,Warning
20,-0.373727,33.826,0.0542189,-1,Normal
14,-0.633674,53.948,0.288123,-1,Normal
20,-0.656799,35.1793,0.395476,-1,Normal
12,-2.17586,37.455,0.764785,-1,Warning
20,-0.164451,37.3512,0.280203,-1,Normal
19,-0.638149,62.4976,0.199137,-1,Normal
0,-0.92376,32.9136,0.0764328,-1,Normal
21,-0.832731,50.2713,0.274086,-1,Normal
12,2.29459,50.2864,1,1,Warning
10,1.11654,39.6396,0.434248,1,Normal
0,0.986928,45.7925,0.0399851,1,Normal
19,0.480965,40.1353,0.0584741,1,Normal
3,0.297491,26.176,0.764588,1,Normal
7,-0.572172,46.0132,0.164834,-1,Normal
16,1.88827,19.4258,0.516365,1,Normal
1,-0.150337,50.2614,0.244861,-1,Normal
23,0.67718,50.9115,0.0887894,1,Normal
9,-0.0559707,4.21756,0.512916,-1,Normal
23,-0.196501,13.3012,0.391828,-1,Normal
4,-0.112192,58.0528,0.205389,-1,Normal
20,1.66257,8.11605,1,1,Warning
16,-0.389371,49.3092,0.0256939,-1,Normal
11,-1.55905,29.2474,0.618804,-1,Warning
18,0.129972,37.1882,0.393706,1,Normal
14,-0.0309965,35.9684,0.740054,-1,Normal
3,1.14285,48.0384,0.304878,1,Normal
5,0.119795,23.3644,0.0194446,1,Normal
8,-0.639136,30.4074,0.070564,-1,Normal
13,-0.745509,35.7385,0.466767,-1,Normal
8,0.660639,52.4938,0.19987,1,Normal
7,-0.557211,20.1833,0.287783,-1,Normal
14,0.915691,66.6632,0.3807,1,Normal
22,4.57802,42.8779,1,1,Warning
13,-0.70754,56.0708,0.0392849,-1,Normal
1,0.336348,83.4481,0.237961,1,Normal
18,-0.735076,27.6841,0.671126,-1,Warning
22,0.170241,18.4347,0.190777,1,Normal
0,-3.45154,19.1691,0.421406,-1,Normal
9,0.148028,42.0408,0,1,Normal
23,-4.07632,67.3783,0.707815,-1,Warning
20,3.12947,20.8745,0.951519,1,Warning
5,3,23.133,0.803375,1,Normal
19,-0.796358,41.6752,0.169256,-1,Normal
20,0.0718865,9.21954,0.181503,1,Normal
14,1.31591,25.3202,0.779358,1,Normal
9,-0.483534,49.8252,0.390508,-1,Normal
5,1.0308,23.072,0.69508,1,Normal
7,-0.192077,23.3697,0.351231,-1,Normal
16,0.0161157,37.2564,0.466666,1,Normal
17,-2.83792,15.9522,0.70729,-1,Warning
20,-2.74257,0,0.799664,-1,Warning
2,2.08374,45.8229,0.638426,1,Normal
4,3,45.9918,0.452845,1,Normal
3,-0.378496,57.2162,0.381269,-1,Normal
1,-2.41371,71.3514,0.494555,-1,Normal
10,1.25003,13.157,0.462545,1,Normal
1,3,61.5783,0.417322,1,Normal
23,-1.45492,39.2021,0.203712,-1,Normal
16,-3.24225,53.2987,1,-1,Warning
18,-0.260312,16.7746,0.177877,-1,Normal
2,-0.356584,27.8746,0.612113,-1,Warning
7,0.95045,34.9617,0.179607,1,Normal
22,2.23052,23.0145,0.593305,1,Normal
0,-0.453842,21.229,0,-1,Normal
0,0.269409,58.3866,0.345093,1,Normal
20,-2.89362,22.8304,1,-1,Warning
0,-0.993643,18.5883,0,-1,Normal
15,-0.139651,67.8612,0.148548,-1,Normal
1,0.0414313,36.5314,0.349143,1,Normal
10,-1.46588,54.1748,0.886316,-1,Warning
7,1.74446,33.0165,0.0426237,1,Normal
14,-1.97571,41.1192,0.742008,-1,Warning
7,0.219732,5.6987,0.489199,1,Normal
23,0.118962,16.1925,0.211299,1,Normal
17,-3.44633,28.1197,0.929103,-1,Warning
0,-1.12198,23.1102,0.565675,-1,Normal
23,0.637029,24.1256,0.236101,1,Normal
12,-0.577898,44.5048,0.262001,-1,Normal
7,1.69815,18.0278,0.543532,1,Normal
12,2.65834,62.099,0.331152,1,Normal
5,-0.896086,57.6041,0.623263,-1,Normal
9,2.64202,15.5423,0.756943,1,Normal
21,0.561665,65.0531,0.562233,1,Normal
15,0.267475,0,0.402331,1,Normal
12,0.22815,22.0583,0.42657,1,Normal
5,0.209037,36.6494,0.574157,1,Normal
16,-0.279557,21.5518,0.0434478,-1,Normal
13,-0.0534138,11.2447,0,-1,Normal
16,-1.77874,45.9918,0.843658,-1,Warning
8,-2.56617,18.506,0.809524,-1,Warning
11,-1.32053,87.6148,0.849597,-1,Warning
11,1.39929,16.0149,0.879645,1,Normal
8,-0.0562468,67.502,0.337449,-1,Normal
7,-0.646653,18.1039,0.41696,-1,Normal
13,2.57629,50.4106,0.613567,1,Normal
1,-2.57038,0.0157976,0.360069,-1,Normal
3,0.131949,25.3954,0.121537,1,Normal
2,0.193863,58.8741,0.581886,1,Normal
5,0.586294,26.71,0.51882,1,Normal
1,-0.584692,20.8466,0.682579,-1,Warning
8,-1.47669,34.0612,0.700438,-1,Warning
23,-0.767564,8.33166,0.105326,-1,Normal
3,1.97543,20.7124,0.672787,1,Normal
6,2.96371,34.5298,0.705441,1,Normal
19,1.8769,48.4344,0.518595,1,Normal
20,-0.780701,39.8871,0.222279,-1,Normal
22,-0.904691,39.7325,0.0650338,-1,Normal
20,0.613716,25.8223,0,1,Normal
23,-0.136998,27.5336,0.0265771,-1,Normal
11,0.959142,12.7485,0.599826,1,Normal
13,-0.110937,35.5988,0.621026,-1,Normal
14,-2.71883,19.679,0,-1,Normal
15,0.627905,46.6526,0.214883,1,Warning
7,-0.51469,10.0809,0.959487,-1,Warning
4,-1.20058,9.26105,0.783708,-1,Warning
7,0.186933,39.2558,0,1,Normal
15,-1.41942,54.498,0.520574,-1,Normal
20,0.104468,32.6971,0.0156427,1,Normal
20,2.94806,23.2217,0.838498,1,Normal
23,-0.845061,65.9505,0.321312,-1,Normal
0,0.203125,32.1283,0.179533,1,Normal
23,-0.583642,59.98,0.144793,-1,Normal
23,-4.18357,52.9647,0.85599,-1,Warning
6,0.106285,51.4422,0.240899,1,Normal
21,-0.8151,51.6963,0.0941799,-1,Normal
19,0.702109,29.2354,0.0895419,1,Normal
9,0.428887,19.953,0.102664,1,Warning
1,-0.772061,75.9869,0,-1,Normal
19,-0.436673,59.7555,0.586578,-1,Normal
1,-1.50079,58.2096,0.760662,-1,Warning
4,-0.225923,20.2077,0.236662,-1,Normal
7,-0.367829,78.4016,0.794453,-1,Warning
17,2.38885,16.6782,0.614099,1,Normal
4,-0.246118,50.2134,0.117362,-1,Normal
7,2.95666,54.7847,1,1,Warning
16,-2.27468,35.6385,0.555873,-1,Normal
0,0.488275,43.5818,0.153825,1,Normal
8,0.954086,31.6247,0.663238,1,Normal
19,-0.74867,23.5452,0.314954,-1,Normal
2,-0.0957052,50.2185,0.016139,-1,Normal
11,0.0170066,39.0671,0.0453934,1,Warning
7,-0.727427,5.80629,0.0960495,-1,Normal
5,0.330491,27.1508,0.598883,1,Normal
8,2.10925,27.3691,1,1,Warning
10,-1.73178,56.1548,0.63428,-1,Warning
1,1.7676,40.7615,0.511368,1,Normal
3,0.238964,39.6949,0.451317,1,Normal
5,0.608844,29.5139,0.080589,1,Normal
10,-0.696627,17.2961,0,-1,Normal
20,4.29549,33.9186,0.881282,1,Normal
12,-0.673922,61.5542,0,-1,Normal
3,-0.319025,62.763,0.545305,-1,Normal
3,1.28061,47.3038,1,1,Normal
8,-2.58384,24.2024,0.599788,-1,Normal
3,1.34994,59.3423,0.716872,1,Normal
10,0.233877,37.5644,0.360022,1,Normal
20,0.120105,46.575,0.658601,1,Normal
6,0.126987,42.3673,0.105215,1,Normal
12,-1.27209,19.2388,0.892444,-1,Warning
21,0.5604,0,0.433133,1,Normal
16,2.81651,33.588,0.876776,1,Normal
17,-2.03103,37.9431,0.500562,-1,Normal
20,-0.489379,46.5164,0.207645,-1,Normal
9,0.233716,53.03,0.159291,1,Normal
18,0.664377,40.9606,0.43793,1,Normal
0,0.243122,40.7067,0.0938422,1,Normal
4,3,44.5179,1,1,Warning
9,-1.47103,31.8249,0.837326,-1,Warning
7,0.0296826,14.4106,0.140224,1,Normal
20,-0.223064,28.95,0.0677083,-1,Normal
3,-0.0924212,7.13792,0.130448,-1,Normal
1,-1.88654,56.7631,0.838378,-1,Warning
9,-2.65621,55.1666,1,-1,Warning
3,0.720847,32.6981,0.284368,1,Normal
14,2.13893,30.0153,0.691285,1,Normal
3,-2.93583,51.3404,0.638606,-1,Warning
20,1.5146,17.1735,0.529924,1,Normal
14,-1.25395,33.4196,0.821516,-1,Warning
15,1.91835,32.2026,0.730116,1,Normal
4,3,35.6836,0.775284,1,Normal
22,0.488435,45.7803,0.154216,1,Normal
8,0.466455,37.0623,0.088208,1,Normal
1,0.432376,18.823,0.331975,1,Normal
0,0.21213,18.2368,0.539787,1,Normal
11,-1.52057,59.2512,0.523169,-1,Normal
21,0.53438,65.9842,0,1,Normal
8,-1.68522,41.3069,0.798264,-1,Warning
17,1.38014,21.2981,1,1,Normal
19,3.02384,45.5357,0.465496,1,Warning
15,-1.13897,61.7844,1,-1,Warning
15,1.37764,49.6109,0.530352,1,Normal
10,-1.39982,41.4759,1,-1,Warning
16,0.795444,50.0347,0.352251,1,Normal
2,1.31902,42.5984,0.836698,1,Normal
19,-3.59301,12.7504,0.522436,-1,Normal
15,-1.68898,43.6619,0.505391,-1,Normal
3,0.443098,74.3841,0.136928,1,Normal
15,2.24863,9.5701,0.794769,1,Normal
20,0.639953,0,0.238891,1,Normal
5,1.09858,62.1889,0.814603,1,Normal
5,-0.262124,1.379,0.425263,-1,Normal
19,-0.601079,38.6719,0.384905,-1,Normal
17,0.303959,39.9187,0.262868,1,Normal
21,0.197779,50.5338,0.856136,1,Normal
17,-3.69075,38.2882,0.815689,-1,Warning
17,0.746571,0,0,1,Normal
20,-3.75591,30.0923,0.829815,-1,Warning
22,-1.40461,35.2563,1,-1,Warning
5,0.136626,18.3586,0.21265,1,Normal
13,0.550038,8.75861,0,1,Normal
8,2.2993,40.0553,0.607881,1,Normal
20,0.258502,19.8001,0.275252,1,Normal
4,0.495109,0,0.513517,1,Normal
13,0.860484,51.2384,0.152924,1,Normal
9,2.83598,31.2433,0.399722,1,Normal
16,3.0237,20.0483,0.577655,1,Normal
9,-0.147921,57.7321,0,-1,Normal
13,0.273681,13.4237,0.16295,1,Normal
19,0.685719,17.2959,0.0342719,1,Normal
1,0.200437,26.8501,0,1,Normal
8,0.249666,43.5433,0,1,Normal
1,-1.26781,68.3376,0.597472,-1,Normal
6,-1.40049,25.3327,0.84202,-1,Warning
8,-0.505351,16.3974,0,-1,Normal
22,-0.29631,0,0.35833,-1,Normal
10,2.57349,5.38325,1,1,Warning
18,-1.12469,1.17394,1,-1,Warning
11,0.81441,37.0736,0,1,Normal
20,2.23924,57.888,0.409722,1,Normal
5,2.91029,25.7028,0.582696,1,Normal
16,-1.05699,33.0128,0.554566,-1,Normal
7,0.291459,7.52105,0.0648143,1,Normal
0,0.513724,7.04137,0.285319,1,Normal
4,0.941612,16.1217,0.252992,1,Normal
11,-3.22408,36.7063,0.994664,-1,Normal
8,0.902975,42.5616,0.506458,1,Normal
3,2.1578,22.3617,1,1,Warning
15,-0.720659,30.7576,0.0441806,-1,Warning
5,1.54991,27.7256,0.789868,1,Normal
14,1.7901,5.18813,0.880245,1,Normal
12,3.08072,22.328,0.410426,1,Normal
16,-1.39605,30.6586,0.377074,-1,Normal
1,0.302678,42.7222,0.583469,1,Normal
21,0.0251996,48.8857,0.408386,1,Normal
23,0.541621,29.7414,0.461837,1,Normal
17,0.18542,0,0,1,Normal
12,1.20395,48.6288,0.581688,1,Warning
22,0.180085,17.7339,0.0737881,1,Normal
0,0.626104,59.33,0.0463181,1,Normal
23,-2.01134,36.6863,1,-1,Warning
17,-1.66101,26.5314,0.560409,-1,Normal
20,-1.36017,44.6377,1,-1,Warning
12,-0.514482,28.079,0.612177,-1,Warning
0,1.14277,33.9682,0.59231,1,Normal
10,2.5298,0,0.753074,1,Normal
19,2.00123,56.8455,0.806018,1,Normal
1,-1.45785,40.6283,0.763459,-1,Normal
7,0.592375,50.0902,0,1,Normal
17,1.88789,33.9122,0.795524,1,Normal
10,0.51872,41.1317,0.538783,1,Normal
7,0.0601501,6.8652,0.605137,1,Normal
0,-0.00353165,20.2475,0.0508213,-1,Normal
23,0.76466,36.4975,0.632782,1,Normal
1,2.94488,18.9109,0.0720212,1,Normal
21,-2.13558,20.2652,0.316994,-1,Normal
4,-1.41097,9.36864,0.555718,-1,Normal
15,-0.415917,26.5763,0.167789,-1,Normal
3,-0.984782,33.0495,0.425062,-1,Normal
7,-0.895288,38.4396,0.314739,-1,Normal
4,-0.623971,50.1506,0.372449,-1,Normal
5,-3.15663,100.837,1,-1,Warning
20,2.3185,20.7074,0.712955,1,Normal
13,0.0126438,52.2585,0.203646,1,Normal
6,3,54.6904,0.619755,1,Normal
6,1.87392,42.7031,0.842257,1,Normal
6,-0.256336,27.7591,0,-1,Normal
9,-4.22251,0,0.594692,-1,Normal
18,-2.03983,35.8089,0.518928,-1,Normal
0,0.497268,79.9394,0.109547,1,Normal
7,-3.10543,51.4828,1,-1,Warning
23,1.26996,13.0839,0.542341,1,Normal
16,2.0348,29.1528,0.521626,1,Normal
3,0.634284,35.4562,0.361114,1,Normal
23,2.54093,35.4986,0.731584,1,Normal
17,-0.68875,15.3534,0.276327,-1,Normal
6,-0.380158,9.49784,0.285978,-1,Normal
19,0.977407,52.2677,0.557096,1,Normal
4,-0.433437,14.239,0,-1,Normal
20,3.20997,12.7062,0.715244,1,Normal
8,-0.523464,36.2832,0.395506,-1,Normal
15,0.407781,31.9143,0.298468,1,Normal
9,2.4787,6.88147,0.579797,1,Normal
12,-1.62991,36.7701,0.831646,-1,Warning
16,0.957284,35.5119,0.593197,1,Normal
14,0.504096,22.1333,0.0336135,1,Normal
6,0.861861,8.11317,0.191933,1,Normal
6,-3.41179,31.623,0.385858,-1,Normal
20,1.04441,18.1821,0.329505,1,Normal
15,-0.878323,0,0.00793825,-1,Normal
3,-2.36091,60.5249,0.709982,-1,Warning
10,0.305379,34.7557,0.363035,1,Normal
9,0.894603,24.9092,0.834135,1,Normal
3,0.339796,33.4503,0.344092,1,Normal
19,2.05944,35.0139,0.872012,1,Normal
23,2.16034,47.0199,0.252476,1,Normal
14,1.85907,8.73792,0.850691,1,Normal
17,-0.575724,54.7831,0.230951,-1,Normal
2,-2.72204,24.1342,0.801122,-1,Warning
1,-0.970374,27.8712,0.480801,-1,Normal
20,-2.7791,59.8072,0.834051,-1,Warning
2,2.60154,72.4497,0.94642,1,Warning
14,-0.135741,9.70327,0.445735,-1,Normal
8,0.272311,18.9988,0.519826,1,Normal
11,0.409714,24.633,0,1,Normal
9,1.98286,43.0211,0.826814,1,Normal
7,-0.0769778,57.2124,0.349662,-1,Normal
12,0.0635607,40.5547,0.0268644,1,Normal
5,0.0880379,37.2579,0,1,Normal
11,0.871821,42.3147,0.618916,1,Normal
13,-2.6145,23.8615,0.596036,-1,Normal
15,0.639749,54.9072,0,1,Normal
8,-2.25398,15.3198,0.932004,-1,Warning
12,-2.89964,16.9327,0.391551,-1,Normal
11,-0.26783,19.7724,0.30002,-1,Normal
10,2.55165,61.9123,0.539406,1,Normal
1,-2.29337,0.832401,0.877879,-1,Warning
13,-0.285497,34.7703,0.688832,-1,Normal
3,1.31511,1.27012,0.795949,1,Normal
15,0.10555,59.4689,0.490008,1,Normal
1,-3.19858,26.4522,0.739954,-1,Warning
2,-3.0569,0,0.406749,-1,Normal
14,-2.85474,54.8686,0.457775,-1,Normal
5,-0.0844494,33.3028,0,-1,Normal
15,-0.136505,37.1175,0.0916891,-1,Normal
9,0.326041,42.0099,0.0317404,1,Normal
7,-0.767508,38.9661,0,-1,Normal
20,-0.403141,50.1048,0.802027,-1,Warning
0,-0.240866,37.4519,0.573125,-1,Normal
13,-0.885549,15.1186,0,-1,Normal
20,0.442716,71.5035,0.163117,1,Normal
7,0.112064,66.709,0.318408,1,Normal
2,0.453454,24.2621,0.566821,1,Normal
2,-1.31222,30.2307,0.958071,-1,Warning
7,0.254761,54.2953,0.478379,1,Normal
17,3.05889,39.7563,0.847462,1,Normal
16,2.72083,38.895,1,1,Warning
6,0.436984,16.0936,0.508579,1,Normal
7,0.258691,43.3762,0.577076,1,Normal
22,0.135064,36.8034,0.18755,1,Normal
23,-0.593779,27.1736,0.217008,-1,Normal
16,-1.43911,37.7812,0.825759,-1,Warning
11,-0.236426,32.8758,0,-1,Normal
10,2.70291,39.4685,0.836265,1,Normal
4,0.849541,51.8307,0.289038,1,Normal
15,-0.113798,37.7054,0.481688,-1,Normal
21,-0.024453,2.31145,0.0324552,-1,Normal
1,2.38223,22.4118,0.756654,1,Normal
1,0.57797,48.8976,0,1,Normal
7,0.625969,2.79838,0.15855,1,Normal
16,3.24412,50.841,1,1,Warning
18,-0.0304436,50.2549,0.471195,-1,Warning
22,2.54835,58.7631,0.662341,1,Normal
21,-2.65932,35.4941,0.903412,-1,Warning
1,-0.132914,51.1513,0.446453,-1,Normal
3,2.3809,0,0.509934,1,Normal
23,-2.64177,0,0.54758,-1,Normal
22,2.41397,26.0674,0.64891,1,Normal
23,-3.62452,26.9824,1,-1,Warning
0,-2.01031,49.309,0.767763,-1,Warning
15,-1.25508,49.8068,0.689588,-1,Warning
22,-0.976664,71.4836,0.325963,-1,Normal
16,-0.773651,31.7705,0,-1,Normal
2,-0.0614337,31.024,0.39069,-1,Normal
6,0.000988714,34.5914,0.549792,1,Normal
15,-0.338896,36.5716,0.247637,-1,Normal
21,-0.765066,57.3504,0.410306,-1,Normal
12,0.428253,6.46408,0.125928,1,Normal
13,2.1636,8.30927,1,1,Warning
5,1.00939,24.3327,0.470209,1,Normal
5,0.554174,22.6639,0.105434,1,Normal
23,0.255464,23.5085,0.541133,1,Normal
14,-1.17927,26.6275,1,-1,Warning
12,-0.459022,50.7813,0.284667,-1,Normal
13,1.17535,80.2642,0.431478,1,Normal
22,0.966244,58.719,0.337481,1,Normal
8,-1.15678,19.079,0.892765,-1,Warning
11,0.273001,79.4172,0.40388,1,Normal
11,-0.0691591,80.8182,0.273649,-1,Normal
14,-2.00834,42.8578,0.892606,-1,Warning
15,-0.130189,26.4459,0.143857,-1,Normal
15,-0.377228,37.5967,0,-1,Normal
16,0.618491,35.6185,0.321813,1,Normal
3,0.825805,17.331,0,1,Normal
13,2.29179,14.0253,0.822122,1,Normal
3,0.74983,20.4607,0.10527,1,Warning
10,-0.0895908,0,0.732852,-1,Normal
19,0.162465,1.54484,0,1,Normal
19,-2.87288,62.592,0.951094,-1,Warning
4,0.602096,43.9859,0.240699,1,Warning
8,-0.545728,5.50791,0.267571,-1,Normal
22,-1.3868,26.0243,0.847123,-1,Warning
8,-0.0187913,40.6921,0,-1,Normal
23,0.452787,23.0148,0.260526,1,Normal
16,-0.141905,31.8215,0.0562484,-1,Normal
5,-3.05303,28.5149,1,-1,Warning
8,0.155963,51.4962,0.289229,1,Normal
5,-0.236329,62.0979,0.468676,-1,Normal
23,1.92468,43.1717,0.966039,1,Warning
11,-0.715493,44.2965,0.628559,-1,Warning
7,0.75702,22.3833,0.314524,1,Normal
3,-0.403318,8.21703,0.29865,-1,Normal
16,-1.46217,71.0629,0.846486,-1,Warning
18,2.46388,77.4686,0.634933,1,Normal
21,0.512377,29.348,0.178195,1,Normal
7,-0.155679,27.6219,0,-1,Warning
10,-0.61204,40.1115,0.147779,-1,Normal
17,-2.94035,27.5958,0.867449,-1,Warning
10,1.34752,18.5437,0.170411,1,Normal
13,-2.66209,4.25,0.710471,-1,Warning
11,3,29.6562,0.67086,1,Normal
3,0.146616,11.0859,0.02685,1,Normal
21,0.210502,25.3116,0,1,Normal
21,0.359198,57.4451,0.468549,1,Normal
19,1.52597,39.9134,0.84407,1,Normal
8,-2.83893,70.0995,1,-1,Warning
3,2.2134,27.2809,0.803387,1,Normal
0,2.04414,56.9268,0.634909,1,Normal
22,0.760958,24.6992,0,1,Normal
15,3.05889,49.8819,0.684728,1,Normal
0,0.989482,15.5436,0.34381,1,Normal
3,-0.385239,4.2026,0.220914,-1,Normal
9,-0.61328,43.7085,0,-1,Normal
12,-0.0410447,74.6572,0.364399,-1,Normal
1,1.48684,36.6909,0.666987,1,Normal
18,-2.44694,60.9425,0.395435,-1,Normal
20,0.543301,43.1256,0.366245,1,Normal
1,-1.5115,42.0849,0.54079,-1,Normal
13,-1.86795,59.8987,0.375088,-1,Normal
5,1.71318,36.7714,0.495674,1,Normal
13,0.189904,11.5772,0.39867,1,Normal
22,-0.329461,77.7888,0.175939,-1,Normal
18,-1.3053,48.2442,0.629327,-1,Warning
14,-4.7209,45.3192,0.91446,-1,Warning
8,1.1938,27.2952,0.795231,1,Normal
23,-1.01513,36.6074,0.751793,-1,Warning
19,-0.39588,91.5451,0,-1,Normal
7,0.406363,40.468,0.113879,1,Normal
1,-0.0527764,23.2376,0.379048,-1,Normal
17,0.0356281,75.2744,0.476797,1,Normal
9,-0.542336,55.2219,0.321218,-1,Normal
8,-0.0664035,9.66628,0.470202,-1,Normal
21,-1.06499,31.6227,0.0169048,-1,Warning
12,2.59346,9.67972,0.887994,1,Warning
17,-0.461335,15.8425,0.0497708,-1,Normal
16,1.58684,21.8379,0.470745,1,Normal
4,-2.61198,58.2791,0.58829,-1,Normal
10,0.931615,38.223,0,1,Normal
18,2.3067,39.0508,1,1,Warning
13,1.46421,32.9803,0.871293,1,Normal
13,0.311469,23.2338,0.0953058,1,Normal
18,-0.79845,42.0602,0.485335,-1,Normal
14,-0.0263232,31.4463,0.0580454,-1,Normal
9,1.9126,30.6989,0.848203,1,Normal
2,0.188052,25.106,0.267336,1,Normal
2,-1.59515,52.4797,1,-1,Warning
4,-0.0984793,67.0397,0.22548,-1,Normal
4,2.44815,56.4011,0.896695,1,Normal
11,0.942074,66.2507,0.087515,1,Normal
9,0.678942,15.8656,0.0114686,1,Normal
11,-0.565428,51.7838,0.41369,-1,Normal
16,1.19332,23.2884,0.626921,1,Normal
0,2.54094,0,1,1,Warning
11,-1.15156,28.4859,0.35427,-1,Normal
1,-0.704,22.3179,0.128855,-1,Normal
11,2.43844,6.05111,1,1,Warning
2,1.63632,34.7233,0.590105,1,Normal
2,-0.0427727,63.3704,0.573527,-1,Normal
18,1.45299,2.98224,0.4796,1,Normal
20,-1.046,32.6783,0.563636,-1,Normal
21,-2.66025,30.5758,0.893697,-1,Normal
1,2.68637,45.748,1,1,Warning
3,1.16909,43.4929,1,1,Normal
4,-0.653552,20.1318,0.0187126,-1,Normal
7,0.217549,25.7249,0.277132,1,Normal
6,1.14415,72.9876,1,1,Normal
6,-2.48354,1.92379,0.839756,-1,Warning
14,-0.411378,47.9607,0,-1,Normal
12,3.37648,58.7402,0.327819,1,Normal
6,-0.76414,28.6592,0.0656002,-1,Normal
20,-0.211468,65.8634,0.149602,-1,Normal
7,-1.87039,25.0706,0.733774,-1,Warning
2,-0.223804,29.5013,0.400205,-1,Normal
18,0.733,53.0074,0.336345,1,Normal
22,-0.586077,46.6743,0.0956377,-1,Warning
9,2.65083,13.9292,1,1,Warning
15,-1.11447,23.9819,0.823179,-1,Warning
13,-1.05193,31.8706,0.765864,-1,Warning
7,1.58302,0,0.922666,1,Warning
0,2.06112,22.716,0.588557,1,Normal
4,2.18878,33.3154,0.738893,1,Normal
10,0.35664,69.0191,0,1,Normal
21,0.589384,68.8045,0.112529,1,Normal
14,1.6335,13.0572,0.471344,1,Normal
11,-4.65532,51.3016,1,-1,Warning
13,-1.601,26.6275,0.791791,-1,Warning
0,-0.227635,33.3922,0.246083,-1,Normal
11,1.58504,89.9624,0.888093,1,Normal
22,1.43191,27.8903,1,1,Normal
2,-0.156063,39.2965,0.38777,-1,Normal
9,2.24332,49.4882,0.52553,1,Normal
10,2.51011,48.8596,0.877554,1,Normal
0,0.254207,17.9485,0.177226,1,Normal
0,-0.746328,45.3032,0.351644,-1,Warning
14,1.84258,32.376,1,1,Warning
12,-3.39896,30.7167,0.879293,-1,Warning
23,-1.11578,0,0.717214,-1,Warning
11,-1.33121,52.2711,0.167364,-1,Normal
21,-0.0340251,24.2077,0,-1,Warning
17,-0.0561648,42.358,0,-1,Normal
0,2.60733,46.4366,1,1,Warning
6,1.52281,12.3062,1,1,Warning
18,0.0466181,33.0641,0.354961,1,Normal
14,5,44.5914,0.696413,1,Normal
16,1.65494,47.1382,0.638966,1,Normal
20,-3.32778,11.4489,0.281737,-1,Normal
22,0.900229,52.9659,0.0854044,1,Normal
20,-0.994759,32.9247,0,-1,Normal
9,-0.490267,63.433,0.212969,-1,Normal
22,1.27069,43.0226,0.500912,1,Normal
11,1.24985,58.5287,0.814517,1,Normal
0,-0.452311,59.5013,0,-1,Normal
14,1.32752,29.6815,0.652417,1,Normal
15,-2.09589,78.3961,1,-1,Warning
0,-0.499704,16.7863,0.379947,-1,Normal
9,-3.47244,40.27,0.379871,-1,Normal
15,0.929204,28.3958,0.0813339,1,Normal
21,-0.460486,39.4596,0.615688,-1,Warning
18,-3.2948,33.5474,0.524257,-1,Normal
6,0.103413,47.8686,0.475552,1,Normal
5,1.07315,47.0197,0.837161,1,Normal
2,3,69.9212,0.562626,1,Normal
14,0.509841,50.5653,0.323108,1,Normal
13,-0.485973,33.9701,0,-1,Normal
20,-0.173434,21.341,0,-1,Normal
1,-0.433252,14.868,0.485042,-1,Normal
18,-3.01054,46.9088,0.862507,-1,Warning
18,-3.07714,0,0.437485,-1,Normal
16,-1.08551,18.3978,0.549617,-1,Normal
23,0.569017,35.6021,0,1,Normal
9,2.59232,41.1621,1,1,Warning
7,-0.52158,34.8477,0.282972,-1,Normal
14,0.653542,26.7121,0,1,Warning
9,-1.59589,9.11905,0.584967,-1,Normal
6,-1.25589,15.4942,0.435004,-1,Normal
0,0.874625,50.8972,0.389504,1,Normal
0,-2.7449,0,0.556215,-1,Normal
8,-2.25768,29.3788,0.585887,-1,Normal
2,-0.11726,19.8568,0,-1,Normal
20,-0.282328,20.9573,0.639932,-1,Normal
3,-2.45989,30.2378,0.83356,-1,Warning
15,0.802179,53.6374,0.321893,1,Normal
15,-0.125924,19.2503,0,-1,Normal
22,-0.780022,24.6676,0.500592,-1,Normal
5,1.04572,37.7996,0.716956,1,Normal
15,1.23484,68.5838,0.643201,1,Normal
0,1.26667,26.5483,0.81062,1,Normal
9,1.31186,32.663,0.815006,1,Normal
7,0.218308,25.0558,0,1,Normal
10,0.995015,41.7703,0.308116,1,Normal
2,-1.33903,53.6388,0.57325,-1,Normal
7,0.227887,21.9461,0,1,Normal
8,-0.577241,0,0,-1,Normal
6,-0.906198,7.59224,0.456138,-1,Normal
0,2.34393,44.376,1,1,Warning
19,-0.134616,58.1791,0.811517,-1,Normal
3,-0.619038,83.8683,0.26327,-1,Normal
4,2.57671,55.56,0.530224,1,Normal
1,0.727582,36.4165,0.237675,1,Normal
0,0.238517,78.4074,0.375059,1,Normal
9,2.19784,30.8605,0.373339,1,Normal
4,-1.00194,35.8541,0.749292,-1,Warning
10,-1.16501,41.9586,0.435821,-1,Normal
20,0.520065,51.0469,0.447875,1,Normal
11,-2.28994,50.4378,0.614422,-1,Warning
22,0.490596,29.8224,0.194385,1,Normal
2,-2.65734,54.9048,0.952744,-1,Warning
0,1.11486,21.5191,0.83976,1,Normal
7,-2.52849,50.338,0.875824,-1,Warning
6,1.41417,10.8411,0.418247,1,Normal
3,-0.707113,20.0485,0.324087,-1,Normal
0,0.927003,31.6675,0.0903325,1,Normal
23,0.333795,37.165,0.410626,1,Normal
6,-0.320668,37.6608,0.315524,-1,Normal
20,2.57255,57.5925,0.766785,1,Normal
4,-2.28024,3.82075,1,-1,Warning
4,1.05666,1.65703,0.528661,1,Normal
18,0.0773982,47.9469,0.436737,1,Normal
14,0.539463,51.9872,0.437027,1,Normal
1,-0.785308,51.7523,0.368188,-1,Normal
13,0.777879,54.4732,0.220518,1,Normal
22,-1.97219,61.408,1,-1,Warning
21,3.14319,25.3641,0.726629,1,Normal
15,-1.93141,24.0364,1,-1,Warning
14,0.844173,23.6596,0.467007,1,Normal
4,-2.743,61.4559,0.810044,-1,Warning
15,-2.36098,37.3244,0.97049,-1,Normal
12,0.700062,19.6017,0.312751,1,Normal
22,-2.4331,67.6582,0.720039,-1,Warning
9,-2.26329,22.6457,0.733047,-1,Warning
12,4.19131,51.6695,0.500016,1,Normal
8,0.0167479,46.7554,0.0175427,1,Normal
4,0.187165,57.4633,0,1,Normal
20,0.599173,0,0.00565706,1,Normal
22,-0.765646,2.28857,0.474227,-1,Normal
3,-0.265754,50.2508,0.0745614,-1,Warning
21,0.585953,44.7685,0.420464,1,Normal
17,-3.75714,74.6062,1,-1,Warning
9,0.973577,20.4557,0.56769,1,Normal
8,-0.125093,42.5965,0.292096,-1,Normal
2,3,47.4186,0.904238,1,Warning
14,2.57953,11.4364,0.845947,1,Normal
17,-0.697959,28.1316,0.116231,-1,Normal
21,1.26112,55.6403,0.998416,1,Normal
21,-3.69746,52.1218,0.694533,-1,Warning
8,-0.75142,35.7132,0.170969,-1,Normal
21,-2.8139,0,0.751842,-1,Warning
20,-2.15857,47.0539,0.843026,-1,Warning
4,1.37971,8.47304,0.3574,1,Normal
21,0.788326,43.7019,0.409832,1,Normal
7,2.42184,46.2862,0.513762,1,Normal
3,0.600459,30.5055,0.547955,1,Normal
18,-1.49478,23.2635,0.707538,-1,Warning
5,-1.113,18.2477,0.481156,-1,Normal
20,-0.0886291,9.81027,0,-1,Normal
4,-1.05441,0,0.975204,-1,Warning
6,-0.717149,63.3161,0.0295949,-1,Normal
12,-0.277075,38.233,0,-1,Normal
0,1.2128,41.9745,0.742424,1,Normal
1,1.28612,45.2799,0.754557,1,Normal
22,-2.17055,60.5821,0.856378,-1,Normal
21,-0.439734,30.2844,0.382958,-1,Normal
3,-2.11112,30.396,1,-1,Warning
12,-3.01541,20.0007,0.719472,-1,Warning
7,-0.281473,60.8981,0.247282,-1,Normal
19,0.405033,34.3279,0.470839,1,Normal
12,0.233963,30.7594,0.217398,1,Normal
16,0.518909,25.1385,0.615501,1,Normal
7,2.4266,21.3578,0.73784,1,Normal
15,-2.69741,0,0.84216,-1,Warning
13,2.48142,25.1707,0.684699,1,Normal
18,0.583945,23.815,0.416761,1,Normal
18,-0.838824,34.2767,0.538117,-1,Normal
10,0.146652,34.0648,0.154801,1,Normal
19,0.291246,26.7291,0.331365,1,Normal
11,0.661731,25.3423,0.699063,1,Normal
10,-3.41598,4.78377,0.480161,-1,Normal
17,-0.0379771,28.0184,0,-1,Normal
21,2.06531,54.1855,0.923222,1,Warning
7,-1.24562,67.9891,0.78385,-1,Warning
7,-0.532148,27.2896,0.159345,-1,Warning
1,0.0739488,25.2745,0.26415,1,Normal
3,2.07552,51.6615,0.569153,1,Normal
17,-0.59072,30.7153,0.568273,-1,Normal
10,-0.63621,40.188,0.184773,-1,Normal
19,1.27344,54.5466,0.696129,1,Normal
7,-0.96285,33.1329,0.304295,-1,Normal
12,-1.27617,64.362,0.674887,-1,Warning
21,1.14985,20.3768,0.59717,1,Normal
11,0.0560167,49.3262,0,1,Normal
1,-0.148019,39.8349,0.428369,-1,Normal
16,0.56933,13.4661,0.355696,1,Normal
14,0.487885,33.1016,0.676565,1,Normal
23,0.572751,14.6448,0.55232,1,Normal
20,-0.350607,14.6346,0.0988698,-1,Normal
21,-0.227507,21.757,0.19949,-1,Normal
8,1.60308,52.5938,0.278109,1,Normal
7,-2.18333,77.6969,0.600496,-1,Warning
2,-2.14354,14.7435,0.962646,-1,Warning
4,-0.242966,34.8469,0.243058,-1,Normal
22,0.0180985,25.8508,0.0731483,1,Normal
15,-0.171249,12.5266,0.365384,-1,Normal
7,0.467328,39.3514,0.0853557,1,Normal
22,-0.193917,46.9072,0.208092,-1,Normal
5,0.909259,12.0386,0.570054,1,Normal
18,1.94943,24.2267,0.64758,1,Normal
12,1.79957,40.578,0.618606,1,Normal
14,0.34026,64.0569,0.301688,1,Normal
20,2.51128,25.9277,0.463096,1,Normal
3,-1.94427,30.8243,0.606335,-1,Warning
12,0.42831,30.9584,0.664177,1,Normal
17,-1.77528,8.373,0.181484,-1,Normal
19,1.30345,38.142,0.575073,1,Normal
17,0.181147,46.0427,0.668402,1,Normal
3,0.388431,50.5923,0.154285,1,Normal
2,-0.280332,31.0491,0.385863,-1,Normal
17,2.88515,58.4212,0.777919,1,Normal
22,0.604419,56.4954,0.54582,1,Normal
1,2.11803,40.6166,0.649733,1,Normal
20,0.869631,52.4163,0.275028,1,Normal
12,-2.68886,68.2188,0.654172,-1,Warning
8,1.96768,35.5447,0.72655,1,Normal
12,2.70698,8.11415,1,1,Warning
16,-0.0301716,18.3154,0.375334,-1,Normal
19,0.291294,34.9222,0,1,Normal
8,2.74597,60.285,0.665424,1,Normal
10,3,0,0.604172,1,Normal
16,-0.470693,43.5145,0.11386,-1,Normal
6,-2.06155,38.1955,0.599949,-1,Normal
14,2.79286,73.3701,0.90099,1,Warning
22,-0.525728,6.12695,0.327222,-1,Normal
21,0.643014,36.7402,0.516814,1,Normal
10,-1.72481,70.0063,0.211682,-1,Normal
8,-0.477562,36.7034,0.147003,-1,Normal
14,-2.61943,47.7232,0.882758,-1,Warning
8,-0.88973,14.2254,0.100831,-1,Normal
21,-0.0540991,10.1506,0.184168,-1,Normal
3,-0.443968,7.72731,0.100962,-1,Normal
22,-0.395518,32.958,0.429182,-1,Normal
17,0.711664,35.2063,0.132357,1,Normal
0,2.27541,67.0231,0.464665,1,Normal
6,-0.85163,41.184,0.299619,-1,Normal
4,-0.664946,13.968,0.449545,-1,Warning
2,0.704918,32.166,0,1,Normal
8,1.99194,7.42879,0.738054,1,Normal
7,1.42034,0,0.852191,1,Normal
15,-2.98417,34.6977,1,-1,Warning
0,0.0614082,19.4604,0.348365,1,Normal
14,0.891644,60.3745,0.431863,1,Normal
23,0.356456,51.2991,0.580706,1,Normal
15,-2.08877,21.7066,1,-1,Warning
18,3.34246,58.8261,0.921501,1,Warning
8,1.76717,28.8406,1,1,Warning
11,0.934038,71.3245,0,1,Normal
6,-0.504264,39.283,0.412597,-1,Normal
16,0.428943,52.9495,0,1,Normal
12,0.125312,30.6378,0.261012,1,Normal
19,-1.60117,23.2136,0.95747,-1,Warning
18,-2.66367,39.3976,0.989282,-1,Warning
20,-2.05338,6.7397,0.546811,-1,Normal
14,-1.53259,0,0.897542,-1,Warning
16,0.438685,16.9995,0.0402648,1,Normal
14,1.11359,41.4133,0.848837,1,Normal
21,-3.08002,70.4381,0.513421,-1,Normal
23,-0.317486,10.2655,0,-1,Normal
6,-2.77551,50.7615,0.695965,-1,Warning
0,0.206507,35.2727,0.468118,1,Normal
18,0.718678,32.3361,0.320018,1,Normal
9,-0.605573,50.3233,0,-1,Normal
6,0.564348,82.7669,0.203535,1,Normal
12,2.80885,44.768,1,1,Warning
1,-1.1806,16.0799,0.883197,-1,Warning
19,0.109699,49.2253,0.188479,1,Normal
8,2.70132,36.074,0.528786,1,Normal
0,0.288685,62.2444,0,1,Normal
20,0.183996,53.1674,0.266958,1,Normal
13,1.56191,39.9683,0.764009,1,Normal
3,-2.75219,39.4323,1,-1,Warning
9,0.187196,39.4924,0.809033,1,Normal
16,0.977158,9.11638,0.0724016,1,Normal
19,-0.512645,40.5833,0.441239,-1,Warning
10,-1.99497,50.5872,1,-1,Warning
6,-0.784477,3.86429,0.618292,-1,Warning
8,0.164162,41.0261,0.197418,1,Normal
3,0.508315,0,0.16453,1,Normal
20,-0.300255,70.6711,0,-1,Normal
20,1.30417,0.509782,0.720618,1,Normal
22,2.38115,34.8251,1,1,Warning
12,-0.749875,23.1388,0.864189,-1,Warning
4,0.608668,31.4551,0.178481,1,Normal
13,-0.486863,29.5917,0.128871,-1,Normal
19,-3.08818,70.3273,1,-1,Warning
12,-0.0296522,38.2798,0.114408,-1,Normal
18,2.90863,23.0019,0.678506,1,Normal
19,2.89158,17.4788,1,1,Warning
6,0.76097,41.6363,0,1,Normal
1,0.860677,28.3847,0,1,Normal
15,0.916943,26.8878,0.992752,1,Normal
1,-0.314179,30.1886,0.347012,-1,Normal
8,-0.10815,55.7792,0.402539,-1,Normal
7,-0.143235,13.4855,0.480761,-1,Warning
19,-3.7233,35.9287,0.719402,-1,Warning
11,1.48058,50.5598,0.775253,1,Normal
17,-0.577078,21.7379,0.325158,-1,Normal
0,1.29112,13.9457,0.494253,1,Normal
17,-2.41254,59.1689,0.675673,-1,Warning
0,-1.36945,49.7527,0.407432,-1,Normal
14,-2.36627,32.5724,0.355061,-1,Normal
3,-0.780439,1.6064,0.167812,-1,Normal
18,0.72778,20.939,0.368713,1,Normal
20,-0.484667,23.6557,0.386307,-1,Normal
0,2.42067,44.6143,0.827912,1,Normal
11,0.507573,44.1023,0.199015,1,Normal
18,0.151115,41.6036,0.209278,1,Normal
9,2.81507,86.1038,0.986476,1,Warning
17,-0.0221119,11.3335,0,-1,Normal
6,-0.689244,7.15453,0,-1,Normal
19,-0.061184,64.357,0.309515,-1,Normal
10,-2.33453,17.9397,0.882586,-1,Warning
8,-0.856423,24.3604,0.0442711,-1,Normal
13,-0.13428,21.1032,0,-1,Normal
19,0.495787,17.1834,0.384972,1,Normal
20,0.386881,38.8167,0.228673,1,Normal
6,-0.618122,16.477,0.207133,-1,Normal
2,1.09616,69.3716,1,1,Normal
11,0.146856,40.8125,0,1,Normal
13,0.381693,49.5937,0.147702,1,Normal
1,0.830296,24.993,0.0792448,1,Warning
3,0.652583,53.4617,0.86373,1,Normal
11,-1.06133,58.5133,0.589665,-1,Normal
1,-3.71822,22.2199,0.738938,-1,Warning
7,-2.0825,48.4117,0.49986,-1,Normal
11,-3.09085,42.2518,0.736284,-1,Warning
21,2.33427,22.4397,0.842109,1,Normal
18,-0.348975,4.13131,0.52082,-1,Normal
1,1.33096,41.8402,0.484707,1,Normal
15,0.311492,53.3968,0.0263291,1,Normal
1,1.08123,37.1935,0.409458,1,Normal
5,0.61233,65.2613,0.106633,1,Normal
8,2.56336,3.72955,1,1,Warning
21,-1.77216,15.8827,0.827569,-1,Warning
4,-0.498285,55.8829,0.555769,-1,Normal
14,-0.0825754,53.7278,0.536695,-1,Normal
19,-0.366288,38.5837,0,-1,Normal
11,0.522565,46.0716,0,1,Normal
1,-1.354,43.6627,0.67157,-1,Warning
14,3.17092,31.4151,0.7542,1,Normal
13,-0.657916,33.8639,0.293057,-1,Normal
17,-2.17975,17.169,0.661512,-1,Warning
19,0.901918,65.5675,0.477458,1,Normal
4,-4.18207,34.9373,0.802415,-1,Warning
17,0.0185873,61.0601,0.444855,1,Normal
15,2.67987,23.4191,1,1,Warning
10,-0.238947,5.00221,0.346498,-1,Normal
7,0.231528,65.6396,0.400631,1,Normal
1,-0.15536,18.4804,0.344082,-1,Normal
14,1.62518,9.15738,0.594221,1,Normal
11,-0.961786,35.2816,0.620653,-1,Normal
7,0.603427,71.816,0,1,Normal
9,1.16688,39.9707,0.261229,1,Normal
12,-0.499142,76.3659,0,-1,Normal
11,-1.37009,43.9153,0.593228,-1,Normal
22,-2.76948,46.6237,0.77433,-1,Warning
12,0.00264606,68.0866,0.208435,1,Normal
6,-2.01512,61.2853,0.947308,-1,Warning
15,-0.0309367,38.3701,0.210324,-1,Normal
7,2.19534,16.8844,0.497583,1,Normal
7,-0.260915,20.274,0.0639109,-1,Normal
16,-2.58204,42.1652,1,-1,Warning
6,1.89639,55.2946,0.900357,1,Warning
10,-0.224299,37.5155,0.17302,-1,Normal
12,1.92729,46.6374,0.833101,1,Normal
17,-1.22769,47.7769,0.529573,-1,Normal
11,1.14023,55.5689,0.62514,1,Normal
15,2.19402,30.7588,0.555078,1,Normal
19,-0.269085,26.4632,0.572063,-1,Normal
3,-2.06057,50.1596,0.747496,-1,Warning
18,1.02005,31.3261,0.868875,1,Normal
14,-0.681426,43.8955,0.37884,-1,Normal
12,-0.586275,21.1544,0.881769,-1,Warning
14,2.56127,16.6007,0.874025,1,Warning
17,0.112355,31.1043,0.454732,1,Normal
16,-0.726482,32.3701,0.405884,-1,Normal
21,-1.25961,57.1393,0.572716,-1,Normal
18,0.657186,40.146,0.370144,1,Normal
9,-2.38712,37.2092,0.733897,-1,Warning
9,-0.712383,16.7947,0.341839,-1,Normal
22,-0.819091,15.8997,0.383703,-1,Normal
19,0.468883,27.3663,0.449448,1,Normal
1,-0.420459,19.5527,0.231785,-1,Normal
22,-2.38905,37.5767,0.595241,-1,Normal
21,-2.82908,63.7695,1,-1,Normal
3,-1.39557,18.7413,0.669961,-1,Warning
0,0.270406,26.4542,0.621742,1,Normal
11,-1.84443,38.2104,0.829453,-1,Warning
20,1.96141,27.9544,0.425714,1,Normal
20,0.0285778,19.0466,0.529828,1,Normal
11,0.067898,18.604,0.626776,1,Normal
19,0.605803,47.7018,0.245575,1,Normal
16,0.0653554,36.5289,0.321264,1,Normal
23,1.79596,59.2426,0.945082,1,Warning
22,-0.508242,25.3436,0.200686,-1,Normal
17,1.1088,73.1503,0.677493,1,Normal
7,0.412102,61.5117,0.263537,1,Normal
9,3,43.8291,0.702474,1,Normal
0,1.92211,14.567,0.754636,1,Normal
0,1.41803,9.3117,0.656247,1,Normal
16,0.381405,41.5413,0,1,Normal
5,-0.349713,48.6369,0.528007,-1,Normal
19,-0.395407,1.84188,0.156785,-1,Normal
20,-0.288077,0,0.483305,-1,Normal
23,-1.12223,19.9454,1,-1,Warning
2,3,30.8463,0.6679,1,Normal
17,0.281333,21.4114,0,1,Normal
4,-0.240556,47.2685,0.259932,-1,Normal
18,-2.4822,40.3617,0.591042,-1,Normal
10,-2.38027,61.6888,0.746307,-1,Warning
6,-0.806291,38.7024,0.265626,-1,Normal
13,-0.480487,35.7076,0,-1,Normal
1,0.806307,48.8134,0.302057,1,Normal
16,2.64296,41.3786,1,1,Warning
1,-1.4119,0,0.798387,-1,Warning
15,1.95466,23.3824,1,1,Warning
23,-2.41513,63.7389,1,-1,Warning
10,0.163092,16.8145,0.0593133,1,Normal
2,1.77912,32.2561,0.783972,1,Normal
3,-1.78563,35.3669,0.509223,-1,Normal
5,-0.359056,46.7707,0.244103,-1,Normal
14,1.33215,22.4534,0.587344,1,Normal
19,-4.58452,49.1743,0.85175,-1,Warning
20,-2.83502,10.9466,0.29663,-1,Normal
6,-0.709165,0.930367,0.0441597,-1,Normal
19,-3.02303,20.8705,1,-1,Warning
15,-0.244281,22.5351,0.16448,-1,Normal
1,-0.782234,57.8287,0.546196,-1,Warning
8,0.392491,44.2455,0.558701,1,Normal
5,-0.266696,35.3228,0.383049,-1,Normal
17,0.281306,17.2095,0.0578699,1,Normal
11,1.80826,36.5323,0.398855,1,Normal
23,0.660442,14.299,0.54291,1,Normal
23,-0.853789,31.5159,0.132569,-1,Normal
18,0.619312,52.7989,0.506816,1,Normal
3,-1.69348,42.3784,0.581429,-1,Normal
4,1.08346,79.6872,0.660531,1,Normal
14,-1.54684,38.204,0.954139,-1,Warning
13,1.55396,35.6202,0.617291,1,Normal
6,-0.067881,26.6456,0.0787056,-1,Normal
16,-1.24448,35.7017,0.827506,-1,Warning
8,1.20546,18.6326,1,1,Normal
10,0.548931,56.1566,0.468855,1,Normal
9,1.77135,108.336,0.487737,1,Normal
15,0.394108,81.3933,0.0257459,1,Normal
19,0.273164,30.0608,0,1,Normal
12,0.135959,7.94147,0.408961,1,Normal
16,-1.04464,40.6292,1,-1,Warning
18,-0.120325,43.4906,0,-1,Normal
13,-0.82481,49.7595,0.424904,-1,Normal
19,-0.180469,42.0844,0.438541,-1,Normal
6,-0.909827,30.936,0.284125,-1,Normal
0,-0.609633,52.1431,0.573999,-1,Normal
4,0.11125,26.8645,0.243566,1,Normal
4,-1.19077,30.4751,0.342558,-1,Normal
8,0.595716,30.6216,0.118703,1,Normal
13,-2.34005,8.40221,1,-1,Warning
23,-0.14435,0,0.355985,-1,Normal
1,0.335557,5.70639,0.190818,1,Normal
13,-2.86979,36.3321,1,-1,Warning
21,-1.35832,17.9046,0.736835,-1,Warning
6,-2.25366,47.3109,0.51785,-1,Normal
7,-0.110088,26.8056,0.689113,-1,Normal
22,-0.461896,38.3469,0.0905955,-1,Normal
15,0.0534041,68.4086,0.265298,1,Normal
11,-0.164779,10.0517,0.547032,-1,Normal
15,0.495158,12.0462,0.242293,1,Normal
13,2.7565,22.1469,0.800454,1,Normal
9,1.27774,67.4638,1,1,Normal
6,-0.907574,19.0373,0.152451,-1,Normal
17,-1.73699,29.2534,0.312807,-1,Normal
14,4.0195,14.3999,0.33066,1,Normal
3,1.00038,42.8221,0.999815,1,Normal
21,3.26949,32.8178,0.776219,1,Warning
6,-4.10343,36.2038,0.619574,-1,Warning
8,0.336462,25.2241,0.0760563,1,Normal
19,-1.38184,11.8146,0.670973,-1,Warning
12,0.202075,31.9554,0.583153,1,Normal
14,-0.00122293,41.1632,0.474175,-1,Normal
8,-0.81249,55.292,0.151918,-1,Normal
4,-0.0461649,19.1151,0,-1,Normal
5,2.43159,50.8327,0.936626,1,Warning
16,1.31838,32.2253,1,1,Normal
15,-1.00183,33.4524,0.769949,-1,Warning
3,-0.385262,60.6136,0.40531,-1,Normal
19,-0.151085,7.33349,0,-1,Warning
3,-0.172972,66.8336,0.119362,-1,Normal
9,0.285559,8.07899,0.742594,1,Normal
5,-2.25397,38.1239,0.552977,-1,Normal
7,1.03583,10.2036,0.796236,1,Normal
21,-0.515617,17.9678,0.469327,-1,Normal
10,0.57626,17.7422,0.35618,1,Normal
7,0.938756,87.4283,0.236609,1,Normal
12,1.6603,63.099,0.842756,1,Normal
4,1.91383,63.4461,0.612014,1,Normal
11,0.342487,52.6966,0,1,Normal
22,-2.19435,28.7035,0.730695,-1,Warning
14,0.584877,40.1665,0,1,Normal
9,-0.417457,29.0589,0.586739,-1,Normal
0,0.387624,29.3238,0.426105,1,Normal
12,0.190931,33.3537,0.318324,1,Normal
5,-1.91171,53.3671,0.793784,-1,Warning
11,1.91948,21.6976,0.805247,1,Normal
2,2.50136,33.3842,0.789814,1,Normal
5,-0.702892,22.853,0.18459,-1,Normal
15,-1.40671,66.7055,0.816111,-1,Warning
23,-2.64685,40.712,0.613394,-1,Warning
21,-2.81158,57.8529,0.606123,-1,Warning
21,0.285361,28.3991,0.243365,1,Normal
6,-1.99441,47.9234,0.576451,-1,Normal
6,1.15329,15.6433,0.802143,1,Normal
22,-0.118831,62.1435,0.500119,-1,Normal
5,3,37.8147,0.711287,1,Normal
14,0.399206,8.12194,0.315734,1,Normal
14,-0.0767679,63.6227,0.735808,-1,Normal
9,0.92013,16.7869,0,1,Normal
7,-0.471497,14.8781,0.300956,-1,Normal
19,2.38664,59.529,0.725896,1,Normal
8,-0.462485,37.722,0.59205,-1,Normal
17,-0.594705,61.8339,0.579533,-1,Normal
7,-1.9691,9.8913,0.827883,-1,Warning
14,-0.371204,60.7792,0,-1,Normal
5,-2.68377,36.8161,0.799522,-1,Warning
20,1.28052,12.9302,1,1,Normal
5,0.557939,55.8404,0.138243,1,Normal
19,5.21766E-06,59.2766,0.224012,1,Normal
13,-0.50371,56.6199,0,-1,Normal
8,1.86059,44.0965,1,1,Warning
1,0.233057,72.2386,0.0272509,1,Normal
15,-0.129341,59.7778,0,-1,Normal
21,-2.01702,0,1,-1,Warning
20,0.407822,25.4962,0.351552,1,Normal
16,-0.290735,31.7075,0.519805,-1,Normal
9,-1.74956,46.8451,0.879327,-1,Warning
14,-1.28251,52.2182,0.83738,-1,Warning
11,-0.681578,12.3733,0.0844298,-1,Normal
10,0.123857,30.8637,0.54125,1,Normal
12,-3.43685,63.292,1,-1,Warning
8,-1.36658,44.7398,0.533546,-1,Normal
21,-1.16411,35.5692,1,-1,Warning
6,-0.43091,6.65352,0.247837,-1,Normal
19,0.647375,40.889,0.206345,1,Normal
12,2.32523,77.6493,1,1,Warning
16,2.27087,44.0704,1,1,Warning
12,-0.289987,24.1372,0.598425,-1,Normal
10,-3.07566,40.6644,0.888084,-1,Warning
0,2.15133,81.4388,1,1,Warning
7,0.802304,25.5208,0.278231,1,Normal
20,2.51964,16.7948,0.905677,1,Warning
17,0.845451,71.0239,0.126371,1,Normal
15,0.547853,26.0087,0.0298632,1,Normal
2,-0.495505,35.1463,0.621855,-1,Warning
12,1.42206,20.6541,0.519923,1,Normal
12,0.692027,11.6128,0.0906949,1,Normal
9,-2.57609,17.9908,0.46226,-1,Normal
19,-3.40472,33.7563,0.402899,-1,Normal
7,0.123087,68.0072,0.508584,1,Normal
22,0.414741,20.8525,0.0470102,1,Normal
11,0.0680868,52.1053,0,1,Normal
15,-0.414285,3.81157,0,-1,Normal
15,-2.74855,20.9328,0.613814,-1,Warning
16,-0.337979,69.6643,0.124269,-1,Normal
0,-3.03632,15.3669,0.869916,-1,Warning
15,0.194356,36.3468,0.516309,1,Normal
4,-2.91353,31.1234,0.929653,-1,Warning
1,0.127808,44.6975,0,1,Normal
22,-2.02835,35.0233,0.912158,-1,Warning
6,-1.1409,40.6092,1,-1,Warning
4,0.202384,8.51026,0.0381163,1,Normal
5,-3.09768,39.3928,0.628843,-1,Warning
0,-1.01872,61.4972,1,-1,Warning
2,-2.89721,40.9222,0.324338,-1,Normal
19,2.24231,16.3594,0.985207,1,Warning
17,0.0390667,55.9385,0,1,Normal
23,-0.391164,50.3173,0.451535,-1,Normal
9,2.96079,25.8823,0.697502,1,Normal
14,3.31499,59.8437,0.649465,1,Normal
2,0.107587,45.5845,0.408524,1,Normal
14,2.33184,0,0.650691,1,Normal
8,0.476373,22.7202,0.045818,1,Normal
16,-2.78639,18.6588,0.166039,-1,Normal
17,1.8964,3.04323,0.160256,1,Normal
10,-0.161888,38.7875,0.203177,-1,Normal
23,-0.0566331,69.5467,0.0110486,-1,Normal
17,-0.0443594,20.7316,0.132943,-1,Normal
19,0.513778,58.3101,0.156725,1,Normal
14,-0.187019,53.5245,0.587289,-1,Normal
3,2.23778,34.5335,0.837161,1,Normal
22,1.13408,45.273,0.682916,1,Normal
2,0.41721,48.1388,0.0243916,1,Normal
15,1.38146,41.1325,0.727354,1,Normal
11,1.04862,30.1936,1,1,Warning
15,-1.48176,53.6523,0.646868,-1,Warning
2,0.598049,12.0824,0.26523,1,Normal
16,2.37066,16.7382,0.864382,1,Normal
13,-0.391041,14.895,0.443316,-1,Normal
9,0.802458,13.8747,0.739321,1,Normal
19,-0.401944,77.5991,0,-1,Normal
10,-0.629712,62.4382,0.138924,-1,Normal
5,-1.46866,42.6772,0.885255,-1,Warning
17,0.54803,10.781,0.513726,1,Normal
17,0.470967,45.4548,0,1,Normal
0,2.94075,35.8572,0.806556,1,Normal
0,1.29523,45.4661,0.468611,1,Normal
18,0.12215,52.4384,0.103977,1,Normal
14,0.120992,65.712,0.140708,1,Normal
23,-1.1337,40.324,0.636962,-1,Warning
13,-0.000116473,44.5545,0.237057,-1,Normal
9,-0.260704,83.2532,0,-1,Normal
13,0.328061,51.6375,0.592685,1,Normal
14,0.685727,13.516,0.224189,1,Normal
5,-0.826659,4.05922,0,-1,Normal
13,0.47702,46.1967,0.0556892,1,Normal
14,3.67901,26.3441,0.656903,1,Normal
16,0.379191,34.0263,0,1,Normal
7,-3.31535,44.8109,0.99969,-1,Warning
20,-0.416513,19.7117,0.437572,-1,Normal
7,0.543469,78.4247,0.399521,1,Normal
17,-0.516689,33.3713,0.375673,-1,Normal
7,2.73603,58.7875,1,1,Warning
2,0.466125,23.7574,0.381055,1,Warning
16,2.55046,41.4656,0.810031,1,Normal
19,3.34566,32.8993,0.630432,1,Normal
2,-2.08285,23.7909,0.856746,-1,Warning
12,0.798833,13.1741,0.133584,1,Normal
16,1.06437,44.7663,0.529048,1,Normal
19,3.76408,0,0.963222,1,Warning
21,1.50118,22.0821,0.73055,1,Normal
23,-0.506238,6.21044,0.576417,-1,Normal
12,-2.27176,18.4806,0.766039,-1,Warning
7,-3.19471,53.0303,1,-1,Warning
3,-1.53669,44.7494,0.384879,-1,Normal
16,0.424536,42.3842,0.726749,1,Normal
1,-3.31482,38.5928,0.49145,-1,Normal
17,-0.383762,1.82548,0.208603,-1,Normal
14,-1.30889,7.02119,1,-1,Warning
4,-0.710142,30.4365,0.415747,-1,Normal
22,0.0405392,40.4847,0.301419,1,Normal
15,-0.437016,15.9533,0.464246,-1,Normal
16,1.89825,54.902,0.734607,1,Normal
13,-0.181249,27.2472,0,-1,Normal
1,-1.24439,58.9897,1,-1,Warning
22,-0.0828673,42.4023,0.396462,-1,Normal
11,-0.786619,12.6992,0.340858,-1,Warning
4,-1.14847,45.13,0.849994,-1,Warning
23,-3.41644,44.8826,1,-1,Warning
6,0.765863,42.4231,0,1,Normal
5,-0.296504,46.2101,0,-1,Normal
12,-2.36711,12.2947,1,-1,Warning
0,0.946483,28.6001,0.433605,1,Normal
23,3.08355,14.5476,0.507668,1,Normal
13,-2.92202,56.5974,0.736656,-1,Warning
7,2.8693,10.1189,0.701473,1,Normal
13,-0.0126777,11.3509,0.641613,-1,Normal
6,-1.90254,18.647,0.980657,-1,Warning
9,-1.75927,40.6478,0.763224,-1,Warning
5,-3.51898,54.3501,1,-1,Warning
7,2.30935,7.88024,0.431684,1,Normal
9,0.823262,48.265,0.0618269,1,Normal
15,-1.43299,18.6783,0.808821,-1,Warning
12,0.148053,11.0739,0.436953,1,Normal
0,-0.206462,12.1424,0,-1,Normal
10,0.210877,24.5652,0.689297,1,Normal
8,-2.52556,89.0746,0.946353,-1,Warning
8,0.893135,28.9598,0.116093,1,Normal
22,-0.0270193,38.8351,0.591098,-1,Normal
3,-0.0810972,25.3308,0,-1,Normal
18,1.47405,39.2848,0.645957,1,Normal
5,0.461741,52.4373,0.637423,1,Normal
3,-0.354023,0,0.17387,-1,Normal
5,0.0694769,72.889,0.48933,1,Normal
1,-2.26139,27.0104,0.526025,-1,Normal
14,-0.7196,19.2881,0.563197,-1,Normal
14,-0.523898,72.5048,0.0358732,-1,Normal
2,0.0809507,53.2485,0.387066,1,Normal
17,-2.42376,0,1,-1,Warning
11,2.52035,60.5386,0.394438,1,Normal
7,-2.39786,22.6161,0.759478,-1,Warning
23,-0.88365,2.65157,0.603285,-1,Warning
16,-0.291046,24.7708,0.378423,-1,Normal
15,0.278421,81.8073,0.599334,1,Normal
9,-1.39368,52.9079,0.880787,-1,Warning
8,0.138877,24.6926,0.283155,1,Normal
2,-0.659886,0,0.339862,-1,Normal
21,0.461141,55.5782,0.245972,1,Normal
10,0.600345,15.8966,0,1,Normal
21,-0.423335,29.0592,0.284609,-1,Normal
3,0.0583254,0,0,1,Normal
14,1.01733,56.5629,0.538956,1,Normal
19,-0.777107,38.0686,0.407876,-1,Normal
9,0.727871,68.1295,0.274281,1,Normal
7,1.01868,10.3387,1,1,Normal
15,-1.29615,79.4877,0.170172,-1,Normal
11,-0.369268,0.353699,0.246947,-1,Normal
3,-0.767682,32.6258,0.293509,-1,Normal
15,0.0364349,14.2975,0.13537,1,Normal
0,2.18346,49.2113,0.908095,1,Warning
10,-0.783467,47.4502,0.343928,-1,Normal
10,0.0094335,22.5014,0.306708,1,Normal
20,3.24154,34.9047,0.700283,1,Normal
15,-1.0306,51.7762,0.748231,-1,Warning
7,3,21.5779,0.482397,1,Normal
18,-0.450768,34.3225,0,-1,Warning
16,-0.350678,33.8464,0,-1,Normal
6,1.2987,0,0.679995,1,Normal
22,-2.68438,39.3567,0.897186,-1,Warning
23,-1.28069,91.0848,0.809175,-1,Warning
11,-1.39748,55.4468,1,-1,Warning
3,-0.637842,3.86102,0,-1,Normal
15,0.0159888,50.5812,0.477864,1,Normal
2,-0.318132,48.9732,0.0859391,-1,Normal
13,0.75605,0,0.268706,1,Normal
18,1.37956,16.547,0.688583,1,Normal
20,-0.0417515,67.4183,0.312273,-1,Normal
1,-3.31429,38.2424,1,-1,Warning
8,-0.092566,24.5495,0.00344649,-1,Normal
0,-0.124323,21.0971,0.165489,-1,Normal
4,-2.01911,69.4727,0.466518,-1,Normal
10,-0.755136,49.4982,0.247233,-1,Normal
8,-4.24203,28.5388,0.691572,-1,Warning
19,-2.11081,18.0225,0.816464,-1,Warning
3,-2.45971,9.24648,0.698465,-1,Warning
10,0.0223198,46.4962,0.172062,1,Normal
17,-2.37251,45.1341,0.415411,-1,Normal
3,0.119934,49.052,0.136985,1,Normal
6,2.75665,61.6452,0.553181,1,Normal
16,0.0503467,56.5621,0.2934,1,Normal
15,0.382908,0,0.0227693,1,Normal
13,0.394035,84.1722,0,1,Normal
21,-1.67741,37.012,0.0774245,-1,Normal
15,-0.352924,63.7649,0.530197,-1,Normal
10,0.459894,31.47,0.289526,1,Normal
17,1.08262,0,0.768776,1,Normal
11,-0.377782,19.6443,0.447808,-1,Normal
6,2.69427,53.4934,0.584069,1,Normal
15,-4.10783,29.5605,1,-1,Warning
11,-1.49426,19.96,0.963447,-1,Warning
18,-1.05596,6.28907,0.761003,-1,Warning
7,2.0444,59.0115,0.929725,1,Warning
6,2.01526,24.9878,1,1,Warning
4,-1.35108,20.8804,0.403804,-1,Normal
4,-0.650645,49.5726,0.871362,-1,Warning
13,-1.71195,45.494,0.590041,-1,Normal
18,-0.88666,35.0168,0.298027,-1,Normal
4,-3.34336,23.1205,0.501789,-1,Normal
2,0.0536228,45.7031,0.624519,1,Normal
17,-1.37643,32.2983,0.721363,-1,Warning
23,1.11599,62.432,0.644427,1,Normal
14,-0.113747,44.0053,0.269788,-1,Normal
2,-1.9757,27.4784,0.92531,-1,Warning
4,0.153869,61.2122,0.095571,1,Normal
12,1.41957,7.04295,0.542189,1,Normal
0,-3.19074,27.3739,0.751511,-1,Warning
9,1.69648,43.0171,0.407058,1,Normal
23,-0.413981,4.80835,0.119863,-1,Normal
19,3.07615,45.7793,0.395201,1,Normal
11,0.732583,21.8046,0.119964,1,Normal
16,0.312725,2.02728,0.279032,1,Normal
23,1.64764,43.9041,1,1,Warning
11,-0.752314,29.3851,0,-1,Normal
7,1.27519,41.4529,0.884238,1,Normal
21,1.53723,93.7183,0.684636,1,Normal
9,2.35992,48.0106,0.616644,1,Normal
7,0.222054,41.074,0.349223,1,Normal
12,0.657158,0,0.65116,1,Normal
17,0.0538555,27.6621,0.245329,1,Normal
9,-0.115182,58.1913,0.370893,-1,Normal
0,3,39.093,0.978459,1,Warning
9,-1.01727,42.0228,0.761865,-1,Warning
2,3,37.3185,0.546259,1,Normal
1,2.72803,54.6997,0.849735,1,Normal
1,-3.86826,47.4734,0.433318,-1,Normal
22,1.84369,26.0231,0.791526,1,Normal
17,-1.8356,19.4577,0.6241,-1,Warning
4,-1.70628,48.0298,1,-1,Warning
4,2.01948,18.0316,0.609823,1,Normal
13,1.31657,48.3959,1,1,Normal
19,-0.438315,62.9258,0,-1,Normal
8,1.20695,0,0.857055,1,Normal
5,-0.0714426,26.971,0.225557,-1,Normal
9,-0.0894063,35.9584,0,-1,Normal
15,0.463149,50.07,0.147126,1,Normal
21,1.02699,62.128,0.784991,1,Normal
6,0.0658027,30.698,0.423754,1,Normal
8,-0.214414,37.7787,0.0399038,-1,Normal
2,-2.14369,16.917,0.720132,-1,Warning
17,-1.64603,42.4411,1,-1,Warning
2,0.34863,45.7739,0.708787,1,Normal
18,-0.692203,74.5401,0.535602,-1,Normal
15,-3.05902,42.6872,1,-1,Warning
2,-3.76832,40.6874,0.332771,-1,Normal
16,0.0967292,26.3279,0.623407,1,Normal
8,-1.56155,23.3806,0.803226,-1,Warning
17,-2.52128,21.2433,0.582222,-1,Normal
21,2.84741,38.9996,1,1,Warning
0,0.910552,43.1322,0.104603,1,Normal
10,-3.69532,33.4374,0.401185,-1,Normal
3,-0.250319,25.2936,0.745722,-1,Normal
14,0.362534,60.3045,0.184545,1,Normal
21,-0.147104,71.6053,0,-1,Normal
15,-3.19962,34.917,0.608282,-1,Warning
18,0.0368411,75.6644,0.0327552,1,Normal
22,3.41457,48.8567,0.644556,1,Normal
12,-0.192508,19.9341,0.211212,-1,Normal
1,-2.9375,57.3503,1,-1,Warning
4,0.867541,7.96237,0,1,Normal
2,0.968482,33.4191,0.363013,1,Normal
19,-1.94954,34.6675,1,-1,Normal
15,-1.98872,48.0773,0.99854,-1,Warning
8,1.64685,26.8777,1,1,Warning
9,-0.650623,36.3871,0.46189,-1,Normal
4,0.42359,43.7835,0.0412413,1,Normal
7,2.86421,36.9542,0.789591,1,Normal
13,0.488732,49.6687,0.348589,1,Normal
7,0.115791,74.5588,0.23794,1,Normal
18,0.212502,38.5459,0.231117,1,Normal
11,-0.140773,25.7125,0.471902,-1,Normal
11,-1.79344,56.2296,0.299539,-1,Normal
7,0.152209,44.7365,0,1,Normal
17,-0.712777,21.3879,0.00285148,-1,Normal
11,0.00362717,90.7561,0.0989889,1,Warning
13,-2.68004,31.7118,0.395278,-1,Normal
17,-2.55107,27.5442,0.713845,-1,Warning
12,3.30491,60.6133,0.580158,1,Normal
16,0.248563,0,0.370954,1,Normal
9,-0.849022,9.29905,0.150427,-1,Normal
19,-3.29961,39.36,0.716048,-1,Warning
10,0.241079,31.5246,0.371844,1,Normal
19,-1.04448,33.6628,0.634091,-1,Warning
19,-0.180266,24.507,0.656057,-1,Normal
0,0.631112,41.2465,0.286593,1,Normal
5,-0.603793,61.3529,0.0475374,-1,Normal
12,-0.237864,50.2145,0,-1,Normal
14,0.0740729,39.8434,0.404915,1,Normal
9,1.25973,55.4662,0.740658,1,Normal
22,-2.04459,52.6123,1,-1,Warning
8,-2.57327,26.7086,0.862028,-1,Warning
19,-0.444481,40.1691,0.290402,-1,Normal
11,-1.54258,26.3964,0.958621,-1,Warning
12,-3.40991,42.4632,0.510316,-1,Normal
22,-0.050098,38.7818,0.0945788,-1,Normal
10,-0.329965,11.0219,0,-1,Normal
16,0.816362,0,0.397321,1,Normal
3,1.08669,26.2009,0.515185,1,Normal
18,-2.00185,42.8598,0.959573,-1,Warning
8,-0.845418,38.8443,0.429337,-1,Normal
0,-1.04916,42.4399,0.405567,-1,Normal
11,-0.263922,46.3254,0.475561,-1,Normal
6,-2.63426,0.287238,0.711496,-1,Warning
12,0.162739,4.58063,0.0393387,1,Normal
23,2.7628,33.2203,0.630958,1,Normal
12,-0.204759,34.1772,0.130978,-1,Normal
19,0.564591,38.3267,0,1,Normal
13,-3.00599,45.4072,0.922187,-1,Warning
19,-0.0537241,26.3826,0,-1,Normal
16,-0.985649,12.7968,0.101778,-1,Normal
17,1.67918,60.1323,0.187495,1,Normal
4,0.268523,67.3695,0.403941,1,Normal
17,0.660495,33.3545,0,1,Normal
5,0.251841,29.1077,0,1,Normal
19,0.808286,37.7953,0,1,Normal
16,2.24258,23.5886,0.392516,1,Normal
4,3,28.8977,0.740222,1,Normal
17,-0.417931,12.2831,0.523106,-1,Normal
17,-4.00451,30.8484,0.78819,-1,Warning
7,-1.64442,49.2719,0.95832,-1,Warning
13,0.213547,58.688,0.522116,1,Normal
3,0.423164,34.2484,0,1,Normal
10,0.855791,29.6745,0.372513,1,Normal
0,-1.85533,27.8374,0.95402,-1,Warning
17,-0.665481,29.2705,0.130373,-1,Normal
7,-2.93012,18.8312,0.692272,-1,Warning
5,-0.0186098,18.6916,0,-1,Normal
20,0.240637,77.8215,0,1,Normal
2,-1.56404,50.3445,0.974781,-1,Warning
22,0.702014,38.7436,0.308253,1,Normal
20,-1.5123,49.4597,0.758844,-1,Warning
11,-0.503186,0,0.209695,-1,Normal
11,-0.297477,39.2975,0.492324,-1,Normal
22,0.116265,34.4496,0.385649,1,Normal
13,-0.807895,35.4574,0.43911,-1,Normal
4,0.546892,31.1932,0.213575,1,Normal
6,0.922377,35.7426,0.346945,1,Normal
9,0.247282,17.9945,0.280973,1,Normal
22,0.383422,7.95798,0.267926,1,Normal
3,0.223042,20.7583,0.469133,1,Normal
23,-2.27891,30.094,0.639633,-1,Warning
22,1.03409,0,0.863683,1,Normal
19,1.0806,28.7331,0.4512,1,Normal
5,0.446629,20.7326,0,1,Normal
5,-3.68004,56.3356,0.644978,-1,Warning
4,2.6711,26.3047,0.663692,1,Normal
15,0.0742413,54.9175,0.65648,1,Normal
17,-0.0475514,15.8311,0.7575,-1,Normal
18,0.334394,54.5427,0.271416,1,Normal
19,-2.04885,5.80334,0.680555,-1,Warning
5,0.032704,59.9565,0.453301,1,Normal
3,-1.10931,38.9922,0.738379,-1,Warning
13,0.615043,17.2058,0.797426,1,Normal
14,-0.289639,41.5336,0.630255,-1,Normal
16,-0.53882,18.0508,0.515637,-1,Normal
17,0.86486,48.928,0.18034,1,Normal
2,1.96637,68.3418,0.640394,1,Normal
9,0.693969,54.6044,0.134311,1,Normal
14,0.771321,13.2881,0.298273,1,Normal
9,1.67093,0,0.598924,1,Normal
12,0.492651,46.5258,0.465312,1,Normal
9,-0.335239,43.611,0.340833,-1,Normal
10,2.5202,28.1937,0.252266,1,Normal
6,3,47.4452,0.408438,1,Warning
23,-3.52522,42.7636,0.701987,-1,Warning
3,0.00302527,46.3814,0.970507,1,Normal
2,-1.19124,19.9222,1,-1,Normal
4,0.724445,59.1776,0,1,Normal
2,0.214467,44.2351,0.360757,1,Normal
21,3.58506,51.6664,0.831798,1,Normal
23,0.0146988,27.0119,0.537952,1,Normal
21,0.594244,46.3358,0.289084,1,Warning
19,-0.768784,19.5308,0.542399,-1,Normal
17,-0.0481571,27.6252,0.0371296,-1,Normal
20,-0.413189,0,0.33081,-1,Normal
8,-2.67031,10.9708,0.733057,-1,Warning
21,2.91552,30.5526,1,1,Warning
10,-0.27862,66.8425,0,-1,Normal
1,0.374944,8.81028,0,1,Normal
22,0.321727,28.3695,0,1,Normal
8,1.41517,40.6889,0.972513,1,Normal
0,0.930718,49.6889,0.386537,1,Normal
8,-2.49034,70.8734,0.513065,-1,Normal
12,-3.66572,65.338,0.89192,-1,Warning
3,2.88037,14.4869,1,1,Warning
5,-2.41796,44.8594,0.687381,-1,Warning
8,-1.10266,37.2007,1,-1,Warning
13,0.660761,54.2638,0,1,Normal
11,2.66899,63.8389,0.928023,1,Warning
17,-3.53993,49.0789,0.539144,-1,Normal
16,-0.646189,10.199,0.127175,-1,Normal
16,-0.0371281,39.8165,0.625241,-1,Normal
8,-0.874435,42.9455,0,-1,Normal
1,-0.0894768,77.7721,0.0157202,-1,Normal
10,0.059986,50.257,0.0531012,1,Warning
8,1.58251,55.0616,0.985536,1,Warning
23,0.51414,27.5317,0,1,Normal
18,-0.652043,38.7625,0.651272,-1,Warning
0,-0.312739,34.8467,0.0786173,-1,Warning
5,-1.622,42.8079,0.590394,-1,Normal
8,2.4136,58.9619,0.755238,1,Normal
21,2.23075,66.8522,0.794861,1,Normal
2,-0.496772,8.37719,0.210623,-1,Normal
8,-0.509492,29.6,0.47401,-1,Normal
12,-1.97102,29.4372,0.746858,-1,Warning
8,-0.562421,87.4971,0,-1,Normal
11,0.854608,23.7011,0.198002,1,Normal
8,-1.93032,45.2724,0.292687,-1,Normal
3,0.793542,58.9746,0.297466,1,Normal
7,1.90893,45.9586,0.78314,1,Normal
8,-0.372753,20.459,0.161833,-1,Normal
1,-3.25863,40.7138,1,-1,Warning
19,-1.8487,13.8777,0.333984,-1,Normal
15,-2.88825,34.9919,0.52307,-1,Normal
7,-1.77907,32.5804,0.952257,-1,Warning
15,-2.71952,59.7419,0.704673,-1,Warning
8,-0.341062,47.5449,0.560118,-1,Normal
8,2.90046,38.6924,1,1,Warning
0,-1.93152,42.1445,0.426191,-1,Warning
9,2.66431,64.247,0.695845,1,Normal
16,3.31237,0.483725,1,1,Warning
22,0.738678,14.6605,0.314066,1,Normal
16,-3.03256,8.87693,0.954055,-1,Warning
3,-2.35427,24.7314,1,-1,Warning
12,-2.03383,22.4708,0.839753,-1,Warning
12,-1.39317,27.8124,0.251802,-1,Normal
13,-2.00139,30.6248,0.51487,-1,Normal
7,-0.582969,64.7865,0.609811,-1,Warning
6,3,7.55095,0.917858,1,Warning
15,0.0597078,53.1816,0.150542,1,Warning
1,1.99331,0,0.983819,1,Warning
21,0.826492,14.888,0,1,Normal
22,3.38707,30.6811,0.727939,1,Normal
8,1.06589,35.3521,0.314804,1,Normal
15,-1.79472,38.0454,0.277704,-1,Normal
12,1.97631,31.1274,0.766771,1,Warning
16,0.316352,49.2595,0.657984,1,Normal
14,1.12844,29.658,0.933314,1,Normal
1,0.0204238,58.2974,0.259583,1,Normal
9,0.52052,52.3185,0.365306,1,Normal
8,2.04353,24.815,0.827118,1,Normal
17,-2.40248,30.86,0.235661,-1,Normal
10,0.404065,34.093,0.274983,1,Normal
10,0.137341,0,0,1,Normal
3,-2.76809,10.0683,0.439356,-1,Normal
20,-3.6444,39.6906,0.30589,-1,Normal
16,-0.286503,15.7191,0.395429,-1,Normal
2,-0.850614,22.2823,0,-1,Normal
5,2.79584,16.6873,0.71496,1,Normal
21,-1.17123,84.8222,0.54552,-1,Normal
10,-2.08707,19.9362,0.864749,-1,Warning
17,-1.16419,0,0.784465,-1,Warning
9,-1.51846,66.9845,0.418584,-1,Normal
1,-3.37683,53.4394,0.663192,-1,Warning
5,0.0225452,47.1339,0.723359,1,Normal
16,0.304425,51.7297,0.153994,1,Normal
10,0.7143,9.80226,0.0534225,1,Normal
3,2.47822,0,0.848016,1,Normal
5,3,34.7832,0.798749,1,Warning
18,0.159902,8.037,0,1,Warning
9,2.2485,27.5896,1,1,Warning
14,-0.723837,56.8954,0.171763,-1,Normal
22,-0.0140703,9.7171,0.15889,-1,Warning
15,-1.55969,16.3569,0.650284,-1,Warning
12,-0.844782,15.0673,0.196495,-1,Normal
19,-0.378657,29.8966,0.195157,-1,Normal
14,-0.687462,19.432,0.0761148,-1,Normal
6,-2.8265,42.0516,1,-1,Warning
7,-1.10481,47.0488,1,-1,Warning
8,-0.528886,45.2895,0.296752,-1,Normal
2,1.95027,54.8794,0.860931,1,Normal
7,-0.75372,23.9901,0.255559,-1,Normal
16,0.0978228,3.75802,0,1,Normal
17,-0.158424,18.3557,0.0265916,-1,Normal
15,0.609838,24.2473,0.086056,1,Normal
18,2.99021,7.72951,1,1,Warning
17,1.28688,55.4899,0.852535,1,Normal
23,-0.398979,53.4702,0.0424666,-1,Normal
13,-1.97172,38.5814,0.692835,-1,Warning
3,0.178871,19.7137,0.230103,1,Normal
5,1.0954,33.6059,0.82936,1,Normal
23,3.75102,0,0.487035,1,Normal
7,0.287101,45.6521,0.282868,1,Normal
7,-0.673842,0,0.566472,-1,Normal
7,0.185939,34.2995,0,1,Normal
4,0.722743,30.35,0.303355,1,Normal
13,0.922171,34.3123,0.171586,1,Normal
14,0.178811,9.30368,0,1,Normal
11,-3.01204,63.6552,1,-1,Warning
21,0.988133,25.7218,0.144471,1,Normal
5,3,39.1113,1,1,Warning
18,0.957051,61.7749,0.152113,1,Normal
17,0.0582676,51.4482,0.107988,1,Normal
4,-1.50224,19.9404,1,-1,Warning
16,3.02259,49.5047,0.860321,1,Normal
9,-3.94895,44.8751,0.406771,-1,Normal
18,-2.70153,0,0.546687,-1,Normal
16,-0.34771,36.9465,0.163408,-1,Normal
17,-2.26532,31.5909,0.678062,-1,Warning
0,-0.652365,24.2494,0.385038,-1,Normal
2,-0.894676,15.2059,0.10005,-1,Normal
15,-4.37174,4.8043,0.638345,-1,Warning
11,-1.32275,36.9829,0.861116,-1,Warning
7,1.72466,30.6892,0.759488,1,Normal
23,0.126364,33.5979,0.480071,1,Normal
10,-0.085505,14.721,0,-1,Normal
21,-3.9405,4.88551,0.58964,-1,Normal
22,0.892836,25.0279,0.419947,1,Normal
7,2.32354,37.4834,0.871534,1,Normal
0,0.182624,38.5023,0.152993,1,Normal
22,-0.325516,9.31844,0.332716,-1,Normal
8,-3.62343,28.894,1,-1,Warning
22,-0.106715,58.2964,0.237325,-1,Normal
8,-1.11048,37.3406,0.584707,-1,Normal
23,2.42597,40.8855,0.557993,1,Normal
20,-1.43654,16.8602,1,-1,Warning
1,-3.16704,28.7857,0.705114,-1,Normal
12,0.732881,42.4506,0.385561,1,Normal
22,0.694767,28.6085,0.521126,1,Normal
9,0.0588802,40.1205,0.692791,1,Normal
23,-0.610809,24.6003,0,-1,Normal
14,-0.11508,15.5234,0,-1,Normal
22,0.423966,34.4144,0.389444,1,Normal
6,-2.85947,22.0727,0.515317,-1,Normal
23,1.72045,49.3683,0.831964,1,Normal
21,0.325766,62.7049,0.401279,1,Normal
19,4.18595,41.039,0.99138,1,Warning
11,-1.23025,45.3959,0.783046,-1,Warning
6,0.520937,36.1399,0.325884,1,Normal
19,4.21996,37.4993,1,1,Warning
19,0.219751,31.3128,0.175634,1,Normal
2,0.0298521,25.4347,0.165226,1,Normal
2,-0.564078,43.0504,0,-1,Normal
6,2.13645,49.7236,0.620571,1,Normal
18,-3.33157,57.7403,0.860864,-1,Warning
18,-0.0720098,16.359,0,-1,Normal
6,-1.88713,51.1852,0.802814,-1,Warning
8,1.02746,32.4084,0.969805,1,Normal
20,0.524744,54.9771,0.414438,1,Normal
0,-1.52402,36.4645,0.595067,-1,Normal
19,-2.04097,18.9917,0.581874,-1,Normal
21,3.7003,30.5039,0.552161,1,Normal
10,1.67991,22.9812,0.555201,1,Normal
8,0.821594,0,0.478879,1,Normal
19,-0.977504,27.4919,0.128527,-1,Normal
23,0.503786,38.7833,0.098343,1,Normal
7,-0.0619909,40.8707,0.46005,-1,Normal
7,-0.36627,49.345,0.465137,-1,Normal
1,1.32818,48.7488,1,1,Normal
23,-2.81118,45.7599,0.873307,-1,Warning
2,-1.57304,45.5255,1,-1,Warning
18,1.05277,36.0405,0.871271,1,Normal
19,0.960014,12.8823,0.32554,1,Normal
0,0.218115,41.5065,0.289388,1,Normal
9,-0.955781,23.4887,0.478029,-1,Normal
14,0.764784,7.86466,0.265331,1,Normal
7,0.232851,53.8255,0,1,Normal
3,0.749504,0,0,1,Normal
8,-2.42886,23.6707,0.870085,-1,Warning
19,0.514955,73.7254,0.353862,1,Normal
11,-0.256998,24.6148,0.433168,-1,Normal
15,-2.07371,10.976,0.875346,-1,Warning
1,0.91101,45.5367,0.464655,1,Normal
3,2.65187,33.1732,0.80486,1,Normal
6,0.0764199,102.201,0,1,Normal
17,0.577474,78.4222,0.0196792,1,Normal
0,0.452905,0,0.381269,1,Normal
1,-1.3117,28.4837,0.776059,-1,Warning
2,2.3368,0.705411,0.685774,1,Normal
0,2.25822,27.0575,0.703918,1,Normal
19,-0.867257,59.7411,0.277616,-1,Normal
18,-0.499689,45.2996,0,-1,Normal
14,3.26213,37.7609,1,1,Warning
21,-3.25075,56.6681,0.808324,-1,Warning
1,-1.02139,34.2248,0.809789,-1,Warning
11,0.105893,54.567,0.331022,1,Warning
1,0.824655,22.5332,0.498642,1,Normal
15,1.04447,36.853,0.808788,1,Normal
19,0.366952,50.8891,0.274432,1,Normal
13,-1.09284,75.7027,1,-1,Warning
0,-0.587939,80.7351,0.0321377,-1,Normal
7,-1.60534,9.58202,0.793346,-1,Warning
0,-0.559541,31.9689,0,-1,Normal
8,-0.782293,31.8058,0.227107,-1,Normal
13,0.679514,6.41468,0.463153,1,Normal
16,1.95007,58.2817,0.166746,1,Warning
12,1.90819,49.354,0.723603,1,Warning
12,0.0142476,56.9912,0.580814,1,Normal
19,-2.51212,23.3196,0.703663,-1,Warning
11,-2.18441,53.0859,0.532432,-1,Normal
0,-1.05003,20.705,0.485858,-1,Normal
21,-1.05679,24.8092,0.639159,-1,Warning
21,0.187938,13.4889,0.618233,1,Normal
22,0.527447,43.4378,0,1,Normal
9,3,57.9623,0.927805,1,Warning
8,0.441121,36.1742,0.18448,1,Normal
7,0.155587,34.4875,0.339017,1,Normal
15,-1.78866,73.6749,0.536929,-1,Warning
16,0.330346,57.6899,0.305053,1,Normal
0,1.84012,29.1313,1,1,Normal
23,-0.158005,9.43035,0,-1,Normal
12,-0.279563,19.2211,0.00270478,-1,Normal
19,0.742324,15.934,0.0307724,1,Normal
12,-0.112886,36.6481,0.0798406,-1,Normal
12,4.55956,48.2683,0.433811,1,Normal
19,2.57046,11.9587,0.570604,1,Normal
13,-1.51887,28.2834,0.667096,-1,Warning
14,0.939466,47.5028,0.506063,1,Normal
20,-0.173908,26.4157,0.317565,-1,Normal
19,-3.02423,0,1,-1,Warning
9,-0.0769611,33.9569,0.357927,-1,Normal
23,-0.493219,32.7849,0.461636,-1,Normal
0,-0.779017,62.2063,0,-1,Normal
18,-0.479929,32.2046,0.38339,-1,Normal
2,-2.26423,40.817,0.348875,-1,Normal
20,-0.593337,27.7904,0.906853,-1,Warning
14,-2.61188,43.6524,0.192355,-1,Normal
23,-1.82714,32.1866,0.689726,-1,Warning
5,1.12312,14.448,0.808347,1,Normal
6,-1.74728,30.2178,0.900001,-1,Warning
5,0.821718,27.1374,0.442834,1,Normal
2,-0.370663,38.0856,0.574912,-1,Normal
2,0.0445463,2.32628,0.100672,1,Normal
18,0.761135,33.7155,0.24864,1,Normal
6,-1.03785,28.5816,0.752033,-1,Warning
18,-2.18587,65.1957,0.701194,-1,Warning
23,-2.35675,75.6449,1,-1,Warning
1,2.37769,33.387,0.790925,1,Normal
20,2.59112,35.9807,0.911412,1,Warning
21,0.420155,16.4149,0.300548,1,Normal
6,0.981082,33.7917,0.37339,1,Normal
17,0.942286,31.0266,0.196546,1,Normal
23,0.0759189,34.2911,0.178086,1,Normal
5,-1.02058,18.9551,0.792077,-1,Warning
23,2.20097,31.6904,0.727788,1,Normal
4,-0.479876,22.0586,0.372336,-1,Normal
23,-0.602182,35.6929,0.219291,-1,Normal
14,-0.367034,42.5852,0.434309,-1,Normal
14,1.66639,14.9391,0.897891,1,Normal
16,-0.667047,24.5164,0.0964861,-1,Normal
7,2.38077,44.4334,0.815865,1,Normal
8,0.0461225,44.3489,0.589986,1,Normal
6,-0.365595,47.826,0.475836,-1,Normal
1,-1.12009,0,0.935044,-1,Warning
22,1.06419,34.5822,0.514776,1,Normal
12,0.917669,44.2051,0.315338,1,Normal
11,0.70154,48.6898,0.388724,1,Normal
20,0.96046,28.6813,0.321691,1,Normal
8,0.217864,53.8579,0.193206,1,Normal
8,3,56.2427,1,1,Warning
14,-0.415032,21.2085,0.942986,-1,Warning
14,-1.63881,16.4885,0.419363,-1,Normal
14,1.78019,59.4735,1,1,Warning
8,-0.208569,2.18771,0,-1,Normal
10,-0.328556,17.5966,0.201267,-1,Normal
8,0.243534,0,0.192818,1,Normal
17,-1.56364,20.9598,0.472765,-1,Normal
2,0.235014,32.0406,0.581065,1,Normal
16,2.73788,43.5404,0.760026,1,Normal
10,-0.260551,15.7962,0,-1,Normal
4,-0.780382,56.1028,0.44716,-1,Normal
13,0.27132,12.0517,0.204015,1,Normal
12,1.80097,27.7419,0.910288,1,Warning
14,-2.05136,40.7188,0.758928,-1,Warning
3,0.040997,0,0.3583,1,Normal
14,-0.613387,42.3106,0.0960807,-1,Normal
22,-1.51266,16.1927,1,-1,Warning
7,3,32.508,1,1,Warning
16,1.42717,25.7409,0.844916,1,Normal
17,0.889059,21.1177,0.546707,1,Normal
19,-0.677198,56.3347,0.0739731,-1,Warning
20,2.62744,46.3763,0.788344,1,Normal
12,-4.62124,21.1656,0.728242,-1,Warning
18,-2.55197,12.6178,0.909437,-1,Warning
11,2.9502,27.6487,0.987006,1,Warning
3,0.789884,17.095,0.330798,1,Normal
8,-0.536967,77.5644,0.602606,-1,Warning
21,1.35977,23.1966,0.855764,1,Normal
17,2.54238,39.3131,0.702621,1,Normal
10,1.86844,21.7386,0.901427,1,Warning
4,0.690824,0,0.434439,1,Normal
19,1.7919,33.0267,0.225524,1,Normal
22,0.653844,38.5403,0,1,Normal
9,1.32593,22.7081,0.507561,1,Normal
0,3,7.1931,0.649949,1,Normal
17,-0.945162,75.5265,0.230926,-1,Normal
5,0.557045,18.5961,0.491541,1,Normal
9,-0.0261639,28.7716,0.782962,-1,Normal
19,1.07976,31.8373,0.78757,1,Normal
12,0.459199,55.0894,0,1,Normal
11,-1.27988,53.2496,0.768786,-1,Warning
12,0.545453,68.5226,0.196757,1,Normal
7,0.348831,19.9852,0.146404,1,Normal
8,2.98538,14.6046,0.37763,1,Normal
11,1.65713,73.3161,1,1,Warning
19,0.690113,18.7592,0.16138,1,Normal
11,0.260539,43.7047,0.131825,1,Normal
12,-0.527905,17.4876,0.497556,-1,Normal
12,0.0636842,67,0.374357,1,Normal
6,0.325227,79.5598,0.358313,1,Normal
21,0.537213,55.3029,0.210047,1,Normal
1,0.158254,30.8753,0.260615,1,Normal
21,2.12238,53.6752,1,1,Warning
22,2.56999,14.6789,0.331222,1,Normal
2,-0.809146,35.6593,0.603519,-1,Warning
19,0.25455,27.8925,0.119246,1,Normal
23,-2.04342,45.1814,1,-1,Warning
19,1.11896,0,0.981323,1,Normal
8,-2.07318,51.8464,0.957854,-1,Warning
5,0.232897,41.19,0.255559,1,Warning
5,0.943453,62.7474,0.0100979,1,Normal
20,1.33692,35.6108,0.650755,1,Normal
8,-3.98098,30.1806,1,-1,Warning
22,3.10801,46.9068,0.402137,1,Normal
14,0.378053,57.3676,0,1,Normal
20,2.62182,50.6173,0.933385,1,Warning
3,0.808294,0,0.315757,1,Normal
10,1.97136,22.692,1,1,Warning
21,-2.57638,70.3465,0.495468,-1,Normal
9,0.0627818,54.9261,0.538289,1,Normal
9,-0.823526,30.1736,0.642531,-1,Warning
21,-0.573588,55.0557,0,-1,Normal
7,-0.625976,48.3472,0.44916,-1,Normal
2,2.72833,37.9222,0.970802,1,Warning
12,2.75014,43.6542,0.489719,1,Normal
15,1.36107,13.2427,0.46382,1,Normal
9,1.10643,59.6116,0.437293,1,Normal
10,-3.07066,60.0427,0.573359,-1,Normal
13,-1.50051,36.1435,0.276114,-1,Normal
9,-0.477762,53.1212,0.41824,-1,Normal
13,-3.85467,47.2939,0.567217,-1,Normal
2,0.183572,57.3724,0.134614,1,Normal
7,-0.582639,5.99812,0.630725,-1,Warning
22,0.573956,21.7835,0.0733369,1,Normal
1,-0.0102269,28.6874,0.417534,-1,Normal
16,-0.00613717,15.6808,0.0952043,-1,Normal
7,-0.631191,32.1193,0.352882,-1,Normal
1,-4.03368,31.5484,0.478639,-1,Normal
12,-0.483196,61.4553,0.148633,-1,Normal
4,-0.736741,72.5106,0.31635,-1,Normal
4,3,34.2242,0.471949,1,Normal
17,3.04941,26.8098,0.65158,1,Normal
22,-3.27324,0,1,-1,Warning
7,3,13.2751,1,1,Warning
15,2.50222,22.0556,0.472217,1,Normal
9,-0.38886,50.4534,0,-1,Normal
9,-1.03222,24.0939,0.615375,-1,Warning
3,0.6863,24.5915,0.457847,1,Normal
16,1.78753,71.5958,0.703772,1,Normal
21,-0.199123,14.6296,0.236338,-1,Normal
18,0.876676,64.2921,0.382841,1,Normal
4,0.340215,8.71876,0,1,Normal
21,1.17297,83.1897,0.367902,1,Normal
20,1.20509,24.9433,0.92649,1,Normal
7,-0.405828,8.75272,0.171368,-1,Normal
6,-0.607508,18.4346,0.611328,-1,Warning
2,-2.90755,44.2965,0.978563,-1,Warning
3,0.812346,63.4221,0,1,Normal
20,0.0362018,19.5027,0.149398,1,Normal
6,-1.53964,51.6405,0.885748,-1,Warning
0,-2.01798,44.4491,0,-1,Normal
14,-2.00895,14.3351,0.343961,-1,Normal
21,3.17059,49.488,0.703857,1,Normal
20,0.18978,28.044,0,1,Normal
15,1.65425,20.9935,0.987564,1,Warning
1,-1.0677,41.3522,0.824996,-1,Warning
14,1.4862,28.5022,0.666957,1,Normal
7,-0.305105,9.73134,0.533931,-1,Normal
0,-0.257233,50.2498,0.665587,-1,Normal
4,-0.40042,43.4752,0,-1,Normal
3,0.613441,40.3374,0.0115593,1,Normal
19,-3.23846,13.8556,0.711405,-1,Warning
11,0.684042,27.4283,0.0203807,1,Normal
22,-0.0603554,76.1157,0.261114,-1,Normal
5,1.04302,48.169,0.743335,1,Normal
18,-0.5471,12.2121,0.188832,-1,Normal
4,2.44039,23.7164,0.978601,1,Warning
20,-3.9802,37.9091,0.584371,-1,Normal
11,0.414125,19.6678,0.373007,1,Normal
14,1.0655,36.4972,0.51609,1,Normal
2,0.235984,60.647,0.126063,1,Normal
16,0.537506,68.0579,0.132057,1,Normal
1,-0.585393,53.9369,0.516771,-1,Normal
9,-0.321123,35.2041,0.428036,-1,Normal
15,-0.735097,88.8182,0.637318,-1,Warning
7,0.77052,44.0982,0.480083,1,Normal
1,0.0810862,29.6938,0.0747461,1,Normal
18,1.01657,22.5266,0.994003,1,Normal
13,2.37005,18.1169,0.288797,1,Normal
12,0.686336,19.0562,0.0796506,1,Normal
22,1.97509,67.6174,0.976282,1,Warning
2,0.323412,32.0948,0.232358,1,Normal
18,0.210792,46.5587,0.255268,1,Normal
15,0.287238,4.18078,0.472773,1,Normal
2,0.629246,34.9649,0.209952,1,Normal
0,1.88113,17.8304,0.468937,1,Normal
20,-0.826171,0,0.340557,-1,Normal
19,3.11274,31.859,0.492166,1,Normal
21,-0.680064,0.736652,0.612249,-1,Warning
14,-3.23798,61.1124,0.534992,-1,Normal
18,0.672537,32.671,0,1,Normal
18,0.47473,51.0962,0,1,Normal
14,0.583542,44.5564,0,1,Normal
0,-0.722086,47.5412,0.519529,-1,Normal
19,0.0867093,34.0141,0.377618,1,Normal
0,1.4519,38.2834,1,1,Normal
6,-0.444831,14.3216,0,-1,Normal
20,0.0670466,42.5363,0.323687,1,Normal
15,1.71998,52.271,0.403272,1,Normal
12,-0.0168784,62.8403,0.371598,-1,Normal
19,-0.509436,14.5826,0,-1,Normal
8,-2.33518,21.3558,0.538273,-1,Normal
16,0.503987,21.7743,0.439709,1,Normal
9,0.746194,62.8934,0.306966,1,Normal
21,-3.45098,54.239,0.65627,-1,Warning
8,1.20738,23.2985,0.84559,1,Normal
15,0.729759,58.3784,0.225271,1,Warning
14,-1.79154,3.69293,0.980056,-1,Warning
14,0.162494,36.6245,0.248888,1,Normal
19,-0.697478,37.2647,0.172281,-1,Normal
2,-3.18317,50.3744,1,-1,Warning
23,-2.65578,54.4318,1,-1,Warning
7,-2.37932,25.6509,0.275208,-1,Normal
17,-0.149276,50.515,0.4056,-1,Normal
10,0.0475202,31.643,0.436985,1,Normal
19,-3.11108,74.1629,0.865956,-1,Warning
7,-0.264335,53.5929,0.135126,-1,Normal
8,-2.72947,43.9439,0.690806,-1,Warning
22,-4.20885,7.94287,1,-1,Warning
21,1.34671,55.7059,0.876175,1,Normal
2,3,41.7686,0.567022,1,Normal
6,2.8079,46.8753,0.930864,1,Warning
13,-0.0820456,0,0.125246,-1,Normal
13,-0.639127,34.1399,0.423758,-1,Normal
21,2.46209,84.123,1,1,Warning
12,-0.528175,0,0.63396,-1,Warning
17,0.25717,34.2041,0.321539,1,Normal
7,0.250848,44.9636,0,1,Normal
0,0.0835446,27.9338,0.237952,1,Normal
14,1.12521,57.8939,0.55009,1,Normal
23,-2.95513,88.2997,0.527066,-1,Normal
10,-0.610718,44.4115,0.520508,-1,Normal
15,-0.108537,50.4852,0,-1,Normal
23,-0.315779,24.3759,0.369316,-1,Warning
10,1.8683,43.7206,1,1,Warning
20,-1.30026,28.8977,0.514868,-1,Normal
0,3,41.4905,0.865431,1,Normal
21,0.740372,29.4419,0.531704,1,Normal
1,-0.466856,24.3947,0.168909,-1,Normal
16,0.108492,15.1463,0.160655,1,Normal
15,-3.09658,17.4788,1,-1,Warning
15,-2.78206,77.5482,1,-1,Warning
7,-0.552015,12.7033,0.481729,-1,Normal
18,-2.99943,51.9027,0.985688,-1,Warning
9,-4.41515,6.697,0.621615,-1,Normal
14,0.529068,47.4422,0.22777,1,Normal
3,3,50.6153,0.57985,1,Normal
3,-0.677428,27.257,0.176873,-1,Normal
4,3,12.6996,0.470044,1,Normal
16,2.88761,23.4066,0.298497,1,Normal
17,0.934066,27.0213,0,1,Normal
5,-0.634039,35.2468,0.263679,-1,Normal
11,-0.305822,29.9709,0.453963,-1,Normal
7,0.692484,47.0427,0.437764,1,Normal
9,-0.218363,19.1415,0.247447,-1,Normal
10,-3.22773,36.5664,0.928998,-1,Warning
16,0.398811,35.3788,0.266453,1,Normal
10,0.355446,0,0.833882,1,Normal
4,0.210886,53.7684,0.280634,1,Normal
4,-0.121167,59.6718,0.159641,-1,Normal
19,-0.980573,60.2661,0.510925,-1,Normal
2,-1.68438,35.2115,1,-1,Warning
8,0.793171,34.6278,0.881608,1,Normal
8,0.539745,25.7668,0.0952,1,Normal
17,-0.0828919,46.312,0.0986169,-1,Normal
8,-4.16127,54.2015,1,-1,Warning
17,-0.394203,0,0.256985,-1,Normal
4,1.48867,26.4466,0.93789,1,Normal
8,-0.32173,53.909,0.277731,-1,Normal
5,-0.950381,29.2905,0.00273357,-1,Normal
21,-0.544049,28.043,0.437123,-1,Normal
9,0.662525,57.9183,0.614269,1,Normal
6,0.619078,24.7147,0.583289,1,Normal
22,-3.82026,27.0629,0.773333,-1,Warning
22,0.921913,64.2145,0.0981174,1,Normal
6,-1.01979,46.2571,0.885462,-1,Warning
20,2.33356,49.9215,0.976617,1,Warning
0,-3.10081,32.4261,0.575042,-1,Normal
5,-0.053819,16.4639,0,-1,Normal
2,-0.114401,26.2938,0.256555,-1,Normal
2,0.0495936,34.3198,0.741955,1,Normal
15,3.24952,16.9989,1,1,Warning
3,-0.0669457,58.7731,0.291987,-1,Normal
19,1.21796,39.5023,0.923752,1,Normal
21,-0.265511,45.4852,0.272411,-1,Normal
17,-1.43826,38.8024,0.728602,-1,Warning
18,-0.226036,8.69413,0.14661,-1,Normal
1,-2.39384,29.4619,0.636512,-1,Warning
20,-2.31186,45.2373,0.942696,-1,Warning
4,-1.01413,14.7907,0.7866,-1,Warning
20,-0.130919,62.4394,0.482208,-1,Normal
0,-0.455574,36.0798,0.196994,-1,Normal
22,-0.695819,39.3557,0.198328,-1,Normal
11,0.190712,45.3529,0.365252,1,Normal
11,0.253308,13.0739,0.113134,1,Normal
11,3,28.6986,0.664512,1,Normal
5,-0.322453,0,0,-1,Normal
4,3,0,0.954692,1,Warning
4,-0.649153,26.5302,0.383832,-1,Normal
5,-0.137071,47.7435,0.225492,-1,Normal
6,0.11226,13.2165,0.269177,1,Normal
1,0.524268,4.18066,0.30747,1,Normal
22,0.988351,37.7473,0.354337,1,Normal
0,-2.32141,0,0.450211,-1,Normal
2,3,62.2562,1,1,Warning
4,3,31.722,1,1,Warning
5,0.991154,28.5713,0,1,Normal
17,-0.923465,37.7749,0.256234,-1,Normal
23,-1.56922,31.4581,0.885553,-1,Warning
8,2.15412,47.4712,0.583951,1,Normal
12,1.80165,28.8653,0.577038,1,Normal
4,-1.56415,55.8717,0.569453,-1,Normal
23,1.01506,36.4593,0.977722,1,Normal
11,0.348292,30.2379,0,1,Normal
13,-0.385293,6.67543,0.402658,-1,Normal
23,3.3285,52.7943,0.826484,1,Normal
1,-2.88648,1.55732,0.202947,-1,Normal
10,-2.01293,1.56034,0.286015,-1,Normal
18,1.09975,55.687,0.749525,1,Normal
10,-2.57545,36.1508,1,-1,Warning
10,-0.900503,39.0526,0,-1,Normal
2,3,7.27943,0.984229,1,Warning
2,1.33311,49.5119,0.719848,1,Normal
18,-2.93113,22.6954,0.73401,-1,Warning
23,2.03865,12.8782,0.663074,1,Normal
7,-0.925096,21.358,0.216945,-1,Normal
4,0.0536686,52.1644,0,1,Warning
4,0.432976,34.4249,0.634688,1,Normal
7,-1.09525,27.8396,0.618441,-1,Warning
6,-0.63775,14.8102,0.156502,-1,Normal
17,0.515565,43.1885,0.21049,1,Normal
17,0.983024,18.9638,0,1,Normal
5,1.36902,0,0.940061,1,Normal
22,-0.0626466,42.805,0.161038,-1,Normal
12,0.65435,36.6384,0.254979,1,Normal
7,0.306707,39.3246,0.380869,1,Normal
21,-1.00269,28.6248,0.7724,-1,Warning
20,2.04766,14.4662,0.664068,1,Warning
21,1.2398,51.2462,0.729364,1,Normal
13,-0.690993,27.0884,0.0249922,-1,Normal
16,-0.382611,39.5525,0.0310067,-1,Warning
19,1.00027,44.3772,0.866272,1,Normal
14,0.225471,40.4182,0.438547,1,Normal
10,-2.56889,39.1372,1,-1,Warning
8,-0.276675,18.3226,0.27015,-1,Normal
5,0.667703,59.8742,0.334691,1,Normal
11,0.862571,12.6286,0,1,Normal
5,-0.154078,21.2779,0.483887,-1,Normal
5,0.483478,49.5841,0.644663,1,Normal
9,0.146099,14.1507,0.623937,1,Normal
4,-1.78326,45.1824,1,-1,Warning
13,-1.02285,71.8419,0.602235,-1,Warning
6,-1.03094,35.187,0.826309,-1,Warning
1,-0.23364,53.4365,0,-1,Normal
6,-0.657993,83.8407,0.447047,-1,Normal
22,-0.609379,52.2788,0.510823,-1,Normal
7,-0.447989,45.3443,0.254131,-1,Normal
4,-1.87346,32.1092,0.669992,-1,Warning
5,0.785058,28.8417,0.373611,1,Normal
15,-0.416418,27.7553,0,-1,Normal
0,0.793746,44.5601,0.249473,1,Normal
9,-0.0600999,42.4549,0,-1,Normal
0,-1.12928,37.7594,0.925,-1,Warning
10,-1.55934,59.0731,0.645268,-1,Warning
8,-1.97889,0,1,-1,Warning
12,1.78921,29.3151,1,1,Warning
11,-1.28282,29.9942,0.532409,-1,Normal
5,2.81095,34.4519,0.91566,1,Warning
20,2.67919,30.5618,0.828659,1,Normal
17,1.72963,28.1976,0.720934,1,Normal
12,1.96223,64.4028,0.668984,1,Normal
20,-2.06448,61.4925,0.690185,-1,Warning
3,0.0418794,44.4628,0.249639,1,Normal
21,0.462322,28.382,0.286029,1,Warning
11,-2.16669,50.2315,0.700584,-1,Warning
9,-3.25022,24.5786,0.642621,-1,Warning
17,-2.61911,67.043,1,-1,Normal
10,-0.00286243,31.7157,0.156943,-1,Normal
22,-0.749489,71.0201,0.395999,-1,Normal
15,1.95544,62.3099,1,1,Warning
4,-0.38474,24.9052,0.29087,-1,Normal
6,0.0759861,23.363,0.407261,1,Normal
4,-0.721502,59.325,0.569282,-1,Normal
17,-0.058881,31.7727,0.305623,-1,Normal
12,-0.838607,47.1973,0.356228,-1,Normal
14,-0.684303,8.85724,0.180369,-1,Normal
23,1.63585,42.168,0.74665,1,Normal
3,-0.240225,67.6869,0,-1,Warning
15,-0.653424,49.2116,0.326555,-1,Normal
0,3,46.5985,0.298787,1,Normal
10,-2.49519,13.2902,0.899835,-1,Warning
19,2.44393,2.13592,0.795292,1,Normal
10,0.406948,23.8015,0,1,Normal
9,0.462538,69.5974,0.463707,1,Normal
1,0.4848,20.4355,0.139969,1,Normal
8,-0.092765,89.0142,0.412109,-1,Normal
8,0.345201,20.41,0.270387,1,Normal
23,-3.19965,63.986,0.585398,-1,Normal
0,-0.717255,40.8637,0.289581,-1,Normal
23,-0.141042,71.1498,0.00884754,-1,Normal
20,-2.25148,14.7685,0.353458,-1,Normal
7,0.647271,41.8933,0.516917,1,Normal
18,-1.20806,17.1447,0.856113,-1,Warning
0,-3.27726,38.1825,0.643533,-1,Warning
13,-0.645667,52.3276,0.0908675,-1,Normal
23,-0.153872,27.8174,0,-1,Normal
1,-4.1878,30.4725,1,-1,Warning
2,-1.11152,2.52699,0.829005,-1,Warning
17,-1.34207,14.8807,1,-1,Warning
17,1.21897,39.6586,0.88069,1,Normal
22,-1.96447,34.2426,1,-1,Warning
8,0.722882,34.3057,0.389794,1,Normal
6,2.02481,57.5389,0.465755,1,Normal
18,1.27287,71.79,0.823128,1,Normal
19,0.545601,54.3723,0.449483,1,Normal
13,1.02962,53.5284,0.523351,1,Normal
10,0.147408,43.8595,0.358006,1,Normal
8,-0.141255,34.7588,0.157424,-1,Normal
20,-0.786718,33.692,0.0469445,-1,Normal
5,0.00990989,37.7314,0.281254,1,Normal
11,-0.632764,20.8332,0.749545,-1,Warning
21,1.03797,85.1838,0.842735,1,Normal
20,0.802074,28.5648,0.0517309,1,Normal
13,0.377831,44.6344,0.296416,1,Normal
23,-0.287752,1.94824,0.303163,-1,Normal
12,-0.285707,44.3776,0.142691,-1,Normal
10,2.30108,17.2781,0.880377,1,Normal
2,0.494437,35.5172,0.346058,1,Normal
21,-1.08499,39.7534,0.861562,-1,Warning
13,-1.14977,48.7547,0.879211,-1,Warning
13,-0.213683,38.5172,0,-1,Normal
15,-0.16525,37.9887,0.323162,-1,Normal
19,0.556117,15.3021,0.137619,1,Normal
10,1.93318,42.1591,0.45136,1,Normal
7,2.09812,25.44,0.422119,1,Normal
6,1.39971,16.8904,0.430283,1,Warning
4,1.06904,0.682766,0.988181,1,Normal
10,-0.313861,0,0.0247579,-1,Normal
23,-1.9903,31.137,0.760805,-1,Warning
4,0.0133395,0.852164,0.241617,1,Normal
1,3,73.7316,0.637109,1,Normal
4,3,42.1697,0.534776,1,Normal
19,1.2388,17.398,1,1,Normal
21,-0.0819412,37.0834,0.358272,-1,Normal
22,0.522039,31.699,0.107096,1,Warning
0,-0.229756,17.4368,0.312139,-1,Normal
14,-0.0442715,39.7356,0.348473,-1,Warning
16,2.35421,54.5412,0.983054,1,Warning
20,-0.5516,23.4577,0.40946,-1,Normal
22,0.99729,37.8623,0.575083,1,Normal
12,2.07425,40.3179,0.511817,1,Normal
1,-2.27234,25.0391,0.844357,-1,Warning
16,-1.02082,27.5742,0.721269,-1,Warning
21,-0.151812,30.5815,0.00971538,-1,Normal
7,0.643342,11.3327,0.116577,1,Normal
11,-0.525506,43.822,0.174291,-1,Normal
19,1.73261,30.0293,0.821226,1,Normal
5,3,23.1748,0.560714,1,Normal
19,2.91353,15.1732,0.678919,1,Normal
4,-0.12597,55.5011,0.373356,-1,Normal
0,-0.0971401,18.5122,0.620355,-1,Normal
22,-0.245513,28.4142,0,-1,Normal
19,-0.00769747,38.9632,0.56837,-1,Normal
11,3,10.3364,0.989199,1,Warning
5,0.0678035,17.2399,0.859996,1,Normal
3,2.57685,40.0574,0.413639,1,Normal
23,-0.304779,62.5733,0.496124,-1,Normal
21,-2.87037,41.0623,0.6336,-1,Warning
13,-0.913415,5.41033,0.501243,-1,Normal
17,-0.624312,59.0944,0.465426,-1,Warning
17,-0.217806,36.9768,0.224525,-1,Normal
7,1.36969,20.5766,0.739628,1,Normal
18,-0.204124,54.3971,0,-1,Normal
17,0.0429518,29.244,0.230549,1,Warning
5,-0.634571,47.736,0.395698,-1,Normal
7,-0.277528,20.793,0.692183,-1,Normal
12,-2.89125,43.8404,0.479525,-1,Normal
0,-0.839009,34.4886,0.426268,-1,Normal
10,-0.841902,43.3783,0.411799,-1,Normal
22,0.255272,14.1934,0.491917,1,Normal
22,0.199498,31.0656,0.407588,1,Normal
6,0.734244,39.0592,0,1,Normal
3,1.05973,44.43,0.67266,1,Normal
23,-0.690061,26.6396,0.381398,-1,Normal
7,-0.871763,48.3479,0.180886,-1,Normal
22,-0.218056,35.4371,0.0849144,-1,Normal
15,-0.615493,42.5594,0.183767,-1,Normal
23,-0.249811,34.6605,0.354803,-1,Normal
17,-0.010418,19.8227,0.596396,-1,Warning
14,1.78213,63.4803,1,1,Warning
15,-0.549126,38.7628,0.0987862,-1,Normal
9,-0.0246776,37.8094,0.669675,-1,Normal
18,0.0663005,48.6513,0.336791,1,Normal
20,1.22533,41.0606,0.938556,1,Normal
20,0.310968,44.14,0.142447,1,Normal
2,-1.91589,80.7009,1,-1,Warning
19,0.967463,50.2676,0.116562,1,Normal
13,-0.189717,51.156,0.0487069,-1,Normal
8,2.3448,65.8975,0.774437,1,Normal
11,0.784976,59.3279,0.235275,1,Normal
11,3,85.8112,0.791877,1,Normal
1,0.245487,71.6239,0.135003,1,Normal
8,0.80544,33.4061,0.237069,1,Normal
22,-0.79484,25.6746,0.131907,-1,Normal
7,-2.3843,30.8948,0.915224,-1,Warning
20,-0.414438,0,0.170571,-1,Normal
11,3,21.7105,0.991147,1,Warning
10,3,16.7688,1,1,Warning
21,-2.96257,0,0.806925,-1,Warning
10,0.624759,19.1837,0.162284,1,Normal
22,-0.447624,31.0665,0.208201,-1,Normal
19,0.931857,60.6584,0.51137,1,Normal
23,0.833121,28.1147,0.0716012,1,Normal
2,-2.36057,14.8644,0.267036,-1,Normal
8,2.11283,43.5223,0.534877,1,Normal
14,0.731353,70.5761,0.208376,1,Normal
15,-0.214802,30.8976,0.110913,-1,Normal
8,1.60675,21.9869,0.573792,1,Warning
2,-0.268127,7.19788,0.26703,-1,Normal
13,-0.641498,44.7639,0.355719,-1,Normal
11,0.0421127,46.7164,0,1,Normal
15,-0.847173,19.0004,0.197293,-1,Normal
19,3.75327,30.9381,0.473399,1,Normal
13,0.324832,29.5205,0,1,Normal
16,0.0640503,0,0.265328,1,Normal
20,0.138914,50.6298,0.0955462,1,Normal
6,0.423307,7.94305,0.31543,1,Normal
21,-0.818663,43.5545,0.311924,-1,Normal
23,-0.496491,51.6537,0.0456659,-1,Warning
12,-0.735995,17.9214,0,-1,Normal
16,-1.76777,53.5055,0.945429,-1,Warning
14,0.489042,38.5329,0.352458,1,Normal
15,2.11744,70.3354,0.548061,1,Normal
0,-0.459036,3.94163,0.100403,-1,Normal
4,-0.620543,17.4558,0.566161,-1,Normal
19,0.755511,2.98907,0.40991,1,Normal
14,-0.25032,59.7636,0.396669,-1,Normal
11,1.48538,42.4227,0.407771,1,Normal
12,-0.230381,43.4018,0.223834,-1,Normal
13,-0.637842,48.6821,0.324473,-1,Normal
12,-0.496549,32.0861,0.39391,-1,Normal
3,0.759707,54.0888,0.175334,1,Normal
14,-1.8467,19.7225,0.647367,-1,Warning
8,-0.506393,56.4949,0.450016,-1,Normal
21,-2.23876,19.9084,1,-1,Normal
0,-0.459855,10.195,0.294111,-1,Normal
20,-0.531208,68.9328,0.0690621,-1,Normal
19,0.0436041,12.8911,0.155576,1,Normal
2,2.5872,40.0666,0.568356,1,Normal
12,0.191251,35.1037,0.366516,1,Normal
9,-1.27082,51.24,0.840695,-1,Warning
8,0.400697,36.9489,0.441404,1,Normal
23,-0.327032,46.348,0.0469299,-1,Normal
20,-2.98525,40.0222,0.140653,-1,Normal
6,1.29103,15.3764,0.416575,1,Normal
9,-0.11925,15.3081,0,-1,Normal
0,0.258767,55.492,0.515281,1,Normal
9,-3.91542,38.8034,0.719224,-1,Warning
2,0.495513,34.3129,0.0893263,1,Normal
23,0.175583,44.6375,0.122084,1,Normal
13,2.67774,37.679,0.765159,1,Normal
20,0.523013,69.7453,0.394357,1,Normal
13,0.213156,15.861,0.493661,1,Normal
4,2.2963,19.2997,0.86358,1,Normal
16,-0.210961,77.8034,0.51548,-1,Normal
22,-0.143616,66.8916,0.181426,-1,Normal
3,-1.94045,31.3881,1,-1,Warning
13,0.419976,38.9896,0.400692,1,Normal
15,2.08307,20.25,0.444897,1,Normal
15,-0.93243,17.0108,0.378905,-1,Normal
10,0.395172,19.2954,0,1,Normal
22,0.437953,49.8252,0.244134,1,Normal
2,-2.56066,52.8762,0.92561,-1,Warning
9,-0.51354,12.0299,0,-1,Normal
13,0.967835,30.1418,0.295604,1,Normal
0,2.98465,51.7683,0.867315,1,Normal
13,1.85668,41.997,0.774212,1,Normal
3,1.0697,42.0848,0.582497,1,Normal
6,1.86079,12.2434,0.272051,1,Normal
0,-1.21915,48.2099,0.341361,-1,Normal
10,3,69.7965,0.778315,1,Normal
1,-2.34354,0,1,-1,Warning
22,1.03185,17.1626,0.905738,1,Normal
14,1.95905,23.534,0.517226,1,Normal
21,-0.359076,32.4302,0.255881,-1,Normal
8,0.684954,44.9582,0.0927211,1,Normal
17,0.180406,22.0369,0.229014,1,Normal
19,2.90483,12.4355,0.759174,1,Normal
2,0.461699,53.993,0.087488,1,Normal
11,-1.66856,19.5649,0.382951,-1,Normal
2,-0.357892,59.2517,0.29201,-1,Warning
6,-2.79124,10.3144,0.649736,-1,Warning
12,-3.0962,21.0636,0.917742,-1,Warning
11,0.29523,3.96844,0.180193,1,Normal
15,-0.370972,18.7232,0.332926,-1,Normal
6,0.270346,25.4168,0,1,Normal
4,0.0600014,0,0.625734,1,Normal
10,0.515589,33.8719,0.202254,1,Normal
22,-1.82172,35.8703,1,-1,Warning
17,1.41326,52.1236,1,1,Normal
5,-0.780465,80.801,0.188449,-1,Normal
21,-1.37995,1.51713,0.985244,-1,Warning
22,-2.43893,80.2997,0.931131,-1,Normal
2,-1.04959,26.9405,1,-1,Warning
10,-0.0155613,43.2777,0.652881,-1,Normal
10,-0.0642127,36.7796,0.473429,-1,Normal
5,-2.40311,33.9974,0.759781,-1,Warning
19,0.0120704,77.3317,0.277736,1,Normal
23,-3.59626,33.402,0.723076,-1,Warning
19,-0.0401874,57.8386,0.273242,-1,Normal
11,-2.42649,1.06491,0.697834,-1,Warning
17,-1.57363,49.2752,0.966205,-1,Warning
5,2.86699,15.957,0.956243,1,Warning
5,0.616649,41.0612,0.222683,1,Normal
15,2.93212,30.0706,0.371268,1,Normal
18,2.86851,30.8929,1,1,Warning
14,-1.64934,49.251,0.604976,-1,Warning
10,0.114301,21.0627,0.45435,1,Normal
1,1.57548,32.701,1,1,Warning
0,-1.39916,58.1521,0.716624,-1,Warning
10,-0.239657,45.2015,0.351968,-1,Normal
6,0.061495,47.1329,0.111973,1,Normal
2,-0.442112,30.4575,0.323646,-1,Normal
14,-0.449071,26.5427,0.282955,-1,Normal
15,4.22504,43.2793,0.522526,1,Normal
1,-0.211841,47.1298,0.389559,-1,Normal
2,-1.33769,30.5286,1,-1,Warning
3,-0.547883,40.2247,0,-1,Normal
12,-1.37027,12.0152,0.891443,-1,Warning
0,-2.0577,17.3133,1,-1,Warning
23,3.86008,16.1446,0.956236,1,Warning
14,0.285414,19.1929,0.547259,1,Normal
19,1.12963,30.6121,0.433905,1,Normal
19,0.897215,30.1434,0.0935501,1,Normal
6,-3.40177,74.9136,0.789332,-1,Warning
6,-2.69383,22.9857,0.799701,-1,Warning
22,-0.795534,63.9029,0.0185098,-1,Normal
9,-0.640676,78.4818,0.1048,-1,Normal
11,0.481567,28.5214,0.395789,1,Normal
12,0.934415,65.9842,0,1,Normal
1,0.475492,9.78398,0.154035,1,Warning
22,1.81666,33.4944,0.763749,1,Normal
13,0.336724,48.6958,0,1,Normal
4,-4.0416,4.97504,0.942171,-1,Normal
23,-1.01546,14.542,0.772748,-1,Warning
5,2.19794,55.7295,1,1,Warning
19,1.05446,54.0122,0.511834,1,Normal
4,-0.912759,57.4598,0.30739,-1,Normal
6,0.240509,14.1686,0.281362,1,Normal
4,-0.710551,68.0081,0.38483,-1,Normal
4,-2.2441,16.1108,1,-1,Warning
15,0.346494,62.0473,0.0472695,1,Normal
17,1.31283,62.0583,0.838351,1,Normal
16,1.11071,55.7824,0.808739,1,Normal
2,0.12317,57.9898,0.130564,1,Normal
2,0.0682547,63.2247,0.32026,1,Normal
16,0.334601,0,0.143875,1,Normal
0,-0.343351,46.716,0,-1,Normal
21,-0.424861,48.3876,0,-1,Normal
15,-0.583399,7.13321,0,-1,Normal
3,0.25209,35.5946,0,1,Normal
7,0.0793767,41.8767,0.681151,1,Normal
6,0.710405,8.90867,0.294294,1,Normal
23,-1.08413,21.9536,1,-1,Warning
5,2.01635,43.2333,0.853907,1,Normal
6,-0.468812,22.5272,0,-1,Normal
9,-2.413,28.7421,0.914261,-1,Warning
19,-1.59545,43.2419,0.824809,-1,Warning
21,-1.78074,17.4854,0.697645,-1,Warning
22,0.000906089,47.0022,0.393768,1,Normal
3,-0.775266,39.1082,0.218451,-1,Normal
4,0.00959772,52.9812,0.278098,1,Normal
2,-0.794106,24.3816,0,-1,Normal
19,-0.312602,10.7066,0.133929,-1,Normal
20,-0.527774,57.5257,0,-1,Normal
8,2.46432,47.6008,1,1,Warning
0,-0.342986,23.1694,0.301286,-1,Normal
7,-0.018818,64.4412,0.0927454,-1,Normal
13,2.86588,72.3382,0.845585,1,Normal
14,1.66267,35.9331,0.692685,1,Normal
12,0.10291,14.8397,0.515667,1,Normal
2,2.38138,43.4196,0.615959,1,Normal
0,0.426968,37.5484,0.375652,1,Normal
9,-2.96983,23.8123,0.861163,-1,Normal
10,-1.86168,29.9145,0.383085,-1,Normal
9,-0.330858,72.9058,0.533513,-1,Normal
20,2.64082,36.9842,0.78204,1,Normal
22,0.360899,22.7631,0.21632,1,Normal
13,-0.716314,39.4656,0,-1,Normal
10,-0.69756,58.8169,0.361458,-1,Normal
9,1.08887,32.7058,0.768132,1,Normal
15,0.442742,7.69708,0.437195,1,Normal
14,-0.53919,26.5143,0,-1,Normal
7,2.6104,38.1818,1,1,Warning
0,0.435113,38.638,0.0895884,1,Normal
11,-1.25041,31.3028,1,-1,Warning
14,0.282305,60.4321,0.741751,1,Normal
1,1.01513,30.5761,0.192564,1,Normal
15,1.13388,39.8754,0.440238,1,Normal
17,0.989276,68.4102,0.238017,1,Normal
10,-3.18385,0,0.361257,-1,Normal
2,-0.248833,40.7743,0.387279,-1,Normal
2,2.05568,23.4582,0.816468,1,Normal
6,0.335028,16.7991,0,1,Normal
17,4.30911,42.3321,0.5572,1,Normal
20,0.406711,12.8759,0.523843,1,Warning
13,-0.387771,41.0316,0.133681,-1,Normal
0,-0.234674,22.5791,0.2649,-1,Normal
13,-3.03258,62.2696,1,-1,Warning
11,-0.44107,8.5429,0.422334,-1,Normal
12,0.0895383,46.3465,0.302348,1,Normal
7,-0.452246,58.1167,0.0173573,-1,Normal
9,2.07933,11.1513,1,1,Warning
0,-0.51226,75.7132,0.595136,-1,Normal
2,0.308481,47.2515,0.415495,1,Normal
21,-1.96124,42.5024,0.742338,-1,Normal
7,0.28243,52.0577,0.149509,1,Normal
22,-2.42137,34.4811,0.634672,-1,Warning
14,0.169627,35.7338,0.298281,1,Normal
0,-1.45789,46.6935,0.811972,-1,Warning
16,0.559779,0,0.346551,1,Normal
15,-0.224284,36.7238,0.304778,-1,Normal
7,-0.259556,22.8644,0.409794,-1,Normal
2,2.08942,26.892,0.51028,1,Normal
21,-2.12842,52.8646,0.713147,-1,Warning
21,-0.118527,29.2305,0.316962,-1,Normal
20,0.884132,12.4697,0.57425,1,Normal
23,-0.200389,16.2318,0.679526,-1,Normal
21,-0.349549,17.6761,0.112758,-1,Normal
22,0.562745,31.4807,0.1608,1,Normal
4,3,52.6324,0.784207,1,Normal
16,-1.49174,53.3524,0.766748,-1,Warning
13,-0.966756,7.18189,0.430414,-1,Normal
12,1.00226,0,1,1,Normal
18,-0.285921,50.4565,0.379144,-1,Normal
12,0.60127,9.69626,0.419028,1,Normal
23,0.46141,40.9678,0,1,Normal
4,0.234231,42.4238,0.169033,1,Normal
20,0.723986,53.4683,0.225286,1,Normal
17,1.08803,46.9899,1,1,Normal
15,-0.238375,71.274,0.346525,-1,Normal
22,-0.348418,0,0.310279,-1,Normal
16,0.111291,38.4025,0.172886,1,Normal
5,-0.309049,57.9034,0.122643,-1,Normal
17,1.65437,20.4376,0.713916,1,Normal
7,1.91418,29.4799,0.75294,1,Normal
5,-0.778726,75.4512,0.195659,-1,Normal
2,1.03007,17.0398,0.846247,1,Warning
22,0.583379,29.1867,0.1792,1,Normal
5,-2.75787,10.2889,0.710964,-1,Warning
16,1.22132,25.2415,0.884239,1,Normal
22,-0.480634,63.5782,0.632986,-1,Warning
21,1.96429,32.833,0.932144,1,Warning
17,-0.925228,48.2712,0.29439,-1,Normal
4,-3.23093,31.9422,0.590544,-1,Normal
20,-0.989231,76.7116,0,-1,Normal
3,-2.40315,71.179,1,-1,Warning
1,0.733241,23.3972,0.256354,1,Normal
20,-1.53458,18.0922,0.16091,-1,Normal
17,-3.97067,15.0282,0.251259,-1,Normal
4,1.86766,4.50047,0.407208,1,Normal
15,0.056103,52.484,0,1,Warning
10,-2.64936,41.0682,0.540386,-1,Normal
21,-0.942434,30.4097,0.398503,-1,Normal
5,0.293712,62.2533,0.0992154,1,Normal
15,0.145742,24.2017,0.153577,1,Normal
19,1.93652,50.2083,1,1,Warning
2,1.51917,48.9256,0.681937,1,Normal
10,0.353181,53.0434,0.257425,1,Normal
14,-3.06217,49.8014,1,-1,Warning
21,-1.13401,32.209,0.783888,-1,Warning
10,-0.183603,48.8541,0,-1,Normal
11,0.988799,22.6614,0.0514731,1,Normal
3,-1.94265,49.3671,0.99131,-1,Warning
21,-0.263488,46.8506,0.0658953,-1,Normal
12,-2.96678,24.1071,1,-1,Warning
18,-0.969054,34.5798,0.879773,-1,Warning
8,-0.085345,27.2719,0.0571157,-1,Normal
7,-0.0912672,40.2469,0.465578,-1,Normal
0,2.81856,44.8237,0.793967,1,Normal
1,3,53.141,0.972596,1,Warning
4,0.705219,33.0602,0.344651,1,Normal
19,-1.83298,19.4568,0.519474,-1,Normal
19,-0.550632,43.735,0.425073,-1,Normal
9,0.575456,0,0.228039,1,Normal
18,-1.28001,45.1465,0.610133,-1,Warning
23,0.925494,63.3093,0,1,Normal
2,0.513914,40.9475,0.283609,1,Normal
6,-0.398588,43.3444,0.345242,-1,Normal
11,3,39.6887,0.639589,1,Warning
1,0.987619,10.3009,0.417322,1,Normal
6,-0.886154,79.2756,0,-1,Normal
20,0.589133,20.5537,0.433929,1,Normal
19,-1.25794,41.4577,0.851061,-1,Warning
18,0.816689,40.3809,0.230041,1,Normal
10,-1.00062,6.87418,0.783962,-1,Warning
13,3.6129,46.557,1,1,Warning
22,-3.61231,41.3824,0.777921,-1,Warning
8,-1.45857,55.857,1,-1,Warning
10,-1.54243,65.7252,1,-1,Warning
20,1.06799,33.6661,0.993973,1,Normal
5,-1.10866,45.885,1,-1,Warning
15,-1.96409,0,0.687573,-1,Warning
10,-3.15079,49.8567,0.706477,-1,Warning
14,-1.36311,54.7101,0.862897,-1,Warning
22,0.590394,31.5299,0.188289,1,Normal
6,1.90349,47.742,0.000507794,1,Normal
18,-0.0909679,45.8108,0.139891,-1,Normal
1,-0.957135,13.8514,0.658247,-1,Warning
4,0.138271,42.3211,0.310471,1,Normal
17,3.02277,16.9417,0.425331,1,Normal
9,3,27.5462,0.793035,1,Normal
23,-4.45545,36.5438,0.523047,-1,Normal
14,-0.703553,20.6563,0.358877,-1,Normal
5,0.0579006,44.6785,0,1,Normal
9,0.585592,45.714,0.209585,1,Normal
19,0.773215,30.3221,0.0782457,1,Normal
0,-3.20036,15.2722,1,-1,Warning
4,2.20098,29.3148,0.741834,1,Normal
17,0.212292,4.60289,0.227882,1,Normal
19,-0.645452,10.9246,0.329798,-1,Normal
11,0.644011,38.4531,0.0876953,1,Normal
15,0.489933,10.6795,0.302854,1,Normal
7,2.06911,2.54923,0.826065,1,Normal
0,1.16953,37.5646,0.849137,1,Normal
22,-1.30109,17.1123,1,-1,Warning
3,-1.09441,23.6475,0.923844,-1,Warning
20,2.5919,19.2118,0.843337,1,Normal
21,-0.729044,16.617,0.590869,-1,Normal
11,0.292069,0,0.425406,1,Normal
0,-2.06356,25.4629,0.383415,-1,Normal
4,0.948045,58.3952,0.406765,1,Normal
3,-0.728933,8.53248,0.568586,-1,Normal
1,-2.55596,24.2527,0.917416,-1,Warning
6,-1.27518,28.6424,0.731753,-1,Warning
4,-0.0791893,11.5417,0,-1,Normal
20,0.659063,29.0793,0.268263,1,Normal
8,-1.67966,11.2988,0.359311,-1,Normal
12,0.578981,27.8959,0.279371,1,Normal
21,-0.380735,47.0125,0.541025,-1,Normal
4,0.125276,53.5755,0.62397,1,Normal
8,0.357141,39.0629,0.317987,1,Normal
1,0.333083,21.3402,0.642465,1,Normal
1,0.351261,57.8573,0.190188,1,Normal
7,0.259046,27.5044,0.312764,1,Normal
3,0.324423,44.819,0.235092,1,Normal
22,0.311246,41.2056,0.146121,1,Normal
12,0.153127,55.1576,0.501313,1,Normal
17,0.10788,12.0381,0.412621,1,Normal
19,-0.684968,48.9714,0.172086,-1,Normal
16,2.94527,18.9448,0.823034,1,Normal
7,-0.491769,56.4926,0.191179,-1,Normal
16,3.87941,49.5772,0.557563,1,Normal
19,-0.00832875,52.6992,0.27356,-1,Normal
6,-0.0134219,16.5555,0.073555,-1,Normal
10,2.17579,7.96691,0.776835,1,Normal
16,2.2711,62.2444,1,1,Warning
0,-2.88737,57.5841,0.641133,-1,Normal
19,-3.01301,34.0695,0.744698,-1,Warning
11,-0.844441,12.9838,0.725404,-1,Warning
20,1.51422,60.1545,0.614617,1,Normal
20,-3.52444,0,0.751381,-1,Warning
13,0.0292265,15.6827,0,1,Normal
5,2.98879,14.0918,0.689475,1,Normal
7,-2.52356,15.2728,1,-1,Warning
6,-0.607994,23.4482,0.197242,-1,Normal
4,-0.488564,17.1171,0,-1,Normal
16,-0.49613,5.75474,0.180002,-1,Normal
6,0.334124,82.081,0.395183,1,Normal
8,1.96219,34.2865,0.626572,1,Normal
1,0.907027,11.7576,0.166483,1,Normal
6,1.04303,0.303758,0.676404,1,Normal
5,1.27492,8.64255,0.624285,1,Normal
15,-1.84421,68.1511,0.0538485,-1,Normal
19,-0.415685,34.6106,0,-1,Normal
23,1.20611,13.6721,0.652186,1,Normal
11,0.0660209,35.0789,0.0463078,1,Warning
23,0.972356,26.9775,0,1,Warning
7,1.21061,47.6005,0.644002,1,Normal
9,3,67.4947,0.263786,1,Normal
5,-0.353077,26.4652,0,-1,Normal
20,-0.0108206,32.8944,0,-1,Normal
7,1.21708,31.911,0.849148,1,Normal
23,0.538578,49.4025,0.717885,1,Normal
3,0.660085,20.1661,0.0981317,1,Normal
18,-3.10002,35.5675,0.729138,-1,Warning
9,-0.692832,27.9047,0.0328129,-1,Normal
12,-0.507054,0,0.0645126,-1,Normal
13,-0.157601,48.0322,0,-1,Normal
11,0.740423,63.7947,0.598068,1,Normal
18,-1.29074,35.659,0.889901,-1,Warning
19,1.12447,33.2385,0.37276,1,Warning
22,0.92407,52.4853,0,1,Normal
5,-0.352234,56.1581,0.399084,-1,Normal
16,0.289707,40.6046,0.63531,1,Normal
10,3,17.1184,0.718962,1,Normal
23,0.444897,37.2162,0.506887,1,Normal
7,-1.09884,10.8755,0.847768,-1,Warning
10,-3.05894,47.216,0.760525,-1,Warning
7,0.00584023,34.9906,0.660638,1,Normal
16,-0.0664016,28.6724,0,-1,Normal
5,-0.659767,32.1845,0.122803,-1,Normal
13,1.05042,60.0263,0.29088,1,Normal
0,0.0879281,49.6783,0.019719,1,Normal
5,-0.152273,60.7373,0.623172,-1,Normal
15,0.0241277,37.229,0.284974,1,Normal
10,-0.120383,67.6399,0.408269,-1,Normal
6,-0.768596,33.8544,0.296943,-1,Normal
22,0.796871,12.4936,0.178343,1,Normal
6,-0.818201,0,0.66911,-1,Warning
2,-0.960868,58.7136,0.471292,-1,Normal
19,2.75069,27.2159,0.544552,1,Normal
12,3.83372,31.268,0.485108,1,Normal
2,-0.169868,45.5819,0.36706,-1,Normal
22,4.06009,34.6739,1,1,Warning
22,0.166559,46.333,0.397464,1,Normal
11,-0.853584,26.3843,0,-1,Normal
8,0.900811,61.1862,0.164177,1,Normal
15,-0.353605,8.28326,0.0736905,-1,Normal
3,2.26106,40.8154,0.515671,1,Normal
1,0.625389,13.7489,0.302668,1,Normal
12,0.348475,41.5212,0.0604549,1,Normal
21,0.721977,45.3387,0.439673,1,Normal
2,-0.817805,34.0672,0.342631,-1,Normal
9,-1.50768,57.2239,0.537828,-1,Normal
20,0.792837,33.2079,0.350596,1,Normal
21,2.33092,43.4468,0.882159,1,Normal
20,-0.496599,20.6551,0,-1,Normal
18,-3.59817,0,0.789618,-1,Warning
2,2.24306,57.8007,0.810302,1,Normal
21,-0.471378,43.1992,0.082594,-1,Normal
18,-1.00189,85.4169,1,-1,Warning
19,0.716902,41.7947,0.139167,1,Normal
11,-0.199986,24.2773,0.196259,-1,Normal
5,0.407759,30.6138,0.225681,1,Normal
18,-0.514877,8.26347,0.435174,-1,Normal
7,0.0798763,48.1229,0,1,Warning
19,-2.03413,44.344,0.872173,-1,Warning
22,2.97377,41.0367,1,1,Warning
22,-2.52594,41.1442,0.799338,-1,Warning
0,-0.729512,81.353,0.222472,-1,Normal
16,-0.0944646,53.3293,0.20604,-1,Normal
16,-2.03398,79.2587,1,-1,Warning
9,-2.27739,14.0923,0.651194,-1,Warning
11,2.56173,49.3829,0.595175,1,Normal
1,-1.37861,24.3662,0.457297,-1,Normal
4,-2.6893,0,0.90138,-1,Warning
5,-1.5731,0.342697,0.582023,-1,Normal
6,-2.19916,44.8296,1,-1,Warning
10,-0.0503663,61.2521,0,-1,Normal
3,0.649577,57.3985,0.350335,1,Normal
21,-0.082259,22.7481,0.203183,-1,Normal
9,1.69283,9.90008,0.947987,1,Warning
23,0.10447,52.9551,0,1,Normal
0,-0.173834,19.6389,0.573492,-1,Normal
14,-2.69369,48.633,0.782651,-1,Warning
13,0.179782,26.0533,0.229112,1,Normal
6,0.515036,31.7577,0.412224,1,Normal
5,-0.0500786,41.1939,0,-1,Normal
2,-0.00686408,67.3794,0.73054,-1,Normal
7,0.78468,38.9317,0,1,Normal
5,1.78715,63.3108,0.816581,1,Normal
13,0.392682,35.0598,0.499967,1,Normal
8,0.3165,31.7441,0.843612,1,Normal
9,-0.647483,19.3226,0,-1,Normal
3,0.134269,0,0.708044,1,Normal
0,-0.430616,32.4093,0.0868129,-1,Normal
20,0.0482582,39.0791,0.335959,1,Normal
16,-0.138336,19.3723,0,-1,Normal
17,0.469288,46.5426,0.276737,1,Normal
9,-1.69123,25.5299,1,-1,Warning
0,-0.251428,49.3332,0,-1,Normal
16,-0.326766,22.2775,0.168426,-1,Normal
12,-0.223142,2.40263,0.530496,-1,Normal
6,0.495265,23.7868,0,1,Normal
6,-1.81225,48.6559,0.798087,-1,Warning
2,0.967183,51.8674,0,1,Normal
10,0.934058,43.491,0.0563295,1,Normal
12,-0.61418,44.1024,0,-1,Normal
1,-0.13295,53.4834,0.146155,-1,Normal
19,0.782758,38.8894,0.338204,1,Normal
7,-0.561465,61.7684,0.278226,-1,Normal
19,-2.5054,44.0417,0.582822,-1,Normal
13,1.46527,39.76,0.937634,1,Normal
2,0.0369732,29.8282,0.253041,1,Normal
17,-0.196238,29.8724,0.185077,-1,Normal
2,0.476023,10.1459,0,1,Warning
17,0.0284111,68.5014,0.349843,1,Normal
16,-2.17811,85.5962,0.619905,-1,Warning
22,-1.42682,67.3685,0.764733,-1,Warning
16,-1.10994,24.0741,0.821304,-1,Warning
8,-1.87144,17.4703,0.264003,-1,Normal
20,-0.427174,35.2903,0.245158,-1,Normal
0,0.364335,46.0157,0.104495,1,Normal
13,-1.00341,26.6865,0.566734,-1,Normal
13,2.792,13.0624,0.892574,1,Normal
9,0.458868,33.671,0.401965,1,Normal
17,3.33872,43.4277,0.412087,1,Normal
18,-0.521606,39.2047,0,-1,Normal
0,0.731304,60.2247,0.261272,1,Normal
2,-0.17749,9.36888,0.349422,-1,Normal
13,-2.13468,28.1548,0.778058,-1,Warning
7,-0.801472,58.0235,0.277762,-1,Normal
19,4.14949,15.3742,0.425189,1,Normal
20,3.21004,57.3005,0.566554,1,Normal
11,-0.743821,0,0.147136,-1,Normal
23,0.296895,61.0326,0,1,Normal
1,0.667397,12.8961,0.397133,1,Normal
19,0.028249,50.3221,0.318165,1,Normal
8,0.867609,63.0453,0.0130747,1,Normal
15,-0.246531,26.9432,0.592233,-1,Normal
17,0.507987,13.431,0.296959,1,Normal
19,-0.659508,59.42,0.521672,-1,Normal
18,2.13021,8.94986,0.860097,1,Normal
2,-1.27676,47.8946,0.624616,-1,Warning
13,-0.37231,30.6275,0,-1,Normal
8,2.78808,5.36251,0.590559,1,Normal
10,-0.388937,9.20832,0.118894,-1,Normal
21,-0.902402,28.2042,0.0865913,-1,Normal
12,0.298426,18.9173,0.354587,1,Normal
4,0.144777,53.8523,0.205333,1,Normal
20,3.24455,19.69,0.728141,1,Normal
17,-0.2567,28.6039,0,-1,Normal
7,1.47879,24.2855,0.571231,1,Normal
7,2.56415,49.1575,1,1,Warning
20,0.308519,63.6194,0.584812,1,Normal
12,-2.83757,47.44,0.971922,-1,Warning
12,-2.44998,62.6007,0.128078,-1,Normal
13,0.699034,37.7058,0,1,Normal
20,2.55673,48.3991,0.731781,1,Normal
22,-0.213758,9.21081,0.280852,-1,Normal
4,1.08062,40.5418,0.640821,1,Normal
16,2.92224,63.4888,0.720718,1,Normal
23,0.509528,16.2078,0.148375,1,Normal
18,0.915901,23.5387,0.443684,1,Normal
17,-0.597413,33.2816,0.0920752,-1,Normal
23,2.11529,0,0.762091,1,Warning
23,-0.115616,48.1256,0.304803,-1,Normal
10,-2.95198,7.35346,0.633591,-1,Warning
20,-0.260208,23.0346,0.315324,-1,Normal
23,0.995811,17.9961,0.655303,1,Normal
13,2.83974,33.4434,1,1,Warning
18,-2.80801,50.7129,0.747995,-1,Warning
19,0.0231751,20.8307,0.0519918,1,Normal
9,-0.180898,63.6336,0,-1,Normal
10,0.266121,0,0.480176,1,Normal
17,-1.45795,11.3818,0.644577,-1,Warning
18,3.15264,41.427,0.249364,1,Normal
1,2.25496,21.4333,0.223808,1,Normal
0,1.61724,50.8805,0.900746,1,Warning
14,-0.214904,52.5044,0.54732,-1,Normal
10,-0.997976,0,0,-1,Normal
13,1.66205,0,0.85597,1,Normal
13,3.44793,29.9334,0.486483,1,Normal
8,-1.90675,59.5806,1,-1,Warning
2,-3.43128,42.5365,1,-1,Warning
9,-0.442591,19.2677,0.366206,-1,Normal
15,0.347983,20.519,0.601168,1,Normal
23,-0.463401,70.4579,0.181691,-1,Normal
8,2.08328,45.2359,0.717344,1,Normal
7,-2.68616,17.5612,0.593383,-1,Normal
15,4.09707,28.113,0.856593,1,Normal
16,0.761038,61.0559,0.0633732,1,Normal
0,0.401742,26.7925,0.449295,1,Normal
15,0.822077,17.3194,0.222167,1,Normal
18,0.0957635,13.6589,0.565764,1,Normal
13,0.0223274,84.1941,0.0864041,1,Normal
19,0.0724445,54.0354,0.488348,1,Normal
13,2.99026,63.752,0.674846,1,Normal
15,1.5935,20.1775,1,1,Warning
13,2.43451,21.1254,0.757868,1,Normal
0,-0.632356,15.7713,0,-1,Normal
1,-2.57535,37.9763,0.827635,-1,Warning
6,0.54605,61.1257,0.0549804,1,Normal
20,1.61706,42.9665,0.900621,1,Warning
23,1.40037,19.249,0.947265,1,Normal
3,-3.24961,46.5862,0.574155,-1,Normal
20,-0.0301803,0,0.451929,-1,Normal
8,-2.1775,0,0.852565,-1,Warning
9,0.951461,46.7338,0.412534,1,Normal
12,0.579158,62.4222,0.473759,1,Normal
16,-0.880013,41.4901,0.307819,-1,Normal
11,0.0297207,11.3835,0.228078,1,Normal
23,1.67178,8.62999,0.586547,1,Normal
6,-0.950357,19.4195,0.659143,-1,Normal
8,-2.54347,36.5534,0.392321,-1,Normal
14,0.503129,33.9922,0.201762,1,Normal
10,0.905111,22.8229,0.507746,1,Normal
5,0.846429,32.6008,0.104033,1,Normal
22,3.6771,54.5888,0.848641,1,Normal
21,0.452598,41.2686,0.512977,1,Normal
17,-0.0457998,31.0831,0,-1,Normal
8,-0.487436,9.99748,0.271023,-1,Normal
6,3,45.5733,0.849401,1,Normal
10,0.370125,39.0356,0.288349,1,Normal
17,-2.90729,47.7215,0.660793,-1,Warning
16,1.93705,59.7913,0.904702,1,Warning
9,-2.77207,63.1294,1,-1,Warning
17,-0.71331,51.7414,0.145515,-1,Normal
11,0.0541034,63.5252,0.319785,1,Normal
23,-0.130883,69.1247,0.63058,-1,Normal
9,-0.701013,65.4106,0.254972,-1,Normal
2,-0.652781,55.986,0.12327,-1,Normal
21,3.29127,43.0089,0.362483,1,Normal
13,1.82291,46.8506,1,1,Warning
21,1.74062,19.3291,0.822377,1,Normal
21,0.458891,8.01827,0.531669,1,Normal
2,-1.28261,35.8695,0.180004,-1,Warning
23,0.278418,8.83217,0.207583,1,Normal
3,0.427696,0,0.473944,1,Normal
3,-1.32758,33.4102,1,-1,Warning
7,-1.37721,19.7428,0.61815,-1,Warning
11,1.1339,56.7796,0.119667,1,Normal
3,0.93596,0,0.588916,1,Normal
14,0.69867,38.9894,0.258224,1,Warning
21,2.16591,17.1889,0.832081,1,Normal
4,-1.12052,31.9909,0.789956,-1,Warning
11,-0.649505,51.4055,0,-1,Normal
20,-0.661994,22.3175,0.431866,-1,Normal
10,2.46062,12.6896,0.893339,1,Normal
23,0.364936,24.1228,0.160039,1,Normal
0,0.38657,16.2995,0,1,Normal
3,-2.43786,49.0505,0.635226,-1,Warning
14,1.28944,21.627,0.952384,1,Normal
8,2.7877,47.2732,0.437119,1,Warning
8,-1.29044,22.9634,0.885682,-1,Warning
22,-0.0242391,9.6218,0.0119739,-1,Normal
6,-2.25466,41.1189,0.304618,-1,Normal
2,-3.38966,24.5717,0.8532,-1,Warning
1,1.57549,36.0943,0.644426,1,Normal
11,1.29599,30.5315,0.412209,1,Normal
6,1.61212,33.9681,0.822258,1,Normal
14,2.38877,30.1315,0.936763,1,Warning
20,-0.00414013,39.8919,0,-1,Normal
7,-1.10536,24.8072,0.576906,-1,Normal
7,0.769657,11.2745,0,1,Normal
1,-0.0573689,43.4115,0.206298,-1,Normal
8,1.26554,38.2635,0.672461,1,Normal
2,-2.21916,9.37905,0.583485,-1,Normal
21,0.0278764,64.5948,0.638235,1,Normal
5,-0.41433,22.8228,0.126165,-1,Normal
2,-3.27842,24.1012,0.613084,-1,Warning
9,0.891368,48.3877,0.387574,1,Normal
8,2.51664,43.6244,1,1,Warning
4,3,31.0832,0.364065,1,Normal
7,-0.5725,24.928,0.330493,-1,Normal
11,-1.24386,22.3435,0.867032,-1,Warning
11,-1.72551,50.1557,1,-1,Warning
5,0.211927,27.1618,0.196514,1,Warning
15,0.911233,32.3415,0.705839,1,Normal
14,-1.13627,0,0.798978,-1,Warning
14,2.53582,24.9744,0.688868,1,Normal
5,1.68158,33.8293,0.499522,1,Normal
14,-0.876146,8.86509,0.434049,-1,Normal
0,-0.681274,3.18586,0.416407,-1,Normal
23,-1.53915,60.166,0.587117,-1,Warning
22,2.38722,27.5559,0.680429,1,Normal
3,2.39109,78.8853,0.731515,1,Normal
0,-1.67323,25.4448,0.251128,-1,Normal
19,-0.0744999,48.7635,0.47496,-1,Normal
19,-0.429428,38.6211,0.33956,-1,Normal
19,0.00994953,45.9081,0.453369,1,Normal
10,0.404823,60.3393,0.157644,1,Normal
4,-0.691094,19.7871,0.613295,-1,Warning
14,0.0881111,43.9368,0.341146,1,Normal
6,-0.147509,36.5143,0.484334,-1,Normal
12,-0.259801,38.6742,0.142983,-1,Warning
13,-0.9455,27.7431,0.290076,-1,Normal
0,-0.494772,23.462,0.125163,-1,Normal
23,0.0422595,50.0044,0.378712,1,Normal
14,-4.10407,34.6603,0.947458,-1,Warning
8,2.90356,86.8423,1,1,Warning
8,-0.227863,30.4094,0.188378,-1,Normal
8,0.984916,35.307,0.585773,1,Normal
0,-1.54913,37.0063,0.429058,-1,Normal
10,2.3457,23.0684,0.98111,1,Warning
17,0.287023,56.714,0.213668,1,Normal
11,0.551171,18.526,0.0283267,1,Warning
2,0.0653329,63.6543,0.321518,1,Normal
16,0.289645,35.3043,0.391683,1,Normal
3,-2.12322,47.0787,0.524276,-1,Normal
1,1.0365,20.7222,0.513905,1,Normal
23,-2.79686,50.5789,0.815625,-1,Warning
23,2.36448,25.1159,0.735224,1,Normal
1,0.0964107,38.1359,0.0409578,1,Normal
3,-0.43962,35.3457,0,-1,Normal
12,-0.0900335,49.2267,0.331768,-1,Normal
2,-1.90014,48.318,0.596852,-1,Normal
12,-0.448185,47.6256,0.366084,-1,Normal
17,1.33796,38.0675,0.92124,1,Normal
11,2.23375,17.5007,0.402187,1,Normal
9,-0.580505,41.8639,0,-1,Normal
10,0.463396,37.7903,0.465468,1,Normal
3,-2.31809,43.4592,1,-1,Warning
0,-1.39731,14.6972,0.968396,-1,Warning
13,3.96995,31.0254,0.403534,1,Normal
20,2.7469,57.164,0.930673,1,Warning
14,-0.677351,23.0893,0.337109,-1,Normal
8,-0.495717,46.8993,0,-1,Normal
3,3,24.7647,0.470519,1,Normal
12,3.75157,17.967,0.526284,1,Normal
19,1.92817,2.34379,0.296912,1,Normal
20,-1.74659,61.775,0.352943,-1,Normal
22,-2.83108,26.1004,0.603834,-1,Warning
1,-0.168933,15.5949,0.440431,-1,Normal
19,1.1898,52.1147,0.55187,1,Normal
17,0.661647,27.9085,0.103335,1,Normal
8,-0.563298,18.5157,0.34114,-1,Normal
10,-1.60323,27.2927,1,-1,Warning
11,-2.1547,26.1395,0.88655,-1,Warning
1,-0.0315425,44.4029,0,-1,Normal
5,0.482879,8.03725,0.125638,1,Normal
14,0.934178,29.9534,0.0528618,1,Normal
11,1.98297,51.387,1,1,Warning
13,0.294825,31.8613,0,1,Normal
7,-1.02043,41.8077,0.809162,-1,Warning
15,1.01176,43.312,0.381938,1,Normal
23,2.83688,29.3919,0.672065,1,Normal
12,-0.406235,43.0746,0.783353,-1,Warning
20,0.612373,24.0852,0.561831,1,Normal
7,-0.0907419,19.1037,0.252018,-1,Normal
8,0.623176,54.0081,0.00701082,1,Normal
2,-2.1622,15.1324,0.846878,-1,Warning
0,-0.362176,34.1638,0.102119,-1,Normal
17,-0.0203408,48.6152,0.301443,-1,Normal
7,2.66659,11.3581,0.896627,1,Normal
11,-0.645786,82.2017,0.0858261,-1,Normal
1,-1.97258,63.1717,0.843814,-1,Warning
1,2.98816,58.0615,0.722585,1,Normal
21,-1.64283,13.3101,0.510493,-1,Warning
13,-1.6254,8.59336,0.989596,-1,Warning
15,0.329768,30.822,0.492116,1,Normal
8,1.26085,24.5796,0.918883,1,Normal
9,1.87112,11.2911,0.532506,1,Normal
9,0.199583,20.9959,0.16448,1,Normal
5,2.79714,62.4161,0.701067,1,Warning
5,2.50965,31.1283,0.957447,1,Normal
8,2.11796,30.707,1,1,Warning
1,-0.202711,13.7383,0.127392,-1,Normal
23,0.177056,53.4299,0.609666,1,Normal
6,-0.0606535,13.983,0,-1,Normal
12,0.429693,78.6227,0,1,Normal
3,-3.10346,20.4106,0.708706,-1,Warning
11,-0.598918,60.079,0.408697,-1,Normal
8,-1.26803,69.0914,0.290983,-1,Normal
18,-1.54943,42.7845,0.403991,-1,Normal
4,-2.07869,47.783,0.743741,-1,Warning
1,2.48577,35.5573,0.964736,1,Warning
9,0.438698,40.6288,0.341098,1,Normal
17,0.45237,15.5408,0.471517,1,Normal
6,-2.98768,8.87,0.583459,-1,Normal
9,0.111071,46.6502,0.286941,1,Normal
22,-2.41819,0,1,-1,Normal
3,0.347261,57.7018,0.0227818,1,Warning
7,-0.204183,15.9184,0.158105,-1,Normal
23,1.40049,55.507,0.379867,1,Normal
17,0.648109,18.1294,0,1,Normal
0,-0.656774,39.9978,0,-1,Normal
17,-0.323974,46.2804,0.350449,-1,Normal
19,-0.781767,9.1436,0.0589062,-1,Normal
11,0.548593,56.0928,0.422744,1,Normal
20,2.2736,23.0414,0.453782,1,Normal
4,2.96972,33.6581,0.313572,1,Normal
4,-0.15049,38.9929,0.197308,-1,Normal
16,0.884388,11.9141,0.0785951,1,Normal
17,-0.14704,15.6925,0.814685,-1,Normal
18,-2.42412,26.7144,1,-1,Warning
5,0.445568,34.0011,0.237404,1,Normal
14,0.267023,53.4472,0,1,Normal
1,-0.493379,59.193,0.46545,-1,Normal
12,1.02298,9.65333,0.458865,1,Normal
2,-0.514992,17.9503,0.107911,-1,Normal
10,0.352008,42.1701,0.690062,1,Normal
2,0.259429,44.4394,0,1,Normal
9,1.21785,2.99574,0.292681,1,Normal
15,-2.7044,58.9068,0.337539,-1,Normal
15,-0.919194,39.5816,0.0924304,-1,Warning
15,0.30362,38.7706,0,1,Normal
1,-2.66458,31.9911,1,-1,Warning
8,-3.58481,54.0051,0.893152,-1,Warning
3,3,84.2259,1,1,Warning
14,3.98078,31.2303,0.638581,1,Normal
0,-4.28534,11.8447,0.871535,-1,Warning
12,-0.155832,24.2334,0.17116,-1,Normal
17,1.81974,12.9257,1,1,Warning
22,1.04198,36.5669,1,1,Normal
14,-1.22277,46.0724,0.492428,-1,Normal
9,-2.94228,75.635,0.741535,-1,Warning
12,2.53768,30.238,0.616458,1,Normal
15,0.172856,63.2782,0.452078,1,Normal
20,-2.14461,0,0.752979,-1,Warning
10,-0.953571,8.88472,0.56896,-1,Normal
5,1.85714,55.9396,1,1,Warning
2,-0.740663,14.9866,0.0178573,-1,Normal
17,0.852286,59.0703,0,1,Normal
6,-0.679666,69.2294,0.255372,-1,Normal
10,-3.67777,31.4922,0.546934,-1,Normal
11,-0.207429,40.6975,0,-1,Normal
4,-2.24577,79.1811,0.640683,-1,Warning
20,0.248517,84.6014,0.344841,1,Normal
4,-1.10039,49.1789,0.83752,-1,Warning
22,-0.366356,10.2417,0.465771,-1,Normal
3,1.06411,14.5331,0.437689,1,Normal
9,1.88431,28.3725,1,1,Warning
5,0.577163,58.977,0,1,Normal
14,1.03178,27.069,0.756805,1,Normal
0,0.744752,35.0397,0.2294,1,Normal
16,0.787599,85.9402,0.0740555,1,Normal
16,0.433291,16.9463,0.316654,1,Warning
16,-0.00620427,44.9421,0.136284,-1,Normal
0,2.42446,38.4112,0.398012,1,Normal
11,1.81673,59.5419,0.782334,1,Normal
16,1.37358,62.8432,1,1,Normal
3,-1.8595,62.0844,0.501519,-1,Normal
1,2.3834,0,0.768415,1,Normal
10,0.457316,51.6147,0.51542,1,Normal
8,0.1511,13.0675,0.411961,1,Normal
16,0.958624,66.129,0,1,Normal
12,-0.0100942,28.1314,0.322969,-1,Normal
19,0.358884,63.1928,0.309556,1,Normal
13,-4.06079,41.269,0.352405,-1,Normal
22,-3.22445,57.5862,1,-1,Warning
8,0.200504,38.9873,0.0523088,1,Normal
4,-0.547684,18.4935,0,-1,Normal
12,0.170401,60.0219,0.61664,1,Normal
18,-3.35659,53.4157,0.74839,-1,Warning
17,3.53971,41.6849,0.736606,1,Normal
6,-3.18137,2.13271,0.852058,-1,Warning
15,2.16829,22.6729,0.700351,1,Warning
20,-0.163326,48.2785,0.0661433,-1,Normal
8,0.514537,60.8236,0.0169722,1,Normal
3,0.370631,0,0.488574,1,Normal
5,0.495058,72.9363,0.308774,1,Normal
19,-0.785258,34.1478,0.398893,-1,Normal
14,2.54429,52.4781,0.98353,1,Warning
9,1.06343,69.0365,1,1,Normal
0,0.608956,63.3704,0.248667,1,Normal
10,2.49932,24.1385,0.866749,1,Normal
4,0.849169,18.6966,0.372305,1,Normal
20,2.46286,28.2975,0.0987436,1,Normal
13,2.72296,51.0232,0.735811,1,Normal
13,-0.301865,58.5995,0.157682,-1,Normal
7,-1.07644,10.7856,1,-1,Warning
0,0.671424,44.8305,0.139812,1,Normal
18,0.23548,33.013,0.259996,1,Normal
6,2.65327,11.6104,0.23943,1,Normal
12,-0.0163109,24.5936,0.653319,-1,Normal
4,-3.1687,0,0.879083,-1,Warning
6,-0.801605,34.2039,0.137352,-1,Normal
2,0.674463,38.1602,0.302932,1,Normal
10,0.151194,25.6696,0.289788,1,Normal
4,-2.64407,13.5331,0.764794,-1,Warning
15,-2.5243,60.4617,0.698488,-1,Warning
0,-0.702218,62.0676,0,-1,Normal
18,0.145449,38.636,0.549875,1,Normal
18,0.243117,13.5,0.272425,1,Normal
16,0.288836,35.5471,0,1,Normal
16,0.116766,37.6216,0.273016,1,Normal
1,0.72719,55.4383,0.0207551,1,Normal
11,-0.831678,16.3586,0.274577,-1,Normal
5,-2.48251,15.5109,0.889188,-1,Warning
0,1.08221,35.8519,0.611187,1,Normal
4,-0.179661,35.9632,0.589046,-1,Normal
0,-0.0417808,46.1418,0,-1,Normal
8,1.18756,33.7829,0.891928,1,Normal
9,0.5759,23.9627,0,1,Normal
9,0.608352,60.2019,0,1,Normal
13,0.590238,16.648,0.567918,1,Normal
21,0.261303,68.5451,0.16592,1,Normal
19,-2.96071,2.98491,0.509294,-1,Normal
15,-2.08647,30.1941,0,-1,Normal
13,-2.0218,31.4196,0.947268,-1,Warning
23,1.16941,34.0303,0.990765,1,Normal
3,-2.13641,31.2908,0.90948,-1,Warning
14,-0.46277,78.3832,0.277148,-1,Normal
13,-0.452052,43.2132,0,-1,Normal
0,-0.377909,29.6524,0.483681,-1,Normal
23,-1.60729,35.2974,0.825722,-1,Warning
20,2.18902,30.5338,1,1,Warning
19,0.533192,0,0.627312,1,Normal
10,-0.379295,51.4076,0,-1,Normal
17,0.647918,36.9533,0.777901,1,Normal
13,-0.101881,27.929,0.0581959,-1,Normal
0,-2.15325,12.6263,0.479061,-1,Normal
10,0.405504,23.5713,0.061437,1,Normal
23,1.01989,64.4929,0.661802,1,Normal
10,0.372374,0,0.588621,1,Normal
23,1.0447,48.3691,1,1,Normal
5,-1.30086,50.1263,0.571554,-1,Normal
20,0.294487,41.5917,0.0395809,1,Normal
2,0.0706816,57.9566,0.218777,1,Normal
3,-0.735752,38.0974,0.545909,-1,Normal
23,-0.274508,16.4614,0,-1,Normal
10,0.479428,14.6715,0,1,Normal
20,1.47675,39.9814,0.574823,1,Normal
12,3.37305,9.62038,1,1,Warning
10,2.65756,68.0065,1,1,Warning
19,1.994,43.3018,0.644064,1,Normal
21,-0.617646,34.2865,0.459521,-1,Normal
7,-1.7289,38.4335,0.834465,-1,Warning
6,-3.72263,19.1663,1,-1,Warning
16,-2.73409,48.5991,0.453756,-1,Normal
11,-0.756286,87.8449,0.31717,-1,Normal
4,2.41066,72.6421,0.463264,1,Normal
0,-3.1041,13.3431,1,-1,Warning
5,1.05832,39.0672,0.509507,1,Normal
21,-0.776228,84.4109,0.0723508,-1,Normal
11,0.228134,22.6793,0.0503394,1,Normal
15,-1.13676,36.3375,0.849537,-1,Warning
8,-0.15892,6.59866,0.580448,-1,Normal
17,-0.1508,32.4075,0.0340551,-1,Normal
2,0.301305,49.6529,0,1,Normal
0,2.49899,46.8256,0.927318,1,Warning
4,-1.40745,36.4344,0.602328,-1,Warning
15,0.829369,34.2583,0.621339,1,Normal
18,-0.756136,69.1969,0,-1,Normal
8,-0.18886,60.2409,0.110276,-1,Normal
18,0.193709,67.0099,0.333624,1,Normal
4,-1.38405,7.2695,1,-1,Warning
11,0.204707,31.0616,0,1,Normal
10,-0.0208183,11.569,0.115628,-1,Normal
6,-0.568689,39.8722,0.47756,-1,Normal
9,2.04934,52.2938,0.870598,1,Normal
14,-2.57078,55.1907,0.87448,-1,Warning
8,1.03491,51.8812,0.528538,1,Normal
11,-3.10935,46.4343,0.77857,-1,Warning
17,-0.282134,44.4849,0.593943,-1,Normal
8,-1.72019,40.874,0.343172,-1,Warning
12,-0.142403,42.2383,0.0225506,-1,Normal
13,2.1666,20.9386,0.921272,1,Warning
10,0.0381528,28.6602,0.357871,1,Normal
22,-0.853017,19.0452,0.277437,-1,Normal
23,0.0859046,56.95,0.4447,1,Normal
18,0.953347,15.0427,0.190799,1,Normal
13,-0.896901,30.0274,0.267616,-1,Normal
2,-0.322945,44.4328,0.314234,-1,Normal
4,-2.77462,14.575,0.913591,-1,Warning
7,0.901517,63.0182,0.174117,1,Normal
13,-2.72354,37.5454,0.703412,-1,Warning
21,0.299581,62.6409,0.369388,1,Normal
6,-0.506488,41.8024,0.30805,-1,Normal
5,0.150167,23.5404,0.325884,1,Normal
23,-2.56788,48.68,0.839532,-1,Warning
21,-0.937243,52.0228,0.0853878,-1,Normal
13,-0.576071,20.2742,0,-1,Normal
7,-3.09305,50.5095,0.325668,-1,Normal
19,1.75592,21.7765,1,1,Warning
17,-0.931437,35.8262,0.539269,-1,Normal
2,2.72754,29.7682,1,1,Warning
11,2.28792,40.4634,0.938983,1,Warning
7,-3.00109,41.2356,1,-1,Warning
22,1.29023,39.9766,0.603756,1,Normal
16,-0.382219,0,0.254992,-1,Normal
2,-0.441435,51.7123,0.361251,-1,Normal
4,0.68138,45.5089,0.186425,1,Normal
9,0.0199928,52.855,0.392634,1,Normal
21,0.0655399,26.8755,0.639894,1,Normal
9,0.540235,33.0059,0.163764,1,Normal
23,0.996514,18.4984,0,1,Normal
11,1.41183,0,0.891377,1,Normal
18,-0.717022,39.7229,0.28437,-1,Normal
8,-3.23685,33.7027,0.920385,-1,Warning
16,2.46356,0,0.5036,1,Normal
3,1.98748,78.9319,0.739563,1,Normal
16,-2.51029,15.8924,0.621878,-1,Warning
22,3.03525,21.29,0.737384,1,Normal
16,-1.31034,27.6877,0.831171,-1,Warning
22,2.93243,62.0369,0.395473,1,Normal
11,0.476784,39.4991,0.384506,1,Normal
10,-1.84823,50.3487,0.572856,-1,Normal
17,-0.0268396,26.2518,0.354356,-1,Normal
8,1.3151,36.7797,0.18845,1,Normal
12,-0.258449,31.0555,0.218831,-1,Normal
3,-0.711377,31.0376,0.0435342,-1,Normal
2,2.43392,25.139,0.982936,1,Warning
7,-2.34552,42.78,1,-1,Warning
18,-0.279857,73.045,0.066296,-1,Normal
23,-0.655638,66.9933,0.0279222,-1,Normal
4,-0.217757,20.4567,0.371479,-1,Normal
8,0.795615,43.1565,0.497575,1,Normal
0,-0.552115,23.5912,0.18225,-1,Normal
6,0.17778,66.0718,0.0151051,1,Normal
15,-0.185806,48.1797,0.186174,-1,Normal
20,0.186231,12.6989,0.166668,1,Normal
6,-0.804299,37.9709,0.510659,-1,Warning
17,-0.229096,25.3862,0,-1,Normal
19,-1.75056,35.3501,0.838684,-1,Warning
14,1.42484,39.1475,0.760722,1,Normal
2,0.177105,55.4177,0.160055,1,Normal
11,0.0222414,54.5143,0.209307,1,Normal
12,-0.357182,32.4116,0.593879,-1,Normal
15,-0.136979,14.6557,0.351613,-1,Normal
6,-0.988745,52.3346,0,-1,Normal
16,0.547945,27.7068,0.424864,1,Normal
9,-1.93483,25.9573,0.575696,-1,Normal
7,0.992838,49.1285,0.198587,1,Normal
22,0.907504,60.3749,0.249356,1,Normal
22,3.21314,42.818,0.443361,1,Normal
4,0.239178,38.7344,0,1,Normal
0,-1.02882,46.7382,0.661481,-1,Warning
6,-0.637252,18.6759,0.206995,-1,Normal
14,3.72248,2.88457,0.769403,1,Normal
23,2.63701,65.0989,0.796069,1,Normal
5,1.25354,0,0.602864,1,Normal
20,0.580572,23.4846,0.329678,1,Normal
0,2.79759,17.2452,1,1,Warning
17,0.282081,31.7751,0.103866,1,Normal
11,2.32506,27.1024,0.933498,1,Warning
10,-0.563114,26.0089,0.217924,-1,Normal
13,1.0964,48.0465,1,1,Normal
22,-0.208047,42.5129,0.385254,-1,Normal
8,-2.41753,30.8416,1,-1,Warning
22,-1.44369,0,0.586106,-1,Normal
18,1.07355,20.5286,0.291021,1,Normal
11,-0.307676,13.8215,0.549896,-1,Normal
1,3,34.8252,0.931529,1,Warning
1,0.280858,35.0356,0.343712,1,Normal
23,1.55674,31.7366,1,1,Warning
13,-1.1556,0,0.652304,-1,Warning
7,0.177503,0.141089,0.0920573,1,Normal
19,0.154756,32.7539,0.252608,1,Normal
9,0.424231,15.9811,0.316923,1,Normal
19,2.17866,57.0002,0.754913,1,Normal
4,1.23173,52.0141,0.624715,1,Normal
8,-1.58863,63.852,0.649616,-1,Warning
15,-0.562754,0.924554,0.305321,-1,Normal
19,-0.309061,19.215,0.517583,-1,Normal
16,2.11171,58.3925,0.833932,1,Normal
4,1.69877,64.4525,1,1,Warning
23,-0.0179179,26.0522,0.813796,-1,Normal
12,0.471267,56.6002,0.247635,1,Normal
1,0.0623949,0,0.474211,1,Normal
13,-1.44738,32.2846,0.619329,-1,Warning
12,-2.13903,45.2408,1,-1,Warning
18,0.531947,12.1004,0.397228,1,Warning
0,0.167004,22.4511,0.405107,1,Normal
11,0.402193,23.7572,0.160991,1,Normal
6,0.767143,28.2681,0,1,Normal
19,-0.28517,97.2218,0.48999,-1,Normal
22,0.42025,27.2164,0.14808,1,Normal
5,0.911715,58.5227,0.57429,1,Normal
21,0.0678769,15.0483,1,1,Normal
8,-0.306645,50.9091,0.115747,-1,Normal
17,0.422402,44.7819,0,1,Normal
7,0.283475,33.2192,0.18777,1,Normal
18,-0.620902,43.6695,0.144583,-1,Normal
22,-2.5214,20.5494,0.709724,-1,Warning
12,0.398271,32.0833,0.0856165,1,Normal
6,1.87899,43.5531,0.732492,1,Normal
18,0.623813,39.53,0.967447,1,Normal
8,0.0402382,52.8527,0.367488,1,Warning
5,0.272855,36.6772,0.0722985,1,Normal
16,3.21959,45.8422,0.765507,1,Normal
5,0.231541,24.2435,0.276135,1,Normal
15,-2.72587,36.9065,1,-1,Warning
11,2.73095,15.0744,0.323128,1,Normal
16,0.820189,1.70149,0.201845,1,Normal
23,-4.30663,32.6037,0.79369,-1,Warning
6,-2.56405,57.4224,0.615029,-1,Warning
21,0.560819,30.8482,0.331305,1,Normal
6,-2.15928,24.5104,1,-1,Warning
21,2.20409,21.1824,1,1,Warning
22,0.483809,17.4869,0.20516,1,Normal
20,0.337456,41.0907,0.459827,1,Normal
1,2.45394,40.0587,1,1,Warning
1,0.351542,23.2616,0.254881,1,Normal
10,0.39874,17.9033,0.505089,1,Warning
7,1.68529,37.1878,0.785342,1,Normal
18,-0.0102171,27.1294,0.0669002,-1,Normal
9,1.32708,7.24679,1,1,Normal
21,3.91582,51.4495,0.340212,1,Normal
17,-1.47752,26.2354,1,-1,Warning
9,2.69621,49.4714,0.848775,1,Normal
19,0.244535,64.8015,0.3709,1,Normal
15,-0.293914,17.0075,0.508095,-1,Warning
15,-0.182321,28.7839,0.085921,-1,Normal
8,-0.602237,53.532,0.131022,-1,Normal
20,0.686594,45.3733,0.190657,1,Normal
13,0.976205,20.545,0.495855,1,Normal
11,1.34316,30.5047,0.508929,1,Normal
11,-0.520963,37.3807,0.203805,-1,Normal
9,-1.37771,22.9426,0.939789,-1,Warning
8,0.874499,33.2527,0.42349,1,Normal
22,0.454394,13.6876,0.376483,1,Normal
17,-1.89702,16.8016,0.984506,-1,Warning
21,3.29892,45.8401,0.676738,1,Normal
4,-0.793675,46.9094,0.242437,-1,Normal
1,2.18467,61.7875,0.556433,1,Normal
5,0.253306,15.6273,0.700469,1,Normal
20,0.202907,46.2815,0.482429,1,Warning
15,2.43064,29.3118,0.386112,1,Normal
17,0.119438,64.6642,0.55473,1,Normal
18,-3.82883,33.712,0.894157,-1,Warning
17,-3.76098,49.3955,1,-1,Warning
15,3.07002,17.218,0.342133,1,Normal
18,-0.935335,38.2736,0.252361,-1,Normal
0,-0.604248,46.9953,0,-1,Normal
0,3,33.791,0.827916,1,Normal
21,1.00588,42.6971,0.705865,1,Normal
17,2.72837,43.4285,0.850984,1,Normal
14,1.8702,69.3049,0.915367,1,Warning
7,-2.08386,37.0255,0.942802,-1,Warning
20,0.440434,23.5984,0.298843,1,Normal
8,0.363545,45.7127,0.0743356,1,Warning
17,-3.15473,72.5397,0.696488,-1,Warning
3,-0.0228632,58.0316,0.145053,-1,Normal
17,0.182237,36.138,0.659816,1,Warning
18,0.131296,39.434,0.376967,1,Normal
12,-3.45793,78.1696,0.508718,-1,Normal
15,-1.61898,33.7875,0.820563,-1,Warning
20,-2.19742,9.0388,0.644231,-1,Warning
14,3.51019,10.32,0.84457,1,Normal
4,-0.817538,0,0.0585955,-1,Normal
14,-2.76013,67.5198,0.688955,-1,Warning
19,0.342596,3.24047,0.588297,1,Normal
21,-0.285495,50.6452,0.557527,-1,Normal
14,-0.667217,55.0676,0.511569,-1,Normal
0,-0.740791,27.6152,0.18673,-1,Normal
17,1.3116,12.1419,0.679632,1,Normal
19,-1.80674,49.7822,0.960358,-1,Warning
19,0.150386,47.8954,0.592043,1,Normal
12,0.147989,43.3113,0.178638,1,Normal
9,-1.99395,55.5741,0.817441,-1,Warning
5,2.53908,22.7195,0.503902,1,Normal
16,1.81333,42.3261,0.510774,1,Normal
16,-0.0773096,32.6148,0.178676,-1,Normal
15,-2.17227,17.2866,0.508432,-1,Normal
23,0.0436245,51.8316,0.472978,1,Normal
7,-0.744345,69.3726,0.552339,-1,Normal
22,0.738871,14.8018,0.403924,1,Normal
4,0.0542575,8.50405,0,1,Normal
10,1.99195,41.2499,0.88574,1,Normal
2,2.52407,47.0137,0.881102,1,Normal
9,1.40494,24.1045,0.867425,1,Normal
13,-2.27742,43.3684,0.607186,-1,Warning
0,-2.86829,18.9012,0.393032,-1,Normal
23,-2.03248,29.3796,0.973814,-1,Warning
18,2.80942,24.6985,0.888054,1,Normal
14,-0.134801,19.2124,0.204925,-1,Normal
21,0.433904,33.0436,0.441598,1,Normal
18,2.69558,36.6568,1,1,Warning
23,-0.187438,58.6279,0.172227,-1,Normal
22,-0.631212,48.1938,0.599146,-1,Warning
19,1.07192,62.4939,0.448138,1,Normal
12,-1.05146,47.1103,0.796171,-1,Warning
20,-0.912324,46.4842,0.161321,-1,Normal
14,1.106,44.2522,0.872768,1,Normal
0,-0.697842,31.0239,0.285518,-1,Normal
14,-0.103177,41.7935,0.14858,-1,Normal
22,-1.26211,14.6942,0.798851,-1,Warning
18,1.09021,29.9124,1,1,Normal
10,0.288605,20.2473,0.571712,1,Normal
21,-1.13992,9.87737,0.214789,-1,Normal
8,-0.789685,51.0466,0.133274,-1,Normal
1,0.786585,49.539,0.252047,1,Normal
6,0.860736,18.1083,0.308866,1,Warning
9,-1.00528,13.8206,0.859244,-1,Warning
13,3.13535,30.7229,1,1,Normal
2,2.42133,37.1873,0.897111,1,Normal
1,3,21.7338,0.684897,1,Normal
19,1.80941,39.9734,1,1,Warning
7,0.449185,49.8422,0.0559363,1,Normal
8,0.0773382,13.0046,0,1,Normal
9,-2.05567,16.5748,0.472145,-1,Normal
11,2.35517,52.2309,0.619466,1,Normal
22,0.205079,67.0935,0.456256,1,Normal
22,2.13744,69.0983,0.666595,1,Normal
8,0.16571,20.0871,0.627325,1,Normal
18,0.937654,20.3862,0.237185,1,Normal
16,1.67372,8.68341,0.977209,1,Warning
17,1.86478,37.2285,0.915882,1,Warning
9,3,17.2679,1,1,Warning
15,2.98952,16.0511,1,1,Warning
4,-2.01467,0,1,-1,Warning
6,-3.27466,71.5223,1,-1,Warning
4,-0.13188,0,1,-1,Normal
11,0.669908,23.1887,0.841916,1,Normal
7,1.01838,47.761,0.889946,1,Normal
17,-0.255856,5.94552,0.535006,-1,Normal
17,-0.348055,41.7398,0.325242,-1,Normal
13,-3.15171,16.5484,0.774949,-1,Warning
8,-4.47141,68.5131,0.554213,-1,Normal
6,-0.392905,39.8005,0.282933,-1,Normal
3,1.94668,43.076,1,1,Warning
16,0.300229,1.78712,0.0963719,1,Normal
22,-0.845487,73.7943,0.362993,-1,Normal
2,-2.58085,9.52423,0.840535,-1,Warning
8,-0.905636,33.8887,0.138115,-1,Normal
16,-0.348811,0,0.263853,-1,Normal
22,1.96731,64.1009,0.464839,1,Normal
11,-0.274367,59.8937,0.133084,-1,Normal
11,0.921035,25.6335,0.101328,1,Normal
6,-0.116685,45.6286,0.214416,-1,Normal
11,-2.43353,49.0387,0.624629,-1,Warning
7,0.654,53.3158,0.319574,1,Normal
16,-0.221906,38.2424,0,-1,Normal
2,0.770709,16.6464,0.404367,1,Normal
3,0.798858,55.8791,0.182234,1,Normal
20,0.516697,45.0758,0.276067,1,Normal
18,-0.805932,38.2203,0,-1,Normal
12,-0.101418,31.7567,0.0755764,-1,Normal
13,1.53139,8.57332,0.69272,1,Normal
21,0.223439,32.39,0.513419,1,Normal
1,0.818733,13.694,0,1,Normal
2,0.517584,50.7969,0.50006,1,Normal
11,-0.240711,12.5208,0.269659,-1,Normal
0,-0.562196,45.9296,0.331481,-1,Normal
8,-0.40749,21.3928,0,-1,Normal
4,-3.24536,77.0209,0.610983,-1,Warning
4,1.6059,74.7839,0.844113,1,Normal
17,-0.609674,29.7492,0.0142769,-1,Normal
8,-1.13812,21.5559,0.302454,-1,Normal
18,-0.362362,34.791,0.236989,-1,Normal
18,0.457284,2.88905,0.190249,1,Normal
17,-0.329011,56.6432,0.37887,-1,Normal
15,3.79736,12.7585,0.588352,1,Normal
13,-0.985563,46.4139,0.020823,-1,Normal
20,-2.83534,29.7425,0.636004,-1,Warning
12,0.288171,37.1679,0.0335647,1,Normal
13,-0.354843,48.0485,0,-1,Normal
2,-3.6139,53.1614,0.765366,-1,Warning
10,0.449246,41.3253,0.300881,1,Normal
16,0.219706,56.1453,0.256715,1,Normal
0,-1.04787,32.2477,0.929523,-1,Warning
6,0.385038,59.5416,0.0366439,1,Normal
2,-1.15401,70.0291,0.635863,-1,Warning
4,-0.103919,26.9746,0.465388,-1,Normal
7,-0.719941,26.8798,0.24095,-1,Normal
13,1.71518,11.0159,0.629195,1,Normal
20,-2.85099,44.4946,0.443426,-1,Normal
17,-0.16883,0,0.523873,-1,Normal
10,0.624937,53.5286,0,1,Normal
19,-0.638877,14.0965,0.53355,-1,Normal
6,1.10296,54.2717,0.454026,1,Normal
5,2.53044,22.8235,0.736771,1,Normal
3,1.27708,39.7673,0.985851,1,Warning
15,2.72371,47.1058,0.408551,1,Normal
12,-1.83333,36.9365,1,-1,Warning
4,-0.394903,37.1109,0,-1,Warning
23,0.472234,54.845,0.523527,1,Normal
5,0.356675,80.8321,0.250869,1,Normal
16,0.924391,30.7744,0,1,Normal
0,-3.04733,33.4411,0.572752,-1,Normal
5,-3.37064,11.8646,0.388713,-1,Normal
9,-0.974582,52.6076,0.196254,-1,Normal
8,-0.518092,26.3446,0.456208,-1,Normal
12,-0.966586,44.0587,0.439257,-1,Normal
21,-0.2527,20.3267,0.655179,-1,Normal
8,-0.914554,38.0255,0.521204,-1,Normal
13,2.67527,26.8258,0.352053,1,Normal
19,0.608737,71.9111,0.111205,1,Normal
20,0.0279092,44.1745,0.0948272,1,Normal
4,3,38.221,0.657057,1,Normal
20,2.40211,47.4821,0.801548,1,Normal
9,0.833275,23.5786,0.768075,1,Normal
8,-1.08114,37.0148,1,-1,Warning
6,1.05325,46.5531,0.688811,1,Normal
9,1.1519,21.4013,0.612774,1,Normal
15,-3.24506,25.2323,1,-1,Warning
15,-0.645538,0.944664,0.603413,-1,Warning
13,-0.549114,22.3509,0.108304,-1,Normal
0,-0.11929,21.1871,0.236396,-1,Normal
18,0.473012,23.6386,0.388776,1,Normal
13,0.97848,50.7837,0.296738,1,Normal
2,-3.70653,51.1638,0.450194,-1,Normal
19,0.686466,52.548,0.593162,1,Normal
1,3,34.728,1,1,Warning
16,-0.969027,69.5422,0.126416,-1,Normal
8,-0.235324,45.9289,0.643367,-1,Normal
19,0.226654,25.1298,0.0868766,1,Normal
7,3,11.6383,0.630756,1,Normal
15,0.403622,23.1913,0.421379,1,Normal
2,0.493606,56.5923,0.232904,1,Normal
12,-0.319931,56.3819,0.194822,-1,Normal
2,1.0266,45.3771,0.684961,1,Normal
0,-0.225157,44.3294,0.036022,-1,Normal
23,-2.45778,49.9817,0.621927,-1,Warning
13,3.75763,52.4234,0.656938,1,Normal
13,-1.7688,51.8903,0.655948,-1,Warning
18,-0.24674,25.8723,0.275968,-1,Normal
11,2.41837,34.5005,0.547294,1,Normal
12,-3.38062,38.5627,0.634928,-1,Warning
7,2.02832,40.5525,0.741278,1,Normal
3,1.19402,62.1951,0.62309,1,Normal
21,-2.9914,61.1404,0.813573,-1,Warning
19,-0.606642,69.8655,0.586953,-1,Normal
1,2.32224,20.2074,0.935352,1,Warning
9,0.167826,50.8378,0.448307,1,Normal
14,-0.751782,29.7303,0.491991,-1,Normal
0,-0.0320406,25.3571,0.125674,-1,Normal
12,0.752275,21.9109,0.261724,1,Normal
2,0.161514,29.1949,0.169957,1,Normal
5,-1.69405,35.6185,0.719584,-1,Warning
7,-0.283901,0,0.204225,-1,Normal
21,2.36345,18.3306,0.770223,1,Normal
11,3,15.4897,0.289911,1,Normal
10,0.102596,53.1268,0.128579,1,Normal
7,-0.275475,32.2861,0.536653,-1,Normal
18,-2.03488,44.5085,1,-1,Warning
20,0.361779,47.6614,0.187309,1,Normal
22,-1.85367,43.6581,0.926144,-1,Warning
14,1.01192,63.6959,0.302938,1,Normal
2,3,33.4625,1,1,Warning
21,-2.73199,44.6496,0.54873,-1,Normal
12,0.362024,21.7617,0.407852,1,Normal
1,-1.89683,32.4438,0.459457,-1,Normal
18,1.07843,42.6928,0.86732,1,Normal
3,1.15247,46.2984,1,1,Normal
20,1.52043,45.9997,0.342411,1,Normal
5,5.40601E-06,33.1457,0.285478,1,Warning
17,0.890864,19.3041,0.34429,1,Normal
15,2.94681,5.08868,0.381076,1,Normal
1,2.53882,40.2605,0.616476,1,Normal
12,1.47547,55.1776,0.461894,1,Normal
1,0.165097,26.1841,0.0586859,1,Normal
23,-2.36477,56.7648,0.945615,-1,Warning
23,0.723067,39.5469,0.0969975,1,Normal
22,-1.88964,55.1842,0.976375,-1,Warning
16,-1.01826,7.51889,1,-1,Warning
11,3,19.448,0.467506,1,Normal
6,0.55729,26.1331,0.515621,1,Normal
4,0.900813,60.8285,0,1,Normal
6,0.226024,42.3191,0.66711,1,Normal
8,-0.406142,36.6392,0.380514,-1,Normal
7,0.445827,38.6221,0.319905,1,Normal
3,-0.495212,45.0727,0.401124,-1,Normal
8,-0.470951,28.5553,0.248281,-1,Normal
14,1.65166,61.4568,1,1,Warning
12,-1.75572,42.1571,0.409207,-1,Normal
12,-2.40521,46.2789,0.67485,-1,Warning
17,1.00613,51.8074,1,1,Normal
10,-0.633939,50.4349,0.368442,-1,Normal
11,-0.749959,0,0.102076,-1,Normal
16,-2.53668,0,0.742206,-1,Warning
8,-4.09461,11.6723,0.847391,-1,Warning
1,-2.16633,47.1152,0.895636,-1,Warning
7,-3.05684,40.1999,0.734636,-1,Warning
5,0.107866,40.1056,0.389104,1,Normal
12,1.421,25.2104,0.69768,1,Normal
1,-0.0807418,52,0.416924,-1,Normal
23,2.28035,58.14,0.849596,1,Normal
15,-1.82071,24.799,0.901645,-1,Warning
6,-1.63103,25.2324,0.923175,-1,Warning
21,1.28171,50.574,0.755381,1,Normal
3,0.302,48.8331,0.297604,1,Normal
8,1.3134,36.1375,0.514802,1,Normal
8,2.98587,16.5503,0.417471,1,Normal
13,0.947435,36.13,0.414095,1,Normal
12,2.46476,43.1885,0.612018,1,Warning
3,3,42.7859,0.817736,1,Normal
4,-2.74779,40.7111,0.652193,-1,Warning
5,-0.474892,49.5895,0.110673,-1,Normal
9,2.26533,18.9168,0.83213,1,Normal
11,0.683177,27.6234,0.0899018,1,Normal
1,0.828188,13.3658,0.596437,1,Normal
10,-1.37016,17.7241,0.860035,-1,Warning
15,-0.813277,26.9264,0.362921,-1,Normal
2,0.566038,21.9968,0.0823172,1,Normal
11,2.25425,39.8695,0.557385,1,Normal
12,0.417954,44.6265,0,1,Normal
1,-2.20335,31.1619,0.894582,-1,Warning
2,3,46.6442,0.779527,1,Normal
4,-0.612118,69.2878,0.634001,-1,Warning
6,0.454463,63.9949,0.591874,1,Normal
6,-0.471216,20.3687,0.452231,-1,Warning
6,-2.67849,58.9141,1,-1,Warning
9,1.41398,28.6903,0.556829,1,Normal
4,-2.29368,40.5453,0.713384,-1,Warning
10,-4.02422,28.6206,0.537021,-1,Normal
2,3,7.02205,0.653257,1,Normal
12,2.8973,44.7425,0.657705,1,Normal
5,-0.0745228,21.5439,0.276678,-1,Normal
15,0.330253,34.3615,0.0229616,1,Normal
14,-0.551995,5.62811,0.529248,-1,Normal
19,0.744011,9.95509,0,1,Normal
21,0.304389,17.1626,0.512647,1,Normal
9,-0.971429,36.4157,0.1852,-1,Normal
4,0.0573063,18.6183,0.357041,1,Normal
23,0.0669807,25.5064,0.519341,1,Normal
6,2.15224,41.9648,0.293087,1,Normal
13,0.0691182,17.8537,0.358426,1,Normal
13,0.464832,32.9915,0.471769,1,Normal
18,-0.822257,44.5643,0.016603,-1,Normal
17,0.268345,58.0936,0.0225736,1,Normal
2,0.457786,50.8824,0.520426,1,Normal
1,3,38.2372,0.883085,1,Normal
19,0.595764,36.2046,0.521128,1,Normal
3,0.68987,60.4204,0.122421,1,Normal
10,-0.749521,55.8676,0.065865,-1,Normal
20,-0.461061,23.5698,0.0733779,-1,Normal
17,0.792234,16.646,0.0996878,1,Normal
7,-1.91171,43.5775,0.815561,-1,Warning
10,0.193468,56.2284,0,1,Normal
2,1.03094,25.1346,0.714867,1,Normal
10,-0.289517,35.339,0.236022,-1,Normal
21,-0.754668,37.0204,0.350322,-1,Normal
14,0.000154132,30.9556,0.5359,1,Normal
16,0.0880219,40.3802,0.17053,1,Normal
20,-1.76714,36.0485,0.705245,-1,Warning
20,2.77523,29.2359,0.363715,1,Normal
1,0.142669,15.8606,0.408507,1,Normal
12,-2.0017,56.0634,0.531729,-1,Normal
15,-2.60393,55.167,0.739693,-1,Warning
17,-3.64302,47.3686,0.971178,-1,Warning
19,-0.338556,10.0571,0,-1,Normal
3,3,24.2168,1,1,Warning
12,-1.83957,8.58336,0.550239,-1,Normal
5,-0.617034,17.6557,0,-1,Normal
9,-1.06102,5.15809,0.996656,-1,Warning
9,-0.688419,42.9075,0.0524436,-1,Normal
9,1.87632,7.29591,0.646494,1,Normal
21,0.707287,24.9458,0,1,Normal
5,-0.900141,11.9133,0.0242074,-1,Warning
21,0.813132,58.6458,0.216363,1,Normal
18,0.813101,39.4002,0.164622,1,Normal
17,1.67105,47.1682,0.416404,1,Normal
15,-0.288051,37.8655,0.927149,-1,Normal
14,1.42865,40.6974,0.851104,1,Normal
15,-0.401691,37.2458,0.269205,-1,Normal
14,3.20481,22.5275,0.551102,1,Normal
14,3.14933,40.6185,0.814202,1,Normal
3,0.634878,25.0438,0.759484,1,Normal
21,1.36029,68.7594,0.553038,1,Normal
20,1.05532,53.0816,0.803712,1,Normal
11,0.668987,83.198,0.349644,1,Normal
18,-0.612731,33.5524,0,-1,Normal
13,-0.60246,76.9155,0.0514099,-1,Normal
23,1.04912,45.9987,0.784894,1,Normal
4,0.267034,24.9278,0.197856,1,Normal
5,2.36875,48.5462,0.74153,1,Normal
6,-0.928671,18.2366,0.31884,-1,Normal
9,-0.764678,75.134,0.393889,-1,Normal
11,-0.178167,44.2856,0,-1,Normal
16,-2.30265,45.8543,0.910491,-1,Warning
9,0.162901,15.0952,0.347658,1,Normal
12,2.10313,43.9088,1,1,Normal
15,-0.539567,8.06957,0.0751863,-1,Normal
22,-0.370803,39.8152,0.382962,-1,Normal
0,0.740373,0,0.649655,1,Normal
3,1.74572,24.7734,0.268484,1,Normal
14,0.583389,47.7647,0.403621,1,Normal
7,-0.0216378,0,0.0127138,-1,Normal
8,-0.536495,6.77518,0.240876,-1,Normal
20,0.258479,53.5448,0.727681,1,Normal
23,2.48165,27.1516,0.890168,1,Normal
23,2.24712,21.0742,0.915214,1,Warning
8,2.70063,25.3108,0.713928,1,Normal
9,-1.47418,22.1933,1,-1,Warning
19,-1.58193,36.4841,0.725933,-1,Warning
8,-0.457488,41.4,0.2213,-1,Normal
10,-0.634726,38.0427,0.387281,-1,Normal
19,-0.146257,60.691,0.153268,-1,Normal
17,-0.0447092,0,0.542837,-1,Normal
16,-0.483788,21.9969,0,-1,Normal
2,-3.28644,21.9856,1,-1,Warning
6,0.333732,34.9862,0.352948,1,Normal
9,0.615076,34.3373,0.262233,1,Normal
5,-1.50414,41.8363,0,-1,Normal
21,-0.156205,22.9514,0,-1,Normal
19,-1.3871,29.0755,0.604036,-1,Warning
16,3.09717,33.3,0.744316,1,Normal
1,0.037717,36.3909,0.109305,1,Normal
10,0.7374,10.4633,0.388752,1,Normal
9,2.60967,30.7341,0.629039,1,Warning
17,-0.0867627,18.0478,0,-1,Normal
5,-0.912603,31.2202,0.181286,-1,Normal
18,0.642835,50.5331,0.835006,1,Normal
12,2.54189,44.6661,1,1,Warning
6,0.322938,42.8942,0.168794,1,Normal
22,-1.06353,56.2425,0.62942,-1,Warning
13,1.31169,14.897,1,1,Normal
23,-0.421589,19.2001,0,-1,Normal
8,0.530685,43.633,0.259658,1,Normal
8,-0.536695,3.11389,0.382999,-1,Normal
20,0.394267,10.3209,0.0236727,1,Normal
7,2.11733,6.89597,0.490814,1,Normal
17,0.788909,29.3172,0.224406,1,Normal
21,1.81744,24.1596,1,1,Warning
23,-0.0212575,57.4653,0.231425,-1,Normal
13,3.63295,39.9531,0.718911,1,Normal
8,1.8647,45.4295,1,1,Warning
18,0.630927,45.9823,0,1,Normal
17,0.395817,0,0.152011,1,Normal
15,-0.357963,23.9483,0.376817,-1,Normal
19,-2.95822,26.9311,0.783738,-1,Warning
21,3.27957,37.5757,1,1,Warning
23,1.23421,60.7828,0.623767,1,Normal
0,-0.116511,32.5085,0.0610524,-1,Normal
15,1.87396,45.9554,0.642827,1,Normal
9,2.9283,24.7856,0.778205,1,Normal
8,-2.05182,21.9365,0.676036,-1,Normal
23,0.313095,34.3739,0.658334,1,Normal
0,-2.38034,48.9943,0.783752,-1,Warning
8,-0.141038,10.2671,0.327303,-1,Normal
16,-0.558531,19.6797,0,-1,Normal
6,1.05189,60.9441,0.445025,1,Normal
15,0.431791,49.7547,0.216852,1,Normal
19,-0.352986,9.01595,0,-1,Normal
21,0.0362084,63.2123,0.528205,1,Normal
2,-2.37437,23.9019,0.995002,-1,Warning
9,0.866243,25.8946,0.0955529,1,Normal
7,-0.78086,8.58194,0.0343691,-1,Normal
20,0.166274,26.6039,0,1,Normal
12,1.77835,67.2809,0.579581,1,Normal
5,-3.69142,0,0.309321,-1,Normal
7,-2.13293,43.0438,0.649658,-1,Warning
8,2.90373,17.3406,0.210737,1,Normal
20,1.6497,0.124447,0.835502,1,Normal
18,-1.21457,66.9377,0.682345,-1,Warning
0,0.395982,22.1658,0.341017,1,Normal
14,0.22731,37.5732,0.263518,1,Normal
21,2.3077,0,0.758073,1,Normal
18,-1.07191,62.6251,0.85956,-1,Warning
10,2.2504,50.4841,0.42592,1,Normal
6,-0.540614,20.7077,0.105567,-1,Warning
5,-0.242297,49.4403,0.109275,-1,Normal
8,-3.15217,41.3233,0.530301,-1,Normal
1,2.42674,20.4782,0.950421,1,Warning
12,0.102518,25.981,0.0121496,1,Normal
11,0.926261,37.3145,0.213509,1,Normal
10,0.146664,35.3265,0.372796,1,Normal
5,-0.587353,35.4271,0.516568,-1,Normal
0,2.47671,54.1953,0.84787,1,Normal
10,2.82752,45.6336,0.854484,1,Normal
20,-0.310397,0,0,-1,Normal
23,-1.04299,53.5574,1,-1,Warning
22,3.60314,55.0909,0.82549,1,Normal
11,-0.19618,47.4708,0.168374,-1,Normal
15,2.09515,0,0.559364,1,Normal
6,0.36658,46.1395,0.576314,1,Normal
6,0.0564793,21.9349,0.288603,1,Normal
22,-2.17845,22.6389,0.647929,-1,Warning
5,0.758068,23.1258,0.626631,1,Normal
9,-2.53604,0,0.46477,-1,Normal
20,2.74822,26.4086,0.56138,1,Normal
18,0.496538,1.50047,0.201257,1,Normal
18,-0.270235,40.1521,0.424285,-1,Normal
20,0.560587,50.549,0,1,Normal
3,-1.85358,34.6071,0.778385,-1,Warning
15,-0.772113,24.1882,0.377644,-1,Normal
21,-0.647656,30.9516,0.194743,-1,Normal
4,0.431752,22.9827,0.216151,1,Normal
14,0.831044,54.0807,0.330973,1,Normal
21,-0.0579067,34.3413,0.218042,-1,Normal
10,0.247266,41.5411,0.643309,1,Normal
10,0.112199,44.7308,0.180319,1,Normal
10,-2.87195,0,1,-1,Warning
23,-1.23169,43.2244,0.839652,-1,Warning
21,2.58698,20.8664,0.708897,1,Normal
0,0.268206,18.3708,0.36236,1,Normal
0,-2.16517,0.037943,0.524346,-1,Normal
10,2.13203,33.4574,0.698697,1,Normal
17,1.10778,19.797,0.678501,1,Normal
17,-0.0095219,46.771,0,-1,Normal
4,0.276657,38.0167,0.198682,1,Normal
14,2.82075,21.7801,0.647895,1,Normal
15,0.932812,23.4804,0.221262,1,Normal
19,1.50622,38.9576,0.712625,1,Normal
7,0.837048,13.6692,0.147858,1,Normal
18,-0.121444,0,0,-1,Normal
4,2.11508,45.7729,1,1,Warning
15,0.201253,22.8457,0.587222,1,Normal
22,-3.17343,23.8296,0.789986,-1,Normal
19,2.36696,32.0897,0.571369,1,Normal
4,-1.17756,22.0069,0.583203,-1,Normal
11,-0.811887,48.273,0.168207,-1,Normal
4,0.0436673,11.6393,0.548349,1,Normal
20,0.284781,30.4705,0.436045,1,Normal
7,-2.44939,46.3862,0.624327,-1,Warning
20,-0.375737,13.643,0,-1,Normal
5,-1.91266,23.3823,0.778199,-1,Warning
18,0.867498,19.9513,0.0635546,1,Normal
1,-0.570694,46.8197,0.610769,-1,Warning
21,-0.275747,39.7073,0.145537,-1,Normal
17,-0.66669,47.0816,0.451756,-1,Normal
12,1.39302,28.0794,0.76025,1,Normal
3,-2.02066,33.0101,0.692055,-1,Warning
18,0.374051,44.4689,0.651051,1,Warning
13,-1.00433,50.6332,0.601037,-1,Warning
14,3.3079,34.3382,0.692865,1,Warning
22,-1.48194,28.8221,0.625301,-1,Warning
2,0.0380116,63.3889,0.540603,1,Normal
11,-2.35039,64.3309,0.862697,-1,Warning
11,1.88099,10.0592,0.688087,1,Normal
4,-0.497706,26.3697,0.345451,-1,Normal
5,0.18873,33.6282,0.342458,1,Normal
15,0.978291,30.2653,0.0793654,1,Normal
5,3,38.3173,0.8556,1,Normal
17,-0.256474,52.8977,0.18152,-1,Normal
23,-0.898904,54.2196,0.633044,-1,Warning
21,2.50541,23.8715,0.766058,1,Normal
11,-3.0627,40.7954,0.76924,-1,Warning
11,-2.49372,14.7092,0.794759,-1,Warning
6,0.0165706,83.9337,0.078888,1,Normal
21,-1.08142,25.3552,1,-1,Warning
16,-0.666248,33.1035,0.299452,-1,Normal
1,-0.592759,29.8759,0.376279,-1,Normal
6,-0.870313,85.1528,0.155724,-1,Normal
16,-3.18774,22.6666,1,-1,Warning
12,-2.99478,50.1029,0.692178,-1,Warning
16,3.43562,32.9863,0.52033,1,Normal
7,2.09893,30.9249,0.875704,1,Normal
4,-1.22259,12.3685,0.899393,-1,Warning
1,0.855784,4.38162,0.0247973,1,Warning
7,0.352106,16.1163,0.309636,1,Normal
12,0.408485,31.2569,0.289564,1,Normal
6,-0.548636,42.6545,0.23472,-1,Normal
21,-0.0317727,62.6948,0.050864,-1,Normal
11,-0.621349,12.7332,0.316101,-1,Normal
5,1.73608,43.5887,0.956933,1,Warning
3,-3.57696,46.4288,0.297858,-1,Normal
8,0.617994,0,0.185812,1,Normal
2,-1.60968,52.3686,0.649161,-1,Warning
18,0.00384864,50.8412,0.382625,1,Normal
22,-0.843055,26.3047,0.257026,-1,Normal
21,-2.27367,26.6417,0.856498,-1,Warning
0,-0.349587,83.4198,0.0499051,-1,Normal
2,0.459602,59.165,0.311147,1,Warning
4,-2.54993,35.9638,1,-1,Warning
1,-0.268754,36.1427,0.147315,-1,Normal
11,2.75776,51.9267,0.604462,1,Normal
0,-1.62008,20.4201,0.630001,-1,Warning
23,-0.748743,64.9271,0,-1,Normal
7,0.395049,20.3293,0.5679,1,Normal
12,0.551347,62.319,0.337068,1,Normal
4,-1.55136,20.7244,0.591461,-1,Normal
12,-0.764655,16.6317,0.110218,-1,Normal
3,3,70.3654,0.866013,1,Normal
23,2.17408,42.5673,0.644546,1,Normal
6,-2.8289,48.519,0.300352,-1,Normal
4,-0.0830774,48.8586,0.0237101,-1,Normal
13,2.49082,18.4608,0.573055,1,Normal
2,0.0527921,24.3523,0.63903,1,Normal
4,-3.25706,14.833,0.738087,-1,Warning
12,1.61863,19.3591,1,1,Warning
1,0.579432,68.1178,0.495157,1,Normal
3,3,55.6414,0.672525,1,Normal
7,2.93998,25.4574,0.397435,1,Normal
20,-0.544661,37.3124,0.508285,-1,Normal
19,2.47596,47.6017,1,1,Normal
11,-0.49441,33.4549,0.605539,-1,Warning
10,-2.36286,17.8054,0.885316,-1,Warning
2,0.624496,20.3272,0.133235,1,Normal
15,0.686153,52.3561,0.0155455,1,Warning
16,1.62792,44.7641,0.546243,1,Normal
12,0.574031,31.6054,0.502334,1,Normal
0,0.140613,28.6328,0.609138,1,Normal
23,-1.66223,19.8894,0.528055,-1,Normal
17,-2.04495,59.6577,0.648118,-1,Warning
21,0.0677845,12.0036,0.165594,1,Normal
15,0.0907749,56.9978,0.125417,1,Normal
4,0.339633,43.4894,0.549046,1,Normal
7,-2.8481,5.90194,0.928936,-1,Warning
3,1.06487,6.64237,0.496717,1,Normal
8,-0.860343,29.3561,0.44672,-1,Normal
16,-0.161829,69.0756,0.583844,-1,Normal
14,-0.157205,78.7982,0.0964015,-1,Normal
22,-0.694751,32.142,0.133928,-1,Normal
16,2.13004,17.0875,1,1,Warning
21,1.36092,21.6146,0.317362,1,Normal
23,0.72969,15.2962,0,1,Normal
6,0.0658258,20.1687,0.133856,1,Normal
19,-1.97303,53.8251,0.702081,-1,Warning
14,0.323455,35.4569,0.0469837,1,Normal
5,1.03341,59.5555,0.417934,1,Normal
18,-0.622287,26.0059,0.0140994,-1,Normal
18,-2.38018,3.78633,0.62097,-1,Warning
18,1.0465,27.4459,0.576695,1,Normal
19,-2.74201,48.2078,0.942884,-1,Warning
19,0.02897,36.0309,0.0586316,1,Normal
5,-1.07467,6.35151,0.821892,-1,Warning
1,-0.282909,47.316,0.921272,-1,Normal
20,0.673465,39.2203,0.533654,1,Normal
11,0.297645,27.4217,0.240939,1,Normal
6,-2.40396,20.6476,1,-1,Warning
22,-0.0630308,14.8374,0.228786,-1,Normal
16,-0.412489,59.0888,0.735865,-1,Warning
8,0.39068,83.7839,0.298901,1,Normal
7,-0.728317,13.6455,0,-1,Normal
4,0.0746466,11.4268,0.465876,1,Warning
19,0.825442,24.2172,0,1,Normal
22,2.80989,10.6752,0.726968,1,Normal
11,2.62066,47.3831,0.287392,1,Warning
14,0.21499,35.2389,0.518353,1,Normal
9,-0.305946,31.8952,0.159422,-1,Normal
14,0.252833,45.0019,0.294588,1,Normal
1,0.416073,19.8774,0.120786,1,Normal
13,0.277352,29.9662,0.760132,1,Normal
16,-0.972776,33.2319,0.252613,-1,Normal
12,-0.501328,50.163,0.0126878,-1,Normal
7,1.49299,40.394,0.711024,1,Normal
14,0.915406,42.6153,0.765814,1,Normal
10,-2.95502,0,0.649398,-1,Warning
6,2.47931,27.3016,0.841625,1,Normal
7,-0.0253711,23.9881,0.203073,-1,Normal
12,3.13705,22.6828,0.804354,1,Normal
0,-1.41059,36.7607,1,-1,Warning
15,-0.650877,36.4379,0.330185,-1,Normal
21,-4.17613,16.9255,0.972334,-1,Warning
7,-0.234679,30.0062,0.103588,-1,Normal
20,0.960524,47.7384,0.826674,1,Normal
8,-0.137179,31.8133,0.208442,-1,Normal
8,-1.67834,31.453,0.606798,-1,Warning
11,-2.06428,19.7756,1,-1,Warning
14,0.00514327,54.5972,0.219888,1,Normal
18,0.144889,33.9469,0,1,Normal
20,-2.67771,30.4668,0.562407,-1,Normal
15,-0.901359,48.5883,0,-1,Normal
7,0.0233395,51.6632,0,1,Normal
19,2.55612,49.4688,0.746883,1,Normal
20,-0.406006,61.3906,0.021181,-1,Warning
18,-1.80744,20.8132,0.807224,-1,Warning
20,-0.612884,47.3554,0.254616,-1,Normal
0,0.12827,9.78818,0.293662,1,Normal
13,0.378761,53.2649,0,1,Warning
12,2.12023,53.6908,0.642461,1,Normal
0,2.22092,11.9657,0.486332,1,Normal
5,-0.128481,63.2108,0.656055,-1,Normal
4,2.1579,27.227,0.359501,1,Normal
1,3,49.1514,0.410088,1,Normal
7,-2.90472,43.1001,1,-1,Warning
23,1.98039,44.5711,1,1,Warning
3,0.192186,27.9966,0,1,Normal
3,-0.356005,43.7826,0.0528338,-1,Normal
16,1.1705,22.2563,1,1,Normal
22,2.75006,5.04411,0.699072,1,Normal
1,-0.524922,0,0,-1,Warning
14,-0.335521,52.7337,0.569465,-1,Normal
4,0.649593,23.8923,0.0900769,1,Normal
1,-2.26658,35.6839,0.912583,-1,Warning
3,1.83553,36.3434,0.461281,1,Normal
2,-1.28417,29.74,0.824092,-1,Warning
19,-3.49369,2.50881,1,-1,Warning
12,-1.74288,52.5533,0.585943,-1,Normal
16,0.478247,55.4069,0.0370183,1,Normal
14,-1.95473,34.0186,0.837419,-1,Warning
5,1.99774,42.9811,0.922012,1,Warning
16,-0.234906,34.7389,0.251786,-1,Normal
0,-1.03676,65.7699,1,-1,Warning
22,2.29799,77.4102,0.566293,1,Normal
19,-0.968236,35.0738,0.26047,-1,Normal
5,-1.9023,16.5676,0.953504,-1,Warning
12,3.88306,67.1034,0.424526,1,Normal
9,1.14792,60.8237,0.907195,1,Normal
17,2.91463,46.8743,0.923525,1,Warning
12,2.36517,70.8307,0.83935,1,Normal
20,0.0912349,25.3644,0.308912,1,Normal
20,0.257007,9.71573,0,1,Normal
5,0.0500835,59.0462,0.447201,1,Normal
18,-0.0726073,24.7341,0.096724,-1,Normal
17,0.0933142,33.5545,0,1,Normal
12,2.36281,13.6971,0.688047,1,Normal
23,0.451287,19.6697,0.201048,1,Normal
5,0.0103365,86.0051,0,1,Normal
4,-0.808453,59.4729,0.158458,-1,Normal
4,3,54.1443,0.687884,1,Normal
16,0.0424369,15.9608,0.468514,1,Normal
17,0.903639,4.3984,0.212582,1,Normal
15,-3.21719,29.4209,0.733734,-1,Warning
8,-0.416384,97.2709,0.580314,-1,Normal
13,-4.46724,67.787,0.768191,-1,Warning
9,0.153358,30.8432,0.207265,1,Normal
22,-3.8948,42.2762,0.0342607,-1,Normal
23,0.146553,40.9871,0.412564,1,Normal
12,-0.249518,54.0684,0.3201,-1,Normal
23,1.75537,63.3121,0.466664,1,Normal
1,-1.74578,0,0.776258,-1,Warning
5,-1.45266,22.6876,0.542008,-1,Normal
4,1.09486,49.7315,0.495727,1,Normal
22,-1.67858,5.00249,0.628884,-1,Warning
11,-1.01509,24.2852,1,-1,Warning
14,0.904782,30.1376,0.358467,1,Normal
6,-2.47207,48.9995,0.987507,-1,Warning
12,3.73158,61.3059,0.351315,1,Normal
21,1.40167,28.5375,0.597411,1,Normal
9,-2.80852,17.0275,1,-1,Warning
15,-3.73332,33.9331,0.606732,-1,Warning
4,0.179102,17.8318,0.00393075,1,Warning
14,-0.299242,65.2741,0.313776,-1,Normal
16,0.182103,35.9526,0.285174,1,Normal
10,2.36298,73.7065,0.592654,1,Normal
12,-0.417545,50.6034,0,-1,Normal
20,-0.533701,8.96526,0.0503831,-1,Normal
16,-2.76718,24.1602,0.791621,-1,Warning
21,3.16429,31.1059,0.910936,1,Warning
5,1.37287,29.4778,0.585843,1,Normal
11,0.862565,12.0705,0.184227,1,Normal
19,-0.389832,87.2929,0.379997,-1,Normal
17,3.01801,54.1244,1,1,Warning
12,-3.86018,19.8857,0.787348,-1,Warning
21,0.473549,35.9582,0.309413,1,Normal
7,2.08992,53.9683,1,1,Warning
18,0.890718,24.9708,0.0417918,1,Normal
13,-0.362187,30.505,0.531513,-1,Normal
15,-3.13592,6.44793,0.866216,-1,Warning
20,-0.130178,45.6723,0.61556,-1,Normal
23,-1.27175,21.2228,0.535452,-1,Normal
3,-0.0372504,0.764928,0,-1,Normal
15,0.232667,28.5468,0.128495,1,Normal
5,1.44285,39.5424,1,1,Normal
13,2.58104,17.8899,0.794821,1,Normal
3,-0.850971,19.6258,0.390867,-1,Normal
13,-0.379946,2.40142,0.0432114,-1,Normal
5,2.46248,25.9532,0.660955,1,Normal
15,-2.89301,67.2236,0.759737,-1,Warning
23,0.0959358,0,0.36859,1,Normal
10,0.0193224,28.0765,0.316903,1,Normal
7,0.10342,0.874982,0.594328,1,Normal
2,2.13677,4.60932,0.900828,1,Warning
15,0.474792,58.4126,0.49371,1,Normal
11,0.331307,54.126,0.167374,1,Normal
14,-0.460354,8.08973,0.573902,-1,Normal
4,0.601057,48.6997,0.590787,1,Normal
2,2.79099,7.07276,1,1,Warning
6,-3.06403,34.9325,0.693896,-1,Warning
5,2.86556,39.9488,0.687143,1,Normal
21,-0.280407,58.3336,0.383107,-1,Normal
8,0.595101,28.9208,0.166376,1,Normal
17,1.05215,24.3947,0.695362,1,Normal
16,-0.0890294,41.6851,0,-1,Normal
2,1.10205,55.7643,0.878414,1,Normal
5,-3.08527,32.8079,0.538669,-1,Normal
15,2.7897,29.5243,0.739324,1,Normal
15,0.988354,18.263,0.740345,1,Normal
7,-0.864542,31.1853,0.391151,-1,Normal
18,2.62709,47.1442,1,1,Warning
3,-0.491112,25.3963,0.163878,-1,Normal
21,0.488609,45.8934,0.0896424,1,Normal
6,-4.03965,35.3066,0.568428,-1,Normal
17,0.114945,45.0271,0.153876,1,Warning
15,-2.92428,47.7587,0.946599,-1,Warning
17,-2.04983,42.9203,0.518328,-1,Normal
15,2.91262,49.4894,0.415263,1,Normal
17,-0.484766,52.4171,0,-1,Normal
2,0.253536,46.5324,0.22089,1,Normal
8,-1.1892,1.07168,0.957215,-1,Warning
14,-0.780508,39.2861,0.536645,-1,Normal
10,2.46991,15.6944,0.534574,1,Normal
21,-0.222305,49.4599,0.821805,-1,Normal
3,-0.633927,28.3848,0.160963,-1,Normal
18,-0.451414,37.5513,0.392307,-1,Normal
11,-2.58031,34.8238,0.529032,-1,Warning
12,0.470089,44.2226,0.282458,1,Normal
2,0.0483605,0,0.0636278,1,Normal
17,-0.291648,18.7538,0.828642,-1,Normal
13,2.51347,24.0381,0.753296,1,Normal
18,0.678859,41.4955,0.335068,1,Warning
18,-1.25055,0.364535,0.197105,-1,Normal
22,0.484733,20.6717,0.087562,1,Normal
14,1.65506,47.4159,0.952844,1,Warning
17,-1.02759,46.6037,0.862611,-1,Warning
17,-0.284519,33.3077,0.3028,-1,Normal
1,-0.255982,4.8572,0.398907,-1,Normal
1,-2.82081,45.0301,0.732141,-1,Warning
15,0.765144,35.3167,0.664644,1,Normal
2,2.58289,18.6955,0.336879,1,Normal
3,0.360525,31.9685,0,1,Normal
12,0.159062,40.2991,0.477806,1,Normal
17,0.219862,33.0725,0.664709,1,Normal
11,2.24883,39.1852,0.955946,1,Warning
2,-0.596584,51.6327,0,-1,Normal
9,-3.42806,57.0336,0.757466,-1,Warning
23,0.0107485,64.1307,0.606705,1,Normal
21,-0.0607018,25.0283,0.382282,-1,Normal
18,0.102268,57.367,0.387882,1,Normal
17,2.69525,52.9396,0.499163,1,Normal
23,-3.99262,15.5276,0.568372,-1,Normal
12,0.728803,68.5822,0.0409341,1,Normal
23,-3.78558,37.5764,0.665833,-1,Warning
17,0.284562,46.8293,0,1,Normal
1,3,55.2077,0.917322,1,Warning
20,-2.14715,38.9721,1,-1,Warning
18,1.06444,2.78074,1,1,Normal
22,-0.45958,22.2891,0.277151,-1,Normal
8,-1.99912,8.42671,0.793545,-1,Warning
22,-0.24276,0,0,-1,Warning
7,3,0.0365463,0.477643,1,Normal
17,-2.2311,42.1296,0.291463,-1,Normal
10,2.88981,25.4823,0.656819,1,Normal
22,-0.377457,18.5159,0.471008,-1,Normal
13,-2.4741,37.7367,0.96004,-1,Warning
5,0.197612,15.5943,0.0584605,1,Warning
19,-1.05003,54.1597,0.532527,-1,Normal
22,-0.605141,57.9074,0.275463,-1,Normal
19,-0.189513,58.7709,0.428101,-1,Normal
6,1.48415,50.9206,0.556234,1,Normal
11,-0.590451,30.9769,0.77211,-1,Warning
19,-0.822115,49.026,0.228349,-1,Normal
14,3.29783,55.7556,0.814815,1,Normal
15,-1.1363,23.9253,0.912096,-1,Warning
1,-3.3194,37.6214,0.817119,-1,Warning
14,1.75036,33.8097,0.685649,1,Normal
11,-0.825864,14.2693,0,-1,Normal
20,0.617139,68.0844,0,1,Normal
16,-0.485698,21.9735,0.296043,-1,Normal
1,1.35038,56.7871,0.753141,1,Normal
21,1.70734,25.6281,1,1,Warning
20,-0.599464,81.3433,0,-1,Normal
0,0.979541,50.3077,0.404791,1,Warning
20,1.48718,51.2266,1,1,Normal
10,2.51503,21.9576,1,1,Warning
23,-1.75475,4.04708,0.60435,-1,Warning
8,-2.74228,11.5977,0.860317,-1,Warning
5,-0.3985,39.5693,0.442639,-1,Normal
13,3.13636,9.93324,1,1,Warning
22,1.11882,64.1233,0.740836,1,Normal
4,-3.4711,12.9727,1,-1,Warning
6,0.0089323,50.6128,0.425989,1,Warning
5,-2.39795,56.6712,0.658613,-1,Warning
12,-2.09243,45.9112,0.679839,-1,Warning
3,0.422967,14.5103,0.101561,1,Normal
19,-0.0652269,40.7227,0.246148,-1,Normal
21,-0.241732,44.6096,0.248439,-1,Normal
10,2.69722,2.18286,0.723728,1,Normal
7,0.0698876,37.7503,1,1,Normal
0,-2.71203,36.1614,0.578369,-1,Warning
14,-2.31812,35.905,0.939108,-1,Warning
4,3,37.2478,0.986112,1,Warning
21,3.67464,58.9628,0.53074,1,Normal
20,-2.83497,14.3336,0.700648,-1,Warning
11,-3.17748,28.183,0.876314,-1,Warning
1,-1.25653,19.6584,0.223396,-1,Normal
5,-0.974567,49.6163,0.253279,-1,Normal
0,0.039486,43.4416,0.403179,1,Normal
3,0.443288,17.9931,0.0579622,1,Warning
8,-0.538913,30.8943,0,-1,Normal
10,0.306547,32.97,0.342038,1,Normal
3,-1.73664,28.2388,0.760881,-1,Warning
1,2.12009,26.4345,1,1,Warning
10,-1.60968,15.0636,0.365952,-1,Normal
4,0.302628,9.67402,0.186581,1,Normal
22,-0.199991,40.6472,0.116711,-1,Normal
13,0.809181,48.515,0.00271096,1,Normal
17,-2.57459,45.0036,0.55558,-1,Normal
9,0.0793404,16.8376,0.297871,1,Normal
5,1.33872,83.0982,0.170003,1,Normal
21,2.8502,43.7127,0.504485,1,Normal
5,-4.11498,38.1361,1,-1,Warning
1,-0.254989,34.7077,0.184456,-1,Normal
17,-2.60744,51.9995,0.275405,-1,Normal
10,2.48463,29.9148,0.801356,1,Normal
10,0.698686,27.5429,0.168906,1,Normal
5,-0.085078,51.5455,0.6113,-1,Normal
12,0.111795,49.086,0,1,Normal
13,-0.694531,39.5452,0.336945,-1,Normal
10,-1.98129,19.439,1,-1,Warning
11,0.24582,66.9348,0.36715,1,Normal
14,-0.830636,0,0.44639,-1,Normal
13,0.468492,19.1384,0,1,Normal
19,0.0977213,0,0.148062,1,Normal
4,-2.62813,17.1249,0.766691,-1,Warning
14,-0.99724,36.3036,0.461369,-1,Normal
18,0.151045,41.62,0.307854,1,Normal
18,0.540314,14.7538,0.0997643,1,Normal
10,0.00328736,14.681,0.0371665,1,Normal
1,-2.79011,29.8853,0.583738,-1,Normal
9,-3.10255,27.3034,0.724053,-1,Warning
20,-0.0410083,56.3519,0.0253637,-1,Normal
2,-0.698728,12.5926,0.0846045,-1,Normal
2,-0.890032,34.3577,0.324867,-1,Normal
14,-4.1276,58.1647,0.728652,-1,Warning
7,0.700852,38.6714,0,1,Normal
16,-2.17652,29.9302,0.997602,-1,Normal
16,-1.75364,23.408,0.916772,-1,Warning
5,0.311187,33.9818,0.707898,1,Normal
11,0.39438,69.5067,0.116964,1,Normal
1,0.0189581,0.406656,0.118349,1,Normal
10,1.86108,37.8741,0.812152,1,Normal
18,0.114152,43.3688,0,1,Normal
9,0.704923,28.5243,0.400298,1,Normal
19,-0.0680619,39.2759,0.515824,-1,Normal
6,3,17.549,0.881263,1,Normal
4,-1.08382,43.661,0.769533,-1,Warning
0,0.391338,44.214,0.00459869,1,Normal
18,2.52556,30.7158,1,1,Warning
16,0.650006,18.7689,0.240598,1,Normal
19,-0.282773,64.213,0,-1,Normal
11,-0.589064,48.4129,0.356668,-1,Normal
19,0.000791459,56.3577,0.075093,1,Normal
5,3,59.4274,0.594811,1,Normal
22,0.592866,30.3938,0.0879489,1,Normal
14,0.358296,0.569131,0,1,Normal
5,2.43806,35.6525,1,1,Warning
8,0.651927,42.0436,0.0511999,1,Normal
7,2.97579,45.87,0.945485,1,Warning
12,-2.36912,40.0354,0.875572,-1,Warning
1,-0.20101,31.9305,0.91546,-1,Normal
4,3,20.2588,0.718123,1,Normal
20,1.78851,30.0977,0.559771,1,Normal
17,-0.739298,61.8971,0.41416,-1,Normal
4,-0.0632569,14.8269,0.459005,-1,Normal
23,0.194898,29.8885,0,1,Normal
14,0.338509,0,0,1,Normal
20,2.2744,21.7687,0.652184,1,Normal
7,0.62683,26.9048,0,1,Normal
10,-3.3271,16.0509,0.531828,-1,Normal
6,1.63658,49.1616,0.467969,1,Normal
2,-1.04952,33.3803,1,-1,Warning
12,-0.440521,63.1129,0.443813,-1,Normal
2,1.92645,33.084,0.701079,1,Normal
15,0.0165416,74.7224,0.56729,1,Normal
6,0.511743,61.8921,0.587646,1,Normal
14,-1.10189,43.6029,0.300339,-1,Normal
11,0.504257,29.6039,0,1,Normal
4,-0.065246,7.05568,0.825218,-1,Normal
9,0.849214,23.6028,0.56015,1,Normal
23,-3.25599,44.48,0.961887,-1,Warning
12,0.243325,16.696,0,1,Normal
1,3,28.9478,0.775871,1,Normal
14,-0.0542614,49.2216,0.171629,-1,Normal
17,-1.99611,25.1159,0.906244,-1,Warning
2,-2.70763,37.1706,1,-1,Warning
17,3.66121,0,0.921636,1,Warning
21,0.933105,49.7135,0.108413,1,Normal
22,-1.77088,12.3394,0.990575,-1,Warning
8,-2.5022,41.3824,0.504058,-1,Normal
22,-0.987945,53.5963,0.63631,-1,Warning
4,0.792804,82.9287,0.0191508,1,Normal
20,3.39583,37.5685,0.80836,1,Normal
7,-0.0222091,1.31253,0,-1,Normal
6,-0.784312,37.7415,0.251728,-1,Warning
1,-0.607084,71.9921,0.36296,-1,Normal
1,-0.600007,38.9854,0.315275,-1,Normal
18,1.42572,4.28046,0.803402,1,Normal
11,-3.7516,64.4992,0.764841,-1,Warning
4,-1.10901,46.6945,0.632432,-1,Warning
6,-0.275784,6.80439,0.250552,-1,Normal
18,1.34941,42.941,1,1,Normal
8,-2.77314,16.9936,0.793974,-1,Warning
0,0.433187,38.411,0,1,Normal
7,0.691112,7.59958,0.0465875,1,Normal
13,-3.20075,16.51,0.377828,-1,Normal
20,0.988908,62.3079,0,1,Normal
7,-0.375929,22.5691,0.492201,-1,Normal
15,-2.02533,49.0134,1,-1,Warning
17,-1.14548,37.256,1,-1,Warning
23,0.736144,22.0156,0.449004,1,Normal
0,0.41506,28.2287,0.63729,1,Normal
21,2.28778,29.1811,1,1,Warning
7,-1.89199,42.6198,0.83285,-1,Warning
2,-0.573755,31.179,0,-1,Normal
1,-0.69557,44.0466,0.218781,-1,Normal
6,-0.148057,21.6084,0.120066,-1,Normal
11,-0.118643,63.3717,0.513705,-1,Normal
2,1.14707,41.1166,0.30521,1,Normal
11,-0.00748894,12.7812,0,-1,Normal
21,0.111217,20.388,0.170326,1,Normal
8,0.565516,34.8077,0.131205,1,Normal
11,-0.153588,15.2647,0.267328,-1,Normal
7,3,3.42391,0.400969,1,Normal
22,3.93618,18.2957,0.482031,1,Normal
16,-0.897276,36.5058,0.6561,-1,Warning
1,-1.81322,29.5637,0.915101,-1,Warning
19,-1.59907,57.9288,0.687431,-1,Warning
12,-3.40163,32.395,0.930616,-1,Warning
17,-1.06389,42.1278,0.765473,-1,Warning
23,0.311846,19.9131,0.732296,1,Normal
13,-0.1517,44.241,0.203381,-1,Normal
11,2.01898,23.7361,0.918841,1,Warning
21,0.583689,18.4711,0.374847,1,Normal
17,0.16906,15.5339,0.262453,1,Normal
9,0.608751,35.0406,0.0222226,1,Normal
22,-0.104596,28.1799,0,-1,Normal
18,-1.02043,51.4567,0.117779,-1,Normal
3,0.753286,37.1269,0.694076,1,Normal
21,-3.81857,57.5949,0.950445,-1,Warning
7,-1.00152,49.7684,0.748061,-1,Warning
9,-0.377632,15.2731,0.327972,-1,Normal
14,2.14449,68.0894,0.578369,1,Normal
10,-0.711876,24.5524,0.227277,-1,Normal
20,-0.32084,43.5586,0,-1,Normal
12,-0.485386,34.16,0.232602,-1,Normal
11,0.497832,0,0,1,Normal
9,0.791393,36.3113,0.471822,1,Normal
20,-1.06924,32.3791,0.612004,-1,Warning
21,0.674039,35.71,0.29314,1,Normal
3,0.296836,31.2277,0.372367,1,Normal
12,1.03611,14.423,0.65049,1,Normal
22,-1.83373,0.144596,0.880529,-1,Warning
16,-1.40571,49.5033,0.842749,-1,Warning
20,0.463465,36.8789,0.514412,1,Normal
5,-1.91001,37.3547,0.923258,-1,Warning
3,-0.625947,40.132,0,-1,Normal
19,0.83549,29.8015,0.157378,1,Normal
20,-2.57562,46.6558,0.907232,-1,Warning
13,1.0829,14.9451,0.885778,1,Normal
16,0.720634,0,0,1,Normal
14,-1.8765,40.2323,0.88771,-1,Warning
13,0.248059,9.59365,0.372156,1,Normal
13,0.766935,52.2094,0.634553,1,Warning
22,0.318234,60.3722,0.618092,1,Normal
13,1.12209,31.6072,0.839729,1,Normal
12,0.202089,27.1879,0.0593159,1,Normal
19,-0.941213,51.9629,0.0434551,-1,Normal
3,0.711865,47.1321,0.490591,1,Normal
11,0.0585885,0.345537,0,1,Normal
8,-2.15915,13.4024,0.754446,-1,Warning
9,2.1417,66.8486,0.760247,1,Normal
14,1.91118,28.6779,0.699786,1,Normal
5,2.29446,27.2218,0.510712,1,Normal
23,-0.212597,47.7317,0.244696,-1,Normal
2,0.950177,27.0312,0.242533,1,Normal
9,-2.14206,25.6672,0.7042,-1,Warning
10,0.77053,37.0166,0.124407,1,Normal
9,-0.724673,22.1934,0.180627,-1,Normal
4,-2.57388,39.4858,0.70392,-1,Warning
21,-0.935864,23.6554,0.294623,-1,Normal
23,2.66661,24.373,1,1,Warning
8,-0.938133,49.5098,0.642626,-1,Warning
10,0.504563,32.7935,0,1,Normal
4,0.522267,22.0082,0.191645,1,Normal
18,-2.14509,7.78263,0.742301,-1,Warning
21,-0.662328,53.5768,0.100539,-1,Normal
23,0.720219,37.2468,0.434847,1,Normal
14,-2.76301,13.0945,0.970413,-1,Warning
18,0.288221,48.239,0.243158,1,Normal
16,1.62611,19.3845,1,1,Warning
16,-3.48901,42.6907,0.756943,-1,Warning
0,0.182331,58.4804,0.337687,1,Normal
1,2.10248,22.8134,0.743321,1,Normal
8,0.303674,17.7881,0.396292,1,Normal
2,3,19.9469,1,1,Warning
11,-0.153353,23.4983,0.11155,-1,Normal
1,-0.290201,60.931,0.284909,-1,Normal
11,0.676112,26.6411,0.270706,1,Normal
12,-0.0586628,26.7435,0.125866,-1,Normal
18,-1.91208,47.701,0.808046,-1,Warning
13,-1.05038,41.9693,0.43606,-1,Normal
11,0.382264,15.132,0.0982217,1,Normal
4,-1.43861,15.2415,0.820605,-1,Warning
4,-2.653,25.1613,0.850154,-1,Warning
10,-1.50407,17.1597,0.815443,-1,Warning
12,0.779712,14.9024,0.164166,1,Normal
22,2.0676,39.194,0.841602,1,Normal
5,0.355721,49.4683,0.327878,1,Normal
13,-0.564583,35.5888,0.358479,-1,Normal
23,-0.0380959,50.261,0.622403,-1,Normal
5,-3.38943,21.1515,0.926219,-1,Warning
11,-1.09446,59.2215,0.46197,-1,Warning
1,-0.948447,38.0671,0.0219917,-1,Warning
14,-1.69058,54.2059,1,-1,Normal
20,-0.325419,45.1368,0.122035,-1,Normal
2,0.906459,68.0058,0.167285,1,Normal
16,0.6837,50.4004,0.45922,1,Normal
0,2.87014,44.0692,0.67913,1,Normal
12,3.00915,46.6835,0.396595,1,Normal
22,-0.511291,31.4521,0.239358,-1,Normal
3,-1.86931,42.2711,0.795043,-1,Warning
20,3.64259,68.3011,0.939235,1,Warning
10,0.178733,20.9024,0.39928,1,Normal
19,-0.432851,40.5763,0.401861,-1,Normal
14,-2.62874,80.206,0.677649,-1,Warning
20,-2.99145,29.1306,0.774799,-1,Warning
18,0.0340452,4.72786,0.028101,1,Normal
9,2.86988,43.8159,0.854879,1,Normal
13,0.626804,32.2719,0.27861,1,Normal
7,0.0731322,38.0327,0.24624,1,Normal
15,-0.0250987,18.8299,0.322075,-1,Warning
3,-0.619421,53.5747,0.366113,-1,Normal
14,0.888967,0,0.209702,1,Normal
4,0.358935,26.4097,0.249471,1,Normal
15,-0.697389,65.8005,0.421469,-1,Normal
16,-1.70797,19.2992,0.66341,-1,Normal
6,0.934696,32.1023,0,1,Normal
1,-1.76122,37.5129,1,-1,Warning
2,0.190547,22.475,0,1,Normal
21,-0.838779,29.8088,0.579007,-1,Normal
19,-3.25374,74.5322,0.299603,-1,Normal
11,-3.47542,37.6984,0.631279,-1,Warning
1,-0.296835,60.6049,0,-1,Normal
12,-0.268745,48.1017,0.16723,-1,Normal
17,-0.316465,32.4394,0.366177,-1,Normal
22,0.333176,8.74804,0.220701,1,Normal
2,2.5841,25.7209,0.825757,1,Normal
6,0.937861,21.7497,0.775977,1,Normal
16,0.38595,95.6207,0.166628,1,Normal
20,-0.212601,25.2082,0.144279,-1,Normal
17,2.69489,22.489,0.738669,1,Normal
7,-0.49204,106.274,0.507885,-1,Normal
8,0.599731,31.7191,0.210703,1,Normal
11,-1.51235,0,0.535962,-1,Normal
21,-0.673164,21.9598,0.0072933,-1,Normal
2,0.228584,39.3917,0.329654,1,Normal
12,-3.88235,43.6423,0.993018,-1,Warning
16,-0.881391,55.1158,0,-1,Normal
16,0.937717,71.8489,0.0208652,1,Normal
1,-3.83606,78.3393,1,-1,Warning
15,0.525378,16.0972,0.731718,1,Normal
11,-0.723664,13.8587,0.513388,-1,Normal
7,-0.052231,43.3712,0.697591,-1,Normal
23,0.520721,42.2401,0.582919,1,Normal
10,2.78515,52.1396,0.239818,1,Normal
20,1.77958,28.2159,0.48991,1,Normal
18,0.308535,52.0345,0.76882,1,Normal
22,-0.789429,56.1704,0.269445,-1,Normal
19,0.100637,12.9081,0.0484986,1,Normal
1,-1.04021,75.2805,0.714868,-1,Warning
21,0.223627,49.526,0.286916,1,Normal
12,2.25348,59.0624,0.792167,1,Normal
22,-2.47755,39.7863,0.242351,-1,Normal
14,-0.00616924,43.3933,0.219602,-1,Normal
3,0.165283,33.3953,0.170635,1,Normal
1,-2.40087,35.9244,0.318739,-1,Normal
10,2.50678,0,0.242411,1,Normal
17,-0.571407,54.1056,0.101617,-1,Normal
1,-0.629547,6.31993,0.264566,-1,Normal
6,0.809565,20.607,0.13355,1,Normal
18,1.04949,53.3276,0.522168,1,Normal
9,-0.731197,24.817,0.436077,-1,Normal
13,-2.24503,9.55926,0.466675,-1,Normal
7,-0.404732,48.596,0.464841,-1,Normal
7,-0.495875,43.5839,0,-1,Normal
1,-0.388872,1.89596,0.565861,-1,Normal
9,0.191642,0,0,1,Normal
6,3,56.4615,1,1,Warning
18,1.00324,43.3693,0.8049,1,Normal
6,-0.474081,41.8694,0.00275839,-1,Normal
21,-1.81247,32.7829,0.668369,-1,Warning
22,0.709687,52.6926,0.382739,1,Normal
2,-2.38609,0,0.836228,-1,Warning
14,-1.15149,33.6251,0.932546,-1,Warning
18,-0.206216,32.7962,0.777838,-1,Normal
5,0.202666,46.663,0.426509,1,Normal
19,-1.15555,56.9352,0.721468,-1,Warning
15,0.145284,8.18351,0.920021,1,Normal
10,-0.132763,35.4623,0.647774,-1,Normal
5,3,7.21652,1,1,Warning
22,0.202819,44.7544,0.0414284,1,Normal
19,2.46348,27.2266,1,1,Warning
5,-0.676974,7.08672,0.49894,-1,Normal
11,0.292188,41.026,0,1,Normal
7,-0.924991,16.758,0.312339,-1,Normal
5,-0.657169,62.875,0.332046,-1,Normal
22,0.834607,38.2107,0,1,Normal
12,2.69756,39.6302,0.143017,1,Normal
8,0.661313,36.7142,0.635921,1,Normal
6,1.84016,36.743,0.821398,1,Normal
22,3.26599,30.7682,0.973925,1,Warning
3,3,6.88575,0.948645,1,Warning
14,2.14086,40.1736,0.817748,1,Normal
12,0.0864086,44.1534,0.331511,1,Normal
16,-3.62676,40.1103,0.710599,-1,Warning
18,-0.0497823,28.4023,0.138458,-1,Normal
9,1.18335,55.3468,1,1,Normal
2,0.678715,64.0363,0.0110858,1,Warning
17,3.14922,22.5333,0.777191,1,Normal
8,0.628907,38.5503,0.296081,1,Normal
17,-1.49635,51.3794,0.352432,-1,Normal
8,-1.90099,50.738,1,-1,Warning
4,0.0254374,36.2182,0.316078,1,Normal
17,-1.59231,57.5101,1,-1,Warning
14,0.203454,59.3949,0.0886561,1,Normal
5,-1.61052,42.4389,0.826172,-1,Warning
1,-0.725049,50.2861,0.0290217,-1,Normal
14,-3.33951,49.4267,0.787518,-1,Warning
9,0.0334701,54.4255,0.765059,1,Normal
17,-2.14235,25.0195,0.838022,-1,Warning
15,0.669894,33.3195,0.335654,1,Normal
4,0.855595,40.2998,0.21238,1,Normal
23,-0.563572,45.5144,0.478797,-1,Normal
8,3,24.0246,0.442356,1,Normal
15,0.103042,15.3453,0.416047,1,Normal
14,0.404606,34.8484,0.159916,1,Warning
7,-0.314229,26.6116,0.574767,-1,Normal
13,4.29737,25.329,0.711571,1,Normal
14,-0.21164,44.0295,0,-1,Normal
15,0.164929,72.3321,0.171743,1,Normal
22,-0.490927,28.0921,0.0867799,-1,Normal
12,-2.79443,0,0.995545,-1,Warning
16,0.304141,58.1326,0.494558,1,Normal
14,0.821079,32.1039,0.317875,1,Normal
15,0.0801635,34.6231,0.460912,1,Warning
17,1.44282,29.057,0.545329,1,Normal
21,-3.70183,25.5384,0.698892,-1,Warning
12,-0.297915,20.6334,0.483954,-1,Normal
11,-0.991533,17.9178,0.413562,-1,Normal
0,3,28.8215,0.466481,1,Normal
7,0.121476,48.6184,0.330711,1,Normal
23,-0.34581,10.8512,0.0282952,-1,Normal
2,-1.73285,18.1262,0.914325,-1,Warning
4,0.478077,44.1158,0.136901,1,Normal
17,-0.98768,22.9388,0.00623472,-1,Normal
8,-0.416961,15.4992,0,-1,Warning
5,-0.504464,39.4889,0.158727,-1,Warning
19,0.398631,60.6928,0.141799,1,Normal
2,-1.94499,61.9865,0.236039,-1,Normal
18,2.82879,23.06,0.751319,1,Normal
21,-0.340446,27.3062,0.456993,-1,Normal
16,0.336026,51.5224,0.0343905,1,Normal
18,-1.36481,0,0.76308,-1,Warning
4,-0.201556,7.13807,0.0805714,-1,Normal
15,1.24393,10.8245,0.496466,1,Normal
16,2.21876,43.5746,1,1,Warning
19,-0.461234,42.7291,0.0671772,-1,Normal
2,-0.0987497,9.27359,0.254565,-1,Normal
13,-1.28967,50.0285,0.48927,-1,Normal
4,-1.99191,19.3173,0.368698,-1,Normal
21,0.593754,38.2962,0.670756,1,Normal
0,0.327158,35.093,0.0707061,1,Normal
10,2.47852,15.0034,0.959718,1,Warning
10,0.681051,16.6858,0.229627,1,Normal
17,4.77261,23.7501,0.726663,1,Normal
0,-2.02647,29.2453,0.708231,-1,Warning
18,0.0419139,55.6767,0.0495797,1,Normal
1,-0.214466,53.0067,0.780394,-1,Normal
8,0.177902,4.29049,0.000496507,1,Normal
7,-0.335139,59.264,0.343561,-1,Normal
20,1.68412,14.0773,0.915451,1,Warning
4,0.363554,67.5665,0.627416,1,Normal
5,-0.00473117,18.8089,0.57843,-1,Normal
18,-0.0996592,24.62,0,-1,Normal
6,0.464502,39.7367,0.355123,1,Normal
17,-0.541354,46.9924,0.483792,-1,Normal
19,2.96471,30.3487,0.767071,1,Normal
16,-0.0176161,23.8322,0.322378,-1,Normal
3,2.04427,17.2219,0.600901,1,Normal
0,0.294869,37.7367,0.283421,1,Normal
16,3.23105,58.571,1,1,Warning
7,-2.01472,67.0286,1,-1,Warning
22,-0.854931,33.4228,0.0215333,-1,Normal
15,-0.827253,27.3502,0.338617,-1,Normal
1,0.189531,23.5522,0.216474,1,Normal
15,-3.66119,33.1571,0.871774,-1,Normal
14,-0.472417,37.8956,0,-1,Normal
11,-0.436819,31.4301,0.211576,-1,Normal
18,-2.62805,38.3116,1,-1,Warning
15,1.48606,10.7035,0.481289,1,Normal
9,-0.0335409,23.1464,0.151052,-1,Normal
2,-1.30773,40.2483,0.488705,-1,Normal
0,-1.33855,37.8941,0.498558,-1,Normal
10,0.950238,44.8091,0.41583,1,Normal
6,-3.39847,46.5464,1,-1,Warning
18,-2.27822,27.3256,0.827215,-1,Warning
17,1.32148,41.6196,0.832401,1,Normal
21,1.29492,44.243,0.640998,1,Normal
8,2.57552,47.5617,0.673271,1,Normal
11,-2.70906,12.4185,1,-1,Warning
12,-0.191085,0,0.144995,-1,Normal
15,2.51159,71.2786,0.518505,1,Normal
3,-0.794171,33.0999,0.0273388,-1,Normal
22,0.213907,71.4279,0,1,Normal
9,0.847016,45.4922,0,1,Normal
15,-1.23219,5.01218,1,-1,Warning
13,-2.05285,45.3462,0.563826,-1,Normal
3,-1.0188,52.7592,0.759271,-1,Warning
2,-2.83655,35.9715,0.506698,-1,Normal
11,-0.100944,50.1106,0.164039,-1,Normal
22,0.981621,53.7609,0.479467,1,Normal
2,0.0121596,39.5336,0.281589,1,Normal
11,1.24549,39.9354,0.852283,1,Normal
21,-2.48105,56.8455,0.933552,-1,Warning
11,-0.135141,15.2936,0,-1,Normal
2,3,65.9316,0.536013,1,Normal
15,-0.046649,34.8122,0,-1,Normal
20,1.97973,8.53548,0.423099,1,Normal
16,0.235502,0,0.1815,1,Normal
18,0.265806,35.8721,0,1,Normal
9,0.514378,6.465,0.0596914,1,Normal
7,-0.0734323,21.3717,0,-1,Normal
1,3,27.545,0.534038,1,Normal
9,0.0836314,16.4582,0.426373,1,Normal
20,0.416268,30.5414,0.0640177,1,Normal
14,-2.93876,14.2507,1,-1,Warning
20,0.348431,46.6552,0.385725,1,Normal
6,-1.55788,45.2265,0.675464,-1,Warning
13,-1.44006,15.4077,0.847605,-1,Warning
3,2.93178,14.6893,0.826426,1,Normal
16,2.14199,62.0685,0.435227,1,Normal
14,-0.623643,44.81,0.279714,-1,Normal
12,-0.489071,26.5794,0.44763,-1,Normal
3,-0.231234,31.1953,0.872555,-1,Normal
14,0.451929,48.9082,0.07977,1,Normal
12,0.154463,59.9939,0.0621873,1,Normal
15,0.488335,17.8453,0.0141615,1,Normal
4,3,29.6799,0.755551,1,Normal
10,-1.89194,21.3194,1,-1,Warning
0,2.40759,39.9493,0.889552,1,Normal
5,-0.665517,60.2796,0.414024,-1,Normal
4,1.80608,14.8134,0.62825,1,Normal
0,0.564589,15.3854,0.292103,1,Normal
13,0.19747,44.3847,0.471155,1,Normal
20,0.751627,34.7797,0.425629,1,Normal
3,-2.83994,62.1077,1,-1,Warning
10,2.74265,25.6131,1,1,Warning
0,-0.754535,47.6678,0.362053,-1,Normal
10,2.01685,61.0192,1,1,Warning
10,1.64548,0,0.846035,1,Normal
22,-0.954246,0.345568,0,-1,Normal
3,-0.0819967,41.6727,0.262501,-1,Normal
10,1.54775,33.6567,0.454659,1,Normal
15,-0.149518,25.0177,0.0883873,-1,Normal
6,-2.66443,99.1505,0.737137,-1,Warning
0,2.14019,17.7226,0.608406,1,Normal
8,0.359067,89.8973,0.224937,1,Normal
8,-2.24149,30.7229,0.399447,-1,Normal
7,-0.912634,1.93579,0.188562,-1,Warning
18,0.122583,29.2699,0.158946,1,Normal
4,-0.37927,47.5682,0,-1,Normal
9,0.768301,24.8273,0.389923,1,Normal
15,0.0849376,60.815,0.21628,1,Normal
14,-0.101403,59.7359,0.159468,-1,Normal
3,0.749439,27.8844,0.00833582,1,Normal
6,1.98245,55.1439,0.796229,1,Normal
14,1.33505,1.89949,0.820309,1,Normal
15,1.53273,0,0.578556,1,Normal
15,2.08869,8.89676,0.299453,1,Normal
1,-0.679456,11.9805,0.454956,-1,Normal
21,3.16373,73.3783,1,1,Warning
14,0.139111,26.215,0.644903,1,Normal
15,-0.213015,52.8508,0.264593,-1,Normal
16,3.41354,28.0493,0.798511,1,Normal
5,-0.158523,0,0.466523,-1,Normal
10,-1.27399,14.0573,0.407758,-1,Normal
5,-0.340348,17.247,0.394793,-1,Normal
15,-3.13489,23.7493,0.437595,-1,Normal
0,1.0825,32.77,0.120651,1,Normal
10,1.09756,28.6396,1,1,Normal
12,2.19738,4.4516,0.819839,1,Normal
5,0.351998,0,0.184663,1,Normal
4,0.724375,44.8845,0.425577,1,Normal
18,0.776547,34.5065,0.548238,1,Normal
0,-2.59481,37.6904,0.735709,-1,Warning
21,-0.886016,44.8265,0.229548,-1,Normal
2,1.88728,73.981,0.775737,1,Normal
9,1.92841,23.2267,1,1,Normal
5,1.70801,50.3615,0.90975,1,Warning
8,-0.212431,37.3121,0.354306,-1,Warning
1,0.625982,41.552,0.186558,1,Normal
17,3.49292,20.6402,0.987676,1,Warning
22,-0.235306,47.5602,0,-1,Normal
10,2.37264,7.03408,0.307488,1,Normal
1,3,33.7671,0.616532,1,Normal
21,-0.222891,24.9531,0,-1,Normal
12,-0.986459,13.835,0.237782,-1,Normal
9,1.63391,46.4564,0.703426,1,Normal
17,0.269819,46.8676,0.433536,1,Normal
10,-0.735564,35.5748,0.409256,-1,Normal
8,-0.961329,30.1291,0.368408,-1,Normal
19,0.738963,40.7904,0.279926,1,Normal
9,-2.74973,23.3027,0.926539,-1,Warning
4,0.0300082,37.0968,0.446502,1,Normal
22,1.06945,35.2245,0.641303,1,Normal
1,2.60994,28.5931,0.766299,1,Normal
6,-2.53585,30.1921,0.903629,-1,Warning
10,0.143991,55.3414,0,1,Normal
4,-3.38755,50.3153,0.468052,-1,Normal
5,2.09106,22.6709,0.745965,1,Normal
23,-1.36694,44.3643,1,-1,Warning
7,-0.66945,18.7582,0.543859,-1,Normal
15,-0.575164,60.0714,0.261779,-1,Normal
14,2.15537,52.073,0.680862,1,Normal
16,2.50917,12.7783,0.678916,1,Normal
22,0.818796,15.2815,0.67946,1,Normal
15,1.38026,42.7964,0.536173,1,Normal
11,0.94082,37.6148,0.320234,1,Normal
11,0.655174,44.987,0.154791,1,Normal
23,3.07299,48.645,1,1,Warning
9,0.388843,32.656,0.608526,1,Normal
1,-0.779329,21.5329,0,-1,Normal
20,0.517115,45.817,0.128424,1,Normal
23,0.408146,44.371,0.800001,1,Normal
17,-3.56969,26.5808,0.45766,-1,Normal
20,2.35711,35.4356,0.0676156,1,Normal
19,3.39131,35.543,1,1,Normal
12,0.620008,32.6582,0.635664,1,Normal
11,0.0319174,47.0377,0,1,Normal
4,2.88523,2.83226,0.725237,1,Normal
22,0.155257,53.7075,0.0865004,1,Warning
0,1.20514,57.6633,0.965377,1,Normal
18,1.38951,60.6295,0.788143,1,Normal
14,-3.52129,26.6109,0.707502,-1,Warning
11,0.422892,44.7273,0.360265,1,Normal
4,-1.64062,52.5594,0.693181,-1,Warning
13,-0.17493,40.9138,0.0423758,-1,Normal
15,-0.612179,39.0216,0.140728,-1,Normal
20,3.4033,15.8088,0.696033,1,Normal
9,0.970314,20.8665,0.551864,1,Normal
12,-0.870597,41.6733,0.117786,-1,Normal
8,-0.419661,55.6141,0.136131,-1,Normal
16,2.17456,56.9937,0.972523,1,Warning
20,-0.754843,24.753,0.34232,-1,Normal
9,0.627901,30.0205,0.23196,1,Normal
15,-0.0745129,61.2296,0,-1,Normal
1,2.81749,64.5564,0.623849,1,Normal
4,-1.57815,19.3822,0.482192,-1,Normal
10,-0.50114,26.3853,0.00580063,-1,Normal
16,2.04829,56.8697,0.645181,1,Normal
11,0.435099,38.1048,0.175561,1,Normal
7,-0.599776,59.1104,0.32133,-1,Normal
21,0.134097,51.1057,0.37501,1,Normal
16,0.421702,73.2764,0.296385,1,Normal
17,-1.27667,48.6458,0.97773,-1,Warning
17,0.149208,15.2113,0.673377,1,Normal
8,2.50826,42.9254,1,1,Warning
16,0.691406,42.6443,0.524248,1,Normal
16,0.108281,40.2792,0,1,Normal
14,0.307406,28.7749,0.364058,1,Normal
14,0.191542,24.9438,0.570433,1,Normal
19,-2.31393,38.867,0.604867,-1,Warning
6,0.871837,59.9013,0.455648,1,Normal
5,0.701305,30.1225,0,1,Normal
22,-0.755102,55.2242,0.394208,-1,Normal
7,1.79391,33.2055,1,1,Warning
11,-0.242672,27.4585,0.0935032,-1,Normal
17,-2.71361,44.8068,0.486435,-1,Normal
18,1.14493,66.2608,1,1,Normal
0,-2.28599,46.2075,0.470034,-1,Warning
18,-1.17618,12.4746,0.723844,-1,Warning
16,0.433226,59.5834,0.301151,1,Normal
13,0.174488,71.9463,0.437372,1,Normal
6,-0.12886,53.2914,0.601728,-1,Normal
12,2.58161,35.3174,0.583478,1,Normal
22,-0.167863,58.1425,0.233431,-1,Normal
18,-1.65648,15.9655,0.960674,-1,Warning
3,-1.45892,39.4416,0.656892,-1,Warning
6,-0.261684,70.0786,0.333856,-1,Normal
14,2.94912,48.209,0.813348,1,Normal
18,-0.266048,47.5605,0,-1,Normal
23,-0.0948467,37.9919,0,-1,Normal
14,2.39287,46.4062,0.632639,1,Normal
3,-0.390911,35.1996,0.157781,-1,Normal
2,1.24749,49.5303,0.309231,1,Normal
6,0.675429,20.1529,0.262473,1,Normal
10,0.890193,60.9707,0.293992,1,Warning
5,-1.28129,60.846,0.263958,-1,Normal
12,-0.432657,23.002,0.259842,-1,Normal
13,0.61351,83.5087,0.0258237,1,Normal
12,0.352498,65.8031,0.29393,1,Normal
4,-0.182706,44.7645,0.306163,-1,Normal
3,-0.506285,53.9814,0,-1,Normal
22,0.676635,0,0,1,Normal
17,-0.234674,29.1272,0.462916,-1,Normal
1,0.229465,62.2846,0.374172,1,Normal
22,-0.702192,70.5399,0.124838,-1,Normal
6,2.78534,43.2068,0.879336,1,Normal
7,-1.051,47.4624,0.517604,-1,Normal
2,-0.419598,52.3459,0,-1,Normal
10,-0.370601,34.4703,0.442899,-1,Normal
7,-2.82063,51.8854,0.294181,-1,Normal
5,-0.873975,49.0741,0.19629,-1,Normal
0,3,63.4404,0.963726,1,Warning
6,0.300449,39.0691,0.0139316,1,Normal
16,-2.56073,14.8953,0.710832,-1,Warning
6,-1.26806,47.6418,1,-1,Warning
16,0.827077,0,0.305152,1,Normal
17,-0.198507,40.7093,0.346907,-1,Normal
12,-0.0465006,16.5327,0.239192,-1,Normal
12,-0.610391,51.9993,0.414167,-1,Normal
6,-3.10301,37.1855,0.781254,-1,Warning
18,0.234438,28.3132,0.351842,1,Normal
18,-0.800739,23.0654,0.671723,-1,Warning
12,-0.745486,45.3876,0.390019,-1,Normal
3,-2.25799,0,1,-1,Warning
6,-0.0990268,44.9136,0.62917,-1,Normal
21,-1.88127,11.8029,0.399271,-1,Normal
10,-3.67371,69.9413,0.651765,-1,Warning
1,1.30462,0,0.491145,1,Warning
18,-0.00661033,22.9545,0.811952,-1,Normal
20,0.0356447,14.6583,0,1,Normal
11,-2.53896,54.5324,1,-1,Warning
8,2.07468,27.3346,0.789111,1,Normal
11,-2.44126,54.0483,0.533575,-1,Normal
18,0.487289,42.1066,0.273762,1,Normal
15,-0.557439,41.4942,0.253764,-1,Normal
0,2.97234,9.47864,1,1,Warning
11,0.847845,43.2468,0.385737,1,Normal
10,0.755429,67.7225,0.196779,1,Normal
5,-2.18282,37.8852,0.766107,-1,Warning
16,-1.52825,19.922,0.995372,-1,Warning
14,2.6187,6.74771,0.576666,1,Normal
1,0.524397,38.0146,0.0114959,1,Normal
16,-0.375773,54.5212,0,-1,Normal
12,0.886099,32.0126,0.0820488,1,Normal
14,1.75003,39.2844,0.80648,1,Normal
16,-2.35481,29.7197,0.856557,-1,Warning
20,-2.54217,43.3438,0.913396,-1,Warning
13,-0.657095,32.1413,0.28521,-1,Normal
16,3.62486,16.1862,0.707824,1,Normal
8,1.25824,43.9457,0.51852,1,Normal
10,-0.00861633,36.1495,0.363286,-1,Normal
6,0.59831,0,0.736788,1,Normal
17,-0.456214,35.255,0.0108757,-1,Normal
11,0.240108,37.3189,0.347934,1,Normal
4,-1.83483,30.3551,0.336609,-1,Normal
16,-0.883634,71.2347,0.127272,-1,Normal
2,-0.300075,59.9561,0.128637,-1,Normal
10,1.10849,0,0.650131,1,Normal
5,-2.32738,45.92,0.799732,-1,Warning
8,-0.590359,42.9969,0.116994,-1,Normal
12,2.22843,5.37971,1,1,Warning
16,0.240114,50.2747,0,1,Normal
17,-0.554971,31.2295,0.391103,-1,Normal
7,-0.186201,22.4911,0.0057127,-1,Normal
16,-2.65549,31.4903,0.765916,-1,Warning
7,3,64.7171,0.917555,1,Warning
9,0.131743,33.8595,0.455326,1,Normal
5,0.59699,13.0706,0,1,Normal
16,-1.42213,52.1067,1,-1,Warning
16,1.67864,42.0822,0.763811,1,Normal
0,2.46895,35.6191,0.90172,1,Normal
12,-3.50158,29.4852,0.781808,-1,Warning
11,0.356495,54.739,0.390211,1,Normal
3,-0.469554,0,0,-1,Normal
20,-0.642969,69.9411,0.198104,-1,Normal
6,-3.21898,0,0.770216,-1,Warning
2,0.280409,43.8058,0.0508349,1,Normal
7,1.02965,18.1952,0.318638,1,Normal
15,-0.280524,24.1051,0.268725,-1,Normal
14,-3.028,0.695985,0.764212,-1,Warning
22,3.42422,45.5501,0.475893,1,Normal
17,0.01659,28.5135,0.41897,1,Normal
18,2.1707,24.2971,0.559483,1,Normal
13,-0.610458,63.5315,0.304227,-1,Normal
15,3.60098,40.6816,0.989586,1,Warning
18,-0.584287,24.3297,0.558674,-1,Normal
14,0.373318,56.1706,0.621258,1,Normal
18,2.32831,37.6835,0.804723,1,Normal
10,-0.80931,56.2467,0.0393207,-1,Normal
10,-0.107516,52.5315,0.36964,-1,Normal
13,0.040806,0,0.21412,1,Normal
3,-3.11574,43.485,0.436291,-1,Normal
20,-0.631452,7.89416,0.0542986,-1,Normal
4,-0.83292,37.6154,0.144403,-1,Normal
3,-2.93273,35.5679,1,-1,Warning
16,-3.29096,35.1882,0.578586,-1,Normal
19,-0.796103,13.9524,0.0403528,-1,Normal
14,-1.13839,38.5788,1,-1,Warning
16,0.255116,22.1901,0.529104,1,Normal
18,-0.25187,35.9651,0.536216,-1,Normal
10,-0.443434,67.6308,0.400696,-1,Normal
12,0.83407,20.4553,0.571383,1,Normal
11,0.767661,16.0359,0.280331,1,Normal
1,-0.626802,44.2586,0.356669,-1,Normal
14,1.86345,40.5281,0.644272,1,Normal
16,1.57897,77.5308,0.747931,1,Normal
14,0.927181,39.974,0.169348,1,Normal
15,1.50388,59.0703,0.737481,1,Normal
18,0.148534,62.7725,0.433162,1,Normal
8,-2.29141,42.2906,1,-1,Warning
12,-1.87066,69.0704,0.769804,-1,Warning
0,-1.46411,49.7077,0.570738,-1,Normal
9,-0.994434,62.0296,0,-1,Normal
20,-1.90544,34.0253,0.394501,-1,Normal
21,-0.308492,64.3746,0.341083,-1,Normal
7,0.739479,23.6793,0.403945,1,Normal
21,-0.637642,31.6067,0.449968,-1,Normal
18,-0.773058,66.4191,0,-1,Normal
4,2.476,26.3854,1,1,Warning
0,1.69711,46.4941,0.86975,1,Normal
5,-1.0599,47.3923,0.540695,-1,Normal
10,-0.612729,29.2122,0.52401,-1,Normal
1,3,20.7476,1,1,Warning
18,-1.55613,43.0791,1,-1,Warning
14,-2.23895,17.9312,1,-1,Warning
7,-1.3816,49.9498,0.637516,-1,Warning
3,-0.878537,77.327,0.176706,-1,Normal
13,-0.215647,46.7991,0,-1,Normal
3,-1.51992,34.3317,0.807783,-1,Warning
23,-0.232613,40.8801,0,-1,Normal
14,-0.801692,1.20985,0.339442,-1,Normal
18,1.01251,32.4861,0.486338,1,Normal
21,-0.470735,54.3667,0.326522,-1,Normal
7,0.923182,61.5547,0.613709,1,Normal
5,-0.538228,0,0.311426,-1,Normal
10,0.793238,74.5179,0.141823,1,Normal
23,0.458865,29.3835,0.374424,1,Normal
18,-3.09249,23.6701,0.222847,-1,Normal
4,1.01912,39.3497,0.657455,1,Normal
6,0.39024,40.3093,0.297095,1,Normal
11,-0.0885165,59.7681,0.423493,-1,Normal
20,-2.78326,52.9439,0.639574,-1,Warning
17,0.59396,29.4673,0.0710916,1,Normal
19,2.69791,28.1921,0.934429,1,Warning
9,-1.72313,32.8849,0.0480847,-1,Normal
12,0.937841,30.1576,0.254739,1,Normal
15,-0.110915,42.6809,0.481501,-1,Normal
5,0.0131569,32.6528,0.368931,1,Warning
15,0.299112,54.1907,0.107634,1,Normal
0,0.311433,67.3251,0,1,Warning
19,0.52971,38.8691,0.440298,1,Normal
3,-1.72237,23.8405,0.67458,-1,Normal
5,-0.273731,71.7894,0.57843,-1,Normal
3,-0.987956,52.6272,0.0294469,-1,Normal
12,0.65872,23.9426,0.356924,1,Warning
11,0.666752,50.1407,0.0620926,1,Normal
9,0.226785,32.7467,0,1,Normal
15,0.0266143,36.6915,0,1,Normal
13,0.935369,46.7513,0.54119,1,Normal
15,-0.143774,29.9327,0.412473,-1,Normal
2,1.45109,53.9766,1,1,Normal
22,0.157936,0,0.460254,1,Normal
13,-0.383712,33.0544,0.0698513,-1,Normal
2,-1.38192,35.1669,0.620853,-1,Warning
4,0.466615,60.1827,0.343483,1,Normal
0,0.0598962,27.3006,0.44504,1,Normal
7,0.354353,16.8414,0.386582,1,Normal
10,-0.686682,75.7015,0.506975,-1,Normal
8,2.42174,51.8576,1,1,Warning
18,0.0160749,33.6792,0.339342,1,Normal
12,-1.06107,74.0484,1,-1,Warning
19,0.12771,47.1901,0.233379,1,Normal
2,0.147284,50.9012,0.280529,1,Normal
21,0.457045,50.9901,0.423152,1,Normal
18,1.13621,49.1572,0.621115,1,Normal
19,0.711919,26.9124,0.213694,1,Normal
4,-0.584366,37.91,0.0831304,-1,Normal
18,-0.194806,53.4806,0,-1,Normal
14,-3.27909,75.0088,0.695399,-1,Warning
14,-0.524957,23.7436,0.187334,-1,Normal
17,1.2177,47.8613,0.590646,1,Normal
10,-0.764497,47.3687,0.0758457,-1,Normal
10,0.493936,49.2578,0.238632,1,Normal
3,0.683368,10.5825,0.178108,1,Normal
7,-0.377523,28.0844,0.301566,-1,Normal
13,-2.08038,29.6475,0.0910587,-1,Normal
23,2.17526,21.9244,0.716584,1,Normal
2,-0.157109,45.2066,0,-1,Normal
6,0.656445,32.7422,0.243899,1,Normal
1,-1.27784,15.5337,0.481306,-1,Normal
17,2.71901,33.9132,0.487975,1,Normal
3,-0.827605,62.0963,0.0397842,-1,Normal
6,0.386437,54.245,0.514143,1,Normal
3,3,45.1339,0.937042,1,Warning
19,-0.384398,27.265,0.334723,-1,Normal
13,-2.55466,34.1124,0.469219,-1,Normal
11,-2.56412,41.8721,0.964347,-1,Warning
1,-0.742695,20.7011,0.112008,-1,Warning
8,-0.347063,34.3859,0.228421,-1,Normal
8,-1.36186,68.0493,0.471098,-1,Normal
15,0.890203,30.7772,0,1,Normal
4,-2.17061,38.7524,0.225737,-1,Normal
16,1.80857,57.1989,0.639959,1,Normal
7,-0.530026,0,0.354509,-1,Normal
4,-0.651207,51.1175,0.357936,-1,Normal
3,-1.59792,68.0654,0.804232,-1,Warning
10,-0.304771,55.4215,0.632493,-1,Warning
17,-0.219329,44.1211,0.0302396,-1,Normal
1,-2.34494,18.0983,0.643494,-1,Warning
4,1.62041,15.2685,0.856447,1,Normal
15,-1.42,57.5729,0.892647,-1,Warning
4,0.715338,13.1376,0.166391,1,Normal
9,2.08067,32.0326,0.843034,1,Normal
23,2.24852,35.8204,0.723971,1,Normal
13,-0.30495,31.4774,0,-1,Warning
8,-1.67193,0,0.716746,-1,Warning
9,-0.553803,28.495,0.165209,-1,Normal
15,0.00113823,30.5679,0,1,Normal
14,-0.167131,0,0.470999,-1,Normal
16,-0.883958,32.0178,0.364319,-1,Warning
17,-0.968801,39.0951,0.210385,-1,Normal
10,-2.63162,45.4368,0.718121,-1,Warning
22,2.49131,29.4776,0.755338,1,Normal
22,0.114223,56.0336,0.169295,1,Normal
0,0.76874,33.9264,0.247498,1,Normal
10,-0.931784,31.3441,0.321755,-1,Normal
19,0.933142,25.0665,0.336804,1,Normal
14,-0.751693,20.3762,0.142442,-1,Normal
19,-2.25248,10.8582,0.576477,-1,Normal
9,0.105178,55.3859,0.45434,1,Normal
22,-1.56754,41.8616,1,-1,Warning
14,-0.00274862,0,0.409859,-1,Normal
14,0.456596,29.4219,0.729707,1,Normal
22,0.229124,36.3922,0.0215337,1,Normal
0,0.559555,23.2788,0.217197,1,Warning
3,-2.32292,3.20878,0.498224,-1,Normal
10,0.000577328,57.0341,0.189226,1,Normal
23,1.65713,29.3591,0.497245,1,Normal
4,0.24323,45.1494,0.562644,1,Normal
8,0.788775,12.845,0.164205,1,Normal
11,-0.281003,14.6697,0.140085,-1,Normal
16,-3.03478,52.1267,0.680833,-1,Warning
19,-3.34478,13.9863,0.661701,-1,Warning
22,-3.53835,40.5755,0.788723,-1,Warning
20,-0.0845612,60.1048,0.580819,-1,Normal
12,0.59338,55.4913,0.476808,1,Normal
0,-0.27454,36.7414,0.585395,-1,Normal
9,-2.28448,6.32654,0.793819,-1,Warning
21,-0.402379,19.2446,0,-1,Normal
10,-2.09283,65.3829,0.976087,-1,Warning
1,-0.150805,57.3252,0.0262435,-1,Normal
7,-0.572939,47.9256,0.338758,-1,Normal
10,-2.89884,53.7498,0.281977,-1,Normal
0,0.81078,59.7999,0.108747,1,Normal
15,-2.81567,47.3529,0.947195,-1,Warning
3,-1.32294,44.2686,1,-1,Warning
1,-2.71972,2.07119,0.68472,-1,Warning
17,-0.306485,55.2021,0,-1,Normal
1,0.476911,49.2846,0.263265,1,Normal
23,2.76339,66.5057,0.750767,1,Normal
15,-0.0258944,84.4203,0,-1,Normal
10,2.80066,64.9276,0.89827,1,Normal
3,2.66867,37.5214,0.415516,1,Normal
15,-2.86958,0,0.729816,-1,Warning
18,-0.98576,26.4986,0.348781,-1,Warning
3,-0.157159,3.62031,0,-1,Normal
11,-0.893548,10.0947,0.283301,-1,Normal
13,0.713432,52.1895,0.371095,1,Normal
18,0.0489754,30.6142,0.103483,1,Normal
19,-0.440425,34.5739,0.38628,-1,Normal
21,-0.117224,27.0803,0,-1,Normal
4,-2.52915,29.2594,0.548662,-1,Normal
12,2.46771,47.4831,0.28002,1,Normal
10,0.283231,4.74356,0.629775,1,Normal
9,0.845526,28.9482,0.256967,1,Normal
13,-1.60888,32.0828,0.684474,-1,Warning
13,-0.551575,28.812,0.222735,-1,Normal
18,-0.33518,36.4314,0.239115,-1,Warning
9,2.16394,74.2104,1,1,Warning
6,-0.256507,23.4484,0,-1,Normal
13,2.78973,31.8289,0.809742,1,Normal
10,0.223315,12.527,0.325479,1,Normal
6,-0.540521,59.3151,0.537042,-1,Normal
18,1.87535,41.3531,0.940294,1,Warning
19,-0.708194,68.3529,0,-1,Normal
18,-1.27068,42.47,0.888607,-1,Warning
10,0.0355408,59.6058,0.635339,1,Normal
17,-2.95972,0.059385,0.489392,-1,Normal
20,-1.02612,61.7388,0.76972,-1,Warning
15,0.421818,52.8259,0.141002,1,Normal
4,3,51.6161,0.651847,1,Normal
18,0.397171,42.5483,0.258645,1,Normal
21,0.114291,21.8852,0.317907,1,Normal
22,-1.2321,53.3848,0.965768,-1,Warning
15,0.131686,28.8468,0.0479373,1,Normal
14,0.132637,55.2447,0.375602,1,Normal
18,-2.74407,32.0492,0.78257,-1,Normal
14,-1.04022,55.0755,0.829096,-1,Warning
18,3.56901,54.8074,0.557804,1,Normal
0,1.52927,36.4546,0.747873,1,Normal
1,-0.070121,33.8358,0.356362,-1,Normal
20,1.93882,25.4021,0.582328,1,Normal
18,3.29256,50.2693,0.800408,1,Normal
10,0.324018,45.708,0,1,Normal
19,0.0717203,48.8975,0.361518,1,Normal
17,1.97618,39.4241,0.59285,1,Normal
4,-3.88036,20.6177,1,-1,Warning
6,0.891884,21.3359,0.0362658,1,Normal
15,-2.54322,59.8916,0.41061,-1,Normal
19,-0.590283,46.7875,0.329384,-1,Normal
23,-2.359,52.1917,0.799032,-1,Warning
16,-0.0823359,56.4292,0.430612,-1,Warning
9,1.08288,51.6239,0.506673,1,Warning
12,0.775219,0,0.304031,1,Normal
20,1.999,7.39481,0.773252,1,Normal
3,-1.78536,40.0442,0.382218,-1,Normal
10,-0.494424,15.4021,0.533458,-1,Normal
5,-0.70937,56.7587,0.360632,-1,Normal
13,2.68597,51.6683,0.722003,1,Normal
22,0.822551,40.0704,0.797758,1,Normal
9,0.825908,23.0542,0.0227972,1,Normal
21,-0.202805,43.5906,0.12427,-1,Normal
11,-0.739949,57.7908,0.214501,-1,Normal
16,3.10912,32.0432,0.943746,1,Warning
17,2.96824,11.6758,0.997181,1,Warning
21,-0.234326,36.9741,0.185514,-1,Normal
15,-0.363761,31.2424,0.0578907,-1,Normal
0,0.429716,12.3032,0.272798,1,Normal
9,0.261957,42.8386,0,1,Normal
22,1.00145,38.198,0.631754,1,Normal
3,-1.72146,67.3539,0.684129,-1,Warning
3,0.56703,43.1645,0.437375,1,Normal
6,-1.95479,47.0531,0.670168,-1,Warning
23,0.0294857,31.6146,0.355104,1,Normal
10,1.6729,25.2744,0.641643,1,Normal
18,0.218368,55.0561,0.292132,1,Normal
19,0.589492,35.8991,0.142711,1,Normal
8,-0.397598,50.7655,0.531928,-1,Normal
4,1.0764,62.3453,1,1,Normal
16,1.2209,74.6228,0.904751,1,Normal
19,1.08887,33.2847,0.907538,1,Normal
15,0.823208,24.5601,0.360523,1,Normal
4,-2.16554,48.5077,0.691014,-1,Warning
16,-0.456234,41.8636,0.339035,-1,Normal
7,-0.590582,18.9965,0,-1,Normal
11,-0.299139,36.9314,0.372028,-1,Normal
8,-2.73091,35.1147,0.796992,-1,Warning
17,0.211223,45.8643,0.401419,1,Normal
10,-0.703712,34.5174,0.177657,-1,Normal
10,-1.0495,14.4843,0.773989,-1,Warning
19,-0.180428,23.7266,0.55466,-1,Normal
1,0.705904,16.6807,0.0402991,1,Normal
23,-0.679164,54.7789,0.617334,-1,Warning
10,-0.835411,52.0608,0.640717,-1,Warning
17,-0.0446957,86.8503,0.340864,-1,Normal
8,-1.11633,28.1452,1,-1,Warning
10,1.08811,60.5424,0.562081,1,Normal
15,-0.154564,60.1494,0.231795,-1,Normal
17,1.73319,15.8436,0.488468,1,Normal
21,-2.26188,43.0782,0.449806,-1,Normal
4,-0.523954,25.6197,0.76227,-1,Warning
18,0.470749,58.4909,0.631966,1,Normal
8,-2.80182,5.45361,0.974367,-1,Warning
22,0.0830726,49.6362,0.669493,1,Normal
21,0.381766,45.3064,0,1,Normal
12,1.78318,18.3717,0.810269,1,Normal
12,-4.18825,47.4141,0.74518,-1,Warning
23,-2.54307,103.186,1,-1,Warning
5,-0.296491,30.729,0.254385,-1,Normal
0,-0.253262,0,0.190851,-1,Normal
22,0.959312,58.613,0.217316,1,Normal
14,-1.35534,43.8192,0.47572,-1,Normal
17,-2.79613,43.9201,0.67727,-1,Warning
15,0.782804,9.46589,0.213376,1,Normal
11,-0.825653,52.2534,0.230102,-1,Normal
10,-0.723483,34.6788,0.328781,-1,Normal
2,1.78615,34.766,0.812869,1,Normal
11,-1.19923,19.451,0.981714,-1,Warning
12,-1.08197,25.6266,0.521118,-1,Normal
22,0.31624,33.8985,0.276992,1,Normal
15,1.98595,3.21819,0.766761,1,Normal
0,2.4384,39.2275,1,1,Warning
22,-0.474158,56.169,0.186677,-1,Normal
4,-1.6901,42.2578,0.852747,-1,Warning
22,0.746442,26.6483,0.0430438,1,Normal
22,-2.52849,51.2189,0.647987,-1,Warning
23,0.0815934,68.805,0.569181,1,Normal
11,-0.78673,0,0.207874,-1,Warning
0,2.34693,25.4298,0.645888,1,Normal
0,-0.536461,74.2693,0.349929,-1,Normal
11,-2.03179,20.4524,0.916316,-1,Normal
1,0.494612,27.2029,0.338222,1,Normal
17,0.16137,43.8458,0.0829309,1,Normal
1,0.215325,45.5257,0.160776,1,Normal
3,0.0397737,0,0.430515,1,Normal
12,-0.914398,24.4559,0.169715,-1,Normal
9,0.333456,0,0.392605,1,Normal
12,-0.537268,39.0806,0.510247,-1,Normal
1,1.13707,52.0223,0.649583,1,Normal
3,3,53.4159,0.667269,1,Warning
15,-3.79451,54.6748,0.664936,-1,Warning
17,0.796292,59.1819,0.523478,1,Normal
9,-0.930173,13.1133,0.242329,-1,Normal
11,-0.748188,28.3941,0,-1,Normal
4,0.172821,38.5578,0.306918,1,Normal
13,0.221265,18.7458,0,1,Normal
1,-0.711077,31.1505,0.205656,-1,Normal
15,0.44708,27.3304,0.123203,1,Normal
13,2.75299,49.4593,0.680152,1,Normal
23,-0.199206,35.8196,0.152703,-1,Normal
14,-0.364256,45.5812,0.0344068,-1,Normal
11,2.65586,35.0956,0.826747,1,Normal
12,0.551608,26.6164,0.499846,1,Normal
12,0.924225,67.3131,0.193943,1,Normal
15,-1.00673,44.8547,0.727285,-1,Warning
12,0.215353,0,0.311962,1,Normal
1,0.166249,40.7724,0.700104,1,Normal
12,-0.322969,38.8055,0.0562695,-1,Normal
15,-0.916507,32.315,0.102513,-1,Normal
15,0.759202,49.0522,0.39673,1,Normal
16,3.26881,29.1733,0.758819,1,Normal
7,-0.124686,14.9199,0.135242,-1,Normal
23,-0.128298,37.4905,0.418712,-1,Normal
4,0.689998,39.6532,0.337451,1,Normal
4,0.90226,40.3365,0.157631,1,Normal
23,-3.23998,17.9936,0.870387,-1,Warning
19,-2.11585,25.4191,0.816746,-1,Warning
2,0.303904,57.1118,0,1,Normal
7,-0.49093,52.9622,0.317345,-1,Normal
13,-1.23275,22.0024,0.671997,-1,Warning
16,2.32417,19.0176,0.00632278,1,Normal
11,0.429343,63.5974,0.214639,1,Warning
9,-0.0977359,17.2835,0.0192049,-1,Normal
10,1.52761,17.3748,0.662212,1,Normal
0,-2.46549,23.8688,0.579171,-1,Normal
15,-0.0996084,55.1217,0.665291,-1,Normal
13,3.59848,58.0567,0.915182,1,Warning
11,2.02277,42.3899,0.364184,1,Normal
9,-2.22832,24.5374,1,-1,Warning
10,0.893094,34.465,0.234093,1,Normal
14,0.155394,0,0,1,Normal
16,-0.49171,61.5714,0.331428,-1,Normal
15,0.195169,17.5099,0.213113,1,Normal
12,-1.96972,29.1251,1,-1,Warning
2,0.272785,46.243,0.469223,1,Normal
4,-3.38178,16.6142,0.476656,-1,Normal
10,0.106847,64.7752,0.602812,1,Normal
18,-3.13439,41.0512,0.547098,-1,Normal
1,2.11111,60.5448,0.606534,1,Normal
23,-1.27814,110.412,0.514881,-1,Normal
13,-0.167173,47.6232,0.429255,-1,Normal
23,3.11331,52.7236,0.373353,1,Normal
23,0.252299,19.5984,0.413557,1,Normal
14,1.39398,35.513,0.975345,1,Normal
22,0.233753,43.2134,0.344546,1,Normal
6,-2.14736,35.2068,0.466222,-1,Normal
21,0.744007,57.5952,0.0512549,1,Normal
19,-0.577263,40.1899,0.117736,-1,Normal
13,-2.224,17.61,0.996586,-1,Warning
19,-4.31024,18.4034,0.595691,-1,Normal
11,0.0102736,42.1734,0.154111,1,Normal
1,-1.63424,46.1344,0.549971,-1,Normal
16,-0.633019,0,0.254828,-1,Normal
11,1.96421,16.4986,0.611113,1,Normal
15,2.45082,41.5213,0.669045,1,Normal
22,1.97252,18.2448,0.906583,1,Warning
14,-1.5524,47.0965,1,-1,Warning
22,-0.0639613,0,0.277961,-1,Normal
2,3,59.8941,0.367042,1,Normal
2,3,0,0.906154,1,Warning
4,0.636322,51.693,0.679735,1,Normal
1,0.0144241,39.261,0.440733,1,Normal
11,1.05695,0,0.867723,1,Normal
15,-3.28665,27.0757,0.954899,-1,Warning
2,0.148085,3.95142,0.333482,1,Normal
21,0.0371795,68.6473,0.509138,1,Normal
13,0.296454,26.5517,0.134644,1,Normal
7,-0.681863,15.1526,0.0985641,-1,Normal
18,-2.9975,47.3181,0.601764,-1,Normal
11,-0.178078,57.6982,0,-1,Normal
9,0.119619,19.8462,0.414211,1,Normal
18,0.641194,37.1836,0.158805,1,Normal
11,-0.421551,54.8011,0.362405,-1,Normal
12,0.917133,50.9071,0.139902,1,Normal
0,-0.899433,50.3026,0.0513387,-1,Normal
18,-0.130205,60.2192,0.474268,-1,Normal
7,-0.240876,22.7478,0.44584,-1,Normal
1,-2.23806,46.2498,0.607026,-1,Warning
5,1.07041,34.4238,0.703673,1,Normal
9,-0.502599,33.2243,0.0341588,-1,Normal
5,0.797739,35.5147,0.441409,1,Warning
0,-2.09986,47.0449,0.195887,-1,Normal
9,-1.21212,23.4033,0.763813,-1,Warning
15,0.673294,24.7381,0,1,Normal
3,0.162732,65.4321,0.28856,1,Normal
4,-0.194654,27.9421,0.266037,-1,Normal
0,-3.17565,50.5079,0.808368,-1,Warning
15,0.872329,66.7097,0.60639,1,Normal
2,-2.98991,44.2575,0.888998,-1,Warning
11,0.974647,24.542,0.285443,1,Normal
18,-2.79,56.7998,1,-1,Warning
10,-2.33784,38.9747,1,-1,Warning
1,-0.148915,22.6803,0.394524,-1,Normal
13,1.20138,40.7492,1,1,Normal
6,2.95141,20.8606,0.895966,1,Normal
5,-0.136913,42.1366,0.0425215,-1,Normal
12,-1.15909,30.4954,0.488456,-1,Normal
13,0.221867,38.6832,0.771418,1,Normal
9,-0.0899039,48.1415,0.730731,-1,Normal
17,-0.859941,48.889,0.27748,-1,Normal
15,-0.82893,36.8669,0.847607,-1,Warning
5,1.39032,23.85,0.754832,1,Normal
10,0.0841236,46.9527,0.265611,1,Normal
4,1.27333,15.0253,0.885481,1,Normal
8,-0.839454,44.3907,0.387095,-1,Normal
2,-2.54916,49.8789,0.501367,-1,Normal
2,0.740183,38.0977,0,1,Normal
12,-2.31011,32.8967,0.681164,-1,Warning
13,-0.386399,36.7644,0.098581,-1,Normal
21,-2.14344,25.267,0.856056,-1,Warning
10,0.693966,48.6584,0.365344,1,Normal
10,-1.48373,28.4054,0.706618,-1,Warning
0,1.00913,23.0269,1,1,Normal
12,0.477223,11.6224,0,1,Normal
11,-2.5585,37.266,1,-1,Warning
1,2.70593,14.0286,0.562405,1,Normal
18,2.08931,50.2142,0.982977,1,Warning
9,0.154498,44.1126,0,1,Normal
2,-1.39028,23.4829,0.894658,-1,Warning
3,-3.08224,5.74521,1,-1,Warning
6,-0.270642,53.9685,0.246932,-1,Normal
0,-2.21474,41.883,0.962872,-1,Warning
19,0.67582,51.0404,0.749757,1,Normal
23,0.357417,72.2606,0.255764,1,Normal
16,-0.852139,44.009,0.320735,-1,Normal
22,1.70569,31.0574,0.667568,1,Normal
21,-3.04039,32.6892,0.609506,-1,Warning
5,-1.92977,27.1487,0.565049,-1,Normal
11,-0.480564,40.8635,0.539514,-1,Normal
10,0.968961,14.9855,0,1,Normal
6,0.0063584,29.8768,0.669268,1,Normal
23,-0.12855,45.1499,0.695502,-1,Normal
20,0.542447,2.11666,0.493912,1,Normal
20,-0.168173,32.5025,0.123973,-1,Normal
22,-2.65519,28.4961,0.558934,-1,Normal
19,-0.374647,41.39,0.305917,-1,Normal
1,-2.63935,11.3378,0.713731,-1,Warning
9,1.04427,36.2343,0.641753,1,Normal
19,0.545473,33.2537,0.0206342,1,Normal
3,-3.01863,42.2332,1,-1,Warning
6,1.13945,23.4846,1,1,Normal
4,1.71609,25.2836,1,1,Warning
19,1.97193,12.8892,0.749052,1,Normal
9,-0.557433,2.35124,0.466649,-1,Normal
1,0.479,21.9081,0.246518,1,Normal
15,-2.69469,15.1814,0.694293,-1,Warning
21,0.252027,33.8437,0,1,Normal
1,-0.558927,18.9621,0.293312,-1,Normal
8,-0.390914,30.1514,0.232702,-1,Normal
16,0.126266,0.811544,0.385188,1,Normal
20,0.880835,80.8182,0.0448321,1,Normal
8,-0.146393,42.647,0.173804,-1,Normal
0,1.17851,8.90004,1,1,Normal
22,-1.80414,53.3862,0.543235,-1,Normal
13,-0.299967,35.5897,0,-1,Normal
1,0.543272,28.5792,0.72239,1,Normal
14,-3.29858,21.8979,0.544162,-1,Normal
13,1.80972,69.2755,0.552167,1,Normal
9,-1.18079,3.81386,0.371076,-1,Normal
16,-0.0879246,19.0648,0.190775,-1,Normal
18,-2.12022,41.1091,0.999387,-1,Warning
14,-0.256759,0,0.162553,-1,Normal
7,-2.72974,41.8558,0.796446,-1,Normal
17,0.932006,6.83454,0,1,Normal
19,2.79497,40.2053,0.923345,1,Warning
8,-1.02898,31.3692,0.394495,-1,Normal
3,-0.749908,28.6203,0,-1,Normal
18,-1.01604,52.397,0.759152,-1,Warning
21,2.38895,38.0453,0.465521,1,Normal
9,-0.0840213,24.8135,0.141341,-1,Normal
20,-2.59334,29.7263,0.709088,-1,Normal
4,-0.683866,19.8213,0,-1,Normal
3,-1.91537,27.9044,0.248381,-1,Normal
7,0.762093,33.759,0,1,Normal
13,0.497291,23.3053,0,1,Normal
11,0.267346,27.1381,0.871177,1,Normal
18,1.4108,40.6186,0.451911,1,Warning
19,0.0195794,43.2936,0.415024,1,Normal
22,-0.423422,41.0151,0.247223,-1,Normal
16,-0.72314,37.823,0.303673,-1,Normal
15,-0.21335,38.8861,0.665892,-1,Normal
10,0.30693,51.7296,0.387916,1,Normal
22,-0.894801,33.1658,0,-1,Normal
12,0.310653,43.5972,0.617431,1,Normal
11,1.7708,13.9036,0.509901,1,Normal
7,-1.64613,13.0071,1,-1,Warning
13,1.91232,33.2415,0.648121,1,Normal
9,-0.58458,41.1488,0.13041,-1,Normal
22,-0.612234,46.4633,0.316303,-1,Normal
2,3,7.4806,0.585195,1,Normal
1,-2.15624,47.5216,0.885409,-1,Warning
20,-2.98154,18.6122,0.596235,-1,Normal
1,1.55832,17.1675,0.779666,1,Normal
21,0.607652,43.2502,0.213124,1,Normal
15,-0.853183,34.0718,0,-1,Normal
6,-0.419322,43.609,0.220571,-1,Normal
2,-0.58217,19.6365,0.0627449,-1,Normal
15,-3.11362,47.2712,1,-1,Warning
21,-1.19592,3.82677,0.690436,-1,Warning
4,0.18625,0,0,1,Normal
0,0.0766834,47.0857,0.604072,1,Normal
8,-0.419829,27.2729,0.0364189,-1,Normal
3,0.712059,40.6236,0.344996,1,Normal
23,0.302172,61.4143,0.0825601,1,Normal
23,-0.513875,41.975,0.274966,-1,Normal
23,-2.35285,12.7532,0.486228,-1,Normal
17,-2.76123,29.3651,0.996535,-1,Warning
2,-2.0129,25.4768,1,-1,Warning
4,-0.122826,46.4817,0.283587,-1,Normal
12,1.42369,47.4858,1,1,Normal
10,0.8765,21.8456,0.455845,1,Normal
14,-0.498814,37.6903,0.423923,-1,Normal
3,0.6597,44.6425,0.345677,1,Normal
18,1.00032,6.71462,0.99757,1,Normal
1,-0.72435,39.8936,0.530411,-1,Warning
17,0.241692,49.6498,0.393271,1,Normal
7,-1.08399,12.8733,0.832593,-1,Warning
22,-1.94432,57.8833,0.613078,-1,Warning
17,-1.54532,20.3518,1,-1,Warning
22,0.0475551,10.546,0.0162995,1,Normal
21,-2.15792,67.3832,1,-1,Warning
10,1.42835,35.523,0.541131,1,Normal
8,0.147079,50.0354,0.290314,1,Normal
7,0.669655,0,0.703018,1,Normal
14,-0.12728,35.0913,0.443888,-1,Normal
0,-2.38061,54.6023,1,-1,Warning
5,2.23802,40.0167,0.926179,1,Warning
18,-1.70068,34.6567,0.626756,-1,Warning
18,0.845562,54.8985,0.250036,1,Normal
23,-0.227407,71.0012,0.0155802,-1,Normal
17,-1.46547,14.704,0.697681,-1,Warning
15,-0.0680275,17.6133,0.254073,-1,Normal
10,2.59932,10.3185,1,1,Warning
22,-0.60622,58.1786,0,-1,Normal
4,0.317844,1.1275,0.178459,1,Normal
8,-1.26225,0,1,-1,Warning
3,2.77327,40.1898,0.701532,1,Normal
23,1.82597,39.9337,0.650912,1,Normal
5,-0.217914,13.6847,0.292749,-1,Normal
15,-1.18631,49.9782,0.498081,-1,Normal
23,-1.04469,42.6001,0.468159,-1,Normal
23,1.99786,9.89811,0.842327,1,Normal
20,-0.160291,33.391,0.0693592,-1,Normal
10,-0.798019,19.6871,0.449457,-1,Normal
22,-0.912895,24.6602,0.12241,-1,Normal
3,1.69439,40.6861,0.74729,1,Normal
13,0.722823,54.9276,0.25943,1,Normal
3,2.25742,39.2553,1,1,Warning
8,2.88288,41.114,0.942765,1,Warning
15,0.311897,62.4317,0.557,1,Normal
5,0.457427,46.104,0.0689098,1,Normal
19,-1.76837,8.35766,0.79295,-1,Warning
23,-0.412994,62.6562,0.0874384,-1,Normal
17,-1.31002,25.7882,0.848339,-1,Warning
16,2.45062,28.5461,0.715938,1,Normal
7,-2.62397,71.0686,0.469122,-1,Normal
19,0.0557893,44.6123,0.31103,1,Normal
9,-2.50852,40.6085,1,-1,Warning
18,0.498949,11.6398,0.0593451,1,Normal
7,-2.42342,22.7694,0.730228,-1,Warning
15,1.40272,57.1454,0.401039,1,Normal
6,2.18339,28.6615,0.633395,1,Normal
13,2.01862,24.5072,1,1,Warning
2,0.602403,41.6924,0.162689,1,Warning
6,-0.800858,44.831,0,-1,Normal
7,-0.68512,15.878,0.139687,-1,Normal
2,-2.5435,52.297,0.908869,-1,Warning
10,2.1821,53.1127,1,1,Warning
16,1.75983,8.45922,0.507916,1,Normal
18,0.67378,27.1771,0.467113,1,Normal
12,2.61852,58.6179,0.604874,1,Warning
18,0.418432,36.6555,0.483838,1,Normal
18,-0.624617,26.8554,0,-1,Normal
6,0.565772,79.0361,0.488327,1,Normal
1,-3.66504,19.8457,0.401437,-1,Normal
12,0.2281,38.4398,0.158922,1,Normal
5,-2.88221,31.4349,1,-1,Warning
12,2.14159,0.86112,1,1,Warning
21,1.7411,0,1,1,Warning
1,-0.0665987,41.7321,0.386632,-1,Warning
19,-0.431693,24.9371,0.2317,-1,Normal
17,0.450176,14.1544,0,1,Normal
10,0.069682,46.3763,0.289272,1,Normal
20,-0.690595,37.0449,0.0658912,-1,Normal
16,-0.600169,1.85078,0.0113661,-1,Normal
1,0.53237,48.787,0.0290686,1,Normal
5,0.15777,22.5789,0.189962,1,Normal
11,-0.330763,30.7907,0.276694,-1,Normal
2,-0.84847,18.0128,0.118518,-1,Normal
12,1.06785,58.7483,1,1,Normal
10,-0.0992519,0,0.391168,-1,Normal
4,0.43332,15.4041,0.468122,1,Normal
1,0.0111217,25.4343,0.090567,1,Normal
13,-0.259983,27.2008,0.216295,-1,Normal
4,3,12.5291,0.523822,1,Normal
2,-2.71362,47.6461,0.88803,-1,Warning
10,3,11.5756,0.970524,1,Warning
12,-0.185174,33.1282,0.233701,-1,Normal
20,-2.22532,21.6523,0.222946,-1,Normal
4,-1.02241,23.8781,0.586864,-1,Normal
12,2.7806,4.47558,0.812171,1,Normal
22,-0.801794,61.4593,0.462121,-1,Normal
7,-1.552,18.9435,0.928896,-1,Warning
23,-3.58788,27.3448,0.982398,-1,Warning
11,-0.233239,18.437,0.257044,-1,Normal
12,2.17551,28.4037,0.337765,1,Normal
14,1.60382,9.4412,0.662772,1,Normal
12,1.27511,51.3063,1,1,Normal
1,0.432243,25.2167,0.355257,1,Normal
21,-0.526194,29.792,0.319449,-1,Normal
3,0.0934888,49.5341,0,1,Normal
11,-0.516085,33.3249,0,-1,Normal
21,-0.814989,42.2212,0.543699,-1,Normal
11,0.870535,10.5341,0.239974,1,Normal
19,-0.0571979,39.4874,0,-1,Normal
1,1.77699,26.1729,1,1,Warning
21,-1.39052,0,0.783023,-1,Warning
22,-3.42223,12.506,0.814258,-1,Warning
14,-0.139996,63.8129,0.506698,-1,Normal
18,-1.09353,57.0986,0.783635,-1,Warning
4,-0.176671,42.7825,0.405549,-1,Normal
13,-3.18222,41.7035,0.510244,-1,Normal
4,-2.34028,61.8116,0.760812,-1,Warning
22,0.93603,39.9349,0.33613,1,Normal
22,-0.377301,28.6733,0.155233,-1,Warning
18,0.357111,18.6084,0.357848,1,Normal
6,-0.0636637,41.7538,0,-1,Normal
14,3.44777,18.467,0.665395,1,Normal
15,-0.781635,58.4922,0.381757,-1,Normal
22,2.06681,58.5116,1,1,Warning
6,-0.314841,54.4448,0.0557424,-1,Normal
9,3,12.1494,0.701906,1,Normal
10,-0.289057,0,0.62343,-1,Normal
8,-0.33231,50.3797,0.506346,-1,Normal
23,4.24034,36.1066,0.40833,1,Normal
12,-0.160309,0,0.263026,-1,Normal
18,2.30815,78.6025,0.75631,1,Normal
18,0.275031,56.2084,0.0633522,1,Normal
20,0.0787728,48.1094,0.530601,1,Normal
2,-0.214125,33.8943,0.0275903,-1,Normal
7,1.44805,28.4468,1,1,Normal
3,3,34.5908,1,1,Warning
2,-1.18586,19.3709,1,-1,Warning
11,0.174238,15.3309,0.13776,1,Normal
5,-0.84389,37.0787,0.13429,-1,Warning
14,0.358506,36.7505,0.169671,1,Normal
19,0.398693,22.2891,0.398587,1,Normal
22,-3.31865,19.9824,0.838881,-1,Warning
3,-1.1531,46.2277,1,-1,Warning
22,-0.121803,26.3505,0,-1,Normal
1,-0.199084,30.4603,0,-1,Normal
17,0.1025,37.7234,0.458394,1,Normal
0,-2.13007,65.676,0.415496,-1,Normal
14,-2.14424,59.7595,0.855976,-1,Warning
3,2.15129,25.7887,0.241376,1,Normal
13,3.38395,65.5505,0.997157,1,Warning
19,-0.533588,0,0.490511,-1,Normal
16,-0.404559,32.9446,0.348756,-1,Normal
9,2.02155,61.5739,0.790887,1,Normal
22,0.659588,34.1178,0.349433,1,Warning
8,-1.97952,9.46661,0.983507,-1,Warning
8,0.27408,36.6218,0.511582,1,Normal
5,-0.881799,22.2216,0.0125752,-1,Normal
3,-2.32503,60.3487,0.843881,-1,Warning
8,3,28.7427,0.738171,1,Normal
13,1.61008,51.8086,0.909956,1,Normal
5,1.78839,41.0016,1,1,Warning
3,-0.376483,22.8439,0,-1,Normal
4,0.49549,0,0.1197,1,Normal
18,0.204377,23.693,0.285757,1,Normal
20,0.567117,48.7817,0.467367,1,Normal
22,-3.85941,48.0446,0.851288,-1,Warning
3,0.0259822,39.3088,0.506662,1,Normal
20,0.950834,64.4267,0.60632,1,Normal
4,1.88562,63.7404,0.41144,1,Normal
14,-0.285515,26.9715,0.460319,-1,Normal
18,3.22152,34.795,0.979908,1,Warning
20,-1.17524,28.2018,0.815897,-1,Warning
3,-1.04696,58.3083,0.541954,-1,Normal
12,-1.50056,55.0557,1,-1,Warning
20,-1.038,45.2169,0.36474,-1,Warning
2,0.0870468,32.9778,0.434589,1,Normal
3,0.590243,14.3749,0,1,Normal
16,0.581609,38.1846,0.379407,1,Normal
14,-2.90594,46.5711,0.531782,-1,Normal
8,-0.977776,21.1593,0,-1,Normal
3,-0.854521,1.67984,0,-1,Normal
14,0.705214,41.9411,0.220774,1,Normal
18,-0.0182724,24.8141,0.135761,-1,Normal
11,3,33.7244,0.70172,1,Normal
21,0.992273,46.5222,0.123007,1,Normal
14,0.769539,30.7296,0.261616,1,Normal
17,-1.19575,49.0494,0.219157,-1,Normal
16,-0.07831,64.0443,0.0608277,-1,Normal
14,-2.3752,35.4714,0.926872,-1,Warning
15,2.17272,67.4446,0.29524,1,Normal
15,-1.57336,59.0355,0.609289,-1,Warning
2,-0.33752,62.9482,0.470601,-1,Normal
20,2.73288,23.6921,1,1,Warning
0,-2.7999,73.2103,0.998889,-1,Warning
8,-3.05076,47.3434,0.820041,-1,Warning
23,0.120494,72.4944,0.553258,1,Normal
3,1.48721,23.6538,0.62876,1,Normal
3,0.403123,30.1753,0.334239,1,Normal
18,1.31855,59.4647,1,1,Normal
1,-0.538589,15.7006,0.1372,-1,Normal
9,1.73375,56.2034,0.410049,1,Normal
9,0.863306,48.0442,0.0905896,1,Normal
15,0.132284,45.5534,0.0645337,1,Normal
23,2.44439,55.5093,0.636181,1,Normal
19,2.78364,60.0241,0.700078,1,Normal
21,1.41419,25.7962,0.511746,1,Normal
20,1.26224,49.3327,0.862766,1,Normal
20,2.12722,16.428,0.874293,1,Normal
7,2.38875,9.19257,0.108775,1,Normal
0,-0.889829,25.3466,0.226473,-1,Normal
1,-3.48693,66.3774,0.449061,-1,Normal
19,-0.827008,45.9036,0,-1,Normal
9,-0.131976,7.89398,0.41385,-1,Normal
8,2.11592,16.4127,1,1,Warning
19,0.332609,20.6588,0,1,Normal
11,-0.604,50.7973,0.278436,-1,Normal
12,1.19776,16.7335,1,1,Normal
18,-1.95951,64.4104,0.359462,-1,Normal
5,-0.0868925,33.5339,0.320872,-1,Normal
17,-1.39099,50.3912,0.657753,-1,Warning
15,-0.672583,32.0411,0.186076,-1,Normal
14,1.27619,38.0649,0.918487,1,Normal
23,-3.24316,19.597,0.645356,-1,Warning
0,-2.22415,59.2634,0.394271,-1,Normal
9,1.34666,29.6881,0.863298,1,Normal
17,-0.446907,31.4369,0,-1,Normal
6,0.555065,74.8982,0.389682,1,Normal
4,-2.36351,4.21862,0.556704,-1,Normal
15,-1.76402,9.61772,0.423909,-1,Normal
1,-2.90847,43.3673,0.477648,-1,Normal
20,1.59992,26.6135,0.796715,1,Normal
14,-0.666828,33.8266,0.337422,-1,Normal
14,1.64087,45.0365,0.487012,1,Normal
6,0.43435,0,0.16583,1,Normal
2,1.60654,31.9481,0.77923,1,Normal
2,-0.300636,63.819,0.188685,-1,Normal
6,-0.961238,0,0.143407,-1,Normal
2,0.0719142,49.9248,0.595597,1,Normal
17,-0.836796,22.1632,0.465358,-1,Normal
22,-0.893939,28.4899,0.498076,-1,Normal
18,0.409556,62.4956,0.192937,1,Normal
2,-3.15441,0,0.530116,-1,Warning
18,-1.2805,3.3061,0.361869,-1,Normal
4,0.293926,19.3663,0.406777,1,Normal
9,0.151837,30.6443,0.0758388,1,Normal
21,-2.41883,14.638,0.69154,-1,Warning
14,0.611486,64.253,0.247122,1,Normal
14,0.723112,48.9856,0.0831008,1,Normal
22,2.17073,19.4538,0.440695,1,Normal
5,-0.0508295,20.5078,0,-1,Normal
5,0.733548,27.0936,0.132102,1,Normal
21,-4.28099,51.9685,0.171556,-1,Normal
12,0.566196,32.5235,0.304742,1,Normal
6,-0.335585,11.1814,0.121025,-1,Normal
21,-1.46788,26.0655,0.831843,-1,Warning
16,-1.26694,25.7983,1,-1,Warning
8,-0.583763,35.1763,0.563722,-1,Normal
14,0.198278,37.3714,0,1,Normal
8,0.490018,43.9699,0.215522,1,Normal
17,-1.6111,10.6236,1,-1,Warning
5,1.14294,46.0452,0.418113,1,Normal
12,0.391621,40.4538,0.0534908,1,Normal
18,1.79571,36.3575,0.251536,1,Normal
16,-1.71611,8.59117,1,-1,Warning
6,-0.427748,13.5469,0.246967,-1,Normal
1,0.978266,50.2665,0.399438,1,Normal
7,-2.67534,37.3512,0.43843,-1,Normal
0,0.625411,33.9467,0,1,Normal
20,2.48609,35.0884,0.933578,1,Warning
1,-0.689712,32.9017,0.100175,-1,Normal
11,-0.0925818,19.0952,0.336373,-1,Normal
9,-4.78118,51.3081,0.835883,-1,Warning
18,0.225045,17.9455,0.420315,1,Normal
9,-0.721907,55.4071,0.489193,-1,Normal
2,-2.73823,36.783,0.613732,-1,Warning
15,2.5643,36.6143,0.611047,1,Normal
2,-2.5899,0,1,-1,Warning
20,-0.427224,0,0.287166,-1,Normal
18,-3.58542,62.3178,0.825581,-1,Warning
22,3.07452,29.0904,1,1,Warning
20,4.08091,23.4153,0.47995,1,Normal
20,-0.173838,30.2246,0.224888,-1,Normal
2,-0.434091,0,0.40663,-1,Normal
9,-0.207335,13.5009,0.158985,-1,Normal
5,2.9387,6.80051,0.711566,1,Normal
21,-0.322257,35.1086,0,-1,Normal
8,0.812416,49.5871,0.0906097,1,Normal
19,2.30839,28.9291,0.992805,1,Warning
14,-0.478577,18.5219,0.417347,-1,Normal
19,-2.97965,30.9128,0.948898,-1,Warning
19,1.50465,28.9924,1,1,Warning
7,-0.711586,48.7357,0.147138,-1,Normal
0,-2.7067,35.258,0.735167,-1,Warning
0,-0.0575709,19.1202,0.118256,-1,Warning
2,0.204479,35.1788,0.289644,1,Normal
2,3,35.1205,0.47231,1,Normal
12,-2.49365,42.511,0.485809,-1,Normal
16,-0.685658,58.2367,0.596768,-1,Normal
0,0.724709,30.2645,0.0611409,1,Normal
5,-0.0436568,44.9178,0,-1,Normal
8,-0.233233,7.1227,0.113352,-1,Warning
5,1.96188,0,0.827588,1,Normal
1,-0.505638,24.5249,0.502812,-1,Normal
21,-3.56266,14.4283,0.614693,-1,Warning
18,0.050146,40.2445,0.717698,1,Normal
21,2.514,64.6347,0.909807,1,Warning
5,-1.46996,20.6249,0.616838,-1,Warning
19,0.00287072,27.1968,0.0939192,1,Normal
18,-0.662736,34.7033,0.107096,-1,Normal
22,2.66161,40.9657,0.630673,1,Normal
3,-2.666,51.4459,0.877905,-1,Warning
6,-0.417166,56.5815,0.469389,-1,Normal
6,0.520245,38.1365,0.253994,1,Normal
14,0.352338,0,0.281662,1,Normal
7,0.418316,50.4843,0.555615,1,Normal
4,-0.0842564,29.1406,0.288409,-1,Normal
11,2.54703,36.6256,0.93247,1,Warning
13,1.25362,7.76047,0.844239,1,Normal
8,-0.748795,35.6057,0.21442,-1,Normal
13,-0.284126,46.0024,0.218694,-1,Normal
19,0.664681,37.6386,0,1,Normal
20,-0.378384,31.754,0.347785,-1,Normal
14,0.498184,19.7184,0.102024,1,Normal
16,2.24161,19.9216,1,1,Warning
15,0.132355,52.3107,0,1,Normal
0,-0.00506942,35.2796,0.420351,-1,Normal
11,-0.054591,30.776,0.503119,-1,Normal
2,0.937244,39.9547,0.417133,1,Normal
18,2.15108,28.7321,1,1,Warning
18,0.687271,45.8053,0,1,Normal
22,-0.37446,56.529,0.181853,-1,Warning
15,-0.158699,41.6805,0.60244,-1,Normal
1,-1.07706,28.6469,0.943029,-1,Warning
3,-2.20932,32.6672,0.889865,-1,Warning
7,-0.057118,16.3696,0.253858,-1,Normal
18,-0.42165,35.2538,0.308845,-1,Normal
12,0.86686,27.4071,0.810571,1,Normal
17,3.56163,32.8618,0.330147,1,Normal
15,-2.97386,65.3693,0.762651,-1,Warning
2,2.74295,66.7821,0.809031,1,Normal
13,-0.249695,44.3478,0.216785,-1,Normal
2,0.466459,2.69855,0.449074,1,Normal
21,0.847805,0.455516,0.25656,1,Normal
6,-0.835447,16.4328,0.153898,-1,Normal
8,2.78292,28.5044,0.991149,1,Warning
9,0.116331,12.7886,0.239797,1,Normal
13,-0.179952,64.8762,0.288409,-1,Normal
15,0.066237,36.6251,0.0729011,1,Normal
17,-2.46688,19.3285,1,-1,Warning
6,-0.865688,10.8608,0.651259,-1,Warning
13,1.03307,32.4258,0.305483,1,Normal
0,2.4759,7.15777,0.740383,1,Normal
16,0.0251498,54.2465,0.264075,1,Normal
20,0.478714,27.455,0.380601,1,Normal
19,1.0503,13.7748,0.919284,1,Normal
19,2.36306,48.7475,0.851914,1,Normal
13,-0.340111,29.4268,0.246333,-1,Normal
16,0.387469,53.8409,0.830617,1,Normal
6,0.447389,35.884,0.725891,1,Normal
4,-4.33096,44.2507,1,-1,Warning
10,3,39.3893,0.876631,1,Normal
19,3.47892,26.4178,0.825319,1,Warning
22,0.474207,7.68006,0.490917,1,Normal
13,-2.83907,16.204,0.533638,-1,Normal
11,-0.457573,25.4054,0.261942,-1,Normal
6,1.53529,51.2153,0.466241,1,Normal
1,0.0136576,71.7206,0.259597,1,Normal
22,0.345732,18.4236,0.44398,1,Normal
8,-0.593945,2.94479,0,-1,Normal
18,-2.05143,55.6209,0.50132,-1,Normal
12,0.577273,21.0471,0.0775567,1,Normal
5,1.3436,42.4424,0.790382,1,Normal
14,0.101016,30.5558,0.178752,1,Normal
21,0.450829,0,0.722457,1,Normal
16,-2.71438,41.5193,0.938012,-1,Warning
21,0.0831855,51.9347,0,1,Normal
16,1.93632,0,0.930557,1,Warning
12,-2.08198,64.2739,1,-1,Warning
6,-0.77798,44.131,0,-1,Normal
6,0.533277,37.6239,0.0532082,1,Normal
23,-1.25417,22.442,0.499836,-1,Normal
12,-1.5726,51.2574,1,-1,Warning
6,0.0190228,33.4618,0.247477,1,Normal
3,-1.44697,62.6398,0.699761,-1,Warning
0,-0.0864783,35.7123,0,-1,Normal
5,-0.188376,37.3408,0.0228084,-1,Normal
3,-0.304868,33.6229,0.352175,-1,Normal
17,1.68234,40.0275,0.598346,1,Warning
4,1.65083,56.4108,0.278781,1,Normal
22,0.265808,0,0.376053,1,Normal
10,0.182366,36.103,0,1,Normal
15,0.618795,16.5798,0,1,Normal
6,-1.35319,23.056,1,-1,Warning
18,0.384178,43.7185,0,1,Normal
11,1.35622,17.7901,0.630135,1,Normal
8,0.582674,25.3539,0.538532,1,Normal
7,1.44445,25.5376,1,1,Normal
0,-1.65914,40.0459,0.851882,-1,Warning
6,-1.18099,44.0374,0.898572,-1,Warning
5,-0.851263,43.1757,0,-1,Warning
3,2.37618,32.1889,0.181254,1,Normal
20,-0.58435,32.5643,0.551498,-1,Normal
13,0.595855,58.2901,0.299535,1,Normal
22,4.04505,44.3314,1,1,Warning
23,-0.92084,67.669,0.412593,-1,Normal
11,-0.125994,39.102,0.146882,-1,Normal
23,-1.88414,13.9634,0.778521,-1,Warning
17,1.92329,41.3039,0.590399,1,Normal
22,0.850856,18.0871,0,1,Normal
14,-2.33461,28.5794,0.648451,-1,Warning
13,0.545646,3.13115,0.522702,1,Normal
3,2.30976,16.275,0.385377,1,Normal
20,0.407243,0,0.494402,1,Normal
12,1.66699,9.83561,0.846794,1,Warning
15,0.433134,75.9034,0.69044,1,Warning
8,2.52664,0,0.237588,1,Normal
8,2.40776,47.7431,0.67077,1,Normal
4,0.474358,55.8022,0.475255,1,Warning
4,-0.918977,33.1199,0,-1,Normal
6,0.0525729,46.8524,0.665327,1,Normal
1,1.49757,50.0737,0.375209,1,Normal
2,-3.39809,2.02388,0.906759,-1,Warning
5,3,2.24631,0.928499,1,Warning
20,0.176822,56.581,0.509984,1,Normal
22,-0.271866,22.9696,0.207936,-1,Normal
9,-0.448492,45.3703,0.0688285,-1,Normal
22,-1.82799,30.4324,0.402519,-1,Normal
6,-1.56341,0,0.402127,-1,Normal
17,-3.43248,33.8812,0.259545,-1,Normal
21,-1.31504,27.2944,0.807399,-1,Warning
21,-0.0157118,23.1935,0.104419,-1,Normal
20,-1.55811,32.7549,0.940665,-1,Warning
1,-0.311939,3.58976,0.289472,-1,Normal
18,3.21159,49.333,0.186597,1,Normal
10,0.116906,2.41048,0.447515,1,Normal
17,-1.94696,50.7663,0.727094,-1,Warning
7,-0.402139,0,0.119282,-1,Normal
3,-2.30141,46.2951,0.821589,-1,Warning
11,2.04604,49.8035,0.910015,1,Warning
12,0.254206,62.1795,0.441451,1,Normal
15,0.0242381,51.0821,0.385909,1,Normal
12,-0.633789,57.5405,0.468837,-1,Normal
7,1.93326,38.7344,0.678404,1,Normal
12,0.225264,48.8089,0.18353,1,Normal
3,0.262768,5.29467,0.214328,1,Warning
23,0.764606,37.0377,0,1,Normal
7,-0.741271,0,0.534327,-1,Normal
21,-1.53867,27.0055,1,-1,Warning
9,2.34391,27.7022,0.841022,1,Normal
20,2.57484,10.6282,0.656788,1,Normal
17,-1.74376,26.3228,0.558689,-1,Normal
19,2.16843,23.8278,0.943133,1,Warning
18,-0.00728898,32.6886,0.59299,-1,Normal
2,-2.5751,33.0902,0.530582,-1,Normal
16,0.511057,48.2305,0,1,Normal
9,0.419178,13.7922,0.362957,1,Normal
5,-0.48461,4.33282,0,-1,Normal
23,0.266498,21.1547,0.00273204,1,Normal
10,-0.604712,46.3,0.052578,-1,Normal
8,-0.0255407,37.0799,0.502189,-1,Normal
2,-2.19339,18.6649,1,-1,Warning
11,1.08077,10.703,0.703799,1,Normal
8,2.46352,12.8221,0.803416,1,Normal
19,2.78819,46.2493,0.644832,1,Normal
6,3,21.8175,1,1,Warning
0,-0.0380507,21.2663,0.109726,-1,Normal
22,0.476069,67.3268,0.037227,1,Normal
22,-2.83155,18.2016,1,-1,Warning
5,-0.672154,64.4362,0.237484,-1,Normal
12,-2.59621,73.6932,0.509999,-1,Normal
23,-0.991748,49.1375,0.0472055,-1,Normal
4,-0.00372858,53.2394,0.47194,-1,Normal
23,-2.89415,37.0786,1,-1,Warning
12,1.5992,45.3136,0.445681,1,Normal
20,-1.72017,24.3142,0.879761,-1,Warning
3,0.434168,43.3723,0,1,Normal
18,2.40062,56.8822,1,1,Warning
14,-1.02403,12.8058,0.972474,-1,Warning
0,-0.141615,28.1034,0.343514,-1,Normal
9,2.71195,37.6901,0.379253,1,Normal
9,0.777743,27.69,0.0335303,1,Normal
19,0.567236,55.6909,0.107458,1,Normal
7,0.398001,38.8429,0.193859,1,Normal
11,1.08209,22.1658,0.691065,1,Normal
17,-1.01217,39.3114,0.671705,-1,Warning
5,1.40494,71.4864,0.798011,1,Normal
13,0.974908,21.0273,0.241166,1,Normal
8,1.30146,9.42416,0.841648,1,Normal
19,-2.61551,25.3484,0.978548,-1,Warning
23,0.591263,32.7787,0.441932,1,Normal
15,0.0938134,29.8636,0.179172,1,Normal
21,-0.66435,23.0354,0.259953,-1,Normal
1,-0.23838,44.8442,0.282873,-1,Normal
21,1.38817,22.2393,0.707324,1,Normal
14,-0.0300535,64.4255,0.469178,-1,Normal
15,0.684707,36.1503,0.552946,1,Normal
5,0.330926,47.4507,0.194607,1,Normal
9,0.376683,64.5163,0.106001,1,Normal
22,0.555247,10.6537,0.0874535,1,Normal
4,-2.38637,34.4477,0.979645,-1,Warning
23,-3.02427,50.2381,0.881436,-1,Warning
9,0.0448106,28.2942,0.421143,1,Normal
21,-0.0247014,50.8042,0.508349,-1,Normal
7,2.69283,22.192,0.330927,1,Normal
22,0.522724,2.24914,0.0291432,1,Normal
23,0.491847,48.7441,0.316588,1,Normal
10,0.430037,30.6883,0.0883646,1,Normal
14,-0.0614501,21.9007,0.211548,-1,Normal
9,1.52623,45.3373,0.548229,1,Normal
7,-0.30514,66.5277,0.314642,-1,Normal
6,-0.903231,22.1721,0.274677,-1,Normal
10,0.653968,9.86483,0.358856,1,Normal
22,-0.118871,53.1116,0.265923,-1,Normal
23,-2.36043,23.193,1,-1,Warning
3,0.39321,37.2597,0.0676372,1,Normal
15,-0.328949,22.8141,0.128413,-1,Normal
0,-0.648232,9.539,0.171055,-1,Normal
12,-1.33901,19.1329,0.362144,-1,Normal
21,4.17424,1.92196,0.159059,1,Normal
1,0.42268,39.9551,0.405365,1,Normal
19,0.346491,57.0022,0.700175,1,Normal
20,1.82162,35.5632,0.884734,1,Normal
8,-1.07163,29.2881,0.72509,-1,Warning
17,2.5175,41.3634,0.701645,1,Normal
4,0.163288,15.8067,0.0895539,1,Normal
13,0.587971,21.5552,0.690601,1,Normal
13,-0.609852,37.2482,0,-1,Normal
11,-1.90151,34.386,1,-1,Warning
21,0.503869,39.8956,0.120845,1,Normal
2,1.84054,35.222,0.465761,1,Normal
19,-0.255797,24.6947,0,-1,Normal
9,-2.32703,53.0976,0.825725,-1,Warning
1,-0.793353,19.4435,0.582797,-1,Normal
11,0.618672,17.2578,0.24495,1,Normal
8,0.293924,36.8212,0.118158,1,Normal
9,3,48.175,0.948472,1,Warning
1,-0.305413,47.2932,0.00705441,-1,Normal
0,-1.18362,31.4719,1,-1,Warning
6,2.43728,21.7799,1,1,Warning
21,-2.95524,58.4392,0.774535,-1,Warning
16,0.179197,6.55992,0,1,Normal
6,1.92828,47.9516,0.754437,1,Normal
16,2.50983,29.7439,0.839592,1,Normal
2,-0.108944,28.0198,0,-1,Normal
5,-1.35032,7.07187,0.511625,-1,Normal
2,-2.21715,0,1,-1,Warning
10,1.47146,27.2178,1,1,Normal
19,0.490263,36.1861,0.419621,1,Normal
15,2.18946,48.9955,1,1,Warning
23,2.08702,0,0.609871,1,Normal
17,2.15805,10.7523,0.59028,1,Normal
6,-0.384672,34.0448,0.266048,-1,Normal
9,-0.0581168,37.4366,0.112395,-1,Normal
23,3.35108,0,1,1,Warning
3,-2.21179,43.3045,0.770591,-1,Warning
11,0.849147,21.4251,0,1,Normal
7,3,44.0265,0.513011,1,Normal
4,-3.18769,24.5246,0.461433,-1,Normal
12,-0.441426,50.2491,0.434858,-1,Normal
16,-1.51884,24.5093,0.47794,-1,Normal
0,2.68618,47.5985,0.308933,1,Normal
6,-0.690008,0,0.507015,-1,Normal
9,0.558748,51.0275,0.394576,1,Normal
10,-0.372466,33.5568,0.0998004,-1,Normal
20,-3.86594,45.9986,0.6397,-1,Warning
21,-0.243282,30.8937,0.317235,-1,Normal
17,1.49337,40.017,0.512782,1,Normal
8,-1.47546,18.4197,0.719502,-1,Warning
15,-1.02086,69.3142,0.840127,-1,Warning
15,0.408441,47.9528,0.180964,1,Normal
6,2.57623,51.9167,0.963781,1,Warning
13,2.60017,26.3092,0.899284,1,Normal
23,-0.87897,5.65558,0.206149,-1,Normal
13,-1.8972,7.17615,0.962123,-1,Warning
5,-1.88833,26.2076,0.803178,-1,Warning
23,-0.475311,63.5301,0.300465,-1,Warning
13,-0.282792,63.4331,0.137382,-1,Normal
23,0.497588,29.4694,0.625545,1,Normal
10,0.841472,25.6219,0.607935,1,Normal
4,0.96964,4.695,0.373299,1,Normal
22,1.29375,76.006,0.717029,1,Normal
11,2.47529,35.7065,0.564168,1,Normal
11,3,0,0.652529,1,Normal
22,-2.17624,29.6409,0.952505,-1,Warning
10,-2.43169,33.6343,0.653235,-1,Warning
21,2.40389,40.9,0.346942,1,Normal
16,-1.24423,13.663,1,-1,Warning
21,0.77029,28.7516,0.272015,1,Normal
8,1.16793,39.6875,0.666808,1,Normal
9,-0.225649,69.4456,0,-1,Normal
1,3,19.0796,0.714574,1,Normal
13,-0.400569,32.7722,0.407419,-1,Normal
15,-0.336155,26.383,0,-1,Normal
2,1.64237,53.9714,0.456493,1,Normal
20,1.82633,61.5508,0.898845,1,Normal
10,0.264938,56.1177,0.285219,1,Normal
20,-1.84804,71.0596,0.731367,-1,Warning
8,2.85285,47.1215,0.856267,1,Normal
16,3.34238,59.2354,1,1,Warning
18,0.0871295,28.2318,0.331623,1,Normal
0,0.959767,25.9132,0.580199,1,Normal
2,0.126968,49.2818,0.205383,1,Normal
23,-0.739785,36.554,0.261181,-1,Normal
21,-1.01794,30.5289,0.701122,-1,Normal
5,-0.512947,8.55154,0.155348,-1,Normal
2,0.0308914,39.4919,0,1,Normal
11,0.909794,47.7293,0.405332,1,Normal
19,-2.10384,69.908,0.794323,-1,Warning
21,-0.354169,46.7031,0.357064,-1,Normal
9,0.435926,23.5378,0.510159,1,Normal
23,3.13881,52.81,0.674732,1,Normal
11,-3.94313,40.6486,0.914778,-1,Warning
21,1.40791,24.5737,0.604536,1,Normal
17,1.23648,0,0.827957,1,Normal
15,0.505662,58.2856,0,1,Normal
19,-0.0911065,11.1087,0.246666,-1,Normal
2,-0.132977,41.6541,0.604907,-1,Normal
1,2.28049,15.0145,0.527756,1,Normal
23,-2.51823,33.6604,1,-1,Warning
19,-0.255143,50.5097,0.396157,-1,Normal
21,-0.859878,39.7943,0,-1,Normal
9,1.99016,46.9427,0.62457,1,Normal
16,2.80498,40.5487,1,1,Warning
12,-1.80213,56.2935,0.693236,-1,Warning
14,2.48518,30.2208,0.864088,1,Normal
12,1.07768,32.0749,0.864576,1,Normal
3,-2.2946,13.2765,0.89876,-1,Warning
8,-3.98822,0,0.883184,-1,Warning
15,0.579122,34.7258,0.415829,1,Normal
17,-1.6854,54.4556,0.770182,-1,Warning
16,0.948717,39.1805,0.377782,1,Normal
17,1.16765,12.7732,0.533732,1,Normal
1,0.786443,61.511,0,1,Normal
8,-1.19238,61.1433,0.931485,-1,Warning
3,2.47354,27.6983,0.660061,1,Normal
14,-3.17506,47.3153,0.932934,-1,Warning
20,-0.000761148,29.8849,0.417794,-1,Normal
23,2.7368,45.4448,0.882535,1,Normal
5,-0.882989,29.0058,0.677726,-1,Warning
18,-1.05167,0,1,-1,Warning
1,3,21.4314,0.230564,1,Normal
14,0.688794,50.9169,0.90367,1,Normal
15,-1.05199,31.3337,0.605089,-1,Warning
2,1.97643,20.47,1,1,Warning
7,-1.26525,38.0787,1,-1,Warning
7,0.415325,12.5083,0.411804,1,Normal
5,2.76376,4.85306,0.663405,1,Normal
11,-2.45572,35.7696,0.2132,-1,Normal
13,0.315532,44.5961,0.162234,1,Normal
1,-2.69104,58.4845,0.607747,-1,Warning
23,0.00182854,24.4337,0.346686,1,Normal
12,0.487016,10.5062,0.358403,1,Normal
8,0.861892,58.067,0.505456,1,Normal
6,1.40829,0,0.969725,1,Normal
19,-0.668428,45.6453,0.096437,-1,Normal
8,-0.667337,77.6118,0.158071,-1,Normal
15,0.327273,46.7954,0.111162,1,Normal
7,0.302184,67.2106,0.457722,1,Normal
14,0.246113,34.0391,0.423657,1,Normal
3,-0.109542,38.0975,0.332412,-1,Normal
4,-2.25227,11.3911,0.632945,-1,Warning
6,0.889343,13.4266,0,1,Normal
5,0.545438,55.4808,0.0352632,1,Normal
23,0.448537,72.1211,0.214723,1,Normal
11,2.94833,65.98,0.512488,1,Warning
23,-1.76423,0,1,-1,Warning
0,-1.54561,66.1782,0.875305,-1,Normal
17,-0.0184555,22.6907,0.374209,-1,Normal
0,0.635807,60.5398,0.239905,1,Normal
15,-1.06161,59.7772,0.611106,-1,Warning
4,-1.85509,0,0.608889,-1,Warning
14,0.381987,70.7561,0.690104,1,Normal
0,-0.473545,41.3246,0.573371,-1,Normal
14,0.042127,46.5221,0.226108,1,Normal
7,-3.141,29.6946,0.859394,-1,Warning
19,-0.851422,30.2071,0.284924,-1,Normal
19,-1.04955,22.0617,0.953669,-1,Warning
4,-1.23246,40.7653,0.439102,-1,Normal
16,2.2618,69.2645,0.616358,1,Normal
2,-0.785667,35.9255,0.581769,-1,Normal
11,-0.589301,62.1322,0.132899,-1,Normal
8,0.411404,55.4205,0.454663,1,Normal
13,-0.180201,28.4714,0.549218,-1,Normal
1,-0.768954,21.0473,0.0254022,-1,Normal
6,0.101184,7.12888,0.465356,1,Normal
17,-0.670127,63.9921,0.435291,-1,Normal
4,-0.701824,31.7926,0.545713,-1,Normal
15,-0.297991,29.9764,0,-1,Normal
10,3,6.25702,0.496429,1,Normal
9,-1.07006,40.8818,0.823715,-1,Warning
7,2.37185,47.4381,0.418032,1,Normal
16,-0.064759,20.7254,0.162282,-1,Normal
23,-2.81818,60.4786,0.544655,-1,Normal
3,-0.522589,4.20599,0.300719,-1,Normal
20,0.562213,28.1436,0.537953,1,Normal
19,2.49931,25.5553,0.871116,1,Warning
11,0.299138,24.9969,0.562707,1,Normal
23,0.83555,52.5995,0.313483,1,Normal
11,-0.433976,18.3407,0.528543,-1,Normal
7,1.66367,70.4832,0.345016,1,Normal
4,0.180354,52.1872,0.227949,1,Normal
10,0.00774255,43.3495,0,1,Normal
6,-0.23209,35.2347,0.130071,-1,Normal
19,0.834691,0,0,1,Normal
15,0.48832,0,0.116886,1,Normal
21,0.951999,35.8314,0.0795286,1,Normal
18,-0.0680299,37.4797,0.069169,-1,Normal
23,0.317112,42.0509,0.291104,1,Normal
17,0.142277,41.4155,0.304436,1,Normal
11,-0.32827,27.8796,0.741304,-1,Warning
10,-0.157273,65.012,0.457694,-1,Normal
11,-1.92797,39.2715,1,-1,Warning
18,-0.535154,68.6891,0.12937,-1,Normal
21,2.7778,31.3693,0.362588,1,Normal
19,-0.955568,61.1738,0.24215,-1,Normal
2,0.70676,32.5598,0.681321,1,Normal
2,1.72922,65.9193,1,1,Warning
3,-0.163963,15.0117,0.523401,-1,Normal
0,0.584467,39.8754,0.210186,1,Normal
9,-0.306128,29.1444,0.173763,-1,Normal
21,0.883516,1.28255,0.517532,1,Warning
20,-0.506741,47.7597,0,-1,Normal
4,2.22915,31.4599,0.635109,1,Normal
10,2.30648,66.6107,0.586118,1,Normal
21,-2.48501,71.5418,0.649677,-1,Warning
13,-0.778566,44.7686,0.0910087,-1,Normal
13,0.894629,42.5051,0.265503,1,Normal
20,-3.83282,46.4015,0.481847,-1,Normal
5,-2.26202,46.7292,0.645496,-1,Warning
2,-1.1206,16.3976,0.752786,-1,Warning
1,-2.80734,61.5771,1,-1,Warning
12,0.237172,10.8653,0.475315,1,Normal
10,-0.955508,60.6514,0,-1,Warning
0,-1.03665,35.5386,0.553921,-1,Normal
12,-2.64312,36.2633,0.736593,-1,Warning
11,1.97836,58.6754,1,1,Normal
19,3.1689,25.9624,0.795771,1,Normal
3,-3.27808,23.2444,1,-1,Warning
13,2.39079,42.2695,0.471211,1,Normal
16,0.223919,6.78203,0.373103,1,Normal
13,-0.389838,58.4218,0.0160852,-1,Normal
10,-0.189834,31.5273,0.135625,-1,Normal
5,-0.210823,13.7761,0.495175,-1,Normal
7,2.19496,49.2989,0.538969,1,Normal
11,-1.22396,42.2355,0.979551,-1,Warning
13,0.27776,32.5743,0.182026,1,Normal
10,2.01583,32.6465,0.773717,1,Normal
8,-0.673548,31.8453,0.053502,-1,Normal
22,-2.40636,35.6734,0.703465,-1,Warning
3,-3.24313,30.1588,0.6391,-1,Warning
11,0.296846,23.5823,0.329598,1,Normal
21,-0.368277,48.5744,0.491901,-1,Normal
1,1.95806,52.3985,1,1,Warning
12,-0.323374,45.7778,0.260116,-1,Normal
1,-4.51653,15.6923,0.691347,-1,Warning
4,2.0996,60.8792,0.7697,1,Normal
13,0.15105,0,0.0937744,1,Normal
17,-0.416571,31.6959,0.33876,-1,Normal
23,3.05927,28.0293,0.785646,1,Normal
18,2.72228,78.5187,0.766257,1,Normal
7,1.94456,42.1935,0.662507,1,Normal
3,-3.00845,8.25764,0.699318,-1,Warning
9,0.486734,23.9747,0.564556,1,Normal
7,-0.0280306,23.0833,0.301519,-1,Normal
3,1.51907,70.5612,0.548579,1,Normal
16,-2.57655,36.9041,1,-1,Warning
2,3,0,0.746635,1,Normal
11,-1.51656,27.4166,0.201217,-1,Normal
2,-0.148945,9.22019,0,-1,Normal
9,-0.0701135,52.3838,0.212151,-1,Normal
13,0.271247,67.5809,0.312768,1,Normal
15,-1.55343,54.6529,0.702418,-1,Warning
11,1.05507,29.8195,0.78046,1,Normal
11,-0.531893,14.6174,0.623208,-1,Warning
23,-0.0404631,11.7018,0.427901,-1,Normal
11,-0.0602615,32.3162,0.129179,-1,Normal
22,0.918292,31.1366,0,1,Normal
15,-0.91145,43.2706,0.112707,-1,Normal
15,-1.72408,78.8404,0.87001,-1,Warning
9,0.222909,3.10828,0.101939,1,Normal
11,-0.6594,19.31,0.224296,-1,Normal
10,-0.296341,6.61055,0.39502,-1,Warning
11,-0.506015,42.9844,0.0910572,-1,Normal
0,0.376865,29.0031,0.239239,1,Normal
16,0.879717,88.4106,0.132375,1,Normal
8,0.369926,44.1314,0.136805,1,Normal
8,-1.14284,54.2018,0.968787,-1,Warning
11,-1.14524,44.8229,0.875051,-1,Warning
14,0.218933,55.516,0.216617,1,Normal
12,0.632863,62.6084,0.257191,1,Normal
1,-0.445233,30.2017,0.732942,-1,Warning
13,-0.0258666,45.5967,0.670917,-1,Normal
22,-0.534479,50.721,0.111886,-1,Normal
14,-1.57739,39.9607,0.708653,-1,Warning
14,0.244076,35.15,0.363676,1,Normal
17,-3.76979,48.6144,1,-1,Warning
9,0.20551,38.4683,0.5671,1,Normal
8,-2.80827,58.2558,0.597694,-1,Normal
20,-0.00700184,7.61593,0.0882033,-1,Normal
13,0.0870577,18.6431,0,1,Normal
3,2.32344,43.3619,1,1,Warning
15,-2.20629,53.5275,0.625185,-1,Warning
19,1.52131,45.4962,0.117777,1,Normal
10,-1.00578,34.3746,1,-1,Warning
2,-0.441196,66.9417,0.0918936,-1,Normal
16,-0.0344873,10.6424,0.328833,-1,Normal
5,0.151068,23.4461,0,1,Warning
8,-0.465703,38.1185,0.434542,-1,Warning
10,2.13346,39.1951,0.861084,1,Normal
16,2.33947,20.4497,0.754543,1,Normal
8,0.832507,9.78499,0.013776,1,Normal
14,2.13286,29.1457,0.631255,1,Normal
14,-1.07015,19.4582,0.773631,-1,Warning
18,4.2144,15.3165,0.669951,1,Normal
17,0.00833356,11.7407,0.730763,1,Normal
11,-0.423833,47.9003,0,-1,Normal
4,-0.51804,7.88367,0,-1,Normal
1,3,49.96,0.961866,1,Warning
2,-0.139377,15.1445,0.245962,-1,Normal
14,0.251,12.5387,0.536218,1,Normal
13,-0.248524,42.0422,0.0729311,-1,Normal
8,-1.03601,61.3185,0.834755,-1,Warning
11,-1.40941,39.6397,1,-1,Warning
4,0.184571,52.2869,0.326289,1,Normal
22,-1.89684,21.9326,0.966759,-1,Warning
22,0.232914,33.7023,0.489235,1,Normal
13,2.37405,39.682,1,1,Warning
19,0.278095,7.84754,0.521789,1,Normal
9,-1.07789,25.8187,0.643968,-1,Warning
0,-3.4158,34.4557,0.0925991,-1,Warning
13,-0.239422,76.4037,0,-1,Normal
15,-3.06276,24.0613,0.716022,-1,Warning
18,-4.19222,30.1611,0.623068,-1,Warning
17,-0.068685,44.833,0.303066,-1,Normal
7,-0.723616,43.1697,0.504356,-1,Normal
0,2.20245,60.3666,0.635026,1,Normal
21,-1.07972,50.7563,0.687316,-1,Warning
4,-0.963788,50.2559,0.164927,-1,Normal
0,0.211778,35.6559,0.111084,1,Normal
7,-0.307835,42.3374,0.26509,-1,Warning
9,0.720636,28.463,0.329841,1,Normal
23,1.68917,26.4847,0.412663,1,Normal
18,-0.0865522,59.5175,0.153702,-1,Normal
21,-0.761263,28.6157,0.205106,-1,Normal
6,0.750207,45.6696,0.655774,1,Warning
15,-2.71049,27.03,0.549677,-1,Normal
0,0.16918,56.2606,0.126619,1,Normal
7,-1.80139,46.3236,0.467213,-1,Normal
14,3.91133,77.0451,0.458576,1,Normal
8,2.67435,45.2835,0.898111,1,Normal
0,0.391882,67.8809,0.0710736,1,Normal
11,-2.96537,40.3149,0.802911,-1,Normal
0,-1.97893,36.1684,1,-1,Warning
12,-0.290443,36.8594,0.490167,-1,Normal
3,0.532342,61.2201,0.284331,1,Normal
12,0.319744,24.3853,0.389305,1,Normal
18,-1.73652,46.0048,0.606048,-1,Warning
12,0.845163,31.0017,0.265562,1,Normal
21,-3.43641,4.99904,0.579962,-1,Normal
17,-1.10737,43.7683,1,-1,Warning
17,-0.207619,24.6222,0.458103,-1,Normal
23,-0.23417,57.9543,0.163121,-1,Normal
21,0.365122,42.5713,0,1,Normal
2,-0.0778331,11.6753,0.356523,-1,Normal
18,-0.806813,55.6786,0.0745284,-1,Normal
16,2.47688,45.7287,0.510209,1,Warning
16,0.478094,25.5435,0.234577,1,Normal
9,1.89009,35.824,1,1,Warning
7,1.0222,45.1038,0.822008,1,Normal
3,-4.29947,18.7849,0.911891,-1,Warning
8,-0.0638187,49.9545,0.356226,-1,Normal
3,3,61.2013,0.643339,1,Normal
16,-0.40271,18.8646,0.0436265,-1,Normal
16,-0.146028,37.1665,0.48299,-1,Normal
13,1.30468,26.8322,0.586049,1,Normal
19,-0.0674003,19.6073,0.47697,-1,Normal
22,-0.399512,32.1665,0.497092,-1,Normal
0,0.223565,54.0437,0.140041,1,Normal
23,-0.451584,43.126,0.139899,-1,Normal
19,0.498891,32.6087,0.257032,1,Normal
21,-0.315408,59.2013,0.102985,-1,Normal
12,0.0510641,0,0.219288,1,Normal
23,1.42729,74.6029,0.757405,1,Normal
8,2.4575,40.3614,0.462774,1,Normal
22,-0.856116,9.62054,0.342562,-1,Normal
22,2.8686,63.2053,1,1,Warning
19,-0.620595,14.8401,0.0425368,-1,Normal
7,-0.0538297,6.73382,0.640778,-1,Normal
18,0.36281,54.8601,0.218506,1,Normal
5,2.32385,49.4831,0.450911,1,Normal
9,0.331724,34.2934,0.651244,1,Normal
12,-1.8906,6.20579,0.724171,-1,Warning
0,-0.366541,49.7084,0,-1,Normal
2,0.421577,42.6365,0.464027,1,Normal
9,1.1915,51.0774,0.87927,1,Normal
1,-0.188593,41.704,0,-1,Normal
17,-0.959358,26.9522,0.416258,-1,Normal
4,0.575333,30.1058,0.229305,1,Normal
14,-1.94637,36.7472,1,-1,Warning
20,-2.90596,39.914,0.71802,-1,Warning
6,-0.551016,60.493,0.431371,-1,Normal
20,-0.163716,56.7724,0,-1,Normal
4,-0.603501,16.7909,0.104389,-1,Normal
10,0.846785,61.0942,0.521373,1,Normal
21,-0.0578611,20.8682,0.000845526,-1,Normal
15,-1.17212,52.2533,0.843259,-1,Warning
8,-0.113578,54.4576,0.270174,-1,Normal
16,4.14853,52.4319,0.41667,1,Normal
5,0.695827,54.8429,0.0210936,1,Normal
16,-2.95654,37.784,0.465416,-1,Normal
14,-2.43221,11.1305,0.687503,-1,Warning
2,-0.0367567,35.644,0.348632,-1,Normal
17,-0.784877,67.5625,0.102753,-1,Normal
0,-0.138822,53.3331,0,-1,Normal
1,0.244338,8.17119,0.449619,1,Normal
18,-0.976754,60.7834,0.112969,-1,Normal
22,3.1454,43.9729,1,1,Warning
7,0.0263443,30.934,0.324808,1,Normal
11,0.447524,44.2213,0.77174,1,Normal
15,2.65555,32.0319,0.712621,1,Normal
1,0.760817,41.2352,0,1,Normal
4,-1.88478,29.6226,0.559956,-1,Normal
10,-0.0338784,59.3482,0.132649,-1,Normal
0,0.00827679,72.0434,0.105787,1,Normal
1,2.72281,1.50644,0.50352,1,Normal
4,0.163205,55.7953,0.206432,1,Normal
10,-1.48445,22.4909,0.912395,-1,Warning
18,2.09799,50.8771,0.848791,1,Normal
4,-1.134,47.6487,0.738563,-1,Warning
3,-0.0941465,41.9039,0,-1,Normal
9,0.36954,53.1598,0.198131,1,Normal
13,-0.544715,27.9433,0.574827,-1,Normal
17,-1.0561,28.8474,1,-1,Warning
21,-2.87756,63.4701,0.52108,-1,Normal
17,2.14228,14.6868,1,1,Warning
8,-2.2748,35.4834,0.429443,-1,Normal
0,-1.03078,50.7259,0.670608,-1,Warning
5,-1.70108,70.2902,0.453425,-1,Normal
6,-0.0445236,39.6487,0,-1,Normal
6,0.107087,33.9884,0.655747,1,Normal
0,3,28.616,0.567844,1,Normal
7,0.255391,56.1121,0.325079,1,Normal
23,2.80497,52.1908,0.49057,1,Normal
9,-3.094,52.2576,0.854198,-1,Warning
14,0.109082,13.2555,0.203521,1,Normal
7,0.856203,36.8401,0.250875,1,Normal
9,0.182413,22.6883,0,1,Normal
18,0.223541,18.6044,0.579187,1,Normal
20,0.221345,4.20593,0.580957,1,Normal
8,-0.492006,12.9653,0,-1,Normal
6,-0.279954,41.5903,0.166422,-1,Normal
23,0.232645,58.4686,0,1,Normal
4,0.902972,28.0568,0.290783,1,Normal
6,-0.463257,51.1016,0.660605,-1,Warning
22,1.8972,43.9905,0.318844,1,Normal
22,-0.54244,57.6096,0,-1,Normal
17,0.0408672,34.4161,0.219596,1,Normal
22,-0.345898,12.2491,0.393236,-1,Normal
11,-0.217308,78.2305,0.27361,-1,Normal
13,2.23175,1.84949,0.756794,1,Normal
19,2.97971,37.4287,0.612285,1,Normal
5,0.357561,46.5623,0.233416,1,Normal
23,-0.317788,43.1933,0.181866,-1,Normal
5,1.35558,64.6963,1,1,Normal
22,-0.212748,34.4552,0,-1,Normal
22,0.852316,29.679,0.399599,1,Normal
10,3,36.1795,0.725856,1,Normal
10,-0.443879,15.4943,0.287839,-1,Normal
14,-0.726933,25.2297,0.0163453,-1,Normal
15,-0.330449,42.3569,0.231459,-1,Normal
16,-0.231697,66.6193,0.0913606,-1,Normal
8,0.208827,29.9334,0.305723,1,Normal
2,0.352488,32.9286,0.351016,1,Warning
12,-0.161422,40.4709,0,-1,Normal
11,-1.5011,40.8625,0.581916,-1,Normal
1,3,58.9923,0.843242,1,Normal
18,0.588102,26.3337,0.322196,1,Normal
17,-0.25275,41.695,0.0431728,-1,Normal
3,0.262621,66.2267,0.083526,1,Normal
17,1.32697,43.9785,0.715351,1,Normal
4,-1.13256,62.3077,0.820273,-1,Warning
14,-0.675384,29.5062,0.0114912,-1,Normal
12,-3.53785,21.7703,0.609002,-1,Warning
3,-0.174901,53.3322,0.36628,-1,Normal
2,0.103135,18.081,0.460185,1,Normal
0,0.0598463,20.9542,0.341556,1,Normal
5,0.324079,33.9665,0.200187,1,Normal
4,1.24192,46.489,0.812165,1,Normal
4,0.618166,57.4459,0.218356,1,Normal
5,-0.815173,59.5889,0.349615,-1,Normal
7,0.596621,47.1227,0.028386,1,Normal
16,0.938914,45.5659,0,1,Warning
19,-0.430741,30.3749,0.376609,-1,Normal
13,-0.614042,0,0.505866,-1,Normal
2,-0.493824,5.57122,0.298332,-1,Normal
15,2.91152,61.1716,0.783447,1,Normal
8,1.1383,22.2125,0.645097,1,Normal
10,0.686042,6.91523,0.0528071,1,Normal
0,0.586711,20.9492,0.633175,1,Normal
7,-2.79463,9.1692,0.950437,-1,Warning
15,2.01842,50.1295,0.914831,1,Warning
7,-1.40492,19.16,0.557008,-1,Normal
20,-1.67114,16.394,0.960899,-1,Warning
10,2.4423,35.5402,0.302559,1,Normal
19,-1.02925,21.1751,0.629708,-1,Warning
9,-2.2715,25.3785,0.927176,-1,Warning
4,-0.162421,56.9031,0.293335,-1,Normal
18,-1.22032,19.397,1,-1,Warning
9,-4.06812,41.0453,0.160838,-1,Normal
3,2.85595,44.3745,0.548495,1,Normal
4,-0.122476,35.8592,0.242958,-1,Normal
19,-0.873896,43.1964,0.427018,-1,Normal
21,-2.42699,15.5971,1,-1,Warning
2,-1.95584,79.3662,0.962588,-1,Warning
22,0.0728033,0.0707625,0,1,Normal
14,-2.88014,15.2229,0.370334,-1,Normal
14,1.34438,31.8145,0.510599,1,Normal
11,0.344275,0,0.105955,1,Normal
14,2.00695,55.1696,0.673583,1,Normal
14,-1.78415,25.4636,1,-1,Warning
18,-1.69255,36.1685,0.800679,-1,Warning
3,1.63218,5.6237,1,1,Warning
5,0.642071,5.15649,0.0545433,1,Normal
17,-0.492607,41.8247,0.0930335,-1,Normal
20,1.12694,18.3717,0.974877,1,Normal
19,2.0972,62.6928,0.658442,1,Normal
18,1.73733,59.4842,0.815102,1,Normal
4,0.420271,69.9037,0.323121,1,Normal
13,-3.24529,59.0421,0.952388,-1,Warning
0,-1.17073,33.938,0.760299,-1,Warning
17,1.72495,43.4805,0.739406,1,Normal
19,-1.84142,74.2206,0.84566,-1,Warning
18,1.24145,3.51512,1,1,Normal
8,-0.0973955,8.14757,0.203395,-1,Normal
21,-2.67979,47.0027,0.791169,-1,Warning
8,-0.625699,18.6398,0,-1,Normal
21,-2.37691,47.3477,0.735437,-1,Warning
16,1.51373,35.312,1,1,Warning
18,-2.2668,0,1,-1,Warning
13,0.455614,25.3121,0.0877477,1,Normal
0,2.46344,66.8692,0.655213,1,Normal
9,0.826204,29.7585,0.393277,1,Normal
9,0.599725,46.7419,0.578535,1,Normal
18,1.6635,40.8769,0.885496,1,Normal
4,0.943242,29.7703,0.403079,1,Normal
16,0.753279,30.569,0,1,Normal
3,-2.69455,51.3513,0.970308,-1,Warning
9,-0.840864,48.9174,0.61974,-1,Warning
11,0.163285,6.34057,0.313364,1,Normal
13,0.665752,39.8743,0.352585,1,Normal
16,-1.31018,43.1607,0.436344,-1,Normal
14,2.82622,67.7998,0.823858,1,Normal
6,-1.5064,24.4687,0.687435,-1,Warning
6,0.809279,86.4734,0.352645,1,Normal
2,2.13978,0,0.905123,1,Warning
11,3,45.0919,1,1,Warning
9,-0.275365,40.4087,0.478364,-1,Normal
0,-2.6149,60.8023,1,-1,Warning
0,-2.69176,45.33,1,-1,Warning
6,-0.115861,27.0538,0.651812,-1,Normal
0,2.64537,30.6567,0.522245,1,Normal
9,-2.91016,14.8198,0.654647,-1,Warning
3,3,30.0984,0.311584,1,Normal
2,-2.84667,22.7233,1,-1,Warning
22,-0.748274,42.7151,0.167154,-1,Normal
5,0.239498,31.1136,0.489261,1,Normal
10,-1.67647,46.9101,0.970789,-1,Warning
10,0.177806,6.33958,0.445811,1,Normal
2,0.138904,56.7575,0.356978,1,Normal
1,-1.667,18.0573,0.331929,-1,Normal
10,0.199923,43.7879,0.585654,1,Normal
18,2.97477,20.1751,0.80314,1,Normal
16,0.467141,12.6551,0.0930185,1,Normal
9,1.20649,49.2697,0.787187,1,Normal
21,0.384764,28.549,0.0296117,1,Normal
2,1.66099,38.2758,0.765759,1,Normal
9,0.20798,46.8678,0,1,Normal
7,1.30703,8.18529,0.965203,1,Normal
14,0.131266,61.4952,0.37503,1,Normal
4,0.952536,50.7707,0.0820763,1,Normal
8,0.633119,0,0.311862,1,Normal
13,3.14296,27.5468,0.851086,1,Normal
12,0.585101,46.4585,0.272646,1,Normal
0,-2.81014,51.4396,0.412876,-1,Normal
9,-1.71799,18.7267,1,-1,Warning
3,0.122241,37.998,0.335633,1,Normal
5,0.809028,49.9031,0.113021,1,Normal
13,-2.60191,72.0322,0.820543,-1,Warning
21,-2.88868,0.543063,0.940771,-1,Warning
8,-2.13399,44.6913,0.62464,-1,Warning
16,-3.78203,29.9665,0.56808,-1,Warning
4,0.161272,39.994,0.162605,1,Normal
10,-0.256424,65.9019,0.108221,-1,Normal
4,0.627245,68.4301,0.590768,1,Normal
17,-1.19968,60.8514,0.817102,-1,Warning
6,-0.839112,17.1389,0.165743,-1,Normal
12,0.647706,49.3543,0,1,Normal
15,-0.675959,30.7837,0.757672,-1,Warning
20,2.22439,37.9346,0.639028,1,Normal
14,-0.902431,38.4757,0.63629,-1,Warning
2,0.0982188,28.3133,0.211489,1,Normal
6,-0.365728,71.0949,0.370526,-1,Normal
14,2.30609,46.8655,0.566741,1,Normal
2,-1.93377,59.1741,1,-1,Warning
22,-2.4648,33.8185,0.615164,-1,Warning
11,-2.11799,30.4793,0.781101,-1,Warning
3,2.02134,27.8823,1,1,Warning
22,0.888434,59.452,0.677046,1,Normal
22,-1.49538,18.7552,1,-1,Warning
7,1.68888,22.8164,1,1,Warning
22,-0.0394472,17.8411,0.115446,-1,Normal
11,-1.89065,36.426,0.494775,-1,Normal
20,-1.44339,29.0355,0.0663834,-1,Normal
8,-2.34805,28.9177,0.594301,-1,Normal
0,0.485796,41.4963,0,1,Normal
16,-0.162723,60.1954,0,-1,Normal
22,-0.569746,55.0708,0.348716,-1,Normal
0,-2.46343,41.8738,0.459311,-1,Normal
13,0.565669,10.3836,0.0939176,1,Normal
11,-3.17403,3.85747,0.494135,-1,Normal
1,2.7371,0,0.393814,1,Normal
15,1.20571,48.9711,0.788785,1,Normal
12,0.106552,35.7753,0.340854,1,Warning
22,0.0489038,65.7582,0.432727,1,Normal
11,0.895285,47.3324,0,1,Normal
2,-0.188916,52.3161,0.461309,-1,Normal
7,-0.00349873,26.1613,0.203153,-1,Normal
15,1.81839,37.724,1,1,Warning
9,-3.4768,59.6443,0.820804,-1,Warning
1,1.87037,56.227,0.784609,1,Normal
3,-0.29982,8.55023,0,-1,Normal
11,2.62838,32.0739,0.505541,1,Normal
14,-0.176321,50.0625,0.0488803,-1,Normal
8,-0.426502,56.048,0.295485,-1,Normal
10,0.561681,43.4724,0.269021,1,Normal
9,0.152483,33.8476,0.211435,1,Normal
0,-2.23558,83.4362,0.551163,-1,Normal
18,-0.108422,9.89033,0.376308,-1,Normal
12,2.68035,33.1189,0.641898,1,Warning
6,-0.179595,40.894,0.246195,-1,Normal
6,0.198325,36.7936,0.127114,1,Normal
19,2.18493,25.071,0.650517,1,Normal
11,-1.86235,17.6901,0.480301,-1,Normal
0,1.67585,25.0945,0.423446,1,Normal
16,-1.71709,55.3391,1,-1,Warning
11,1.66333,15.5871,0.960009,1,Warning
2,2.56993,49.8652,0.467954,1,Normal
3,-0.52486,65.5857,0.117421,-1,Normal
12,0.35073,47.5375,0.527106,1,Normal
1,2.37092,19.8146,0.879487,1,Normal
19,0.920494,31.5542,0.367002,1,Normal
21,-3.51779,7.3884,0.940685,-1,Warning
13,-0.397384,47.1233,0.423593,-1,Normal
17,-0.141466,43.2526,0.414744,-1,Normal
20,-0.795638,44.8641,0,-1,Normal
12,1.85847,11.3774,0.64916,1,Normal
9,-2.56075,6.48523,1,-1,Warning
18,1.44033,28.4346,0.69062,1,Normal
15,-2.48137,43.9924,0.865567,-1,Warning
5,2.31635,29.8239,1,1,Warning
23,-0.0594196,7.71909,0,-1,Normal
6,0.90239,5.30679,0.06708,1,Normal
2,-2.82984,37.5625,0.510273,-1,Normal
23,0.285246,89.608,0,1,Normal
17,-0.997924,44.5698,0.248352,-1,Normal
20,-1.62728,88.2878,0.988884,-1,Warning
17,1.11138,57.3375,0.809204,1,Normal
22,-0.0874213,51.6203,0,-1,Normal
11,-0.83216,23.159,0.152695,-1,Normal
8,-0.136776,29.7554,0.120946,-1,Normal
18,2.74622,50.9102,0.79679,1,Normal
2,-0.113406,44.9372,0.363381,-1,Normal
8,-0.53375,28.5933,0.861299,-1,Warning
11,-3.10068,48.2849,0.796271,-1,Warning
11,0.321939,36.2721,0.831369,1,Normal
1,1.98938,6.80107,0.545058,1,Normal
20,-0.416203,27.1769,0.0131366,-1,Normal
16,2.87752,16.7316,1,1,Warning
17,-0.276136,7.90027,0.325066,-1,Normal
10,-0.438042,14.9814,0.749055,-1,Warning
2,0.387378,17.4817,0.387714,1,Normal
10,-0.0716804,24.9883,0.381814,-1,Normal
4,-0.48479,48.3984,0.338601,-1,Normal
22,-0.601189,41.4472,0.372979,-1,Normal
8,0.890665,63.5641,0.509163,1,Normal
9,-1.42066,32.8905,0.797535,-1,Warning
10,0.537562,46.5055,0.364788,1,Normal
9,0.0118052,69.4893,0.412266,1,Normal
19,-0.618987,14.6527,0.19495,-1,Normal
18,-1.40947,20.7922,1,-1,Warning
3,-1.04974,31.7998,0.655135,-1,Warning
5,-0.0896734,50.6449,0,-1,Normal
1,-0.414221,1.95481,0.502832,-1,Normal
14,-0.314934,13.4493,0.230885,-1,Normal
15,0.24352,49.3166,0.310055,1,Normal
15,-1.99862,13.5689,0.604637,-1,Warning
4,0.282147,39.3514,0.462125,1,Normal
1,0.344759,37.7209,0.597097,1,Normal
21,0.587539,71.9651,0.384812,1,Normal
7,1.51533,40.5887,1,1,Warning
0,0.363119,60.067,0.361921,1,Normal
21,0.571675,73.1266,0.296363,1,Normal
11,0.566876,66.3595,0,1,Normal
6,3,18.2274,0.902084,1,Warning
1,0.348437,66.8709,0.207316,1,Warning
7,-1.31373,51.5837,0.598768,-1,Warning
23,1.96329,71.4614,0.887109,1,Normal
17,0.64907,0,0.406733,1,Normal
5,-0.719871,101.234,0.349428,-1,Normal
22,-2.35584,48.4823,0.119576,-1,Normal
2,-0.560671,57.3544,0.504491,-1,Normal
11,0.672634,15.4749,0.149233,1,Normal
4,-0.737119,33.5604,0.433139,-1,Normal
7,1.5775,32.8533,0.685984,1,Normal
9,0.732645,2.66929,0.0908027,1,Normal
23,0.26015,23.3577,0.229417,1,Normal
11,-2.27229,38.8124,0.975181,-1,Warning
5,-3.02175,24.4943,0.979926,-1,Warning
18,1.72882,26.9489,0.666496,1,Normal
13,0.525815,45.4289,0.217679,1,Normal
18,-0.455127,46.6035,0.0657786,-1,Normal
6,-3.33608,36.4036,0.797675,-1,Warning
23,1.76153,34.4068,1,1,Warning
4,0.473159,24.5792,0.384419,1,Normal
7,0.709225,61.9068,0,1,Normal
15,-2.16895,0,0.500834,-1,Normal
16,-0.159775,79.7513,0.334886,-1,Normal
14,0.182606,53.9714,0.326548,1,Normal
9,-2.2877,52.6447,1,-1,Warning
0,0.59543,31.8714,0.267421,1,Normal
18,-1.14433,25.2908,1,-1,Warning
0,0.791136,74.1102,0.67718,1,Warning
3,-0.517642,0,0.061712,-1,Normal
12,1.35369,62.4791,0.478919,1,Normal
5,0.556885,60.9694,0.134811,1,Normal
13,2.08702,24.7061,0.936527,1,Warning
23,-3.46328,39.3033,0.94795,-1,Warning
1,0.620916,9.68293,0.2914,1,Normal
10,0.511118,0,0.22984,1,Normal
20,-1.12073,19.4588,0.43515,-1,Normal
0,0.758134,20.0065,0,1,Normal
12,-2.38113,11.0288,0.694664,-1,Warning
11,-1.78415,4.34978,0.941688,-1,Warning
11,-1.04444,24.8819,0.69801,-1,Warning
18,1.25583,0,0.808317,1,Normal
2,-0.316483,31.0804,0.0560567,-1,Normal
6,0.588768,40.201,0.323504,1,Normal
10,-2.14096,57.316,0.698313,-1,Warning
15,-0.188911,30.3409,0,-1,Normal
1,1.87047,48.6716,0.592702,1,Normal
23,2.0524,42.8702,0.770679,1,Normal
5,-2.15257,40.345,0.439573,-1,Normal
13,1.36007,49.3984,0.784121,1,Normal
4,-0.718811,79.9985,0.460663,-1,Normal
4,0.299717,27.7376,0.315125,1,Normal
5,-0.881827,28.0776,0,-1,Normal
8,-1.28916,51.8062,0.563024,-1,Normal
0,-2.93301,47.4362,1,-1,Warning
4,0.792164,30.0657,0,1,Normal
11,-2.58485,19.6851,0.625109,-1,Warning
8,-0.745535,7.70887,0.373614,-1,Normal
22,-3.26976,44.8845,0.664572,-1,Warning
5,3,27.1448,0.438183,1,Normal
0,-2.75738,38.3004,0.453386,-1,Normal
17,0.549296,56.9117,0.434089,1,Normal
11,-0.269418,55.6777,0.173077,-1,Normal
7,2.84655,36.1581,1,1,Warning
15,-0.276644,37.8474,0.35569,-1,Normal
12,-0.0458446,13.1953,0.0272844,-1,Normal
22,0.225259,32.4952,0.396003,1,Normal
14,-0.0675231,32.1847,0.721243,-1,Warning
20,0.961222,47.1297,0,1,Normal
19,2.82229,25.8057,0.621014,1,Normal
19,3.46781,38.7604,0.922784,1,Warning
11,0.705333,27.5658,0.182113,1,Normal
4,-2.62229,54.8521,0.537254,-1,Normal
2,-0.651165,48.9258,0.581095,-1,Normal
15,2.94248,28.4767,0.328093,1,Normal
5,1.75936,33.4088,0.753786,1,Normal
15,2.31848,58.8093,0.38099,1,Normal
9,0.118512,53.7472,0,1,Normal
11,-0.224038,46.3989,0.203924,-1,Normal
11,-0.000323719,51.3273,0.373308,-1,Warning
20,-0.324089,29.7967,0.185839,-1,Normal
6,-3.34502,37.3282,0.598187,-1,Normal
6,-0.120729,57.4476,0.718823,-1,Normal
11,-0.172979,25.7307,0.29445,-1,Normal
21,3.58727,15.1262,0.759076,1,Normal
5,1.64321,48.4155,0.99886,1,Warning
13,-0.369267,20.9738,0.757721,-1,Warning
6,0.0621384,30.3514,0,1,Normal
12,-0.298552,50.5221,0.247018,-1,Normal
13,-2.77113,24.7393,1,-1,Warning
11,0.836902,43.796,0.431615,1,Normal
2,0.0753966,20.6087,0,1,Normal
15,-1.5365,17.7298,0.533641,-1,Normal
5,1.6304,41.1314,0.399221,1,Normal
20,0.237008,13.4938,0.427458,1,Normal
4,0.373436,24.9109,0.0899761,1,Normal
16,-0.690212,19.3933,0.4312,-1,Normal
13,0.115414,19.0828,0.147445,1,Normal
4,1.93055,33.2153,0.441821,1,Normal
22,-3.27238,48.9219,1,-1,Warning
6,2.43109,49.7545,0.728932,1,Normal
4,2.66698,41.2504,0.980156,1,Warning
19,0.844498,7.64751,0.283565,1,Normal
15,-0.358734,16.8246,0.33466,-1,Normal
11,0.235918,22.6703,0,1,Normal
6,1.0208,55.8401,0.679587,1,Normal
11,0.0140168,1.73524,0.142082,1,Normal
14,0.420372,57.118,0.321066,1,Normal
7,-1.56984,47.6292,1,-1,Warning
16,-1.19486,20.1408,0.794165,-1,Warning
22,-0.479058,59.0676,0.512671,-1,Normal
22,0.493668,18.2266,0.281199,1,Normal
3,0.533072,12.1303,0.722874,1,Normal
13,0.108355,32.0129,0.492851,1,Normal
19,-4.06112,41.869,0.934331,-1,Warning
4,0.0227052,34.6177,0.692434,1,Normal
15,-0.61067,26.6552,0.227958,-1,Normal
7,-0.768968,20.4477,0.241793,-1,Normal
20,-2.77528,15.5634,0.741567,-1,Warning
2,0.561972,31.1796,0.419412,1,Normal
1,-1.59082,39.0327,0.354117,-1,Normal
8,-2.45784,31.323,0.503263,-1,Normal
4,0.984274,18.1315,0.930509,1,Normal
4,0.059644,21.825,0.108401,1,Normal
9,0.209075,16.2913,0.28571,1,Normal
15,-1.02547,32.0274,0.601647,-1,Warning
10,-3.94171,21.7894,0.561971,-1,Normal
11,0.387182,16.0083,0.235091,1,Normal
11,0.0565577,6.7889,0.348973,1,Normal
4,-1.716,19.1457,0.210783,-1,Normal
6,-3.42634,19.7869,0.742559,-1,Warning
23,-0.326341,39.2125,0.163308,-1,Normal
11,2.37105,40.3094,0.610175,1,Normal
17,-0.319286,16.1517,0.212681,-1,Warning
13,0.555217,52.856,0.372009,1,Normal
21,-0.457209,18.4021,0.49094,-1,Normal
12,1.55364,65.404,0.833098,1,Normal
11,-0.660551,43.7598,0.213309,-1,Normal
1,-1.05096,43.7,0.983574,-1,Warning
7,2.27756,25.951,0.783347,1,Normal
6,0.0584778,41.4503,0.300712,1,Warning
8,-2.71759,32.8895,0.908726,-1,Warning
5,-1.29098,49.5298,0.810893,-1,Warning
5,2.21041,57.2377,0.836089,1,Normal
4,-0.397168,24.6914,0.20185,-1,Normal
3,1.27013,33.0727,0.808189,1,Normal
4,1.33779,30.4893,0.724124,1,Normal
9,3,63.669,0.469728,1,Normal
4,0.206307,21.2261,0.548061,1,Warning
12,-0.58725,32.9086,0.261443,-1,Normal
9,-0.877466,48.1748,0.455269,-1,Normal
5,-0.353496,10.4192,0.560305,-1,Normal
13,0.844638,68.9774,0.545227,1,Normal
3,-0.730972,34.0197,0.160309,-1,Normal
18,1.11871,91.7022,0.680571,1,Normal
13,2.26486,33.8082,0.639663,1,Normal
12,0.0523233,36.6572,0.417946,1,Normal
14,-2.22555,72.5027,0.78431,-1,Warning
23,-0.179324,23.7757,0,-1,Normal
13,-2.94554,47.0582,0.890213,-1,Warning
0,-1.15249,67.0517,0.378917,-1,Normal
8,-0.973101,86.1804,0.362322,-1,Normal
1,0.333611,63.7446,0.714262,1,Normal
1,0.224085,15.6728,0.112509,1,Normal
11,0.394994,34.6822,0.419032,1,Normal
19,0.288585,70.9033,0.116509,1,Normal
0,1.84541,7.08258,0.975187,1,Warning
17,-0.471502,66.7328,0.535509,-1,Normal
4,-0.594342,8.97124,0.181362,-1,Normal
15,-1.10505,6.94922,0.869772,-1,Warning
18,0.00107444,40.5065,0,1,Normal
23,1.58374,76.3055,0.594303,1,Normal
9,-1.79837,23.1335,0.343152,-1,Normal
11,3,29.4933,0.716054,1,Normal
16,0.620998,62.4935,0.200154,1,Normal
20,3.89028,21.5523,1,1,Warning
9,-1.41198,25.9023,0.011273,-1,Normal
12,-3.28751,43.4504,0.742424,-1,Warning
11,0.604105,13.3507,0.0651575,1,Normal
21,-0.996345,11.2848,0,-1,Normal
10,2.51768,44.1515,1,1,Warning
6,3,49.8289,0.456395,1,Normal
18,2.21185,40.0533,0.99639,1,Warning
12,-0.504707,2.97253,0.259316,-1,Normal
20,-0.555466,82.216,0.23449,-1,Normal
16,-2.12271,49.2196,0.9346,-1,Warning
14,-0.574621,32.4011,0.375516,-1,Normal
23,2.76141,26.0077,1,1,Warning
6,1.0663,69.3588,0.591164,1,Normal
20,0.234688,58.9274,0.356724,1,Normal
21,1.95529,0,1,1,Warning
5,0.831604,37.8607,0.854826,1,Normal
5,-1.94596,42.5806,0.819964,-1,Warning
8,-0.309919,21.0155,0.080033,-1,Normal
14,-0.149442,34.2346,0.134553,-1,Normal
13,-2.58064,38.7883,1,-1,Warning
10,2.48372,42.8913,0.337919,1,Normal
22,0.05844,27.4208,0.431383,1,Normal
15,0.503258,61.7787,0.426379,1,Normal
15,-1.88529,38.4526,0.906894,-1,Warning
20,0.175233,64.6971,0.124669,1,Normal
19,0.0130653,56.1982,0.150559,1,Normal
7,1.38698,38.4314,0.690697,1,Normal
13,3.93462,52.183,0.895617,1,Normal
16,0.714246,18.067,0.172663,1,Normal
2,-0.178148,33.6716,0,-1,Normal
23,-0.494434,70.5121,0,-1,Normal
18,1.68319,4.03729,0.516086,1,Normal
8,-0.219014,16.8954,0,-1,Normal
10,0.499037,35.7064,0.421787,1,Normal
14,0.151764,17.6893,0.117573,1,Normal
8,1.22374,43.943,0.413754,1,Normal
15,-2.43623,30.7272,0.989812,-1,Warning
4,0.502304,19.2532,0.190107,1,Normal
3,2.47533,71.1754,1,1,Warning
2,-0.940215,12.7522,0.837178,-1,Warning
7,1.70278,99.534,1,1,Warning
1,0.717609,1.64203,0.130586,1,Normal
23,-0.0493417,47.8325,0.144872,-1,Normal
7,-0.0775707,16.6369,0.284,-1,Normal
23,-1.88621,25.9571,0.697634,-1,Warning
13,-0.286089,44.9976,0.0160135,-1,Normal
9,3,11.5446,0.866869,1,Normal
11,0.795988,43.4888,0.444737,1,Normal
12,0.189527,41.1921,0.384204,1,Normal
10,-2.14898,20.0408,0.990595,-1,Warning
5,0.860516,26.2633,0.0414978,1,Normal
9,-0.235583,47.0716,0,-1,Normal
20,0.903031,37.3968,0.385642,1,Normal
23,0.316387,119.163,0.165015,1,Normal
21,1.24051,34.2852,0.681879,1,Normal
14,0.0570039,41.4448,0.600748,1,Normal
3,-0.53182,75.6064,0.502996,-1,Normal
11,1.37175,17.5801,0.759107,1,Normal
5,-3.85095,17.8162,0.372577,-1,Normal
6,-1.42069,26.9128,0.8262,-1,Warning
6,-3.84004,44.0767,0.559623,-1,Normal
16,-0.259807,22.442,0.492801,-1,Normal
12,0.401724,55.0289,0.489779,1,Normal
8,0.199654,40.7711,0.491368,1,Normal
13,0.734318,16.9394,0.601761,1,Warning
5,-0.179295,50.1389,0.30196,-1,Normal
13,-0.835882,15.3488,0,-1,Normal
16,-0.124116,33.0329,0,-1,Normal
0,-0.916659,3.73254,0.442513,-1,Normal
12,-0.146083,17.2971,0.55139,-1,Normal
6,-2.22205,40.4306,0.624542,-1,Warning
18,-0.57283,28.975,0.323672,-1,Normal
7,1.84998,52.7811,0.609304,1,Normal
2,2.49483,50.6437,0.693841,1,Normal
6,0.733392,23.2249,0.138349,1,Normal
10,-0.795814,50.4604,0.491587,-1,Warning
6,0.707034,32.8642,0.102021,1,Normal
16,0.650536,43.6976,0.100338,1,Warning
23,-0.951871,43.357,0.352106,-1,Normal
11,0.361904,54.5354,0.595984,1,Normal
18,0.336863,14.441,0.517132,1,Normal
13,-0.250647,51.8629,0,-1,Normal
12,0.733841,51.7329,0.470565,1,Normal
11,-2.2312,51.2159,1,-1,Warning
15,1.9098,1.37316,0.519334,1,Normal
3,-2.10295,14.266,0.769048,-1,Warning
15,0.413005,8.04522,0.212849,1,Normal
15,-1.68212,6.52912,0.811637,-1,Warning
22,0.0239124,22.0517,0.535444,1,Normal
13,-2.11271,45.2755,0.837498,-1,Warning
17,0.142082,49.3086,0.443543,1,Normal
8,1.15888,53.992,0.729707,1,Normal
5,0.669406,48.9944,0.364502,1,Normal
1,0.13476,1.44294,0.566129,1,Normal
3,-0.874833,22.8149,0.462158,-1,Normal
9,2.02277,40.3926,0.716805,1,Normal
17,-2.66881,42.9686,0.886615,-1,Warning
5,1.1101,62.8095,1,1,Normal
9,1.62501,19.6622,0.823508,1,Normal
2,0.560554,20.965,0,1,Normal
10,-0.370918,45.1859,0.293961,-1,Normal
6,-0.0762461,59.8197,0.475086,-1,Normal
0,-2.34972,32.0334,0.913261,-1,Warning
7,1.29465,51.8429,0.647351,1,Normal
14,0.513847,38.3451,0,1,Normal
10,2.5238,39.5234,0.576288,1,Normal
3,-0.391236,67.9816,0.170841,-1,Normal
21,-0.274915,5.80851,0.141403,-1,Normal
15,0.225252,29.1191,0.50287,1,Normal
20,-0.187347,17.845,0.150244,-1,Normal
12,-2.18336,66.8448,0.993627,-1,Warning
10,1.04407,32.1841,0.483527,1,Normal
12,-0.693169,8.98424,0.676722,-1,Warning
11,-3.09901,75.4419,0.585292,-1,Normal
13,3.0073,26.7447,0.768263,1,Normal
23,-0.419959,44.6573,0.268644,-1,Normal
13,-4.48421,3.00145,0.619328,-1,Warning
7,-0.357782,71.4649,0.352584,-1,Normal
16,-0.172911,7.48786,0.545056,-1,Normal
1,-0.00948566,54.8487,0.514735,-1,Warning
5,-0.887147,18.3673,0.227418,-1,Normal
9,-0.131234,54.3105,0.693407,-1,Normal
8,0.888978,66.42,0.337266,1,Normal
4,-3.4484,38.3068,0.506926,-1,Normal
15,-0.568514,27.3877,0,-1,Normal
22,3.2896,64.3285,0.524239,1,Normal
15,2.85974,15.3715,1,1,Normal
19,-0.525886,38.5728,0.0049547,-1,Normal
15,1.11226,31.9948,0.861008,1,Normal
3,-3.58358,29.2061,0.520356,-1,Normal
6,-0.483692,12.7739,0.627549,-1,Warning
7,1.60075,19.5703,1,1,Warning
9,-2.32452,50.8384,0.104178,-1,Normal
18,0.412317,10.4638,0.294387,1,Normal
6,-0.782464,52.5325,0.212857,-1,Normal
13,-0.692698,23.6036,0,-1,Normal
7,0.247512,34.6033,0.432792,1,Normal
3,-0.303198,34.5018,0.48658,-1,Normal
5,3,18.2917,0.115937,1,Normal
11,-0.00373827,46.9841,0.474099,-1,Normal
18,1.46977,34.9107,1,1,Normal
12,-0.285108,17.9268,0.100016,-1,Normal
23,0.856523,13.7678,0.0990282,1,Normal
9,-0.942033,13.1337,0.190327,-1,Warning
7,0.186442,0,0,1,Normal
23,2.79681,2.24929,0.611775,1,Normal
14,2.94356,36.3301,0.736867,1,Normal
2,-0.0574603,34.8034,0.423503,-1,Normal
14,-0.515529,54.9016,0.224046,-1,Normal
4,-0.862606,59.9269,0,-1,Normal
22,-0.249961,66.9281,0.294338,-1,Normal
17,2.3696,40.9664,0.523314,1,Normal
10,-3.00329,0,0.982334,-1,Warning
22,1.34451,45.9901,0.452415,1,Normal
18,2.14515,40.0328,0.991867,1,Warning
21,-1.52196,0,0.587718,-1,Normal
17,0.0172746,44.7928,0.394921,1,Normal
8,1.37148,28.3262,0.878167,1,Normal
10,0.370858,28.5198,0.370405,1,Normal
23,0.403345,6.01206,0.20308,1,Normal
17,2.32996,0,0.57591,1,Warning
13,3.40645,31.9137,0.607278,1,Normal
16,0.936457,39.4404,0.175044,1,Normal
1,2.14182,61.5302,0.458861,1,Normal
9,-0.926157,35.0708,0.315927,-1,Normal
5,0.213772,53.8515,0.0915604,1,Normal
6,0.178659,16.5421,0.709251,1,Warning
7,-2.6201,12.644,0.521133,-1,Normal
13,1.00101,49.5963,0.774584,1,Normal
19,-0.0681268,21.3779,0.681691,-1,Normal
22,-0.813503,14.2803,0.317601,-1,Normal
3,-0.703153,40.6802,0.164135,-1,Normal
17,1.53768,0,0.328524,1,Normal
7,0.719029,22.0461,0,1,Normal
3,0.823208,50.2419,0.114619,1,Normal
15,-0.0603937,43.0576,0.229069,-1,Normal
5,-1.04433,18.8985,0.696094,-1,Warning
15,-0.430367,36.9579,0.406748,-1,Normal
4,1.31809,58.8258,0.983438,1,Normal
3,-0.0628466,13.6172,0,-1,Normal
2,1.43177,0,0.933845,1,Normal
13,-0.938276,40.0207,0.327019,-1,Normal
0,1.57987,35.4313,0.414764,1,Normal
20,-2.97474,8.35157,0.711855,-1,Warning
6,-1.38298,7.0456,0.713985,-1,Warning
16,3.51509,51.8803,0.788531,1,Normal
23,-2.31157,8.84716,0.715185,-1,Warning
18,-0.573731,52.7945,0,-1,Normal
20,-3.03213,11.2027,0.823377,-1,Warning
4,0.800745,34.1349,0.709538,1,Normal
9,-0.569267,52.773,0.170894,-1,Normal
12,2.4846,33.2685,0.807997,1,Normal
14,-1.231,46.227,0.865662,-1,Warning
22,-1.16355,34.2874,0.449304,-1,Normal
5,0.832631,51.7855,0.367752,1,Normal
4,2.66168,48.7886,0.737879,1,Normal
14,0.617253,56.909,0.418438,1,Normal
0,-2.58282,33.819,0.673727,-1,Warning
18,-2.77581,24.1904,0.832219,-1,Warning
20,-2.61488,55.3714,0.873547,-1,Warning
16,-2.9554,18.3998,1,-1,Warning
4,0.91094,9.22491,0.158292,1,Normal
7,-0.431197,47.4616,0.244879,-1,Normal
8,-1.34387,47.1697,0.485583,-1,Normal
21,2.38932,61.5318,0.978524,1,Warning
3,0.371254,29.5277,0.207792,1,Normal
12,0.301028,33.9071,0,1,Normal
7,-2.36945,41.1435,0.867219,-1,Warning
13,-0.811862,37.3345,0.527859,-1,Normal
20,1.1147,52.9152,0.711921,1,Normal
19,1.99815,35.0667,0.819452,1,Normal
21,0.135412,42.2819,0,1,Normal
3,-0.165313,20.6926,0.117,-1,Normal
18,0.0876921,27.1197,0.805269,1,Normal
8,2.48491,41.2997,0.910217,1,Warning
18,-1.21402,49.4169,0.962548,-1,Warning
0,0.367515,50.9524,0.277766,1,Normal
3,-0.522081,52.2292,0.230029,-1,Normal
20,-0.717622,30.7115,0.579616,-1,Normal
17,1.28239,48.9507,0.867246,1,Normal
17,-0.17657,32.2736,0,-1,Normal
13,-0.413736,18.1986,0.086644,-1,Normal
15,0.642245,55.4939,0.361354,1,Normal
15,-3.68029,40.7251,0.583111,-1,Normal
0,0.981462,42.9979,0.502395,1,Normal
19,0.942814,52.3638,0.0397663,1,Normal
13,-0.449805,27.0858,0.370413,-1,Normal
5,-2.23214,22.6796,1,-1,Warning
0,-1.00158,37.1632,0.866228,-1,Warning
12,0.806539,7.08153,0.231208,1,Warning
17,3.44386,74.6959,0.883722,1,Normal
6,3,50.6058,0.953617,1,Warning
2,-0.951703,39.0852,0.424389,-1,Normal
4,0.389528,24.0957,0.242346,1,Normal
19,-0.115944,45.8096,0.264025,-1,Normal
19,-2.59086,13.3045,0.890088,-1,Warning
6,2.32544,33.4735,1,1,Warning
3,-0.0968083,54.0142,0.260111,-1,Normal
11,0.310698,49.2004,0.722714,1,Normal
1,-0.560238,39.3987,0.0509133,-1,Normal
2,-0.104523,32.0336,0.492699,-1,Normal
13,-0.388274,47.8936,0.307011,-1,Normal
8,-0.566192,51.4053,0.179427,-1,Normal
5,0.0515775,0,0.134801,1,Normal
21,0.481498,62.5681,0.0479728,1,Normal
7,-0.237574,28.3551,0.211553,-1,Normal
20,0.817599,25.6106,0.613351,1,Normal
23,1.47472,26.009,0.456104,1,Normal
7,2.54885,0,0.253399,1,Normal
9,-0.644437,39.6097,0.573052,-1,Normal
12,0.0907239,13.6428,0.215984,1,Normal
1,-3.67595,30.7001,0.669341,-1,Warning
5,-0.00461122,53.6647,0.387525,-1,Normal
17,3.21785,62.164,0.575944,1,Normal
13,0.0120778,12.8062,0.18765,1,Normal
23,-1.51236,49.2408,1,-1,Warning
23,-2.14719,22.4437,0.64084,-1,Warning
4,-0.397162,38.5121,0.420871,-1,Normal
2,-0.638179,16.3318,0.445523,-1,Normal
16,1.03468,69.3277,0.932771,1,Normal
6,-2.09579,11.4506,0.689049,-1,Warning
4,-0.0120829,58.109,0.268501,-1,Warning
21,-0.145353,75.6794,0.148433,-1,Normal
6,-1.386,20.1748,0.274705,-1,Normal
1,0.506323,17.678,0.0147967,1,Normal
3,0.703504,40.8041,0.50486,1,Normal
0,0.386052,21.8895,0.32065,1,Normal
14,2.55398,71.249,0.737721,1,Normal
13,-0.174069,11.5493,0.37297,-1,Normal
14,0.0561586,0,0,1,Normal
7,-0.00799219,46.0445,0.330276,-1,Normal
6,0.932101,13.8164,0.0343451,1,Normal
23,-0.124002,82.8948,0,-1,Warning
13,1.30038,50.6883,1,1,Normal
3,-2.67327,12.3361,0.652732,-1,Warning
19,-0.39946,28.1894,0.524476,-1,Normal
15,-0.162746,44.8434,0.229939,-1,Normal
21,-0.389258,29.2335,0.459655,-1,Normal
17,-1.05149,63.7342,0.701694,-1,Warning
7,-0.188185,56.7674,0.0837837,-1,Normal
16,0.170781,44.4001,0.155422,1,Normal
9,-2.97178,25.0267,0.457246,-1,Normal
5,0.0590726,63.6337,0.486221,1,Normal
8,1.09777,18.8454,0.942805,1,Normal
22,-3.41121,27.7142,0.626614,-1,Warning
6,0.615299,27.627,0.104951,1,Normal
18,0.686713,56.4655,0.183429,1,Normal
22,2.83449,31.8975,0.912595,1,Warning
18,-0.820012,35.5081,0.200468,-1,Normal
2,0.86713,56.4733,0.120369,1,Normal
17,-2.31442,23.457,0.407055,-1,Normal
14,-1.20865,21.9258,0.678492,-1,Warning
1,2.13433,61.7324,0.929798,1,Warning
12,2.85869,60.8151,0.640176,1,Normal
15,2.42323,0.027391,0.504231,1,Normal
1,0.908808,0,0.257647,1,Normal
21,0.326244,67.1094,0.174992,1,Normal
17,-0.350329,36.2734,0.468213,-1,Normal
12,-0.404726,38.3389,0.740832,-1,Warning
12,2.39647,19.8941,0.517346,1,Normal
7,0.178175,60.7188,0.361634,1,Normal
22,-2.33693,38.9778,0.730249,-1,Warning
22,-2.28066,82.0648,0.39292,-1,Normal
2,-1.87567,43.517,0.614958,-1,Warning
9,0.231718,0,0.580319,1,Normal
13,4.6775,49.4918,1,1,Warning
1,0.988748,49.5339,0.531676,1,Normal
18,-0.605613,27.9537,0.33691,-1,Normal
16,-0.0784744,36.0487,0.0771516,-1,Normal
8,2.59052,31.5949,0.715605,1,Normal
5,2.33012,39.5227,1,1,Warning
1,0.540961,0,0.297711,1,Normal
4,-0.424132,69.5605,0.256862,-1,Normal
11,0.028365,0,0,1,Normal
7,0.124121,64.0299,0.397321,1,Normal
22,0.106382,18.0032,0.587514,1,Normal
6,2.32594,83.3758,0.618647,1,Normal
14,-1.69499,35.2011,0.809686,-1,Warning
2,0.314808,80.2979,0.249627,1,Normal
12,-2.96531,33.8651,0.548292,-1,Normal
1,2.94772,32.1176,0.760641,1,Normal
20,0.447664,0,0.151688,1,Normal
4,-3.13666,10.5289,0.488426,-1,Warning
15,-0.55557,43.7707,0.32424,-1,Normal
10,-0.549169,50.5799,0.227775,-1,Normal
18,-2.15732,26.7406,0.449136,-1,Normal
2,1.86877,20.878,0.885614,1,Normal
6,2.47327,5.81884,0.71233,1,Normal
5,-0.865995,0.487793,0.155415,-1,Normal
0,-1.34043,18.428,0.952475,-1,Warning
3,0.708244,23.8528,0,1,Normal
23,0.195567,44.7641,0.589348,1,Normal
21,1.72004,43.8986,0.49406,1,Normal
10,0.56792,66.1553,0.542787,1,Normal
19,-1.69741,43.4318,0.119111,-1,Normal
20,-1.50473,51.077,0.810585,-1,Warning
21,-0.734169,43.5951,0.00125816,-1,Normal
18,2.46853,45.8279,0.170554,1,Normal
16,3.04171,8.36487,1,1,Warning
23,0.289847,52.3782,0.184855,1,Normal
7,0.0253298,31.6075,0.535519,1,Warning
12,-2.56468,0,0.467862,-1,Normal
6,2.72955,58.5379,0.932235,1,Warning
13,3.14459,19.7602,0.981393,1,Warning
15,-1.15279,37.795,1,-1,Warning
9,-0.0140905,11.0466,0.19447,-1,Normal
6,2.23906,10.0576,0.29987,1,Normal
21,2.42941,61.5989,0.228643,1,Normal
13,-2.61164,37.8781,1,-1,Warning
8,2.58583,69.5266,0.561306,1,Normal
0,1.43531,10.4728,0.824302,1,Normal
17,0.549445,18.8558,0.580114,1,Warning
0,0.701869,43.2416,0.0576746,1,Normal
0,0.868454,49.0049,0.297091,1,Normal
5,0.19624,89.8966,0.106279,1,Normal
12,-3.54541,42.77,0.588138,-1,Normal
15,1.504,47.5522,0.528355,1,Normal
14,-2.91577,57.3524,0.79696,-1,Warning
11,-2.37807,27.353,0.5897,-1,Normal
13,-2.37301,28.6876,0.289145,-1,Normal
5,1.37083,61.137,0.639507,1,Normal
12,-2.22365,0.940531,0.398652,-1,Normal
0,0.0670154,60.6636,0.306412,1,Normal
6,-0.505734,45.847,0.0739491,-1,Normal
10,0.566884,21.3707,0.243387,1,Normal
12,2.42925,8.13825,0.874906,1,Normal
0,0.317036,29.2245,0,1,Normal
3,-0.813873,33.3919,0,-1,Normal
11,-3.6411,41.0799,0.961686,-1,Warning
0,2.81669,12.4143,1,1,Warning
15,0.205743,16.1919,0.141863,1,Normal
8,-1.32313,28.9835,1,-1,Warning
22,-2.96303,47.4397,0.863759,-1,Warning
7,-3.28656,85.5651,0.828912,-1,Warning
1,-2.21277,0,0.293753,-1,Normal
16,1.59,0,0.420676,1,Normal
3,2.44152,46.4325,0.498022,1,Normal
9,0.00411541,48.3799,0.298032,1,Normal
0,1.08578,38.9027,0.972145,1,Normal
15,0.0145722,43.905,0.215774,1,Normal
22,1.82406,57.2956,1,1,Warning
8,-0.638643,29.4435,0,-1,Normal
11,1.31363,26.2862,0.796046,1,Normal
14,-0.559052,35.0798,0,-1,Normal
18,-0.406345,30.9419,0.128477,-1,Normal
20,-0.904983,7.23185,0,-1,Normal
1,-1.53922,43.3292,0.579115,-1,Warning
14,3.12254,15.8208,0.893638,1,Normal
6,3,21.2204,0.822357,1,Normal
0,-2.07333,61.4616,0.763919,-1,Warning
21,-2.41756,51.1424,0.163007,-1,Normal
8,-2.34828,37.4972,0.668793,-1,Warning
13,-0.0215855,66.5223,0.385581,-1,Normal
17,-0.625205,50.7095,0.0286953,-1,Normal
22,-0.534062,45.5152,0.125626,-1,Normal
2,0.545213,11.4389,0.205426,1,Normal
0,-0.842108,26.1855,0.611078,-1,Warning
12,3.56787,27.0858,1,1,Warning
5,-2.3308,19.2275,0.893347,-1,Warning
7,0.246747,20.5701,0.36897,1,Normal
23,-2.13012,39.9702,0.985036,-1,Warning
5,0.564461,21.3867,0.158595,1,Normal
20,-0.855707,28.9025,0.0588393,-1,Warning
16,1.37649,14.7256,0.698315,1,Normal
16,0.0507664,31.6852,0.419108,1,Normal
14,-0.823163,71.0307,0.511907,-1,Normal
16,0.836082,42.7364,0.377564,1,Normal
1,-1.19311,44.4742,0.417811,-1,Warning
23,-0.457422,54.2366,0.545498,-1,Normal
14,0.693058,48.1093,0.216691,1,Normal
3,0.514009,50.3999,0.317101,1,Normal
6,-2.44294,49.62,0.588051,-1,Normal
10,0.824996,55.4321,0.211781,1,Normal
21,0.21732,36.0113,0.277408,1,Normal
18,0.24296,26.662,0.00167343,1,Normal
21,1.4625,4.49953,0.810745,1,Normal
18,1.49001,18.2145,0.806463,1,Normal
22,0.606122,23.7875,0.355706,1,Normal
22,1.2838,59.7528,0.39784,1,Normal
8,-0.689503,55.4878,0.104524,-1,Normal
6,-0.970923,39.2207,0,-1,Normal
14,-1.7928,28.1894,0.649919,-1,Warning
0,1.32768,34.3359,0.41544,1,Normal
7,3,60.354,0.681369,1,Normal
14,-0.38944,14.4795,0.268214,-1,Normal
11,0.0912637,43.4097,0,1,Normal
18,-0.177389,34.2271,0.0501066,-1,Normal
15,-0.0216049,0,0.159724,-1,Normal
9,0.811754,45.4139,0.372009,1,Normal
0,1.28341,51.8148,0.48983,1,Normal
11,2.28851,37.4099,1,1,Warning
5,-0.722492,14.4158,0,-1,Normal
19,0.203615,19.848,0.534265,1,Normal
3,1.69632,36.915,0.804585,1,Normal
4,0.53298,58.9014,0,1,Normal
2,-3.31937,38.4338,0.393186,-1,Normal
23,0.388326,26.4064,0,1,Normal
21,-0.318422,17.7484,0,-1,Normal
15,-0.592141,46.1421,0.645222,-1,Warning
22,2.42858,2.45775,0.862621,1,Normal
6,-0.559137,41.4056,0.264116,-1,Normal
17,0.750306,9.42498,0.128601,1,Normal
11,0.708159,28.0409,0.0907807,1,Normal
10,0.862495,56.6592,0.0804944,1,Warning
14,-0.096853,0,0,-1,Normal
9,2.02556,10.8259,0.799258,1,Normal
22,1.09919,39.1148,1,1,Normal
23,-0.541024,49.1017,0.285737,-1,Normal
20,0.349841,28.7903,0.151745,1,Normal
8,-0.680171,43.7637,0.282467,-1,Normal
7,-0.0699009,34.0031,0.0524278,-1,Normal
4,-0.420306,33.3294,0.672683,-1,Warning
16,0.234473,48.1479,0,1,Normal
4,1.31357,44.3725,0.677033,1,Normal
3,0.363115,42.4144,0,1,Normal
15,-2.04698,46.1625,0.937169,-1,Warning
4,-3.04776,0,0.942635,-1,Warning
8,-0.482753,38.7839,0.0379287,-1,Normal
21,-1.73386,48.7737,1,-1,Warning
19,0.00673925,24.4003,0.284512,1,Normal
16,-0.53786,21.7274,0,-1,Normal
4,-1.64735,51.611,1,-1,Warning
0,-0.0481979,21.1887,0.442341,-1,Normal
1,-1.97402,51.0713,0.502833,-1,Normal
0,-0.535071,19.1198,0.36383,-1,Normal
8,0.367608,43.721,0.248184,1,Normal
21,-2.72788,50.2548,0.793718,-1,Warning
12,1.1015,37.9665,1,1,Normal
21,0.577572,44.4832,0.260808,1,Normal
9,-0.690847,46.6233,0.292072,-1,Normal
15,2.17277,46.0355,0.424842,1,Normal
11,-1.86978,1.50882,0.934213,-1,Warning
18,0.204376,19.321,0.237301,1,Normal
5,0.530654,18.5584,0.557268,1,Normal
19,-3.99811,17.3017,0.905441,-1,Warning
21,-1.25034,27.6788,0.66508,-1,Warning
2,0.498343,32.006,0.100563,1,Normal
7,-0.613851,11.1218,0.394453,-1,Normal
10,2.43486,10.1073,0.607934,1,Normal
19,-0.85416,54.7035,0.0346308,-1,Normal
9,-0.65858,27.2816,0.231632,-1,Normal
18,-3.54279,23.7394,0.817761,-1,Warning
17,2.33211,33.1687,0.274815,1,Normal
22,-3.49663,41.3814,0.907168,-1,Warning
14,0.449566,76.4988,0.401482,1,Normal
7,2.23544,52.2682,0.95642,1,Normal
18,0.520889,59.9841,0.330629,1,Normal
10,-2.77292,28.6431,0.663725,-1,Warning
8,-0.0423322,25.6942,0.180396,-1,Normal
10,-4.54748,11.6817,0.684333,-1,Warning
23,1.10394,51.7803,0.777604,1,Normal
12,0.51301,46.8064,0,1,Normal
13,-0.315616,23.5473,0.33925,-1,Normal
7,-3.69164,32.1766,0.379934,-1,Normal
10,0.788521,32.4168,0.0856071,1,Normal
19,0.032457,34.3545,0,1,Normal
23,-0.338954,31.1927,0.366658,-1,Normal
22,3.2932,12.2591,1,1,Warning
23,0.0191302,26.3716,0.486037,1,Normal
0,-0.225713,28.1017,0.191534,-1,Warning
10,0.722495,70.976,0.542968,1,Normal
13,-1.25669,9.73063,0.366741,-1,Normal
13,1.16793,20.4176,0.634633,1,Normal
5,-2.06159,61.7308,0.595883,-1,Normal
2,-1.48841,17.9113,0.94303,-1,Warning
16,-0.257833,33.4265,0.250873,-1,Normal
11,1.21325,53.5813,1,1,Normal
1,-3.20728,20.2227,1,-1,Warning
14,-1.28334,10.4703,0,-1,Normal
15,0.610083,58.97,0.185699,1,Normal
20,-0.742545,3.36085,0.0615869,-1,Normal
1,-0.369805,52.6607,0.10273,-1,Normal
12,-3.3456,35.4594,0.785058,-1,Warning
15,0.11328,59.0061,0.201242,1,Normal
7,0.31808,29.0942,0.145943,1,Normal
18,2.37478,13.8248,0.717516,1,Normal
4,0.0885217,7.89919,0,1,Normal
5,-3.65172,15.3424,0.699562,-1,Warning
21,0.484349,70.2656,0.1812,1,Warning
13,-0.450115,0.826034,0.582793,-1,Normal
23,0.460931,0,0,1,Normal
17,-0.743068,74.2852,0.200515,-1,Normal
3,-2.55433,14.2175,0.962522,-1,Warning
1,0.877092,13.6679,0.188531,1,Normal
17,-3.19792,45.707,0.833873,-1,Warning
4,0.239382,21.8623,0.607119,1,Normal
21,1.92834,39.0327,0.874823,1,Normal
15,1.09138,45.4078,0.862557,1,Normal
21,0.630005,51.0487,0.408009,1,Normal
3,0.672557,22.9035,0.590945,1,Normal
4,-3.21546,24.2201,0.391578,-1,Normal
12,0.289694,0.294816,0.57591,1,Normal
10,0.454435,32.7029,0.0953068,1,Warning
2,2.88576,47.9551,0.929563,1,Warning
8,-0.438295,30.3149,0,-1,Normal
12,-0.0481436,28.2006,0.241102,-1,Normal
1,2.09939,52.1338,0.857369,1,Normal
0,-1.01363,30.8742,0.536555,-1,Normal
23,-0.0204878,57.6861,0.205534,-1,Normal
17,2.21426,52.6839,0.797088,1,Normal
10,1.00667,0,1,1,Normal
3,-0.245785,59.2907,0.480091,-1,Normal
17,0.351696,51.622,0.261486,1,Normal
13,-0.864546,11.5209,0.033104,-1,Normal
8,0.524908,45.1809,0.5352,1,Normal
17,0.676854,44.3689,0.436422,1,Normal
3,0.0364022,64.3403,0.417953,1,Normal
3,-0.425124,36.0294,0.00363358,-1,Normal
15,-0.812615,19.5399,0.527803,-1,Normal
4,-1.20951,0,0.727982,-1,Normal
10,-0.205849,12.7829,0.272317,-1,Normal
18,1.27806,0,0.763519,1,Normal
11,-0.249981,35.8723,0.405515,-1,Normal
0,2.10734,54.4973,0.85534,1,Normal
2,-0.794113,2.26588,0.351271,-1,Normal
18,0.0957926,47.3432,0.475377,1,Normal
22,-0.787269,0,0.317181,-1,Normal
3,-0.697588,40.6215,0.236242,-1,Normal
22,-2.61301,10.8007,1,-1,Warning
18,2.60689,43.1982,0.72831,1,Normal
17,-0.841638,42.074,0.475321,-1,Normal
17,-0.174606,48.9499,0.422116,-1,Normal
17,0.745823,29.5446,0.371095,1,Normal
16,0.267659,20.3615,0.269886,1,Normal
16,-1.83817,42.7307,0.975928,-1,Warning
7,-2.75301,40.54,1,-1,Warning
6,1.98788,31.3906,0.58498,1,Normal
19,-0.0568837,0,0.0952008,-1,Normal
16,-3.5274,30.0215,0.475117,-1,Normal
18,1.18897,0,0.577383,1,Normal
19,0.316494,50.7668,0,1,Normal
22,-0.629052,44.9532,0.372945,-1,Normal
17,2.68722,22.9772,0.725742,1,Normal
16,2.79663,52.4292,0.86073,1,Normal
4,0.166714,61.0599,0.359312,1,Normal
5,2.87666,32.8445,0.557424,1,Normal
2,-0.182225,36.6381,0.660943,-1,Normal
12,-1.86404,33.6348,0.576854,-1,Normal
12,0.129434,62.8576,0.24964,1,Normal
22,0.167743,37.4732,0.278643,1,Normal
1,2.93227,3.9634,0.721479,1,Normal
12,1.28004,15.4787,0.531234,1,Normal
6,-0.191597,61.3277,0.128604,-1,Normal
5,-1.9369,18.7848,0.365399,-1,Normal
11,2.27917,62.0853,0.735128,1,Normal
7,-0.360897,22.1745,0.280625,-1,Normal
3,0.332381,23.8485,0.454299,1,Normal
8,2.30394,56.1726,0.645011,1,Normal
7,-0.232092,14.096,0.480353,-1,Normal
6,-2.1285,12.9192,0.649367,-1,Warning
11,0.703703,41.9816,0.0521239,1,Normal
19,0.0462535,9.03554,0.0942881,1,Normal
20,-3.00237,56.3089,0.835635,-1,Warning
4,0.957119,25.0847,0.335081,1,Normal
22,0.232407,79.7534,0.221239,1,Normal
6,3,46.5785,0.649166,1,Normal
5,-0.101704,40.9327,0.375102,-1,Normal
13,-0.807552,57.1247,0.571182,-1,Normal
17,-2.01691,48.0656,0.928468,-1,Warning
2,-0.52458,11.5808,0.866479,-1,Warning
8,0.379379,12.6583,0.37824,1,Normal
20,-0.0721943,51.1555,0.188868,-1,Normal
11,2.87,44.6243,0.946014,1,Warning
2,-2.35383,16.8023,0.88008,-1,Warning
2,-0.363369,49.5975,0.485999,-1,Normal
19,1.67465,31.4603,0.714942,1,Normal
22,1.49711,35.3855,0.714513,1,Normal
6,-0.410124,43.1071,0,-1,Normal
13,0.0505879,43.865,0.545164,1,Warning
21,0.896889,52.9716,0.405953,1,Normal
21,-2.50037,35.5277,0.738698,-1,Warning
17,-0.273597,4.76781,0.231049,-1,Normal
3,1.65277,39.3017,0.907019,1,Warning
6,-0.145565,57.7348,0.673549,-1,Normal
6,-0.996991,25.8214,0.604687,-1,Warning
4,-0.231215,0,0.176253,-1,Normal
4,0.595098,41.975,0.588742,1,Normal
2,0.44659,61.2672,0.3847,1,Normal
17,-0.0319267,32.161,0.180541,-1,Normal
10,0.517024,29.4787,0.450279,1,Normal
13,0.523294,0,0.85896,1,Normal
4,3,40.7096,0.561698,1,Normal
16,-0.458397,60.5389,0.447983,-1,Normal
13,0.025186,26.5395,0.193071,1,Normal
18,-1.14318,13.7848,0.753884,-1,Warning
4,2.541,37.1565,0.516383,1,Normal
23,-2.47464,25.4371,0.916537,-1,Warning
16,-0.694684,34.7746,0.248875,-1,Normal
15,3.1253,37.011,0.985763,1,Warning
2,0.861389,0,0.570719,1,Normal
0,-2.39359,34.9955,0.952033,-1,Warning
21,2.98595,27.3307,0.892105,1,Normal
4,1.47778,22.286,0.707277,1,Normal
0,-2.70591,66.8496,0.855352,-1,Warning
18,-0.998727,45.8173,0.457333,-1,Normal
17,-1.75238,23.4198,0.522837,-1,Normal
18,-2.53033,94.499,0.963047,-1,Warning
6,-0.513771,78.9816,0.307783,-1,Normal
12,-2.76409,45.5113,0.634927,-1,Warning
9,0.421729,24.117,0.0313819,1,Normal
10,-0.729516,19.8953,0.0681882,-1,Normal
10,-0.444846,55.1034,0,-1,Normal
2,0.273814,64.8182,0.320785,1,Normal
21,0.583409,28.8692,0.200346,1,Normal
21,0.494064,35.7827,0.225559,1,Normal
4,-0.392493,26.648,0.167375,-1,Normal
18,0.489273,69.5024,0.148162,1,Normal
8,-0.564817,30.6263,0.237379,-1,Normal
5,-1.24781,23.8412,0.547893,-1,Normal
1,-1.51979,60.2831,0.685788,-1,Warning
9,-0.28462,15.377,0.251367,-1,Normal
0,-0.858445,32.1055,0.485481,-1,Normal
12,0.269788,37.6796,0.119554,1,Normal
4,0.391324,29.6764,0.0839807,1,Normal
8,-0.357989,55.1901,0.371382,-1,Normal
16,-0.0250185,39.6291,0.254749,-1,Normal
16,0.358261,58.8452,0.335086,1,Warning
13,-3.80886,18.1405,0.704486,-1,Warning
10,2.88975,53.5586,0.597991,1,Normal
15,-3.48875,51.5886,0.72828,-1,Warning
15,-0.00197461,13.1582,0,-1,Normal
21,0.4221,68.4979,0.419178,1,Normal
9,-0.898652,53.2491,0.226262,-1,Normal
0,2.10373,30.4261,0.760182,1,Normal
17,-0.952585,9.27563,0.410666,-1,Normal
19,-1.5283,32.0028,0.400966,-1,Normal
6,0.0499434,46.9846,0.506653,1,Normal
10,-1.172,25.4922,0.525573,-1,Normal
7,-1.93684,26.2914,0.991034,-1,Warning
11,2.51244,39.582,0.721419,1,Normal
0,1.42697,34.6564,0.860644,1,Normal
4,-2.97055,20.504,0.8924,-1,Warning
10,0.152916,60.7089,0,1,Normal
15,1.01914,6.55727,0.450984,1,Normal
7,-0.200508,47.9315,0.167281,-1,Normal
19,-1.30467,84.6312,0.624428,-1,Warning
9,-0.516223,38.048,0.609401,-1,Warning
22,0.803918,14.5763,0,1,Normal
23,-0.137531,57.5549,0,-1,Normal
20,0.567344,11.9087,0.537472,1,Normal
22,3.11494,42.6831,0.854757,1,Normal
21,-0.488972,38.1012,0.521256,-1,Normal
8,-3.40501,36.8102,0.522597,-1,Warning
9,-0.212451,41.9088,0,-1,Normal
15,1.04698,56.0627,0.464648,1,Normal
22,3.758,34.137,0.621235,1,Normal
15,-1.51764,17.6665,0.71667,-1,Warning
7,0.305413,0,0,1,Normal
0,-0.412931,27.5441,0.00869735,-1,Normal
14,1.17599,13.9894,0.958581,1,Normal
15,2.17584,72.1111,0.485557,1,Normal
18,-2.27434,31.4387,1,-1,Warning
1,-0.121285,24.1497,0.462097,-1,Normal
19,-1.15518,25.9474,0.788184,-1,Warning
14,-2.55028,61.0424,0.467064,-1,Normal
18,-1.62329,22.532,0.883887,-1,Warning
15,0.0181595,43.5554,0.0260361,1,Normal
19,-0.48691,27.4987,0.302801,-1,Normal
6,-2.18706,28.0707,0.855771,-1,Warning
21,-2.50728,25.5652,0.83519,-1,Warning
6,1.46943,16.701,0.976158,1,Normal
0,0.355512,32.5128,0.579703,1,Normal
20,-0.147204,37.2452,0.178381,-1,Normal
20,-2.16116,8.9568,0.670326,-1,Warning
13,0.40926,5.74955,0.434752,1,Normal
14,-0.460626,73.6377,0.256983,-1,Normal
15,-1.48612,42.4826,1,-1,Warning
13,1.63986,59.8838,0.50106,1,Normal
18,-0.700972,34.4785,0.402551,-1,Normal
3,-0.778159,65.2594,0.128311,-1,Normal
21,-0.248298,23.2832,0.339533,-1,Normal
2,-0.410968,13.5145,0.230588,-1,Normal
13,-0.188708,45.7114,0.815691,-1,Normal
0,0.508048,28.2937,0.0103359,1,Normal
21,2.67717,7.54159,0.363544,1,Normal
6,-1.22914,50.5115,0.805605,-1,Warning
6,-0.853617,65.6694,0.475359,-1,Normal
19,-0.687052,41.0781,0.195756,-1,Normal
22,0.777366,24.9497,0,1,Normal
7,-2.73292,36.6377,0.659637,-1,Warning
2,-0.340792,23.2881,0.582676,-1,Normal
7,0.855449,48.3167,0.520416,1,Normal
15,0.38437,0,0.0199285,1,Normal
16,-2.26323,22.1699,0.773303,-1,Warning
17,-1.0448,63.2343,0.901534,-1,Warning
19,1.70627,62.1937,1,1,Warning
11,-2.81612,22.4923,0.59194,-1,Normal
3,-0.294408,39.2911,0.392068,-1,Normal
8,0.791328,25.0194,0.484597,1,Normal
1,0.775039,36.8671,0.712305,1,Normal
19,-3.37713,39.6539,0.729904,-1,Warning
4,-0.1463,38.6103,0.184637,-1,Normal
3,2.56879,6.41646,1,1,Warning
6,0.309281,47.5974,0,1,Normal
5,-0.301579,3.63151,0.183297,-1,Normal
1,1.28433,34.2793,0.546254,1,Normal
4,3,10.4251,0.382871,1,Normal
5,-0.0614827,57.0041,0.163557,-1,Normal
13,2.00113,83.7718,0.763331,1,Normal
10,-0.670205,37.7412,0.651207,-1,Warning
13,-1.28544,70.5916,0.653021,-1,Warning
5,-0.190956,23.7094,0.493469,-1,Normal
19,-0.790667,53.8476,0.240133,-1,Normal
3,-0.548888,68.9118,0.0775597,-1,Normal
4,0.436247,23.4573,0.246469,1,Normal
20,-3.96306,30.0262,0.946064,-1,Warning
22,-2.62968,22.9047,0.874636,-1,Warning
19,-0.215203,56.139,0.54864,-1,Normal
7,2.08884,44.8122,1,1,Warning
11,-2.7306,43.3601,0.978607,-1,Warning
20,-0.631519,33.4685,0.108651,-1,Normal
14,1.91955,27.8404,0.865047,1,Normal
8,-2.82594,37.027,0.651027,-1,Warning
13,-0.801545,70.8028,0.272095,-1,Normal
16,-2.25833,47.4988,0.812727,-1,Warning
3,-0.0947815,31.5116,0.410373,-1,Normal
16,0.911928,31.6109,0.00137503,1,Normal
6,0.2708,55.9921,0,1,Normal
0,-2.8686,60.3379,0.528699,-1,Normal
10,-0.513071,44.452,0.614945,-1,Warning
14,-0.670564,31.9981,0,-1,Normal
9,-1.42388,0,0.808932,-1,Warning
9,-0.387222,61.8904,0,-1,Normal
17,-3.01322,44.8669,0.502393,-1,Normal
11,0.0835144,68.8253,0.406422,1,Normal
2,3,22.0336,0.620923,1,Normal
4,-2.82136,53.6245,0.783552,-1,Warning
6,-0.51378,46.8889,0.203717,-1,Normal
23,0.154263,21.7934,0.104466,1,Normal
5,-0.754813,56.5306,0.164926,-1,Normal
2,-0.0272468,5.81049,0.227046,-1,Normal
13,1.44811,45.4131,0.790718,1,Normal
10,-0.630275,46.9967,0.651747,-1,Warning
7,-0.465906,24.2146,0,-1,Normal
15,0.0895119,83.0787,0.0654735,1,Normal
16,0.846605,60.8336,0.453279,1,Normal
17,-0.980212,43.5758,0.472448,-1,Normal
8,-0.363862,88.3411,0.390398,-1,Normal
2,-0.162111,38.6839,0.0920775,-1,Normal
6,-2.461,52.43,0.184096,-1,Normal
9,-0.734993,43.03,0,-1,Normal
21,3.09783,38.6073,1,1,Warning
7,-0.0149533,53.5188,0.235257,-1,Normal
5,-2.25894,0,0.771714,-1,Warning
2,0.870403,30.639,0.212695,1,Normal
18,-1.91204,36.7792,1,-1,Warning
21,0.663232,34.8226,0.0880164,1,Normal
1,-0.622498,26.6388,0,-1,Normal
21,-0.204828,79.5126,0.288407,-1,Normal
22,0.0311168,57.851,0.438068,1,Normal
19,1.64888,66.3781,1,1,Warning
15,-0.223515,41.9324,0.180111,-1,Normal
9,0.278659,32.5722,0.494242,1,Normal
0,-0.840346,63.9858,0.28894,-1,Normal
5,1.85384,65.8191,0.618804,1,Normal
23,2.89131,35.9512,0.478357,1,Normal
5,0.393907,11.6855,0.204364,1,Normal
11,-0.201244,11.4843,0.262116,-1,Normal
23,0.547682,30.8611,0,1,Normal
15,-0.728457,72.9463,0.51776,-1,Normal
10,1.04355,44.1512,1,1,Normal
10,0.0599098,40.6902,0.460052,1,Normal
6,1.28495,47.6042,0.717679,1,Normal
22,-2.11164,36.8089,1,-1,Warning
2,-0.994225,33.0816,0.359312,-1,Normal
21,-0.0498299,23.8112,0.437308,-1,Normal
13,0.519812,51.8821,0.106584,1,Normal
15,0.0860883,64.2375,0.561087,1,Normal
20,2.83546,26.0345,0.863754,1,Normal
6,0.253937,60.4902,0.0551304,1,Normal
16,1.85864,6.68253,0.875957,1,Normal
4,1.05624,70.6195,0.813206,1,Normal
12,2.02767,29.6806,0.986149,1,Warning
22,3.27065,63.7283,1,1,Normal
12,-0.125349,41.2483,0.598493,-1,Normal
21,-0.168732,29.1966,0.298893,-1,Normal
4,1.16834,26.4354,0.587489,1,Normal
4,-1.83196,0,0.539299,-1,Normal
16,-0.00455053,48.1462,0.284369,-1,Normal
6,0.817524,0,0,1,Normal
16,0.36131,26.7221,0.528013,1,Normal
14,-2.46767,40.5376,0.945875,-1,Warning
7,-2.81947,35.0798,1,-1,Warning
16,1.2997,39.6475,0.913809,1,Normal
1,0.450762,53.4232,0.33153,1,Normal
8,-2.84904,11.4149,0.480726,-1,Normal
13,0.0428201,41.3166,0.334023,1,Normal
22,-0.741416,33.5542,0.512451,-1,Normal
8,-0.736687,0,0.252878,-1,Normal
14,-2.08605,27.9838,0.503011,-1,Normal
19,-0.671431,24.6465,0.0642888,-1,Normal
20,-2.43448,21.1424,0.576912,-1,Normal
22,0.534608,43.175,0.0747598,1,Normal
13,-0.0856166,48.1339,0.0921817,-1,Normal
17,-2.48164,62.786,0.782237,-1,Warning
11,1.01125,58.5056,0.490491,1,Normal
11,-1.24515,48.1116,0.681138,-1,Warning
11,0.25373,41.5624,0.371516,1,Normal
9,-0.587308,33.8799,0,-1,Normal
13,-3.00334,46.9865,0.971981,-1,Warning
20,0.182467,27.5106,0.633764,1,Normal
21,0.398729,42.5032,0.405006,1,Normal
17,-0.924044,13.9445,0.314885,-1,Normal
6,-0.312082,1.41716,0.52423,-1,Normal
20,0.8998,25.8744,0.345276,1,Normal
7,0.391815,61.9145,0.462191,1,Normal
12,-0.74358,53.4485,0.592965,-1,Normal
23,-0.490849,32.0478,0.376153,-1,Warning
10,-0.491908,40.4726,0,-1,Normal
2,2.90664,61.9154,0.445203,1,Normal
16,-1.23107,10.9144,1,-1,Warning
6,1.11298,17.8209,0.740013,1,Normal
20,-4.50756,28.5279,0.765218,-1,Warning
3,-0.831495,89.7253,0.236419,-1,Normal
2,3,8.83053,0.92956,1,Warning
15,-2.38392,16.8866,0.97479,-1,Warning
13,0.772085,24.9788,0,1,Normal
15,-0.192568,38.4348,0.229272,-1,Normal
19,0.352246,44.3302,0.204143,1,Normal
21,0.585213,52.3851,0.337398,1,Normal
17,0.337726,11.0798,0.447323,1,Normal
17,-1.40934,54.1638,1,-1,Warning
22,0.979403,56.7979,0.101518,1,Normal
0,-1.13555,17.4847,0.504429,-1,Normal
4,0.450809,17.452,0.061933,1,Normal
17,3.5704,38.1566,0.545067,1,Normal
20,-3.36651,46.8151,0.690381,-1,Warning
5,-1.1906,56.6866,1,-1,Warning
8,0.855884,37.8833,0.130652,1,Normal
19,-2.11057,20.3936,1,-1,Warning
4,-1.99423,11.7181,0.846883,-1,Warning
11,0.223942,56.1567,0.0247925,1,Normal
18,-0.370732,52.5587,0.246027,-1,Normal
6,2.52894,6.73081,0.882812,1,Normal
18,1.59753,11.1635,0.610295,1,Normal
9,0.531796,26.6911,0.0111741,1,Normal
17,2.76364,9.03071,0.542484,1,Normal
8,-4.35003,53.8701,0.85503,-1,Warning
23,0.794568,13.409,0.0334497,1,Normal
3,0.752509,94.7134,0.351258,1,Normal
11,-1.58308,52.4255,0.6866,-1,Warning
2,1.0227,30.6108,0.397835,1,Normal
11,1.9515,5.03955,0.556141,1,Normal
16,0.779578,78.5368,0.49346,1,Normal
23,1.61475,28.7439,0.789533,1,Normal
13,-3.94131,19.7395,1,-1,Warning
6,1.28705,66.9619,0.863193,1,Normal
10,-2.96256,50.2752,0.754026,-1,Warning
10,-1.20775,22.5533,1,-1,Warning
20,0.464875,27.9038,0.0472961,1,Normal
10,-0.271675,59.6066,0,-1,Normal
22,0.129589,43.6232,0.261663,1,Normal
19,1.72504,21.8202,0.362454,1,Normal
19,0.722556,19.1891,0.563824,1,Normal
22,-0.86211,6.921,0.132342,-1,Normal
18,-0.515483,60.4605,0.439744,-1,Normal
11,3,13.0227,0.683745,1,Normal
1,-0.923196,6.60714,0.382946,-1,Normal
2,0.261671,53.2058,0,1,Normal
0,1.54807,21.4264,1,1,Warning
12,0.158162,23.0445,0,1,Normal
6,0.701088,14.6039,0.5711,1,Normal
18,-2.02278,30.4577,0.967228,-1,Warning
6,1.3399,37.2056,0.592004,1,Normal
6,-3.24802,12.2095,0.508318,-1,Normal
17,-0.101829,35.0762,0.324165,-1,Normal
0,-0.232217,73.0669,0.584348,-1,Normal
10,0.161699,0,0.0578208,1,Normal
2,-0.309021,36.6136,0.760206,-1,Warning
22,2.03368,50.3724,0.954812,1,Warning
19,-0.316874,41.6292,0.438042,-1,Normal
16,-0.722483,48.507,0.670234,-1,Warning
21,-2.41437,47.7252,0.861299,-1,Warning
23,2.69751,0.368413,0.816398,1,Normal
1,-1.58114,35.8546,0.760782,-1,Warning
1,-0.0146293,0,0.349384,-1,Normal
3,-0.702889,48.4466,0.488787,-1,Normal
15,-0.269514,46.9331,0.0790029,-1,Normal
12,-0.505118,30.2364,0,-1,Normal
13,-0.304979,16.1352,0.22209,-1,Normal
4,0.322412,22.624,0.488676,1,Normal
3,1.85725,46.5403,0.564142,1,Normal
21,1.26147,13.4539,0.247669,1,Normal
0,1.39333,46.7197,0.505589,1,Normal
19,0.732585,33.1026,0.602502,1,Normal
13,2.29675,33.3335,0.0431894,1,Normal
7,1.21856,38.9325,0.665755,1,Normal
21,-0.320432,19.6741,0,-1,Normal
22,-0.879389,19.1424,0.244492,-1,Normal
3,-1.38541,27.1543,0.789836,-1,Warning
18,2.89986,45.299,0.922054,1,Warning
21,-0.186106,0,0.0701624,-1,Normal
22,0.739075,24.8045,0.198671,1,Normal
19,-1.05177,36.2307,0.6677,-1,Warning
14,-0.611685,37.8312,0.261519,-1,Normal
10,3,40.981,1,1,Warning
23,-0.733639,63.8662,0.378652,-1,Normal
10,0.13695,7.72003,0.761709,1,Normal
5,-0.799107,52.4891,0.0778255,-1,Normal
15,-1.11431,36.5775,1,-1,Warning
5,-2.29221,46.5069,0.571634,-1,Normal
2,-2.61842,34.2858,0.917206,-1,Warning
2,1.68978,76.2553,0.992616,1,Warning
23,0.273366,50.3391,0.418306,1,Normal
5,1.03828,27.4024,0.631587,1,Normal
0,-0.124611,65.0526,0.39986,-1,Normal
16,2.53068,19.1655,0.579203,1,Normal
23,-0.650397,34.2844,0,-1,Normal
16,0.374617,14.6176,0.710436,1,Normal
18,-0.933541,38.4659,0.531685,-1,Normal
16,2.99958,40.5736,1,1,Warning
6,-0.126079,32.2914,0.148975,-1,Normal
11,0.273302,31.675,0.0543817,1,Warning
11,0.333813,33.2499,0.142848,1,Normal
0,0.461192,54.5838,0.115067,1,Normal
22,1.04538,21.0128,1,1,Normal
6,0.143548,64.9894,0,1,Normal
17,-2.03246,29.4804,0.930529,-1,Warning
14,-0.317833,39.4064,0.323725,-1,Normal
9,1.35118,15.1859,0.516525,1,Normal
14,-1.91392,29.8973,0.875549,-1,Warning
0,-2.36884,47.0096,0.852836,-1,Warning
2,-1.02153,58.8499,0.620818,-1,Warning
22,-2.6763,2.76072,1,-1,Warning
14,1.25011,56.5355,0.488623,1,Normal
20,3.70531,42.699,0.692826,1,Normal
5,0.724245,34.9141,0.0616917,1,Normal
14,-1.05424,18.6592,0.726286,-1,Warning
0,-0.723095,18.855,0.313178,-1,Normal
4,0.870094,52.7093,0.0590579,1,Normal
2,0.396499,68.4897,0.286757,1,Normal
23,-0.141864,43.3656,0.178351,-1,Normal
4,0.659708,30.4622,0.306296,1,Warning
19,0.794607,44.9189,0.384699,1,Normal
2,0.587129,67.6992,0.29154,1,Normal
19,-1.1153,13.1414,0.705296,-1,Warning
17,-0.683985,0,0.291073,-1,Normal
1,0.410387,25.8024,0,1,Normal
3,-0.536017,42.3833,0.128779,-1,Normal
8,1.42971,35.176,0.505057,1,Normal
17,3.79311,20.2159,0.594128,1,Normal
12,0.801392,24.8887,0.603719,1,Normal
23,2.94131,5.86429,0.961029,1,Warning
3,2.71843,45.0876,0.720632,1,Normal
18,-0.473294,19.9157,0,-1,Normal
15,2.03694,0,0.631227,1,Normal
4,0.364613,58.2914,0.337784,1,Normal
14,-0.225694,44.1769,0.107063,-1,Normal
14,0.104711,23.2446,0.530046,1,Normal
0,0.391713,3.16519,0,1,Normal
2,-0.598213,40.6083,0.247297,-1,Normal
8,-0.380517,52.9301,0.643606,-1,Warning
17,-0.554417,24.0523,0,-1,Normal
10,2.67366,15.7733,0.817093,1,Normal
4,1.1702,37.5682,0.805925,1,Normal
20,0.478961,4.52763,0,1,Normal
20,2.27447,14.5339,0.698877,1,Normal
9,1.32948,11.2156,0.817234,1,Normal
11,0.555472,39.8368,0.478137,1,Normal
5,-0.0193698,37.1808,0.115205,-1,Warning
20,-0.258983,24.1613,0.460503,-1,Normal
10,-1.01325,39.9339,0.859314,-1,Warning
23,-2.65071,48.4924,1,-1,Warning
1,0.229202,63.8802,0.264747,1,Normal
16,-0.486501,40.7098,0.263832,-1,Normal
7,-0.621601,27.0957,0.116669,-1,Normal
17,-0.447672,16.4833,0.115945,-1,Normal
11,-3.8085,47.2322,1,-1,Warning
19,-0.31756,67.1504,0.643295,-1,Warning
12,0.426298,39.9047,0,1,Normal
21,-0.310987,33.2697,0.167937,-1,Normal
5,0.463332,27.3939,0.351988,1,Normal
15,-0.0315751,23.3181,0.224135,-1,Normal
5,1.42744,32.01,0.875046,1,Normal
17,-0.826613,17.5076,0,-1,Normal
3,2.78665,26.2982,0.637745,1,Normal
7,3,0,1,1,Warning
3,2.55071,80.6296,0.835115,1,Normal
20,-1.24717,46.9503,0.488254,-1,Normal
16,0.0388402,20.8494,0.394389,1,Normal
14,0.0567344,19.665,0.265918,1,Normal
13,-0.665596,16.4816,0.11251,-1,Normal
6,-0.0614366,57.952,0.310725,-1,Normal
22,0.527682,54.6793,0,1,Warning
22,2.08647,32.8652,0.561824,1,Normal
17,0.0291154,29.8042,0.418484,1,Normal
15,-0.0394546,56.7325,0,-1,Normal
22,0.709724,45.9057,0.438341,1,Normal
13,-1.47829,64.8462,0.862307,-1,Warning
8,-0.402604,10.7861,0.225523,-1,Normal
7,0.435549,52.995,0.444244,1,Normal
6,2.0852,22.377,0.833439,1,Normal
16,1.25198,14.1868,0.739514,1,Normal
0,-0.548454,23.3977,0.212151,-1,Normal
23,-1.30985,60.4773,0.910194,-1,Warning
8,0.843537,11.467,0.274189,1,Normal
0,1.31196,38.2453,0.663956,1,Normal
21,0.0911892,29.922,0.369174,1,Normal
17,1.51661,0.446342,0.891029,1,Normal
3,1.03934,42.7345,0.670217,1,Normal
14,-1.58875,39.7246,1,-1,Warning
4,3,7.61247,0.75395,1,Normal
17,2.55326,27.3976,0.505236,1,Normal
21,-0.0956338,44.296,0.423259,-1,Normal
23,-1.92249,48.6783,0.783396,-1,Warning
4,-3.07171,66.6632,0.833744,-1,Warning
5,0.429925,42.9266,0.275243,1,Normal
0,-3.09469,34.9671,0.447372,-1,Normal
23,-0.994048,89.7294,0,-1,Normal
10,0.153825,32.3057,0.172433,1,Normal
12,-1.04225,33.4566,0.509715,-1,Normal
7,0.368903,20.1093,0,1,Normal
7,2.4726,17.4199,0.737089,1,Normal
2,-0.435241,46.0389,0.71552,-1,Warning
11,-1.17895,34.4975,0.65974,-1,Warning
8,0.259777,65.7077,0.528038,1,Normal
22,-1.78999,48.6017,0.697788,-1,Warning
15,-0.225606,29.0446,0.30675,-1,Normal
3,-0.533617,19.788,0,-1,Normal
15,0.148395,54.5691,0.432939,1,Normal
16,-2.55421,38.2733,0.874814,-1,Warning
14,-0.0304058,7.50512,0.609908,-1,Normal
13,0.838071,24.0208,0.0715719,1,Normal
7,-0.00830596,45.4115,0.325805,-1,Warning
2,2.7817,44.3821,0.885247,1,Normal
5,3,10.2263,0.711041,1,Normal
22,3.18769,39.2816,0.748883,1,Normal
20,-0.729186,11.2518,0.797925,-1,Warning
12,3.69986,45.0011,0.514104,1,Normal
1,-0.325443,29.2307,0.198595,-1,Normal
3,-1.2871,3.02958,1,-1,Warning
11,0.934231,0,0.566378,1,Normal
13,0.0505686,39.3207,0.44391,1,Normal
14,2.21573,41.7465,0.781398,1,Normal
5,0.890355,7.01279,0.442169,1,Normal
0,-1.01617,1.48234,1,-1,Warning
22,-2.74743,39.2153,0.947729,-1,Warning
3,0.783056,30.6844,0.537258,1,Normal
8,-1.28261,26.8964,1,-1,Warning
20,0.203686,24.6128,0.408112,1,Normal
2,0.713707,60.2338,0.283178,1,Normal
6,1.8242,16.737,0.547898,1,Normal
11,-0.137613,73.7799,0.38907,-1,Normal
13,2.52347,103.716,1,1,Warning
3,-1.17081,37.3736,0.856218,-1,Warning
4,-3.67603,14.3466,1,-1,Warning
4,0.287778,18.4054,0.10398,1,Normal
15,0.492838,36.6571,0.329498,1,Normal
7,-1.94575,35.7692,0.914291,-1,Warning
15,-2.01602,47.3991,0.436349,-1,Warning
21,0.58165,0,0.511643,1,Normal
0,1.56322,17.2417,0.566585,1,Normal
20,-2.83624,0,1,-1,Warning
11,3,0,0.529266,1,Normal
7,3,31.4663,0.764794,1,Normal
8,-0.628329,32.9772,0.271372,-1,Normal
14,-1.05805,29.2571,1,-1,Warning
3,0.71902,8.96296,0.309228,1,Normal
8,0.253613,41.7407,0.0406452,1,Normal
21,3.62733,0,0.723364,1,Normal
5,-2.41778,57.1057,1,-1,Warning
23,-4.28982,32.6759,0.652952,-1,Warning
11,1.12259,47.6446,1,1,Normal
16,0.167863,55.6156,0.31478,1,Normal
12,2.3864,79.8913,1,1,Warning
10,-0.378863,12.2758,0,-1,Normal
0,0.0614149,49.1217,0.861863,1,Normal
23,-1.95841,69.3538,0.78507,-1,Warning
12,-1.80308,29.5616,0.373371,-1,Normal
7,0.455482,43.4427,0.304441,1,Warning
0,-1.75654,18.134,0.441937,-1,Normal
21,0.607684,40.6005,0.665929,1,Normal
19,0.893152,0.591446,0,1,Normal
5,2.83193,70.5402,0.665025,1,Normal
17,-0.541593,45.5541,0.149978,-1,Normal
12,-2.11664,42.4857,1,-1,Warning
8,-0.392489,28.789,0.110824,-1,Warning
11,0.450091,58.4588,0.198324,1,Normal
4,-1.4982,53.0927,1,-1,Warning
20,-0.928819,36.4896,0.383366,-1,Normal
20,-0.493081,27.6495,0,-1,Normal
0,-0.617004,46.3793,0.0372661,-1,Normal
9,-0.556944,51.7257,0.302801,-1,Normal
12,0.852481,38.8378,0.480824,1,Normal
7,-0.239977,17.5653,0.0548804,-1,Normal
13,0.0518191,22.132,0.120444,1,Normal
12,-1.86617,13.7143,0.779461,-1,Warning
14,-0.170443,14.9262,0.0106985,-1,Normal
0,1.44436,33.9389,1,1,Normal
21,0.862921,50.6705,0.3511,1,Normal
12,-0.304071,46.1774,0.280242,-1,Normal
19,1.036,44.9501,0.629759,1,Normal
0,-0.52579,27.1793,0.186022,-1,Normal
1,0.184323,60.3649,0.188556,1,Normal
8,0.638063,52.4452,0,1,Normal
12,0.963239,31.7274,0.363384,1,Warning
2,1.4552,59.6779,1,1,Normal
12,2.88445,13.1382,1,1,Warning
14,-0.0803107,44.7484,0.286796,-1,Normal
13,0.149718,44.8398,0.0824933,1,Normal
18,-3.61788,68.487,0.542841,-1,Normal
19,-0.478529,0.448625,0.0226894,-1,Normal
18,0.172422,22.3668,0.290259,1,Normal
15,-1.1529,6.59376,0.496997,-1,Normal
19,0.0340127,52.5112,0.422427,1,Normal
7,-0.903255,38.6718,0.4104,-1,Normal
12,-0.945244,5.03027,0.230885,-1,Normal
12,-2.96735,57.0204,0.913228,-1,Normal
13,0.427151,26.1166,0.272758,1,Normal
16,2.47847,50.4355,0.201249,1,Normal
4,-0.457261,22.4274,0.456141,-1,Normal
9,-1.87015,37.4287,0.651088,-1,Warning
12,-0.454576,27.7602,0.0911294,-1,Normal
20,2.83889,61.4285,0.766269,1,Normal
16,-4.22067,49.6967,0.778534,-1,Warning
11,0.306196,28.4474,0.216856,1,Normal
10,3,58.501,1,1,Warning
6,-2.81046,56.5049,1,-1,Warning
23,3.73231,64.4379,1,1,Warning
19,-2.50114,31.644,0.751564,-1,Warning
2,0.716261,68.7321,0.200593,1,Normal
11,1.805,37.9815,0.891289,1,Normal
22,-0.239828,33.2653,0.405335,-1,Normal
14,-0.00210896,41.1101,0.365127,-1,Normal
23,-1.04302,29.193,0.839498,-1,Warning
18,-0.314658,33.9072,0.256671,-1,Normal
7,0.59877,72.1953,0.391402,1,Normal
23,-0.901362,54.5185,0.549361,-1,Normal
23,-0.33703,25.7852,0.761883,-1,Warning
21,0.502968,26.5696,0.29889,1,Normal
14,-2.05636,35.5487,1,-1,Warning
6,-2.29733,38.8954,0.772279,-1,Warning
14,1.93299,65.5441,1,1,Warning
7,-0.549671,43.5439,0.216578,-1,Normal
14,0.307328,38.7561,0.568296,1,Normal
12,-3.92262,42.2484,0.995703,-1,Warning
14,-1.48378,21.6149,0.810023,-1,Warning
5,1.03306,44.3863,0.299076,1,Normal
21,-0.0969738,46.7639,0.302302,-1,Normal
4,-0.352462,18.5579,0.523931,-1,Normal
18,2.17375,52.2079,0.882241,1,Normal
3,0.719147,55.0253,0.315784,1,Warning
7,-1.08952,50.6657,1,-1,Normal
6,1.18559,24.6094,0.815036,1,Normal
9,-0.0347756,32.4723,0.359724,-1,Normal
3,1.54494,7.91105,0.636867,1,Normal
1,-1.08478,32.8752,0.958462,-1,Warning
4,0.457821,59.8725,0.259157,1,Normal
10,0.312033,14.6944,0.330939,1,Normal
20,-1.51617,32.191,1,-1,Warning
21,3.31437,0,0.535038,1,Normal
23,-1.7945,17.8952,1,-1,Warning
18,2.95642,0,0.726462,1,Normal
16,2.17928,31.7095,0.836344,1,Normal
5,-0.222307,38.1888,0.359577,-1,Normal
23,1.8475,27.4439,0.6991,1,Normal
12,1.07127,20.2092,0.479558,1,Normal
9,0.958448,39.0232,0.248388,1,Normal
4,-2.39389,38.3239,0.437655,-1,Warning
8,3,34.7146,0.502987,1,Normal
19,-0.198163,79.7154,0.0295987,-1,Normal
13,-0.600042,26.0271,0.17971,-1,Normal
16,-0.17434,30.3667,0,-1,Normal
3,-3.441,34.1419,1,-1,Warning
6,-0.428437,25.968,0.546724,-1,Normal
20,-1.08466,20.1335,0.661784,-1,Warning
21,-0.612182,20.4099,0.0184302,-1,Normal
5,-0.503056,13.2296,0.460586,-1,Normal
21,0.756324,12.3886,0.225522,1,Normal
16,1.00855,27.1869,0.482759,1,Normal
20,0.0181336,53.2551,0.116035,1,Normal
1,-2.33915,41.3262,1,-1,Warning
7,1.18568,0,0.918781,1,Normal
9,1.82764,18.6642,0.563884,1,Normal
20,1.19713,8.71333,0.591308,1,Normal
6,0.0910074,15.8571,0.0850869,1,Normal
1,-0.431867,37.5025,0.101918,-1,Normal
3,0.231953,27.403,0.134195,1,Warning
15,2.62332,16.9329,0.686214,1,Normal
2,-2.22662,52.5869,0.812727,-1,Normal
18,-1.88604,26.9229,1,-1,Warning
5,-0.174183,48.4654,0,-1,Normal
5,1.50839,41.8178,0.870661,1,Normal
8,3,40.9825,0.59489,1,Normal
17,-0.0736282,31.5497,0.13302,-1,Normal
14,2.56478,38.7654,1,1,Warning
15,-3.20253,47.8114,0.580145,-1,Normal
16,0.892725,33.6227,0.710191,1,Normal
19,-0.0745692,30.184,0,-1,Normal
21,-0.337972,41.3346,0.319719,-1,Normal
19,0.230753,24.4454,0.203363,1,Normal
2,-0.215024,22.6139,0.149215,-1,Normal
5,-2.19919,41.8559,0.737979,-1,Warning
1,0.0430068,26.2351,0.515192,1,Normal
6,0.00619973,2.82667,0.242599,1,Normal
13,3.5418,28.6571,1,1,Warning
4,-0.78206,3.73296,0.329363,-1,Normal
17,-0.469755,24.0591,0.232084,-1,Normal
7,2.70888,43.8888,0.624853,1,Normal
15,1.78738,44.6018,1,1,Warning
13,-0.273984,32.1997,0.0822918,-1,Normal
13,3.70481,41.1565,0.562024,1,Normal
20,-2.83496,50.5291,0.614832,-1,Warning
21,0.628494,57.5557,0.239697,1,Normal
23,0.256697,42.04,0.0173162,1,Normal
13,-0.562863,3.64352,0.0578796,-1,Normal
6,-0.768536,83.7698,0.22306,-1,Normal
8,0.100073,29.2977,0.260365,1,Normal
17,1.42243,44.0209,0.539085,1,Normal
9,-0.640636,43.4901,0.103211,-1,Normal
0,-0.554611,44.9914,0.525259,-1,Normal
7,-0.6376,73.4294,0,-1,Normal
0,-0.0596677,34.0058,0.404788,-1,Normal
19,0.216338,26.5585,0.336264,1,Normal
22,0.434433,0,0.239073,1,Normal
19,0.196905,20.0713,0.399233,1,Warning
10,-1.03766,31.0504,0.669649,-1,Warning
11,-2.51288,39.0324,0.649527,-1,Warning
21,0.0576534,32.6768,0.30502,1,Normal
23,-3.21516,43.9457,0.912523,-1,Warning
21,1.28796,34.7424,0.26388,1,Normal
15,-1.97614,42.3011,0.618188,-1,Normal
5,0.397624,47.5574,0.220514,1,Normal
23,1.31584,18.572,1,1,Normal
17,0.891134,49.6022,0.680661,1,Normal
20,-1.01354,37.0038,0.745036,-1,Warning
12,-0.161169,43.5863,0.457537,-1,Normal
21,1.63222,31.6072,0.559844,1,Normal
23,1.36536,13.4357,0.57708,1,Normal
19,0.777753,57.5869,0.17712,1,Normal
8,1.83728,37.0137,0.828303,1,Normal
8,3,64.0975,0.865337,1,Normal
2,0.188122,63.0126,0.27916,1,Normal
5,-3.05587,61.3281,0.586753,-1,Normal
2,0.204115,20.946,0.488164,1,Normal
19,-0.135377,35.5727,0.330525,-1,Normal
5,-0.958265,55.8156,0.130546,-1,Normal
0,-1.39298,72.1012,0.983811,-1,Warning
7,0.14099,85.5922,0.199658,1,Normal
2,0.150347,58.2391,0.313019,1,Normal
2,2.94773,68.686,1,1,Warning
10,-3.15391,1.71538,1,-1,Warning
18,-0.9073,4.66508,0.439419,-1,Normal
1,0.09948,38.5437,0.232043,1,Normal
4,-0.838119,23.2045,0.0894179,-1,Normal
8,3,38.3904,0.842458,1,Normal
9,-0.281336,39.5551,0.494867,-1,Normal
5,0.469314,9.63275,0,1,Normal
19,-0.976155,41.7287,0,-1,Normal
20,0.544773,53.7325,0.424845,1,Normal
11,0.116335,40.2004,0.290099,1,Normal
4,-2.06522,31.9672,1,-1,Warning
9,-3.0197,29.7652,0.892724,-1,Warning
23,3.12661,62.4907,1,1,Warning
11,-0.609426,38.4337,0.336494,-1,Warning
7,0.357015,60.1992,0.509808,1,Normal
22,-1.18423,35.3062,0.760252,-1,Warning
1,-2.7598,60.8734,0.608724,-1,Warning
1,1.12512,27.2041,0.879385,1,Normal
20,-1.41012,32.4804,0.629869,-1,Warning
22,0.0500793,25.233,0.309933,1,Normal
16,0.468034,6.5293,0.404319,1,Normal
18,0.670464,63.5125,0.00465853,1,Normal
6,0.15534,30.6799,0.410383,1,Normal
21,-1.20376,28.8164,0.871167,-1,Warning
22,-2.87646,17.5687,0.717702,-1,Warning
21,0.236071,28.0856,0.378729,1,Normal
10,3,20.4281,0.428722,1,Normal
15,-3.11462,24.3732,1,-1,Warning
3,-0.744532,27.6786,0.413711,-1,Normal
22,-2.49116,31.3301,0.312145,-1,Normal
4,0.6699,37.4698,0.312685,1,Normal
1,-0.756065,66.1568,0.139747,-1,Normal
23,3.62108,68.7308,1,1,Warning
23,-0.756141,62.0945,0.318528,-1,Normal
6,0.0365498,28.0138,0,1,Normal
2,0.256601,38.0131,0.172743,1,Normal
8,1.96585,55.313,0.476898,1,Normal
4,1.54716,14.8843,0.277205,1,Normal
8,2.50512,64.7291,0.707708,1,Normal
2,0.0649382,6.71336,0.0832011,1,Normal
12,-4.05746,19.2601,0.427174,-1,Normal
21,-0.637058,47.0468,0.175433,-1,Normal
22,0.228799,3.39752,0.426171,1,Normal
8,-2.47644,24.4064,0.664791,-1,Warning
14,0.808201,23.5804,0.508549,1,Normal
17,-2.68067,33.5797,0.591602,-1,Normal
6,0.0136205,24.4831,0,1,Warning
0,-1.89581,5.65117,1,-1,Warning
7,-2.12559,47.7698,0.803588,-1,Warning
22,0.220443,48.4583,0.369064,1,Normal
6,-0.0652568,91.221,0.0807579,-1,Normal
22,2.05405,50.5361,0.876457,1,Normal
13,-0.656489,57.5391,0.394239,-1,Normal
2,1.66041,63.5611,0.866629,1,Normal
17,3.55167,27.3403,0.614759,1,Normal
14,-0.370558,24.588,0.446783,-1,Normal
7,-0.128111,57.15,0.00545184,-1,Normal
18,0.405623,7.45621,0.0855566,1,Normal
12,-0.870435,50.6416,0.904336,-1,Warning
13,-0.191166,36.8967,0.677408,-1,Normal
15,0.0948359,20.108,0.0417416,1,Normal
22,-0.907302,69.9491,0.408858,-1,Normal
7,-0.866352,7.61687,0.206323,-1,Normal
16,-0.657854,46.3728,0.361352,-1,Normal
13,0.524475,35.0431,0.401688,1,Normal
10,-0.875183,37.6563,0.136806,-1,Normal
23,-3.90772,25.4245,0.794633,-1,Warning
6,-1.86429,36.1975,1,-1,Warning
5,-1.26822,40.5417,0.891758,-1,Warning
23,0.0388122,31.0316,0.141726,1,Normal
4,-0.165952,39.917,0.794159,-1,Normal
2,0.0427567,19.2113,0,1,Normal
22,-2.37849,46.2015,0.812274,-1,Warning
23,-2.81122,18.2516,0.952422,-1,Warning
5,-0.408973,23.7338,0.398231,-1,Normal
3,-1.07659,47.9952,0.919424,-1,Warning
9,-0.155238,19.9084,0.146148,-1,Normal
9,-0.234182,22.7689,0,-1,Normal
17,-0.197008,36.181,0,-1,Normal
2,1.14549,64.2051,0.7683,1,Normal
10,0.179459,39.937,0,1,Normal
0,-2.57607,87.1724,0.8712,-1,Warning
7,-0.097369,22.2825,0.31902,-1,Normal
13,0.0474483,15.055,0.0439996,1,Normal
21,-0.17481,28.5408,0.2723,-1,Normal
22,-0.0189514,23.5921,0.321904,-1,Normal
17,-0.0658214,40.1253,0,-1,Normal
18,-3.15383,1.38589,0.366269,-1,Normal
4,1.67858,2.58091,0.730355,1,Normal
23,0.968925,33.1246,0.693454,1,Normal
3,0.878221,38.3866,0.260472,1,Normal
10,-1.99108,27.9691,0.80582,-1,Warning
13,0.896927,44.0377,0.413111,1,Normal
9,-1.25063,42.3968,0.753199,-1,Warning
11,-0.730248,25.8516,0.186149,-1,Normal
7,0.252913,34.1576,0.0424055,1,Normal
4,-0.714315,79.7617,0.213225,-1,Normal
20,-0.0288013,16.8249,0.128782,-1,Normal
17,-1.93036,0,1,-1,Warning
14,0.392049,16.0876,0,1,Normal
11,-2.08958,17.7205,0.531615,-1,Normal
22,-1.80867,48.5136,0.761608,-1,Warning
13,2.50515,8.3171,0.310903,1,Normal
3,-0.439893,70.3736,0.495075,-1,Normal
12,-0.632287,27.4842,0.113433,-1,Normal
12,3.14087,11.3635,0.752011,1,Normal
14,-1.07654,51.4207,0.922399,-1,Warning
18,0.817155,16.2289,0.424238,1,Normal
14,-0.0449141,39.3947,0.305536,-1,Normal
13,0.0759202,76.6717,0,1,Normal
21,-1.00704,23.0204,0.735807,-1,Warning
3,-0.444976,42.2999,0.318076,-1,Warning
10,0.294408,23.2642,0.256436,1,Normal
17,-0.0558619,29.0776,0.302316,-1,Normal
23,-1.91966,13.1567,1,-1,Warning
4,-0.311479,22.366,0.0440937,-1,Normal
21,2.34543,54.5712,0.917689,1,Warning
13,1.95901,31.5387,1,1,Warning
19,0.992678,34.3295,0.313125,1,Normal
19,0.202397,24.141,0.207339,1,Normal
15,-0.966609,14.7567,0.215331,-1,Normal
18,-1.19416,27.5724,0.74299,-1,Warning
17,2.16375,43.2927,0.831764,1,Normal
11,-0.108471,9.03401,0.113049,-1,Normal
20,-0.0514102,16.9106,0.199633,-1,Normal
3,0.158373,55.5008,0.0148982,1,Normal
17,-0.413985,51.534,0.107229,-1,Normal
8,2.56394,50.5258,0.76826,1,Normal
21,0.694527,43.5782,0.313586,1,Normal
3,0.00820262,21.5017,0.695754,1,Normal
15,2.08662,28.5141,0.668319,1,Normal
22,-0.228519,28.8806,0.0288444,-1,Normal
9,-2.38644,95.9929,1,-1,Warning
22,2.72016,37.9708,0.433522,1,Normal
21,0.76101,69.6204,0.310377,1,Normal
13,-3.51427,17.0523,1,-1,Warning
10,2.587,43.6523,1,1,Warning
2,0.302935,36.5668,0.259373,1,Normal
9,1.89387,32.9484,0.695407,1,Normal
16,3.22413,29.4612,1,1,Warning
11,-0.98833,26.9567,0.27667,-1,Normal
18,0.697894,28.3249,0.374509,1,Normal
12,2.29888,37.8429,0.865587,1,Normal
14,-0.220227,10.7172,0.248549,-1,Normal
15,3.37708,40.9129,0.750999,1,Normal
0,3,60.7681,0.587049,1,Normal
0,-0.0859205,27.5172,0,-1,Normal
7,-2.45871,7.65838,0.153895,-1,Normal
5,0.734936,33.5572,0.244607,1,Normal
1,-2.29975,21.5863,0.749863,-1,Warning
6,-0.261522,47.9817,0.0894266,-1,Normal
9,-2.6107,47.0228,0.579025,-1,Normal
23,3.0835,52.9087,0.529014,1,Normal
12,0.528842,42.0866,0.234906,1,Normal
22,-0.252762,53.2855,0.350071,-1,Warning
16,-2.60639,18.4706,0.85679,-1,Warning
10,-0.212179,0,0.282703,-1,Normal
13,0.82311,69.0737,0.463543,1,Normal
14,0.224868,7.8823,0.0877502,1,Normal
16,-1.37647,20.6663,0.567932,-1,Normal
2,-0.646242,23.5341,0.591472,-1,Normal
17,-0.376466,56.7863,0.531916,-1,Normal
13,-0.861068,0,0,-1,Normal
16,-0.549111,28.8519,0.537731,-1,Normal
9,1.57836,15.1204,0.864241,1,Normal
15,1.96484,10.8999,1,1,Warning
0,0.707211,21.2904,0.616778,1,Normal
8,-0.199833,39.5098,0.377066,-1,Normal
12,1.17055,20.9014,1,1,Normal
22,2.59885,39.4684,0.780511,1,Normal
14,-0.58295,38.1406,0.295665,-1,Normal
1,-0.194679,61.4562,0.375314,-1,Normal
12,0.0834306,61.8479,0.214273,1,Normal
4,0.559222,70.751,0.52948,1,Normal
13,-3.83052,67.0509,0.575792,-1,Normal
6,0.735671,52.8119,0.386054,1,Normal
13,-3.10767,21.736,0.56211,-1,Normal
6,0.998001,17.0612,0,1,Normal
20,0.271579,65.8062,0.324452,1,Normal
23,0.705296,60.5716,0.4591,1,Normal
15,-0.0526039,29.7194,0.655288,-1,Warning
8,0.464278,34.5067,0.400931,1,Normal
22,-1.88709,74.0339,1,-1,Warning
18,0.121664,11.5042,0.301465,1,Normal
9,-0.761436,13.6366,0.76137,-1,Warning
15,0.0581163,40.5744,0.355205,1,Normal
0,-1.15202,45.4066,0.415653,-1,Normal
1,2.39115,71.5295,0.95251,1,Warning
12,3.40223,55.5599,0.63968,1,Normal
14,0.49594,37.1497,0.312994,1,Normal
19,-0.383923,22.8491,0,-1,Normal
6,-0.0772813,26.4997,0,-1,Normal
5,-0.516402,70.6147,0,-1,Normal
22,3.41092,0.574901,1,1,Warning
16,-0.396652,45.2007,0.0704377,-1,Normal
0,0.58125,26.286,0,1,Normal
0,-0.800368,55.7074,0.054411,-1,Normal
23,0.579705,73.3078,0.313167,1,Normal
3,1.11711,54.5389,0.477532,1,Normal
11,0.530654,25.5899,0.089088,1,Normal
12,0.866784,20.5953,0.274185,1,Normal
9,-0.238895,67.9232,0.63471,-1,Normal
13,0.976083,57.1252,0,1,Normal
18,0.252188,16.9205,0.144619,1,Normal
16,-0.864384,39.8553,0.340312,-1,Normal
15,-0.343992,40.7699,0,-1,Normal
16,-0.169637,31.1886,0.0798738,-1,Normal
15,0.969522,16.7061,0,1,Normal
19,0.663092,52.4014,0.244984,1,Normal
0,0.0869705,41.1821,0,1,Normal
18,-0.166726,63.2766,0.261871,-1,Normal
0,-3.20274,38.475,0.0726291,-1,Normal
8,1.50732,37.0801,0.742681,1,Normal
9,0.197388,26.1821,0.542015,1,Normal
15,-0.196986,32.9783,0,-1,Normal
19,-4.01525,29.6674,0.599385,-1,Normal
2,-1.03022,59.6043,0.947715,-1,Warning
3,-2.19406,49.374,0.376116,-1,Normal
23,0.726169,42.8284,0,1,Normal
15,-2.32981,22.396,0.732617,-1,Warning
4,-2.05728,76.9148,0.881332,-1,Normal
15,-0.978497,30.3793,0.235426,-1,Normal
15,-1.10738,48.7065,0.408022,-1,Normal
10,0.458781,42.7956,0.819151,1,Normal
15,2.39306,42.9007,0.410298,1,Normal
8,-0.462742,73.2415,0.19245,-1,Normal
6,0.708126,48.4073,0.177538,1,Normal
19,-0.653791,17.8475,0,-1,Normal
11,-1.08247,53.991,0.371081,-1,Normal
11,-0.827488,57.5428,0.598531,-1,Normal
11,0.187282,21.8936,0.274548,1,Normal
10,-1.35544,49.7318,0.872624,-1,Warning
16,-2.75345,11.8255,0.983815,-1,Warning
3,1.44967,31.643,0.750642,1,Normal
2,-0.228462,63.7786,0.282484,-1,Normal
16,0.0977916,7.96776,0.0773806,1,Normal
2,-0.455207,0,0,-1,Normal
19,-0.183872,24.6515,0.190092,-1,Normal
19,-0.0295102,7.80972,0,-1,Normal
19,0.266519,36.2493,0.398772,1,Normal
9,-0.548273,19.7213,0.136056,-1,Normal
11,-0.695808,0,0,-1,Normal
16,-0.209496,10.7744,0.335016,-1,Normal
7,0.512749,13.4071,0,1,Normal
6,0.209509,26.1989,0.512409,1,Normal
5,0.67833,0,0.436223,1,Normal
23,1.19314,35.6929,0.995799,1,Normal
17,-1.03543,32.3773,1,-1,Warning
13,-1.04925,1.55117,0.506947,-1,Normal
5,1.11259,19.3238,0.476886,1,Normal
15,-1.35898,21.0658,0.442489,-1,Normal
22,-0.414241,16.395,0.580358,-1,Normal
11,0.282963,34.4545,0.556723,1,Normal
21,-1.08465,68.6438,0.202475,-1,Normal
21,2.96397,32.644,0.594587,1,Normal
23,-0.627277,18.8835,0,-1,Normal
6,0.220782,29.2193,0.210959,1,Normal
17,-0.140998,54.8973,0.169483,-1,Normal
17,0.21637,47.0598,0.488665,1,Normal
13,1.98369,45.2071,0.651287,1,Normal
13,0.34593,16.8528,0,1,Normal
19,-0.609519,9.16333,0.026596,-1,Normal
12,3.84167,55.5351,0.762322,1,Normal
19,0.0168,50.0969,0.30195,1,Normal
19,0.439614,37.7909,0.404235,1,Normal
6,1.01792,31.974,0.658238,1,Normal
1,0.755456,19.4277,0.354891,1,Normal
16,0.318881,48.8192,0.220083,1,Normal
9,-0.724551,32.1483,0,-1,Normal
2,-0.406654,60.0609,0.455435,-1,Normal
18,0.684328,28.4802,0.0811281,1,Normal
20,-0.816903,44.0567,0.156961,-1,Normal
14,0.503089,42.0106,0.434724,1,Normal
11,-0.428987,42.8564,0.112358,-1,Normal
2,2.44993,35.5009,0.804869,1,Normal
14,0.388736,11.9825,0.0216666,1,Normal
12,2.01199,6.769,0.620753,1,Normal
19,-0.566601,32.0793,0.457077,-1,Normal
16,-0.120236,8.73589,0.507164,-1,Normal
18,1.02977,18.0193,0.664114,1,Normal
18,2.87337,99.9934,0.805461,1,Normal
1,3,0,1,1,Warning
12,-2.26639,40.8543,0.7964,-1,Warning
14,4.18237,39.9376,0.65183,1,Normal
4,-0.0962246,70.3248,0.431846,-1,Normal
3,-0.43564,43.0426,0.226284,-1,Normal
10,-0.236049,30.4915,0.730801,-1,Normal
23,-0.128375,20.9077,0.149215,-1,Normal
14,1.46845,0,0.562805,1,Normal
2,0.494837,57.8842,0.522004,1,Normal
17,2.87696,32.4261,0.557317,1,Warning
22,0.642927,27.2263,0,1,Normal
19,-0.0603808,23.9901,0.200448,-1,Normal
12,0.151373,57.5318,0.21893,1,Normal
16,-3.85228,37.3642,0.716287,-1,Warning
12,0.411555,21.9903,0.174036,1,Normal
22,2.37482,27.4429,0.555914,1,Normal
15,0.00565889,47.7755,0.13856,1,Normal
16,1.05836,25.6898,0.726152,1,Normal
9,0.233365,0,0.493867,1,Normal
11,-0.0625598,43.3227,0.281968,-1,Normal
8,-1.6651,7.03163,0.754523,-1,Warning
23,0.922171,34.4389,0.414829,1,Normal
15,-0.338451,38.2178,0.544248,-1,Normal
5,-0.990419,40.4997,0.582546,-1,Normal
14,0.19891,54.3254,0,1,Normal
23,-0.487698,32.0695,0.391775,-1,Normal
18,-1.846,33.1703,0.586376,-1,Normal
14,2.31437,36.2554,0.382079,1,Normal
5,-0.375501,17.0795,0.412008,-1,Normal
1,-0.460691,38.2008,0.147143,-1,Normal
9,0.997491,36.7161,0,1,Normal
13,-0.40915,39.1513,0,-1,Normal
0,-0.0359935,23.6457,0.208338,-1,Normal
11,-0.360964,33.0907,0.159585,-1,Normal
15,1.67195,5.87753,0.501915,1,Normal
8,-1.06175,35.3723,0.481988,-1,Normal
21,1.95449,23.8391,0.700991,1,Normal
6,1.12846,23.1298,0.401018,1,Normal
23,2.75913,18.2184,0.765149,1,Normal
14,-2.85495,45.5031,0.785207,-1,Warning
13,-0.868421,49.0158,0.20155,-1,Normal
22,1.05349,43.9313,0.670538,1,Normal
2,-2.95165,40.0902,0.479642,-1,Normal
9,-1.66381,20.9784,0.759851,-1,Warning
16,-1.93295,52.6693,0.765547,-1,Warning
3,-1.75146,58.1907,0.923738,-1,Warning
7,3,2.04448,0.626951,1,Normal
15,-1.31715,26.1938,1,-1,Warning
13,0.246051,40.8814,0.313041,1,Normal
0,-1.99908,46.8639,0.866538,-1,Warning
23,0.423792,13.1313,0.619153,1,Warning
10,3,0,0.275196,1,Normal
7,0.237189,8.63945,0.474813,1,Normal
7,0.148747,23.9499,0.0225978,1,Normal
10,-2.65209,33.3046,0.44016,-1,Normal
10,-0.541186,65.4261,0.161842,-1,Normal
4,-3.8288,39.4015,1,-1,Warning
14,2.13402,33.7538,0.722054,1,Normal
15,-0.0368757,19.6305,0.312321,-1,Normal
8,-0.237951,53.98,0.539426,-1,Normal
1,0.271389,43.9344,0,1,Normal
17,1.77009,53.9963,0.423986,1,Normal
0,-0.0387576,39.0455,0.238798,-1,Normal
14,0.867755,15.7707,0.656907,1,Normal
17,-0.453802,9.32154,0.168836,-1,Normal
14,0.634566,26.8135,0.192609,1,Normal
3,-0.584591,61.546,0.455351,-1,Normal
13,-3.4135,48.1163,1,-1,Warning
4,-1.83447,31.2954,1,-1,Warning
21,-0.565343,38.6739,0.114189,-1,Normal
20,2.46958,14.5031,1,1,Warning
6,-2.75211,21.0712,0.656735,-1,Warning
3,-0.10156,24.3154,0.543528,-1,Normal
2,0.305323,20.3656,0.227792,1,Normal
6,2.54182,81.5262,0.555859,1,Normal
23,-0.724508,3.45574,0.282298,-1,Normal
13,0.433263,41.5448,0.224836,1,Normal
3,-0.564655,22.0646,0.25488,-1,Normal
20,2.25622,25.318,0.810718,1,Normal
5,0.784193,0,0.257707,1,Normal
10,0.933295,22.3851,0.261008,1,Normal
15,-1.1717,57.4458,1,-1,Warning
11,-0.0973529,2.15746,0.307022,-1,Normal
2,1.3452,41.0053,0.696015,1,Normal
5,-1.12771,2.76318,0.723304,-1,Warning
23,-0.821003,36.7947,0.16922,-1,Normal
9,0.282412,46.2929,0.0304657,1,Normal
4,-2.29592,36.6709,0.622558,-1,Warning
13,0.633511,53.7387,0.862848,1,Normal
17,-0.259844,0,0.274353,-1,Normal
2,2.35733,36.2894,1,1,Normal
9,-0.317366,39.9563,0.44379,-1,Normal
13,1.93309,55.4534,0.748951,1,Warning
19,-3.47626,4.91273,0.98049,-1,Warning
16,-1.23385,52.1647,1,-1,Warning
10,2.67255,18.5253,0.841783,1,Normal
6,-1.51984,14.3524,1,-1,Warning
2,0.455144,44.6292,0,1,Warning
17,0.476019,1.10438,0.471003,1,Normal
8,-1.86716,0,0.910795,-1,Warning
4,-0.0975192,27.9762,0.0944328,-1,Normal
20,1.53532,30.917,0.668311,1,Normal
6,1.76191,50.6953,0.611528,1,Normal
16,0.61457,15.5335,0.0796363,1,Normal
10,-1.90526,61.3659,1,-1,Warning
11,0.329271,46.9859,0.451655,1,Normal
11,0.819058,35.5587,0,1,Normal
17,0.613043,20.8244,0.0285513,1,Normal
14,-0.399185,61.8264,0.74748,-1,Warning
20,0.768451,44.0894,0.551536,1,Normal
5,-1.80765,19.8215,0.467238,-1,Normal
1,-0.387844,47.1122,0.199326,-1,Normal
23,-1.09133,61.6298,0.843953,-1,Warning
20,-0.908045,69.5937,0.769265,-1,Warning
6,-1.00587,31.7361,0.611041,-1,Warning
6,0.460015,55.0438,0,1,Normal
15,-1.00021,40.3241,0.980094,-1,Warning
10,-3.54815,17.6966,0.568615,-1,Normal
16,-0.0501239,48.8511,0.161603,-1,Normal
5,-0.386351,40.298,0.231195,-1,Normal
1,-0.274916,23.1583,0.220358,-1,Normal
12,0.0956759,17.9149,0.174189,1,Normal
19,-0.153368,17.6811,0.147087,-1,Normal
4,1.03819,39.443,0.413929,1,Normal
19,-0.584551,43.4464,0.105445,-1,Normal
19,0.346405,1.55269,0.286502,1,Normal
1,0.894979,43.7564,0.5976,1,Normal
12,-1.63344,18.6501,0.828503,-1,Warning
11,0.142043,1.08123,0.740047,1,Normal
16,-0.436814,10.2216,0.346241,-1,Normal
4,-0.4508,27.1719,0.197852,-1,Normal
12,-1.86395,29.1477,1,-1,Warning
7,-2.1251,48.864,1,-1,Warning
5,0.269279,39.4539,0.372631,1,Normal
20,-0.565934,51.7369,0.378547,-1,Normal
7,-0.57267,26.7057,0.408264,-1,Normal
11,-0.854337,50.5738,0,-1,Normal
11,0.140836,21.5801,0.570948,1,Normal
13,-1.06661,82.4334,0.959304,-1,Warning
23,-1.59435,62.4415,0.819717,-1,Warning
13,0.676885,0,0.142852,1,Normal
18,0.0128328,14.9569,0.028258,1,Normal
13,-0.497492,44.6798,0.364319,-1,Normal
11,-1.20297,24.9292,0.699232,-1,Warning
15,0.243005,17.9624,0,1,Normal
7,-0.595473,25.8154,0.386781,-1,Normal
6,1.56025,42.5905,0.880405,1,Normal
0,1.07361,48.7194,0.750266,1,Normal
5,3,46.219,0.63298,1,Normal
10,-0.204112,55.4853,0.568835,-1,Normal
8,0.735981,41.1466,0.47443,1,Normal
11,0.0192532,26.8138,0.328408,1,Normal
20,2.64632,29.7161,0.561807,1,Normal
13,-0.261151,42.7044,0.0170579,-1,Normal
10,0.0499811,67.0461,0.0979776,1,Normal
23,-0.415763,11.561,0.463657,-1,Normal
0,0.702225,49.4778,0.347208,1,Normal
21,-0.146364,52.5179,0,-1,Normal
1,-1.5789,41.5534,0.916612,-1,Warning
21,0.379472,32.1497,0.290959,1,Normal
4,0.777813,67.0297,0.0232942,1,Normal
21,0.00103168,21.7444,0,1,Normal
17,0.838448,31.9366,0.0503133,1,Warning
11,-3.29595,14.1173,1,-1,Warning
20,-0.155345,17.7471,0.052297,-1,Normal
20,0.0581641,46.4492,0.268267,1,Normal
10,-0.330738,2.8382,0.327719,-1,Normal
3,-2.88763,27.5533,0.843238,-1,Warning
9,-1.18689,75.8649,0.723175,-1,Warning
23,0.789045,59.0717,0.496983,1,Normal
23,-0.867226,52.3167,0.083644,-1,Normal
17,3.277,20.7078,0.875274,1,Normal
4,-0.73752,32.9461,0.226347,-1,Normal
21,0.331505,20.1712,0.0756281,1,Normal
0,0.341003,44.1576,0.362011,1,Normal
10,0.0767605,38.3831,0.51992,1,Normal
11,-2.63645,24.7614,0.709666,-1,Warning
6,-2.06774,50.5799,1,-1,Warning
12,-1.56381,36.6421,0.69453,-1,Warning
18,-0.0514802,23.1192,0.402754,-1,Normal
9,-0.790408,9.19212,0.263751,-1,Normal
11,1.59555,67.9768,0.453429,1,Normal
4,3,9.35743,0.676825,1,Normal
13,-1.72828,38.6199,0.692185,-1,Warning
8,0.512448,34.6414,0,1,Normal
9,2.69368,52.6193,1,1,Warning
7,1.13002,37.2429,0.640736,1,Normal
21,0.138076,73.6718,0.374215,1,Normal
13,1.01484,72.1932,0.45276,1,Warning
4,-1.4111,24.43,0.822402,-1,Warning
15,0.293058,49.996,0.217419,1,Normal
13,-0.140619,10.5754,0.392508,-1,Normal
22,-2.54951,12.6905,0.59099,-1,Normal
19,0.390049,22.5866,0.0733556,1,Normal
3,-0.438027,0,0.667802,-1,Warning
3,-0.0787303,49.0458,0.58266,-1,Normal
3,1.10365,34.8393,0.50396,1,Normal
8,0.674748,58.1083,0.23772,1,Normal
8,0.261617,30.1738,0.345077,1,Normal
8,-0.326388,5.23667,0.482314,-1,Normal
7,2.18075,11.5199,0.71998,1,Normal
2,0.169666,11.7273,0,1,Normal
0,-0.0764512,30.6928,0.235042,-1,Normal
6,-0.148821,59.4719,0.154971,-1,Warning
23,-0.221841,44.222,0.386663,-1,Normal
13,-2.04822,23.9885,0.917425,-1,Warning
11,-3.08068,4.64331,0.833795,-1,Warning
0,-2.59267,31.9068,0.85781,-1,Warning
0,-0.402004,15.1198,0,-1,Normal
11,0.0262097,35.156,0.263091,1,Normal
18,0.239699,70.6411,0.277879,1,Normal
18,-0.332085,32.2898,0.530488,-1,Normal
14,0.134545,33.326,0.306543,1,Normal
0,0.463405,39.6971,0.336127,1,Normal
17,2.24178,40.689,0.924801,1,Warning
16,0.550853,46.2496,0.377423,1,Normal
18,-1.34477,58.9976,1,-1,Warning
11,0.0199476,21.3892,0,1,Normal
5,0.0699942,62.0571,0.26782,1,Normal
13,-2.58095,19.7056,0.974139,-1,Warning
10,-0.35562,55.8223,0.0250239,-1,Normal
19,-3.13559,19.3317,0.811765,-1,Warning
18,-0.0527502,37.1722,0,-1,Normal
7,-0.0240521,59.387,0,-1,Normal
23,0.669608,8.76341,0.620053,1,Normal
16,-3.19653,46.4266,0.616558,-1,Warning
12,0.0199874,68.9815,0.262171,1,Normal
14,0.647232,23.996,0.443013,1,Normal
13,-1.06727,36.2025,0.865962,-1,Warning
21,0.234824,1.81695,0.704557,1,Normal
18,-3.75362,33.5498,0.692892,-1,Warning
1,0.494816,26.012,0.310658,1,Normal
6,0.213474,51.2793,0.186126,1,Normal
23,-1.08906,11.6895,1,-1,Warning
7,1.10567,15.1173,0.589116,1,Normal
10,2.30501,28.626,0.943057,1,Warning
14,1.72706,68.1417,0.52074,1,Normal
0,-1.49388,32.9719,1,-1,Warning
2,-0.770688,26.5628,0.0560114,-1,Warning
6,-0.192858,57.1087,0.223886,-1,Normal
16,2.16659,14.46,1,1,Warning
1,-0.571091,61.4096,0.198281,-1,Warning
10,0.220144,24.0966,0.167504,1,Normal
2,-4.53305,26.5638,0.822511,-1,Warning
1,0.538399,21.3955,0.539068,1,Normal
16,2.41241,47.5598,0.523229,1,Normal
14,0.270553,34.679,0.464392,1,Normal
3,0.456441,28.5531,0,1,Warning
7,1.62745,34.8585,0.716526,1,Normal
19,3.98909,58.4252,0.658136,1,Normal
19,0.450951,67.4047,0.238411,1,Normal
1,-0.150997,70.8326,0.592021,-1,Normal
4,-3.57662,48.2691,0.712256,-1,Warning
6,-0.740413,81.709,0.379165,-1,Normal
18,1.99601,45.8783,0.606732,1,Normal
18,-3.41064,22.2581,0.291514,-1,Normal
5,-3.02098,57.0633,0.786941,-1,Warning
2,-0.531019,30.21,0.36782,-1,Normal
15,-2.37551,51,1,-1,Warning
21,-2.33262,64.1499,1,-1,Warning
1,0.561294,45.8816,0.352813,1,Normal
8,0.208984,52.1531,0.261535,1,Normal
22,-0.936764,33.6088,0.036715,-1,Normal
10,-0.747307,38.8776,0,-1,Normal
10,2.21096,36.5991,0.843379,1,Normal
23,2.76088,0,0.588608,1,Normal
12,0.23484,33.4455,0.474425,1,Normal
10,2.99772,26.8659,0.683305,1,Warning
5,2.86134,13.6248,1,1,Warning
19,0.35199,33.9007,0.415356,1,Normal
4,-1.5015,38.5035,0.685768,-1,Warning
11,-0.220554,23.2223,0.212963,-1,Normal
4,0.506412,0,0.348958,1,Normal
4,-3.12742,30.6431,0.782237,-1,Warning
14,-2.82438,36.0024,0.437169,-1,Normal
14,-0.0326434,83.2018,0.419744,-1,Normal
17,-2.12159,4.33668,0.593316,-1,Normal
5,1.48935,43.446,0.923904,1,Normal
10,0.249643,39.9085,0,1,Normal
23,-2.53488,0,0.565981,-1,Normal
0,0.841336,47.9793,0.350884,1,Warning
0,0.633285,41.2469,0,1,Normal
3,0.712659,13.3958,0.286731,1,Normal
5,0.772968,25.3834,0.0495803,1,Normal
10,0.559031,53.7835,0.134867,1,Normal
6,2.47184,24.5413,1,1,Warning
1,1.24761,48.0761,0.95825,1,Normal
20,1.09929,24.7708,0.972112,1,Normal
19,0.0677154,55.5672,0.665648,1,Normal
16,-0.12243,50.24,0.137773,-1,Normal
17,0.698335,49.822,0.26109,1,Warning
13,-1.78134,58.1666,0.594482,-1,Normal
14,-2.06922,16.3952,0.296369,-1,Normal
22,0.0667151,15.0734,0,1,Normal
15,-0.665632,35.3092,0.315424,-1,Normal
0,-2.37054,59.4272,0.980342,-1,Warning
20,2.62611,42.1118,0.66329,1,Normal
11,3,38.3871,0.371958,1,Normal
13,0.953417,25.6817,0.119911,1,Normal
11,-1.72809,48.7293,0.989662,-1,Warning
5,1.2586,41.8998,0.524362,1,Normal
7,0.902562,36.0981,0.186021,1,Normal
22,-0.081832,61.6229,0.265119,-1,Warning
11,0.500114,4.97924,0.171941,1,Normal
7,1.85742,51.5743,0.514615,1,Normal
17,-0.948265,66.7285,0.0904741,-1,Normal
8,1.97562,27.7536,0.770625,1,Warning
5,-3.81011,44.2442,0.441394,-1,Normal
19,-1.20524,43.7176,0.947042,-1,Warning
23,1.67091,34.6576,0.736257,1,Warning
5,-2.42055,43.0717,0.732518,-1,Warning
1,0.371714,43.7319,0.271567,1,Normal
16,-0.167251,15.3549,0,-1,Normal
3,0.206673,40.9897,0,1,Normal
9,-0.751033,20.8651,0.456697,-1,Normal
13,3.21325,10.6385,0.664632,1,Normal
11,-0.379496,33.6418,0.0896507,-1,Normal
12,0.532574,22.6092,0,1,Normal
23,3.63352,28.9992,1,1,Warning
17,2.96605,38.328,0.573601,1,Normal
10,-0.986516,43.9204,0.168686,-1,Normal
6,-1.54464,14.785,0.378953,-1,Normal
14,-1.47532,8.08579,0.699383,-1,Warning
14,3.67237,61.201,0.87153,1,Normal
7,-0.406155,17.4634,0.845718,-1,Warning
16,-2.50399,62.66,0.845018,-1,Warning
5,2.55083,59.4294,0.400846,1,Normal
16,-0.00195955,43.1447,0.437003,-1,Normal
10,1.54445,20.7051,0.455585,1,Normal
23,-2.34697,36.0285,0.600291,-1,Warning
16,0.615622,31.6001,0.122515,1,Normal
1,-3.14705,35.2842,0.668301,-1,Warning
2,-2.24096,77.8453,0.544003,-1,Normal
19,-0.0121554,34.7709,0.174297,-1,Normal
16,-0.184782,37.9859,0.487684,-1,Normal
22,-0.277043,34.8659,0.605585,-1,Normal
18,-0.141719,0,0.131937,-1,Normal
9,-0.761066,68.6345,0.261912,-1,Normal
6,-0.138407,43.2682,0.300734,-1,Normal
1,-2.46591,47.9348,1,-1,Warning
17,-3.76069,39.7605,0.416988,-1,Normal
0,2.71943,20.6177,0.825447,1,Normal
23,1.88418,8.06201,0.549134,1,Normal
1,1.30397,30.9475,0.536377,1,Normal
4,-0.464473,39.5332,0.479657,-1,Normal
8,1.66322,8.12842,0.505845,1,Normal
8,-0.637596,35.6337,0.281573,-1,Normal
8,-0.330112,67.2285,0.395172,-1,Normal
17,-1.80055,19.7363,0.82688,-1,Warning
5,-0.887201,64.6687,0.0240633,-1,Normal
17,-3.67612,54.304,0.707046,-1,Warning
2,1.94555,72.4943,0.429701,1,Normal
19,-1.77424,29.9017,0.642949,-1,Warning
0,-1.31616,0,0.611706,-1,Warning
10,0.1732,21.9157,0.0816248,1,Normal
2,-0.274096,34.3229,0.0740625,-1,Normal
20,-0.053842,102.054,0.301203,-1,Normal
17,4.12029,26.8301,0.697577,1,Normal
13,-1.41976,77.9734,0.698293,-1,Warning
8,0.421857,19.1772,0.305961,1,Normal
15,0.251991,40.5256,0.185819,1,Normal
14,0.488525,35.5152,0.61757,1,Normal
5,-0.540651,46.2361,0,-1,Normal
3,-0.362585,43.3965,0.080501,-1,Normal
7,0.563357,52.3044,0,1,Normal
7,0.920122,35.2512,0.534342,1,Normal
13,-3.71386,22.3585,0,-1,Normal
10,-1.03806,36.4277,0.717809,-1,Warning
22,-0.518105,69.3904,0.721042,-1,Warning
5,0.783447,17.4817,0,1,Normal
5,1.74744,34.4199,1,1,Warning
0,-3.41009,80.8191,0.576495,-1,Normal
16,-0.462405,49.3191,0.512091,-1,Normal
15,0.0924599,40.5995,0.495463,1,Normal
18,-1.59932,50.4163,0.886401,-1,Warning
15,0.178845,33.0201,0.506425,1,Normal
4,-0.0986745,0,0.318116,-1,Normal
1,-0.89446,44.5677,0.0498028,-1,Normal
14,-0.554111,15.4124,0.0273498,-1,Normal
16,-0.119955,45.8849,0.278291,-1,Normal
22,1.0291,47.3102,1,1,Normal
2,-1.45524,63.2852,0.636982,-1,Warning
14,-3.16614,57.9101,0.907462,-1,Warning
20,0.113181,45.7145,0.427305,1,Normal
23,-0.764239,9.15122,0.550268,-1,Normal
18,0.106203,53.0654,0.685502,1,Normal
17,0.19425,62.3112,0.272504,1,Normal
3,-0.490413,31.5355,0.604812,-1,Warning
8,3,28.9767,0.86852,1,Normal
11,1.70091,0,0.987634,1,Warning
20,-0.372229,21.3434,0.0177618,-1,Normal
13,0.500508,55.2909,0.173438,1,Normal
3,3,46.6073,0.503766,1,Normal
19,4.65276,17.3533,1,1,Warning
12,3.12923,47.9789,0.971226,1,Warning
5,0.546938,5.11808,0.455384,1,Normal
19,0.669903,9.96623,0.264667,1,Normal
11,0.98833,24.3773,0.481615,1,Warning
15,-1.08921,56.5962,0.465431,-1,Normal
22,1.3976,70.5688,0.743125,1,Normal
21,0.213851,40.4888,0.669457,1,Normal
13,-1.4143,55.4341,0.608661,-1,Warning
22,1.89404,69.9798,1,1,Warning
6,-1.05786,33.8097,0.798557,-1,Warning
23,1.31989,36.3431,0.655157,1,Normal
1,0.79464,47.4689,0.128471,1,Normal
9,-1.65639,53.9223,0.937861,-1,Warning
17,-2.75406,45.7481,0.778081,-1,Warning
9,1.53571,8.58902,0.849424,1,Normal
6,-2.51412,71.7518,1,-1,Warning
8,-0.4935,25.6028,0.36817,-1,Normal
8,3,32.9147,0.617512,1,Normal
1,-0.029509,39.0844,0.459112,-1,Normal
8,-2.62103,29.0303,1,-1,Warning
4,0.244103,45.135,0.0626563,1,Normal
19,0.322202,36.3487,0.150867,1,Normal
15,-0.878033,50.9154,0.346292,-1,Normal
6,-0.853464,34.1404,0.154467,-1,Normal
2,-0.609241,27.6383,0.354319,-1,Normal
3,0.899284,44.077,0.361072,1,Warning
19,-1.60908,6.2621,1,-1,Warning
13,2.92996,44.458,0.685883,1,Normal
12,-0.0737771,20.3424,0.227747,-1,Normal
1,0.539219,29.5887,0.340012,1,Normal
13,-0.189724,22.5117,0.151478,-1,Normal
6,2.31328,36.4623,0.516604,1,Warning
10,0.823467,50.5287,0.594105,1,Normal
4,-0.904195,43.3265,0.430472,-1,Normal
2,0.142024,29.8887,0.836957,1,Normal
19,-0.663927,16.9019,0.156055,-1,Warning
12,-0.882561,76.1376,0.223696,-1,Normal
10,0.107207,36.9777,0.180167,1,Normal
19,2.52353,20.9667,0.904561,1,Warning
6,2.96328,61.3509,0.115392,1,Normal
13,-0.0053659,25.0499,0.265279,-1,Normal
21,1.56747,55.1855,0.809205,1,Normal
18,0.814392,10.1733,0,1,Normal
13,0.0753851,39.4594,0.0955481,1,Normal
9,-2.41377,13.7393,0.783655,-1,Warning
23,-1.89775,31.7431,0.945193,-1,Warning
6,-1.03723,50.7245,0.937829,-1,Warning
19,-0.115008,0,0.355855,-1,Normal
7,-0.679697,0,0.0325813,-1,Normal
4,-1.29622,30.5926,1,-1,Warning
18,-0.78892,26.8619,0.738139,-1,Warning
16,-0.671437,49.6346,0.0219056,-1,Normal
1,-2.88225,42.6126,0.342016,-1,Normal
20,-2.45645,31.146,0.509498,-1,Normal
19,-1.1659,44.868,1,-1,Warning
11,-2.0647,81.8006,0.478314,-1,Normal
17,0.198759,72.7024,0.502192,1,Normal
18,0.115183,64.751,0.185676,1,Normal
8,3,34.4827,1,1,Warning
11,0.16518,57.6087,0.0288118,1,Normal
11,-1.3586,54.1986,0.736751,-1,Warning
5,0.403519,4.16078,0.423969,1,Normal
9,1.99077,38.583,0.885879,1,Warning
23,0.0553148,42.5485,0,1,Normal
9,1.78335,25.3573,1,1,Warning
4,0.0574437,6.76448,0.582872,1,Warning
19,0.0263942,40.1867,0.42232,1,Normal
21,0.256747,28.1828,0.302408,1,Normal
18,0.725175,63.3219,0.104783,1,Normal
20,0.192991,41.5042,0,1,Normal
4,-0.941908,0,0.336845,-1,Normal
14,-0.861488,45.8119,0,-1,Normal
4,0.221021,46.1871,0.458989,1,Normal
1,-0.0160957,21.9052,0.181889,-1,Normal
10,1.28883,33.0243,0.961412,1,Normal
10,1.22826,53.9919,0.903689,1,Normal
21,-0.161944,18.8977,0.0930627,-1,Normal
17,0.519445,56.5475,0.418311,1,Normal
20,-0.796108,42.134,0.450599,-1,Normal
18,-0.686071,37.5634,0.0982287,-1,Normal
6,0.685579,0,0,1,Normal
1,0.0226923,0,0.545787,1,Normal
18,0.457563,37.6425,0,1,Normal
23,-3.64753,38.4057,1,-1,Warning
23,-0.320071,17.7681,0.149731,-1,Normal
22,-3.54889,31.0156,0.773373,-1,Warning
6,1.01189,30.9659,0.703165,1,Normal
8,-0.213586,63.5731,0.17568,-1,Normal
22,0.661637,37.9918,0.571311,1,Normal
2,-0.730201,60.1571,0,-1,Normal
21,0.525699,17.578,0,1,Normal
3,-3.0367,72.1836,0.51426,-1,Normal
4,-2.91918,31.7993,0.934769,-1,Warning
19,-3.47428,66.7195,0.696642,-1,Warning
20,1.03114,41.3053,0.886826,1,Normal
21,0.709408,42.599,0.241616,1,Normal
21,-1.68357,20.9818,0.584346,-1,Normal
1,0.585644,27.1051,0.311865,1,Normal
4,0.331177,28.1382,0.214266,1,Normal
21,-0.67498,37.0355,0.475047,-1,Normal
22,-1.21988,31.9061,0.668362,-1,Warning
16,0.378255,14.513,0,1,Normal
6,0.220295,46.7591,0.336471,1,Normal
5,-2.56653,38.329,0.613762,-1,Warning
9,0.768514,50.9983,0.727008,1,Normal
22,-0.607536,37.2765,0.521097,-1,Warning
20,-2.83872,0,0.605209,-1,Warning
1,-0.430848,92.4027,0.352639,-1,Normal
18,-2.30942,47.8997,0.808491,-1,Warning
0,-0.228293,14.8653,0,-1,Normal
11,0.925185,58.3989,0.336617,1,Normal
19,-1.59524,43.1949,0.839916,-1,Warning
7,0.25075,53.2198,0.418714,1,Normal
19,3.31834,8.66364,0.567595,1,Normal
2,-0.655436,35.0111,0.387397,-1,Normal
18,0.988419,17.2881,0.80273,1,Normal
21,-1.28183,0,0.847542,-1,Warning
18,-0.255522,69.3022,0.0716698,-1,Normal
1,-0.909454,45.1362,0,-1,Normal
8,-0.0352797,2.8777,0,-1,Normal
19,-0.39776,22.5825,0.215353,-1,Normal
16,3.27405,44.677,0.935916,1,Warning
10,-0.629368,43.4635,0.486681,-1,Normal
17,-3.32113,18.0091,0.558296,-1,Normal
6,0.784543,54.7479,0,1,Normal
5,1.11029,48.7093,0.795117,1,Normal
0,-0.501644,58.6314,0.169323,-1,Normal
7,-0.2342,57.6965,0.160176,-1,Normal
17,-2.85124,38.0784,0.789044,-1,Warning
0,3,22.0609,0.605992,1,Normal
12,1.70201,42.7327,0.663153,1,Normal
19,-0.297059,35.6186,0.0904942,-1,Normal
23,-0.546668,31.626,0.253139,-1,Normal
14,-0.668233,27.0236,0.27835,-1,Normal
9,-3.09483,6.35664,0.4713,-1,Normal
5,-2.13365,32.7265,0.749312,-1,Warning
16,-0.513874,11.9173,0.456897,-1,Normal
14,3.14004,22.9667,0.894931,1,Normal
23,-4.27098,14.7466,0.411999,-1,Normal
23,0.383805,19.4529,0.246839,1,Normal
10,0.363455,14.073,0.423314,1,Normal
16,-0.693085,65.658,0,-1,Normal
10,0.860146,25.0578,0.242086,1,Normal
3,-0.957571,0,0.167562,-1,Normal
13,-2.64305,25.5567,0.407657,-1,Normal
16,0.335438,21.2039,0.45816,1,Normal
7,0.574828,45.4315,0.522688,1,Normal
12,4.27169,54.6149,0.946721,1,Warning
3,0.414518,55.9485,0.57304,1,Normal
21,-2.85346,47.426,0.989051,-1,Warning
1,-1.0705,40.1662,0.3159,-1,Normal
4,0.478043,32.7208,0.619223,1,Normal
8,0.21681,47.9262,0.413476,1,Normal
2,3,21.0493,0.631924,1,Normal
14,-1.17778,34.4523,0.993346,-1,Warning
23,3.25009,0,0.699393,1,Normal
20,-2.45632,28.1095,0.993859,-1,Warning
23,-0.946814,51.3375,0.416639,-1,Normal
2,-0.0542783,34.8601,0.231237,-1,Normal
18,-3.37966,46.5364,1,-1,Normal
4,-0.321104,11.3616,0,-1,Normal
5,-2.85394,19.8359,0.404718,-1,Normal
6,0.620462,33.4499,0.276455,1,Normal
7,-1.07657,59.5367,0.488844,-1,Normal
18,1.18939,38.6142,0.980008,1,Normal
17,1.62543,6.4818,0.542649,1,Normal
20,-1.09482,33.9353,0.932312,-1,Warning
13,-1.99559,26.3807,1,-1,Warning
5,0.65876,63.4594,0,1,Normal
9,0.339486,29.8496,0.0844724,1,Normal
23,-0.790325,34.9705,0.58203,-1,Normal
17,0.0768587,43.7921,0,1,Normal
2,0.697095,33.6669,0.394653,1,Normal
4,-3.00304,48.1918,0.420389,-1,Normal
23,0.470275,79.7388,0,1,Normal
14,1.83232,0,0.703966,1,Normal
12,1.97882,0,0.62533,1,Normal
6,-0.422364,6.37906,0.556047,-1,Normal
9,0.192165,50.2559,0.0377305,1,Normal
11,-0.582826,37.5199,0,-1,Normal
17,-2.10489,53.0448,0.914034,-1,Warning
15,2.43065,71.5938,0.467622,1,Normal
9,2.78776,57.0192,0.583191,1,Normal
7,-0.099075,22.1772,0.270299,-1,Normal
1,2.03547,21.0326,0.957294,1,Warning
14,-1.41251,14.3969,0.66628,-1,Warning
17,0.251773,28.3638,0.0217061,1,Normal
20,-0.653851,17.1265,0.27649,-1,Normal
14,0.783144,49.0277,0.272641,1,Normal
0,0.616975,20.05,0.477429,1,Normal
7,-2.03363,38.0297,0.484754,-1,Normal
18,-0.0773079,46.7151,0.66982,-1,Normal
12,-3.11996,0,0.862509,-1,Warning
12,-3.15744,0,0.715421,-1,Warning
17,-2.95877,51.7339,0.269967,-1,Normal
15,0.344903,21.5374,0.216753,1,Normal
22,-0.133697,39.7295,0.286307,-1,Normal
6,-2.55928,47.6048,1,-1,Warning
21,-0.883643,24.0324,0,-1,Normal
12,-0.492198,31.2602,0.0734865,-1,Normal
23,-2.05324,41.8708,0.810768,-1,Normal
10,0.261921,44.4399,0,1,Normal
21,3.63499,26.8602,0.78064,1,Normal
11,-0.482278,34.0285,0,-1,Normal
6,3,42.1141,0.499156,1,Normal
18,-0.11486,39.7206,0.289326,-1,Normal
14,0.384243,38.5002,0.339708,1,Normal
12,-3.58852,39.6505,0.522868,-1,Normal
7,-0.0465926,0,0.779911,-1,Normal
7,-2.6194,67.9397,0.946898,-1,Warning
3,1.87368,2.17646,0.647827,1,Normal
1,2.19574,32.8745,0.638422,1,Normal
22,-2.78104,59.883,0.82084,-1,Warning
2,1.97014,56.6901,1,1,Warning
14,1.94052,31.4038,0.765847,1,Normal
17,-2.48993,32.0996,0.61762,-1,Warning
0,-0.0719613,33.3349,0.312555,-1,Normal
8,0.185704,25.179,0.211659,1,Normal
12,-2.27868,51.3209,1,-1,Warning
2,1.22543,22.132,1,1,Normal
13,3.14117,14.6475,0.485996,1,Normal
0,-0.639051,32.4728,0.0646502,-1,Normal
16,2.09675,37.8042,0.817994,1,Normal
21,0.267604,10.7123,0.334569,1,Normal
2,-2.26531,58.0741,0.826269,-1,Warning
4,-1.1396,16.1142,0.564303,-1,Normal
10,2.79889,19.3889,0.94541,1,Warning
2,3,18.4469,0.589154,1,Normal
15,3.79544,7.25215,0.895554,1,Normal
5,2.74177,49.523,0.679482,1,Normal
13,-0.393806,30.1732,0.454533,-1,Normal
8,-2.62173,34.3901,1,-1,Warning
0,-1.0893,23.7486,0.791339,-1,Warning
20,0.542779,42.1106,0.105666,1,Normal
10,-2.37877,53.5939,0.868692,-1,Warning
7,-2.70845,35.5243,1,-1,Normal
1,1.12433,35.3304,0.702723,1,Normal
22,-0.195984,31.7185,0.108179,-1,Warning
10,-1.05593,30.852,0.768679,-1,Warning
7,-0.718751,35.8773,0.134117,-1,Normal
19,4.08059,0,1,1,Warning
14,-2.70679,0,0.715732,-1,Warning
21,0.105543,18.6452,0.228944,1,Normal
4,-1.20223,12.0018,0.523274,-1,Normal
17,-1.6012,56.685,0.870253,-1,Warning
17,0.668086,44.0977,0.629001,1,Normal
12,-0.351422,35.511,0.367748,-1,Normal
12,3.20436,8.3026,0.644017,1,Normal
3,0.899434,45.3142,0.0886915,1,Normal
22,0.315873,46.182,0.254549,1,Normal
11,0.138019,15.8099,0,1,Warning
3,0.359899,22.3816,0.38278,1,Normal
13,-0.975643,0,0.212036,-1,Normal
23,-0.135806,70.7319,0.385538,-1,Normal
17,0.302858,37.4416,0.313301,1,Normal
5,-0.499184,56.6654,0.640342,-1,Warning
13,-0.239965,3.20512,0.00963614,-1,Normal
13,2.79989,52.3548,0.651681,1,Normal
22,-2.37617,12.9906,1,-1,Warning
22,1.70242,43.8415,0.67246,1,Normal
11,-0.471595,44.4269,0.361572,-1,Normal
4,-0.47662,3.29033,0.163691,-1,Normal
9,1.8635,24.8849,0.774017,1,Normal
21,0.247796,44.0065,0,1,Normal
14,-0.0257507,26.028,0.0829209,-1,Normal
2,0.203064,40.2712,0.106278,1,Normal
9,3,0.594147,0.499528,1,Normal
3,1.87525,38.0891,0.868169,1,Normal
14,-0.189078,37.0343,0.484872,-1,Warning
9,1.23666,53.4778,0.598297,1,Normal
23,-0.544175,20.0375,0.42029,-1,Normal
8,1.3426,2.22011,0.466071,1,Normal
22,-0.60075,65.5522,0.0522602,-1,Normal
15,-2.3436,36.2523,1,-1,Warning
1,-2.70325,59.3154,1,-1,Warning
9,-0.918019,28.1846,0,-1,Normal
20,0.625985,41.574,0.0586321,1,Normal
6,-0.901006,46.092,0.584462,-1,Normal
22,0.666052,39.1588,0.712687,1,Normal
17,2.36484,77.7253,1,1,Warning
0,0.426794,28.4424,0,1,Normal
15,-3.05876,62.0417,1,-1,Warning
22,0.10454,54.4443,0,1,Normal
12,-0.672075,31.9057,0.412523,-1,Normal
7,0.324324,92.6464,0.135423,1,Normal
4,-1.08908,54.8955,0.684263,-1,Warning
9,-0.725021,62.2091,0.372178,-1,Normal
14,1.62089,7.17941,0.836895,1,Normal
18,-2.73714,18.4191,0.544855,-1,Normal
23,-2.82557,57.9259,0.134284,-1,Normal
5,-0.609787,28.5604,0.319482,-1,Normal
13,-0.195641,19.003,5.53686E-05,-1,Normal
11,-0.308827,17.2191,0.265493,-1,Normal
23,1.26033,63.4403,0.630058,1,Normal
10,1.09239,47.3235,0.714579,1,Normal
17,-0.217996,66.4194,0.166502,-1,Normal
8,-0.905959,47.1157,0.175619,-1,Normal
18,-0.411046,51.1461,0,-1,Normal
0,-1.07242,71.899,0.536382,-1,Normal
0,-0.642368,44.1694,0,-1,Normal
18,-3.00985,19.4571,0.803699,-1,Warning
0,3,50.0089,1,1,Warning
8,1.05256,31.5281,0.931898,1,Normal
21,0.740581,27.8004,0.251506,1,Normal
10,0.362931,39.3186,0.291542,1,Normal
1,-1.28371,33.0093,0.638827,-1,Warning
2,-2.66234,57.1694,0.892493,-1,Warning
16,-0.170617,24.5128,0.423302,-1,Normal
5,-0.23333,20.736,0,-1,Normal
15,0.139822,47.7253,0.193639,1,Normal
10,-3.46145,16.4895,1,-1,Normal
5,1.31663,23.9399,0.50451,1,Normal
10,0.0333864,53.7788,0.374126,1,Normal
9,-1.0619,39.6118,0.751712,-1,Normal
2,-0.560006,15.8959,0.365048,-1,Normal
11,3,48.3722,0.79978,1,Normal
15,0.199716,22.8461,0.225338,1,Normal
19,0.288001,0,0.532634,1,Normal
3,-1.06429,38.4488,0.808848,-1,Warning
14,-2.06749,1.50205,1,-1,Warning
8,2.52413,42.383,0.418307,1,Normal
4,-0.71277,15.4104,0.338904,-1,Normal
9,3,31.4551,0.949103,1,Warning
19,-0.838682,28.7889,0.577661,-1,Normal
20,2.59124,25.0811,0.913947,1,Warning
19,0.0934066,23.5857,0.27725,1,Normal
6,0.405534,20.4444,0.035577,1,Normal
22,-0.441914,10.5546,0.357897,-1,Normal
15,-0.476567,40.5137,0.174327,-1,Normal
8,0.171553,53.035,0.0194536,1,Normal
20,-0.27074,40.2555,0,-1,Normal
4,-0.7218,50.2201,0,-1,Normal
5,-0.140678,0,0.580025,-1,Normal
16,-2.34701,46.1327,0.768566,-1,Warning
4,-3.46087,40.9589,1,-1,Warning
15,0.833399,40.605,0.498406,1,Normal
7,0.815838,39.0316,0.304962,1,Normal
23,2.51937,46.8488,0.680774,1,Normal
22,-1.58197,54.6762,0.521072,-1,Normal
5,-0.931858,52.8001,0,-1,Normal
2,3,75.9693,0.774649,1,Normal
22,0.43937,6.15571,0.222086,1,Normal
13,3.43141,9.41914,0.727847,1,Normal
8,0.340745,35.6313,0.0605666,1,Normal
17,0.138087,19.6544,0.347517,1,Normal
14,-3.39478,22.2142,1,-1,Warning
17,-0.0201561,13.8593,0,-1,Normal
1,0.186612,27.0986,0,1,Normal
4,-0.167802,51.1439,0.136094,-1,Normal
16,-2.29679,43.2254,0.729537,-1,Normal
6,-0.198317,11.0377,0.128857,-1,Normal
22,0.637881,30.4528,0,1,Normal
4,1.07608,48.744,0.905529,1,Normal
10,0.353938,13.6466,0.176788,1,Normal
5,0.317864,32.792,0,1,Normal
16,2.71667,46.6028,0.917444,1,Warning
21,-1.94593,12.6474,1,-1,Warning
0,-1.47909,60.9063,0.105012,-1,Normal
4,-3.73893,20.0627,0.610672,-1,Warning
16,0.392608,26.4639,0,1,Normal
22,-0.0533204,0,0.206541,-1,Normal
9,3,13.5367,0.451019,1,Normal
20,-4.22813,40.9583,0.615424,-1,Warning
11,2.69394,23.0735,0.854667,1,Normal
9,-0.124648,50.854,0.0031312,-1,Normal
2,3,32.9291,0.425422,1,Normal
11,-0.15971,11.7213,0.770149,-1,Normal
20,-0.749023,63.9948,0.215186,-1,Normal
16,1.00126,9.85234,1,1,Normal
4,-0.440623,20.0475,0.49875,-1,Normal
8,3,0,0.782549,1,Normal
3,-0.405707,18.6278,0.341057,-1,Normal
5,-2.02344,7.06836,0.570155,-1,Normal
13,0.301231,43.1352,0.826357,1,Normal
9,1.49989,64.4107,0.622064,1,Normal
22,0.224245,39.9065,0.556164,1,Normal
15,-1.88098,39.3581,0.966119,-1,Warning
19,-0.195355,38.1526,0.0232707,-1,Normal
22,-3.26687,48.1369,1,-1,Warning
22,-2.7572,11.3863,0.578463,-1,Normal
1,-1.60675,59.1989,0.829857,-1,Warning
2,-0.354491,6.7754,0.526255,-1,Normal
4,-0.442237,8.1527,0.635767,-1,Warning
21,-0.131234,34.9351,0.30245,-1,Normal
18,-0.288046,44.1372,0.258638,-1,Normal
8,-0.180229,51.3713,0.192662,-1,Normal
10,1.3128,35.8,1,1,Normal
4,-0.33414,12.8773,0.230927,-1,Normal
7,-3.20454,56.2253,0.580635,-1,Normal
5,-0.439415,25.0026,0.113609,-1,Normal
23,-1.77678,9.34456,0.645125,-1,Warning
1,0.0982963,54.353,0.0867561,1,Normal
3,0.845547,4.09182,0.195044,1,Normal
12,-2.52941,30.7755,0.455294,-1,Normal
7,-2.18158,29.6055,1,-1,Warning
21,-1.85809,9.12428,1,-1,Warning
9,-1.45444,45.4003,0.70605,-1,Warning
23,0.867339,20.9892,0.243852,1,Normal
6,0.084019,17.8473,0.173232,1,Normal
9,-0.910541,45.7831,0.331615,-1,Normal
15,0.448465,72.8828,0.272273,1,Normal
16,-0.951514,39.0734,0.0479689,-1,Normal
21,-0.2667,48.8494,0.021497,-1,Normal
17,0.144945,43.3203,0.434456,1,Normal
21,-0.237366,22.6162,0.151555,-1,Normal
13,0.452362,36.4117,0.130518,1,Normal
22,-1.09273,8.59047,0.764048,-1,Warning
3,1.29071,40.0886,0.975286,1,Normal
9,-0.777451,5.40409,0.382554,-1,Normal
6,-2.9875,50.5939,0.5083,-1,Normal
12,-0.70167,21.11,0.016537,-1,Normal
3,1.43854,19.7109,1,1,Normal
9,2.52227,16.2248,0.728128,1,Normal
10,0.277152,34.7444,0.58487,1,Normal
11,0.768188,42.3331,0.411416,1,Normal
6,-1.24544,43.4873,0.858201,-1,Warning
23,-0.327093,0,0.278684,-1,Normal
18,0.508166,35.9198,0.0661265,1,Normal
19,0.500383,18.1271,0.395015,1,Normal
11,1.09829,17.4974,0.401785,1,Normal
13,0.314796,38.9421,0.248743,1,Normal
16,0.353787,80.1443,0.024292,1,Normal
14,-1.39623,53.2005,0.718675,-1,Warning
17,-0.967962,56.6156,0.38072,-1,Normal
8,-0.0174464,53.2696,0.453704,-1,Normal
18,-2.56009,48.6514,1,-1,Warning
19,2.65629,40.9522,0.850885,1,Normal
6,-0.127413,39.4165,0.133791,-1,Normal
16,-2.52489,28.0249,0.420686,-1,Normal
13,-0.223309,12.6242,0.61438,-1,Normal
10,0.771456,29.8634,0.0779708,1,Normal
11,-3.20585,48.0049,1,-1,Warning
7,0.5811,36.4194,0.471074,1,Normal
22,-0.104573,36.9671,0.0428068,-1,Normal
7,-2.06633,36.1695,0.900054,-1,Warning
1,1.42943,43.8328,0.777255,1,Normal
9,-0.175009,30.1474,0.227562,-1,Normal
10,-2.45909,55.7979,0.484899,-1,Normal
1,0.303045,25.9524,0,1,Normal
10,-3.78441,31.6787,0.637217,-1,Warning
8,-3.12607,32.8536,0.567953,-1,Normal
6,0.36928,31.4349,0.49713,1,Normal
17,-0.121705,26.1936,0.320156,-1,Normal
13,-2.50604,28.0004,0.698672,-1,Warning
10,-1.20049,50.64,0.215844,-1,Normal
7,0.119078,22.6761,0,1,Normal
20,1.10036,43.003,0.857928,1,Normal
13,2.07442,42.2217,0.666451,1,Normal
19,-0.214093,22.0246,0.368682,-1,Normal
0,0.330251,28.441,0,1,Normal
8,-0.988186,55.5297,0.378404,-1,Normal
9,1.08801,42.6661,0.583231,1,Normal
6,-0.274197,42.2454,0.354021,-1,Normal
13,-0.484726,18.6745,0,-1,Normal
11,3,42.6858,1,1,Warning
3,-1.58952,55.7775,0.678181,-1,Warning
19,-1.02111,74.3044,0.492439,-1,Normal
2,-0.190729,42.3674,0,-1,Normal
14,-3.66843,3.75914,0.301374,-1,Normal
8,-2.03788,0,0.760382,-1,Warning
0,-0.44577,75.81,0.338692,-1,Normal
7,0.940461,6.15829,0.41716,1,Normal
15,-1.88705,42.6894,0.857691,-1,Warning
1,0.240783,37.0583,0.114019,1,Warning
23,-0.456019,19.828,0,-1,Normal
18,0.245775,47.2471,0,1,Normal
21,0.263267,43.1698,0.327665,1,Normal
7,3,36.5153,0.735782,1,Normal
14,-0.4859,37.478,0.298229,-1,Normal
16,2.16172,52.588,0.227718,1,Normal
13,-0.261659,31.0201,0.205624,-1,Normal
16,0.519461,60.1611,0.225005,1,Normal
12,-0.358812,29.487,0.309139,-1,Normal
21,-0.763541,42.658,0,-1,Normal
0,0.960732,33.2041,0.178798,1,Normal
13,2.56435,21.912,0.914768,1,Warning
17,-0.0999653,42.2565,0,-1,Normal
21,0.523084,0,0.539093,1,Normal
3,1.87169,43.3,1,1,Warning
20,1.06819,29.3151,0.953573,1,Normal
6,1.56882,14.2399,0.619225,1,Normal
19,-0.529332,49.6569,0.183879,-1,Normal
8,0.31029,14.2822,0.255283,1,Normal
22,-1.1981,29.0405,0.479071,-1,Normal
19,-0.412677,43.6909,0.206715,-1,Normal
5,-0.517902,27.8056,0.0349976,-1,Normal
4,0.788164,28.4067,0,1,Normal
6,-0.41072,34.8103,0.290735,-1,Normal
12,1.7461,17.5694,0.665531,1,Warning
6,-2.22218,20.7474,0.636583,-1,Warning
21,-1.07381,28.4011,0.733571,-1,Warning
2,1.95745,16.6366,0.8594,1,Normal
4,-3.27453,39.9931,0.633421,-1,Warning
21,-0.774239,19.5649,0.363888,-1,Normal
5,-3.43408,0,0.597409,-1,Normal
20,0.613289,32.2159,0.0867063,1,Normal
2,-0.719969,71.2967,0.258598,-1,Normal
6,2.33296,40.0491,0.653865,1,Normal
6,2.16781,0,0.530787,1,Normal
6,0.820895,39.548,0.508659,1,Normal
4,1.23657,62.4829,0.0720736,1,Normal
23,3.55975,15.8534,0.835217,1,Normal
12,-2.46394,44.4253,0.533785,-1,Normal
6,-0.308917,40.5504,0,-1,Normal
5,0.104321,21.8804,0,1,Normal
21,0.317707,63.9764,0.646807,1,Normal
8,1.67994,52.6869,0.339368,1,Normal
10,-0.745771,27.544,0.219642,-1,Normal
0,0.351322,61.0823,0.253556,1,Normal
18,0.63543,55.3841,0.233075,1,Warning
16,0.321389,38.7406,0.449853,1,Normal
8,-0.44305,19.5346,0.453485,-1,Normal
19,-1.02243,23.0083,1,-1,Warning
12,2.67599,59.7365,0.555959,1,Normal
4,-0.417957,46.6702,0.000214815,-1,Normal
3,-1.97718,38.9314,1,-1,Warning
8,3,14.3144,1,1,Warning
9,-1.92706,10.5321,0.805134,-1,Warning
7,-2.75738,26.4433,0.0257876,-1,Normal
19,0.0280384,55.319,0.0133704,1,Normal
6,-0.660057,18.4967,0.480265,-1,Normal
20,1.26156,9.59481,0.639802,1,Normal
7,-0.0764116,21.1153,0.0848668,-1,Normal
19,3.60376,35.9477,0.448761,1,Normal
19,-0.999182,35.8367,0.236969,-1,Normal
2,0.00996119,40.7354,0.199827,1,Normal
8,0.978088,82.1597,0.140068,1,Normal
14,2.86561,46.6913,0.744337,1,Normal
11,1.56653,48.5316,0.511464,1,Normal
16,-2.14806,15.1501,1,-1,Warning
6,0.774,47.8781,0.549805,1,Normal
1,0.165622,28.8708,0.375352,1,Normal
6,-0.787995,67.2548,0.536571,-1,Normal
7,-0.27375,43.1113,0.124813,-1,Normal
15,0.0401023,42.4957,0.295395,1,Normal
7,0.115378,32.5789,0.257266,1,Normal
16,3.39929,2.15869,0.960975,1,Warning
10,0.372156,47.5221,0,1,Normal
22,0.909721,42.0946,0.13641,1,Normal
14,0.432509,4.502,0.315181,1,Normal
22,0.0184964,46.3034,0.052528,1,Normal
2,-0.119529,42.0839,0.398273,-1,Normal
3,0.395445,55.3439,0.342024,1,Normal
23,-0.927544,29.4955,0.18755,-1,Normal
9,-0.691768,50.9009,0.0255543,-1,Normal
21,-3.80319,40.9521,0.56076,-1,Normal
10,2.32107,37.5724,0.628323,1,Normal
14,-2.3276,2.46061,0.715434,-1,Warning
19,-2.03945,0,1,-1,Warning
6,3,60.1507,1,1,Warning
0,-1.75506,36.8729,1,-1,Warning
16,-1.2045,48.7166,1,-1,Warning
7,0.0586264,53.9164,0.820293,1,Normal
4,-1.00502,29.6651,0.791429,-1,Warning
0,-2.61609,47.7969,0.915082,-1,Warning
19,-0.718851,55.7131,0.24736,-1,Normal
4,0.282549,51.1129,0.0945505,1,Normal
2,2.82844,21.102,0.312878,1,Normal
15,-0.12691,37.8413,0,-1,Normal
7,-0.203414,34.8158,0.565133,-1,Normal
8,2.75818,28.8766,0.796562,1,Normal
0,3,52.5223,0.999398,1,Warning
12,2.57638,43.1236,0.629969,1,Normal
13,0.604337,76.6582,0.390679,1,Normal
19,0.31736,17.4924,0.678512,1,Normal
3,0.540073,62.6259,0.471008,1,Normal
7,-0.539267,52.9818,0.37765,-1,Normal
16,0.540035,53.1973,0.180643,1,Normal
21,3.15278,55.4785,0.133918,1,Normal
3,-0.266434,70.5605,0,-1,Normal
12,1.21573,0,0.902312,1,Normal
20,0.173428,14.457,0.349529,1,Normal
15,3.02147,19.5202,0.44721,1,Normal
15,-0.419601,16.9615,0,-1,Normal
4,-0.560602,13.0343,0,-1,Normal
10,0.435186,64.3066,0.258583,1,Normal
12,1.40985,6.77511,0.717853,1,Normal
4,1.06464,36.1975,0.976665,1,Warning
22,-1.23629,42.6894,0.813233,-1,Warning
19,-1.04966,5.86152,0.501704,-1,Normal
9,-1.13728,39.9445,0.981293,-1,Warning
3,-3.68996,39.974,0.709704,-1,Warning
19,-2.70642,33.32,0.66987,-1,Warning
23,3.67194,59.5008,0.658334,1,Normal
16,-0.73485,20.3653,0.0520738,-1,Normal
21,0.29309,12.281,0.107441,1,Normal
12,3.23188,24.5386,0.270826,1,Normal
9,0.151406,42.994,0.0987785,1,Normal
3,0.0191851,60.0774,0.654388,1,Normal
12,1.18304,58.0529,1,1,Warning
11,0.445228,20.6415,0,1,Normal
18,0.734352,33.3886,0.407357,1,Normal
7,-0.655263,67.8248,0.194269,-1,Normal
15,-0.799188,52.2514,0.0680683,-1,Normal
9,-2.64257,47.1165,0.746605,-1,Warning
17,4.4967,6.18855,0.911003,1,Warning
3,0.770056,3.43724,0.04903,1,Warning
2,-0.405127,16.2582,0,-1,Normal
2,-0.140847,16.9291,0.404611,-1,Normal
5,-0.512908,0,0.640821,-1,Warning
21,1.84998,47.8012,0.660452,1,Normal
15,1.07035,18.1677,1,1,Normal
14,1.31369,57.381,1,1,Normal
0,-1.13939,58.4842,0.764921,-1,Warning
1,2.72331,28.5843,0.818336,1,Normal
15,1.31385,63.8489,0.70113,1,Normal
13,1.28104,48.5282,0.690145,1,Normal
15,1.23915,1.09988,0.741311,1,Normal
1,0.0956267,11.8297,0.82271,1,Normal
17,1.44514,21.1673,0.903397,1,Normal
17,3.50589,23.216,0.604811,1,Normal
14,-0.856344,80.747,0,-1,Normal
2,2.29719,34.5276,0.865614,1,Normal
12,0.00533114,32.9232,0.0883814,1,Normal
5,3,47.3766,1,1,Warning
12,-0.166833,0,0.413933,-1,Normal
18,0.454311,24.3214,0.132452,1,Normal
21,3.26581,29.1523,0.645547,1,Normal
1,-0.508251,78.2228,0.229127,-1,Normal
21,2.06298,38.6937,0.646911,1,Normal
0,-1.2482,23.7476,0.841255,-1,Warning
19,-0.325185,48.0751,0.048028,-1,Normal
9,-0.648946,22.9143,0.504605,-1,Normal
10,-1.12798,9.41392,0.600066,-1,Warning
19,1.58196,2.03872,0.845142,1,Normal
7,-0.772503,37.1208,0.61223,-1,Warning
11,0.474783,28.8434,0,1,Normal
1,1.1908,45.6664,0.847839,1,Normal
2,1.97203,78.0188,0.640052,1,Normal
1,-0.202266,32.1977,0.103329,-1,Normal
16,2.25282,24.9545,0.79079,1,Normal
10,0.657619,60.1067,0,1,Normal
11,-0.101553,9.25204,0.423429,-1,Normal
6,0.409206,44.4066,0.275213,1,Normal
19,1.78461,80.256,0.451676,1,Normal
12,-1.12912,44.7521,0.697234,-1,Warning
23,-3.13769,40.9988,1,-1,Warning
16,-2.52572,0,0.627865,-1,Warning
21,0.123426,9.2327,0.272461,1,Normal
17,3.43136,35,0.832558,1,Normal
1,1.33416,32.062,1,1,Normal
19,0.0216809,35.285,0.17907,1,Normal
17,0.755086,4.44138,0.119222,1,Normal
23,-0.767168,44.9212,0.222062,-1,Normal
4,0.712184,20.6695,0.320641,1,Normal
20,2.24581,73.8008,0.771409,1,Normal
10,-1.35997,23.0706,0.695238,-1,Warning
8,1.52411,20.9959,1,1,Warning
11,-2.79069,23.7225,0.637661,-1,Warning
20,0.758013,73.5513,0.243255,1,Normal
3,-1.68497,32.8213,0.864499,-1,Warning
12,0.456486,19.0541,0.367301,1,Normal
3,2.2463,62.7945,0.707515,1,Normal
11,-0.717051,63.1854,0,-1,Normal
3,1.00512,31.0358,1,1,Normal
17,0.314994,45.1948,0.0727736,1,Normal
9,-1.82716,52.5754,0.637843,-1,Warning
16,0.602672,49.2153,0.418488,1,Normal
18,4.19997,73.8908,1,1,Warning
17,1.1017,27.0512,0.192704,1,Normal
2,1.25893,46.2039,0.921827,1,Normal
17,0.896095,14.49,0.433811,1,Normal
14,-2.0454,38.0635,0.907023,-1,Warning
21,0.0274692,8.8974,0.195612,1,Normal
5,-1.87146,34.709,0.800501,-1,Warning
6,1.07122,35.2614,1,1,Normal
5,-0.139796,36.8642,0.298293,-1,Normal
7,-0.320935,67.5329,0.222023,-1,Warning
0,-2.42999,18.6058,0.730305,-1,Warning
15,-1.6028,74.9986,0.902328,-1,Warning
16,0.885853,2.70756,0.443756,1,Normal
12,-0.749142,41.0859,0.432474,-1,Normal
22,0.0287771,4.45734,0.553095,1,Normal
2,-0.482899,69.0067,0.596294,-1,Normal
2,-3.84104,34.8251,1,-1,Warning
22,-1.50487,21.9184,0.475273,-1,Normal
9,0.0272745,35.7253,0.125111,1,Normal
11,0.753614,13.1725,0.499928,1,Normal
21,2.68976,5.50013,1,1,Warning
12,-0.0982589,30.8265,0,-1,Normal
0,-3.20852,62.691,0.250363,-1,Normal
4,1.98124,52.8446,0.809894,1,Normal
20,0.528361,39.2981,0.0941757,1,Normal
12,-0.0294549,88.9526,0.074878,-1,Normal
0,0.502465,63.6828,0.595022,1,Normal
14,-2.38675,65.3119,1,-1,Warning
16,-3.47222,43.9023,0.415145,-1,Normal
17,-0.507382,59.9344,0,-1,Normal
9,0.821925,24.369,0.00149476,1,Normal
7,1.48641,39.4776,0.942345,1,Normal
20,1.19957,34.5312,0.957997,1,Normal
1,3,39.2231,0.736699,1,Normal
1,2.97583,33.6717,0.628757,1,Normal
15,-0.903179,37.5554,0.0779312,-1,Normal
5,0.86441,27.7561,0.228276,1,Normal
2,0.897721,64.5281,0.46991,1,Normal
0,1.34663,65.6753,0.594601,1,Normal
9,0.536464,58.7802,0.324276,1,Normal
22,-0.376382,27.6834,0.609704,-1,Warning
15,-0.0482075,34.2638,0.347341,-1,Normal
15,1.9264,33.1133,0.7918,1,Normal
1,2.83398,36.5581,0.965302,1,Warning
6,-0.0564512,23.0933,0.106831,-1,Normal
8,0.246155,29.5558,0.219393,1,Normal
6,-1.39759,32.16,0.840427,-1,Warning
5,0.708931,15.2705,0,1,Normal
4,0.638717,55.7615,0.604553,1,Normal
14,-2.17341,40.9395,1,-1,Warning
16,1.85768,26.6729,0.561677,1,Normal
18,1.91692,36.3425,0.466321,1,Normal
3,-2.9022,57.1272,0.446755,-1,Normal
13,-0.0406092,47.404,0.311508,-1,Normal
7,0.0622062,56.4918,0.387987,1,Normal
19,0.23224,0,0.0197464,1,Normal
10,0.876022,39.9586,0.0675665,1,Normal
16,-0.0071539,26.9977,0.505075,-1,Normal
14,-0.116708,28.9501,0.00150426,-1,Normal
11,-2.60129,43.5051,0.907297,-1,Warning
22,-2.09372,47.5882,0.643128,-1,Warning
10,3,38.7689,0.841965,1,Normal
23,-1.19458,14.7709,1,-1,Warning
23,-1.52829,24.9443,0.643523,-1,Warning
5,-0.136944,35.4746,0.0254907,-1,Normal
2,-3.69441,8.39172,0.864821,-1,Warning
5,-0.68868,17.9082,0.481406,-1,Normal
14,-1.22745,47.1048,1,-1,Warning
19,3.3168,34.4991,0.719741,1,Normal
1,-0.296377,38.6282,0.43614,-1,Normal
4,-0.419173,36.3606,0.206461,-1,Normal
7,0.436061,49.788,0.105419,1,Normal
6,-0.0787388,39.7005,0.0660807,-1,Normal
0,2.07859,9.28292,0.92371,1,Warning
0,0.878671,51.0292,0.367076,1,Normal
11,-1.44926,8.08289,0.460879,-1,Warning
20,-1.39386,45.6565,0.87959,-1,Warning
2,-0.659181,21.459,0.380441,-1,Normal
10,0.797512,20.8821,0.202065,1,Normal
16,-1.7864,39.7775,0.736842,-1,Warning
11,0.313989,27.3805,0.776426,1,Normal
16,3.59472,22.9988,0.687374,1,Normal
8,-2.80223,30.212,0.61501,-1,Warning
6,1.82546,69.6975,0.788126,1,Normal
22,0.223898,57.8788,0.136194,1,Normal
5,-0.173592,20.0394,0.337169,-1,Normal
4,-2.51348,0,0.554243,-1,Normal
12,-2.44169,44.2805,0.80793,-1,Warning
12,-0.263628,64.2422,0.199168,-1,Normal
10,-0.285071,47.0052,0.165933,-1,Normal
11,0.570196,19.918,0.556409,1,Normal
15,0.46961,0.314574,0.386402,1,Normal
5,-1.15779,40.8213,0.664658,-1,Warning
7,2.48389,35.3296,0.88821,1,Normal
19,-2.16222,35.7243,0.373257,-1,Normal
0,1.11687,40.5967,0.626539,1,Normal
19,0.7364,1.37094,0.381154,1,Normal
20,2.71144,54.2365,0.929499,1,Normal
11,3,5.8285,0.911918,1,Warning
11,-0.843778,2.79749,0.385824,-1,Normal
21,0.343057,32.2385,0.718853,1,Normal
15,0.209321,27.8962,0.0758867,1,Normal
14,-1.03834,57.8031,0.62829,-1,Warning
4,-0.707639,33.1848,0,-1,Normal
16,-0.0131979,16.4285,0.407837,-1,Normal
13,-0.00210146,65.424,0.412807,-1,Warning
10,2.69696,53.7976,0.937181,1,Warning
13,-0.727554,44.4086,0.320803,-1,Normal
8,0.190345,28.1731,0.234478,1,Normal
4,-0.3915,42.1992,0,-1,Normal
17,1.34833,38.8134,0.852805,1,Normal
1,1.24999,35.0453,0.744029,1,Normal
2,0.414711,54.7386,0,1,Normal
3,1.74412,5.93875,0.764185,1,Normal
6,-0.85862,58.3754,0.0504886,-1,Normal
6,-0.225128,21.3682,0,-1,Normal
7,-2.64754,48.078,0.748448,-1,Warning
18,-0.15355,69.42,0,-1,Normal
13,-1.36419,51.6822,0.271482,-1,Normal
14,-0.649421,19.3763,0.208816,-1,Normal
22,-3.25375,47.0147,0.720543,-1,Warning
20,0.742582,57.5371,0.122107,1,Normal
8,1.67144,34.8201,0.408775,1,Normal
13,-0.0331039,10.1759,0.0475369,-1,Normal
22,0.415431,56.2681,0.477167,1,Normal
10,1.44216,25.7499,0.426494,1,Normal
4,0.348086,47.4269,0.0307254,1,Normal
5,0.678506,48.2108,0.812942,1,Normal
15,-0.90914,52.3927,0,-1,Normal
5,0.66685,0,0.556178,1,Normal
18,-0.293991,24.5015,0.083836,-1,Normal
4,-0.0890186,18.9903,0.39401,-1,Normal
8,-3.74912,53.8069,0.863119,-1,Warning
14,-0.176092,15.5033,0.0850779,-1,Warning
1,0.794915,41.9727,0.448674,1,Normal
18,-0.563007,69.8086,0.505141,-1,Normal
16,2.83052,0.1588,0.502021,1,Normal
16,-1.28382,5.59318,1,-1,Warning
4,-0.399013,82.1699,0.5961,-1,Normal
19,-0.695969,38.3005,0.0402727,-1,Normal
11,-1.67954,26.3456,0.741658,-1,Warning
9,2.49254,18.6983,0.577597,1,Normal
3,-0.866354,49.8188,0.345526,-1,Normal
9,1.5252,30.7263,0.508995,1,Normal
20,3.33422,42.5651,0.975055,1,Warning
17,1.70909,0,1,1,Warning
12,-2.97141,23.6877,1,-1,Warning
9,-0.283439,44.8358,0.341418,-1,Normal
17,0.19521,36.7365,0,1,Normal
8,-0.725516,75.7415,0,-1,Normal
20,-0.0278381,35.2127,0.186823,-1,Normal
0,-1.09668,39.4233,0.494433,-1,Warning
8,0.240564,78.7661,0.207311,1,Normal
8,2.17744,44.5797,0.463309,1,Normal
13,1.28064,40.8196,0.537437,1,Normal
8,-0.455513,43.3655,0.0311072,-1,Normal
10,-1.64488,23.7018,0.33462,-1,Normal
8,-0.31204,35.9775,0.0683077,-1,Normal
8,-1.39239,7.82478,1,-1,Warning
4,0.00884674,31.0794,0.383284,1,Normal
20,-2.5357,19.717,1,-1,Warning
13,-1.47958,40.294,1,-1,Warning
1,0.731046,68.1509,0.55948,1,Warning
16,0.805808,11.8387,0.17945,1,Normal
19,-0.903606,43.1207,0.188544,-1,Normal
13,-0.167043,47.0512,0,-1,Normal
11,-0.400868,83.4274,0,-1,Normal
17,1.41868,50.8388,0.641486,1,Normal
5,-0.477138,32.8499,0.0284505,-1,Normal
23,3.04364,43.7347,0.573366,1,Normal
10,-1.52514,57.4426,0.654608,-1,Warning
17,0.91459,35.0624,0.0236985,1,Normal
21,3.15106,56.0611,0.901314,1,Warning
2,-0.553284,16.6322,0.408214,-1,Normal
4,0.556788,40.1836,0.185176,1,Normal
16,-1.24773,22.0121,0.630338,-1,Warning
21,-1.18447,59.6807,0.36101,-1,Normal
14,-1.00583,36.958,0.620044,-1,Warning
19,0.0306065,21.3285,0.422722,1,Normal
12,0.630039,9.31303,0.652094,1,Normal
3,0.727812,48.9528,0.342698,1,Normal
14,0.528408,16.7815,0,1,Normal
11,0.58824,18.7886,0.489909,1,Normal
2,-3.55174,14.5944,0.615323,-1,Warning
16,-0.189713,37.7912,0.484019,-1,Normal
15,0.337444,32.0971,0.619055,1,Normal
1,0.526836,30.1214,0.268873,1,Warning
0,-0.361652,32.7692,0.0151507,-1,Normal
18,3.86653,15.7425,0.852036,1,Normal
2,-0.101373,47.9247,0,-1,Normal
13,-0.726863,22.8576,0.483681,-1,Normal
1,-2.53038,45.5948,0.745788,-1,Warning
6,0.543164,22.7145,0.0542601,1,Normal
2,-0.217976,34.7989,0.250975,-1,Normal
9,3,24.8727,0.444654,1,Normal
10,-0.38387,31.5778,0.831866,-1,Warning
20,-2.44045,0,0.574939,-1,Normal
15,-2.40625,51.4875,0.716964,-1,Warning
21,-0.177485,63.6659,0.434959,-1,Normal
8,1.21725,59.7713,1,1,Normal
2,-0.427861,15.0947,0.0168698,-1,Normal
14,2.89461,48.3523,0.713358,1,Normal
4,0.507178,31.1527,0.118574,1,Normal
14,-2.70789,73.2356,0.939155,-1,Warning
12,-0.91172,53.4863,0.302318,-1,Normal
16,-1.58052,28.1603,0.523549,-1,Normal
7,-2.52096,58.8588,0.86126,-1,Warning
15,-0.944309,40.579,0,-1,Normal
9,0.249923,49.584,0,1,Normal
11,-0.732083,18.8894,0.211649,-1,Normal
17,0.581948,51.9373,0.331354,1,Normal
3,1.03909,25.1228,0.525381,1,Normal
1,0.946108,38.605,0.00769278,1,Normal
9,3,0,0.802981,1,Normal
7,1.7043,30.6143,1,1,Warning
19,-0.762096,20.2114,0.41436,-1,Normal
1,-0.0760395,45.2426,0.306901,-1,Normal
15,-1.86926,19.0117,0.802996,-1,Warning
21,2.9969,6.99823,0.478285,1,Normal
14,2.45521,27.7324,1,1,Warning
4,1.84653,12.6609,0.904471,1,Warning
4,-0.111578,51.2567,0,-1,Normal
20,-1.15269,0,0.75619,-1,Warning
2,0.8532,58.5843,0.419166,1,Normal
7,-0.314651,40.9525,0.669086,-1,Warning
9,-0.35878,0,0.398135,-1,Warning
17,-0.107274,59.0215,0.0952844,-1,Normal
10,-0.011263,13.0427,0.412942,-1,Normal
20,1.67521,42.5136,0.994752,1,Warning
13,0.522934,31.2155,0.116067,1,Normal
11,1.21395,29.9255,0.715387,1,Normal
14,-1.16252,31.323,0.688534,-1,Warning
18,2.73845,1.77455,0.808751,1,Normal
5,-0.17684,45.9397,0.484222,-1,Normal
7,-0.287921,7.3683,0.380971,-1,Normal
21,-2.66375,29.2952,0.881262,-1,Warning
1,-0.675029,20.929,0.0188806,-1,Warning
11,0.273019,52.5815,0.0822789,1,Normal
16,-0.33579,19.5451,0.514696,-1,Normal
2,-0.661162,0,0,-1,Normal
20,1.57114,48.5251,0.757246,1,Normal
20,1.13443,1.603,0.223725,1,Normal
5,0.42075,8.04502,0,1,Normal
9,-1.07195,0,0.950887,-1,Warning
16,-0.783346,53.029,0.736848,-1,Warning
18,0.0336925,33.9076,0.527707,1,Normal
2,0.507093,21.1019,0.150963,1,Normal
16,-0.0326271,10.4538,0,-1,Normal
23,-1.51848,44.0831,0.702671,-1,Warning
23,2.66872,22.349,0.448746,1,Normal
7,3,19.6154,0.492368,1,Normal
0,-0.584786,10.0185,0.385508,-1,Normal
9,0.563823,81.0515,0,1,Normal
4,-0.217481,48.727,0,-1,Normal
21,-0.403637,31.5518,0.0398504,-1,Normal
1,-0.293964,46.3512,0.0429055,-1,Normal
13,-3.14206,16.0721,0.38419,-1,Normal
2,0.170569,34.9766,0.00842557,1,Normal
10,0.0408551,44.0189,0.657903,1,Normal
10,0.072123,36.1467,0.402412,1,Normal
14,0.0367655,48.7841,0,1,Normal
15,-0.708522,33.5944,0.187412,-1,Normal
17,0.938187,60.8094,0.179493,1,Normal
3,-0.78434,2.73745,0.0561615,-1,Normal
5,-1.02768,17.4136,0.571966,-1,Normal
14,3.65488,41.7782,0.461599,1,Normal
16,-1.30207,37.6898,0.53489,-1,Normal
20,-0.635897,49.9167,0,-1,Normal
11,1.18089,32.8435,0.672751,1,Warning
7,-2.09737,39.6866,0.447014,-1,Normal
9,-0.329907,14.1898,0.433708,-1,Normal
15,1.57219,44.9009,0.716674,1,Normal
0,-2.16548,0,0.650626,-1,Warning
16,-2.30938,26.1852,0.285054,-1,Normal
23,-1.18978,44.8835,0.623199,-1,Warning
9,-0.763608,35.5047,0.346573,-1,Normal
6,0.805694,5.72351,0.347133,1,Normal
21,-2.42626,19.0728,1,-1,Warning
8,-4.19595,57.0167,0.910742,-1,Warning
2,-0.980189,35.3577,0.142197,-1,Normal
1,-1.216,60.6181,0.720741,-1,Warning
9,-0.908485,19.4236,0.254923,-1,Normal
3,0.237666,57.1454,0.261218,1,Normal
18,0.503875,68.255,0.583129,1,Normal
18,0.0739704,57.8592,0.502091,1,Normal
2,-2.50627,12.0709,0.37575,-1,Normal
22,-1.25459,22.9884,0.85109,-1,Warning
14,-0.205329,20.3982,0.348231,-1,Warning
1,-0.355814,46.8878,0.152206,-1,Normal
11,-2.9734,61.979,0.854052,-1,Warning
4,-0.692064,52.3479,0.348859,-1,Normal
3,-0.359762,3.06835,0.219829,-1,Normal
15,0.722542,5.15517,0.441826,1,Normal
17,1.61353,12.9726,0.520054,1,Warning
21,-0.713525,53.4925,0.33558,-1,Normal
12,2.2105,39.9214,0.704992,1,Normal
3,0.350545,74.9229,0.0921881,1,Normal
14,0.728865,28.8863,0,1,Normal
22,-0.647976,34.0697,0.684085,-1,Warning
20,-4.08818,38.0546,0.545196,-1,Normal
11,0.131312,33.9125,0.43498,1,Normal
14,1.71843,31.3888,0.858818,1,Normal
11,-2.1504,6.92158,0.939607,-1,Warning
23,0.000899425,23.0846,0.113706,1,Normal
23,-0.596281,52.1131,0.0988788,-1,Normal
11,0.908395,15.9443,0.249543,1,Normal
18,0.283203,37.0471,0.392131,1,Normal
1,2.42751,44.5165,0.733356,1,Normal
17,1.39578,1.30684,0.418475,1,Normal
7,-2.11437,7.43323,1,-1,Warning
23,-4.58618,4.6221,0.824006,-1,Warning
0,0.479103,14.9237,0.759947,1,Normal
16,0.665306,29.9451,0.12745,1,Normal
23,-1.87796,68.7254,0.378953,-1,Normal
14,-1.64259,44.0544,0.878285,-1,Warning
11,-0.103962,0,0.123349,-1,Normal
6,-0.59526,44.4305,0.389903,-1,Normal
23,-1.12165,32.8599,0.371583,-1,Normal
9,-3.79127,57.142,0.857401,-1,Warning
11,1.33531,44.9089,0.979248,1,Normal
7,1.17409,70.7256,0.795281,1,Normal
18,0.0344444,24.3835,0.50391,1,Normal
9,2.03516,63.5481,0.109185,1,Normal
15,-0.306749,34.2619,0.534011,-1,Normal
20,-2.91886,70.0625,0.980969,-1,Warning
3,1.29811,49.8679,0.745977,1,Normal
23,0.0994121,33.7923,0.207597,1,Normal
7,0.228545,43.1894,0.240407,1,Normal
5,1.30472,16.2004,0.615289,1,Normal
11,1.93759,46.8803,0.664083,1,Normal
9,-0.927752,43.3018,0.941305,-1,Warning
0,0.178351,30.3623,0.0678679,1,Normal
3,-0.307197,41.6326,0,-1,Normal
23,0.128629,0,0.428395,1,Normal
20,0.800508,61.6602,0,1,Normal
16,-0.0753984,22.6654,0.222382,-1,Warning
20,2.18549,51.3128,0.737989,1,Normal
6,-0.214379,54.851,0.314678,-1,Normal
4,-1.68438,38.9086,0.0584037,-1,Normal
13,-0.661705,46.7851,0.0235928,-1,Normal
8,2.7831,54.5466,1,1,Warning
16,3.46208,39.0855,0.764294,1,Normal
2,-0.503745,24.3086,0.797953,-1,Warning
6,-2.84201,28.6666,1,-1,Warning
15,-0.100103,54.0509,0.803207,-1,Normal
9,0.47113,3.18601,0.402595,1,Normal
8,-2.61241,58.6098,0.82831,-1,Warning
0,0.515088,15.5511,0.0479054,1,Normal
13,0.473777,2.02649,0.25124,1,Normal
1,1.56179,37.004,0.236587,1,Normal
2,-0.48836,15.9792,0.222706,-1,Normal
10,-0.365984,42.1424,0.352292,-1,Normal
11,0.0675177,25.2831,0.0194034,1,Normal
21,-0.232854,30.6301,0.333519,-1,Normal
12,-2.71578,48.6526,0.487242,-1,Normal
1,0.238995,46.7779,0.563731,1,Normal
5,-3.01734,33.3997,0.577895,-1,Normal
20,0.1019,18.2707,0.308607,1,Normal
8,-0.0443543,27.7191,0.0821275,-1,Normal
1,-1.65031,19.8627,0.566878,-1,Normal
3,-2.29387,54.9066,0.703534,-1,Warning
16,1.10009,54.6624,0.883404,1,Normal
22,-1.00547,25.9812,0.790473,-1,Warning
7,-2.57608,43.43,0.88637,-1,Warning
13,2.36539,51.3613,0.485416,1,Normal
4,-0.0206749,26.3662,0.925099,-1,Warning
0,2.84014,8.3849,1,1,Warning
20,0.605052,22.1259,0.617232,1,Normal
14,0.521131,24.0506,0.318861,1,Normal
22,-3.99918,4.6134,0.621781,-1,Warning
15,1.04241,65.5668,0.57221,1,Normal
22,-0.197822,50.4566,0.335655,-1,Normal
16,2.44614,44.1706,1,1,Warning
1,0.950116,57.6136,0.314149,1,Normal
10,0.943654,50.4928,0.0609998,1,Normal
0,-1.83742,3.20054,0.657534,-1,Warning
18,0.723058,0.886961,0.0536431,1,Normal
14,-2.54858,46.7937,0.735484,-1,Warning
4,0.384874,49.9042,0.359319,1,Normal
7,-1.29309,26.1985,0.808986,-1,Warning
2,0.79446,36.8924,0.0937833,1,Normal
19,0.763333,44.769,0.167684,1,Normal
2,0.137277,34.7388,0.279396,1,Normal
5,-0.144116,28.6509,0.669374,-1,Normal
6,-0.563417,32.7898,0.0770531,-1,Warning
18,0.50584,38.08,0.325618,1,Normal
22,-2.77719,56.0499,0.847541,-1,Warning
16,1.10043,17.2323,0.947975,1,Normal
13,-0.530237,28.9746,0,-1,Normal
19,0.0231415,23.3082,0.281474,1,Normal
11,-0.637351,35.7391,0.0707868,-1,Normal
22,-0.505906,8.00489,0,-1,Normal
8,-0.0675682,51.6262,0.0318992,-1,Normal
9,1.79413,46.4859,0.643411,1,Normal
12,2.41083,30.6816,0.870719,1,Normal
2,-0.328521,29.1739,0,-1,Normal
6,3,19.7963,0.991312,1,Warning
21,-2.6107,46.2415,0.709046,-1,Warning
5,0.851548,0,0.20336,1,Normal
16,-3.86727,21.2948,0.914237,-1,Warning
19,-0.0083126,16.8472,0.168996,-1,Warning
19,0.898816,0,0.221092,1,Warning
6,1.82241,83.7561,0.510912,1,Normal
8,-0.220816,57.2766,0.203076,-1,Normal
16,0.576051,39.9585,0.350586,1,Normal
8,2.39249,82.7778,0.938608,1,Warning
14,2.49207,52.8901,0.770938,1,Normal
7,-2.48357,30.9608,1,-1,Warning
9,1.07487,57.8705,0.424662,1,Normal
19,0.552617,18.9625,0.507185,1,Normal
14,2.35836,58.5569,0.570167,1,Normal
11,0.166815,22.046,0.112013,1,Normal
17,-0.435919,70.8176,0.0695127,-1,Normal
23,-0.758267,8.78135,0,-1,Normal
17,-4.06487,49.9574,1,-1,Warning
3,-0.289515,14.9418,0.445212,-1,Normal
3,-0.738943,37.5726,0.605397,-1,Warning
2,-0.407568,46.2014,0.561303,-1,Normal
23,2.68398,62.3533,0.683157,1,Normal
6,0.792811,20.8927,0.574473,1,Normal
1,2.86196,33.8296,0.233775,1,Normal
11,0.191942,53.4006,0.238688,1,Normal
13,0.507478,26.9689,0.176714,1,Normal
11,1.15057,39.8243,0.724923,1,Normal
19,2.69109,44.8696,0.798658,1,Normal
12,0.277279,15.8419,0.560172,1,Normal
22,-0.35249,54.0314,0.148078,-1,Normal
12,2.81425,44.3244,0.715435,1,Normal
11,1.42007,46.7391,0.551047,1,Normal
22,0.188229,43.9771,0,1,Normal
21,2.40176,25.1264,0.838943,1,Warning
1,2.34452,70.9582,0.791072,1,Normal
17,-2.52184,48.183,1,-1,Warning
23,-2.0297,7.49724,0.680862,-1,Warning
17,-2.23592,23.7604,1,-1,Normal
16,-0.286109,38.0546,0.402989,-1,Normal
4,-2.21633,44.9584,0.45836,-1,Normal
15,-1.24979,49.2355,0.54453,-1,Normal
2,0.567008,59.9372,0,1,Normal
18,0.755739,80.4671,0.245774,1,Normal
14,-1.77439,61.979,0.686313,-1,Warning
10,2.16252,43.8041,1,1,Warning
15,-1.68708,0,0.546028,-1,Normal
3,0.376405,49.3196,0.0713795,1,Normal
1,1.14571,16.3822,0.372321,1,Normal
4,-1.28939,39.4106,0.969722,-1,Warning
11,-2.82011,59.4882,0.526928,-1,Normal
6,-0.881452,31.5384,0.246137,-1,Normal
21,-0.691232,32.4348,0.196086,-1,Normal
17,0.0785001,45.7783,0.318532,1,Normal
23,2.28725,64.2693,1,1,Warning
18,0.0929604,22.1345,0.556125,1,Normal
20,-2.14531,40.8264,0.478635,-1,Normal
20,3.09922,40.7323,0.345522,1,Normal
6,-0.687379,21.1975,0.166778,-1,Normal
23,-1.82262,29.6202,0.963885,-1,Warning
16,1.20647,56.5372,0.543662,1,Normal
15,0.394728,12.528,0.754269,1,Normal
17,-3.4938,34.9354,0.828026,-1,Warning
17,1.41999,40.257,1,1,Normal
0,3,20.9941,0.770213,1,Normal
22,1.47572,48.3987,1,1,Normal
7,-2.5362,9.55898,0.356867,-1,Normal
16,0.549892,0,0.0255795,1,Normal
23,-0.172975,23.1661,0.138104,-1,Warning
2,-1.79233,30.9637,0.53261,-1,Normal
5,0.261696,15.8116,0.0948831,1,Normal
14,0.656658,27.8823,0,1,Normal
10,0.654864,29.9909,0.301996,1,Normal
12,1.90043,3.37191,0.637631,1,Normal
20,-0.476136,56.9643,0,-1,Normal
0,0.313775,31.4807,0.34608,1,Normal
23,2.65421,65.2262,0.673714,1,Normal
22,0.452286,64.6745,0.309478,1,Normal
21,-2.85104,36.5704,0.824512,-1,Warning
7,0.275588,41.1282,0,1,Normal
21,-0.560018,43.8017,0.0419037,-1,Normal
7,-0.132905,45.3209,0.592439,-1,Normal
8,0.180598,45.2134,0.206862,1,Normal
20,-0.879309,25.3514,0.682779,-1,Warning
2,0.317229,44.5221,0.483393,1,Normal
23,-1.42661,19.1819,1,-1,Warning
20,1.07271,48.021,0.675182,1,Normal
3,-0.293472,44.6904,0.0614902,-1,Normal
11,3,5.39592,0.590088,1,Normal
2,-1.66024,46.2128,0,-1,Normal
12,1.75437,9.02711,0.809453,1,Normal
9,-2.78941,71.4364,0.837292,-1,Warning
23,-0.065159,57.5528,0.169381,-1,Normal
18,-4.29108,19.8998,0.538585,-1,Normal
14,0.659433,20.9255,0.534861,1,Normal
23,0.182471,40.006,0.133693,1,Normal
2,2.24113,52.0194,0.810109,1,Normal
11,0.231178,16.2496,0.222418,1,Normal
9,3,39.4539,0.198788,1,Normal
20,3.98136,4.84981,0.950385,1,Warning
8,-2.38173,10.0383,0.839807,-1,Warning
0,-1.1016,25.4509,0.52303,-1,Normal
13,-4.32075,17.7356,1,-1,Warning
14,-0.198785,60.6329,0.0612461,-1,Normal
21,0.853752,36.1149,0.120655,1,Normal
10,0.425992,27.6018,0.0616665,1,Normal
7,-0.415197,31.8013,0,-1,Normal
10,2.19049,37.0761,0.376288,1,Normal
12,-0.138753,34.5965,0.320411,-1,Warning
4,-0.198669,51.3477,0.149739,-1,Normal
4,-0.788819,46.0028,0.377459,-1,Normal
22,0.864413,48.5822,0.109622,1,Warning
7,3,40.8654,1,1,Warning
13,-1.94105,41.8152,0.847267,-1,Warning
2,-0.749958,53.2295,0.446604,-1,Normal
19,-2.5495,33.2814,0.716905,-1,Warning
3,3,25.406,0.77854,1,Normal
8,0.577483,36.4286,0.217017,1,Normal
8,0.758702,0.522837,0.742336,1,Normal
16,-2.36962,35.1989,0.574515,-1,Normal
5,2.35571,47.7045,0.914764,1,Warning
16,-0.0312393,71.6365,0.404674,-1,Normal
19,-0.286522,56.0861,0.244877,-1,Normal
17,0.274326,48.9374,0.401171,1,Normal
5,-0.201968,44.8486,0.679856,-1,Normal
7,-0.666148,32.8727,0.298326,-1,Normal
23,0.871127,13.0353,0.788587,1,Normal
6,-0.240169,20.0229,0.370932,-1,Normal
12,-2.28214,31.9143,0.900182,-1,Warning
1,0.20897,30.0079,0.577625,1,Normal
2,-0.44423,9.07459,0.267398,-1,Normal
15,0.290452,35.3384,0,1,Normal
0,0.815922,13.8798,0.788888,1,Normal
23,0.589861,29.9019,0.586614,1,Normal
20,-0.549248,32.8792,0,-1,Normal
18,-2.30832,32.9285,1,-1,Warning
5,0.645225,26.5643,0.473988,1,Normal
18,0.468447,17.9462,0.190834,1,Normal
22,0.911692,26.4189,0.328636,1,Normal
12,-3.61113,53.6268,0.748603,-1,Warning
5,0.859084,12.8651,0.762425,1,Normal
7,0.338198,66.8739,0.0134634,1,Normal
20,0.631883,16.3041,0.44485,1,Normal
20,-2.01033,23.4131,0.649583,-1,Warning
22,1.14048,38.6181,1,1,Normal
16,-1.33053,1.0152,0.699456,-1,Warning
12,-2.20264,35.9435,0.338926,-1,Normal
8,0.190643,11.6684,0.568232,1,Normal
20,-0.998814,56.7113,0.357432,-1,Normal
21,3.36659,24.5692,0.442713,1,Normal
6,0.0142098,54.6632,0,1,Normal
15,-0.755462,24.7424,0.165927,-1,Normal
17,-1.13562,25.6549,0.441416,-1,Normal
5,-0.620417,41.886,0.234239,-1,Normal
15,-2.49085,21.396,0.910793,-1,Warning
21,0.0037304,18.9008,0.134067,1,Normal
4,0.58408,31.4502,0.271094,1,Normal
3,-0.612837,2.64699,0,-1,Normal
8,0.91587,34.4723,0.122311,1,Normal
5,0.70951,20.1941,0.297478,1,Normal
3,0.267916,56.9973,0.318009,1,Normal
7,-3.03633,33.4458,0.828002,-1,Warning
20,2.17191,7.03312,0.863998,1,Normal
16,0.101237,48.7947,0.155679,1,Normal
8,-0.398025,17.3578,0.307381,-1,Normal
20,1.81637,23.2303,0.782687,1,Normal
11,0.370662,40.2953,0.334223,1,Normal
4,-1.7503,16.0159,1,-1,Warning
7,-0.357832,42.5796,0.32159,-1,Normal
3,-2.30935,72.0687,0.754486,-1,Warning
23,-2.99655,47.4039,1,-1,Warning
22,0.373447,17.7726,0.363771,1,Normal
15,-0.555546,16.239,0,-1,Normal
21,-2.66601,32.3699,1,-1,Warning
19,1.59639,26.9762,1,1,Warning
12,-0.450718,29.7929,0,-1,Normal
3,-2.82929,42.1312,0.923615,-1,Warning
7,-0.0719208,59.2411,0.282161,-1,Normal
23,0.523032,53.2678,0.622981,1,Normal
20,1.15205,75.5031,0.907967,1,Normal
22,0.745585,33.5887,0.451706,1,Normal
22,-2.2501,50.5963,0.747044,-1,Warning
10,-1.87482,28.1039,0.637434,-1,Warning
19,1.56626,0.466582,0.542385,1,Normal
8,-0.497576,37.7594,0.498476,-1,Normal
7,-1.5034,44.3435,0.562976,-1,Normal
11,0.328545,42.0462,0.100071,1,Normal
9,-0.0866129,86.449,0.176874,-1,Normal
7,-3.09814,46.495,0.821235,-1,Warning
4,-0.0725796,21.5298,0,-1,Normal
1,0.318525,55.5094,0.150553,1,Normal
9,-0.943082,50.8608,0.403735,-1,Normal
13,3.34025,69.2212,0.615099,1,Normal
18,2.02105,38.5473,0.778588,1,Normal
8,-0.825924,43.6945,0.182649,-1,Normal
7,-1.03187,47.1645,0.77842,-1,Warning
20,-3.23153,41.1958,0.775676,-1,Warning
1,-0.389352,0,0.14104,-1,Normal
20,2.38489,58.9786,0.88127,1,Normal
2,1.19432,38.8879,0.67834,1,Normal
5,1.20832,25.7742,0.729592,1,Normal
22,0.351599,28.3849,0.203019,1,Normal
22,-0.401526,39.7839,0,-1,Normal
8,-2.15029,19.8941,0.375373,-1,Normal
9,-0.591768,10.611,0.72721,-1,Warning
0,0.525612,71.1489,0.204744,1,Normal
4,-0.638601,27.9496,0,-1,Normal
23,1.88201,53.8467,0.499761,1,Normal
3,0.712967,6.08719,0,1,Normal
16,-3.93308,78.0208,0.631777,-1,Warning
3,0.691336,51.3723,0.35996,1,Normal
2,-0.935087,26.5671,0.383329,-1,Normal
19,0.153042,34.9358,0.272899,1,Normal
12,0.694772,9.82152,0.481833,1,Normal
2,-1.21117,21.4366,0.630688,-1,Warning
13,-1.49549,27.6209,0.747228,-1,Warning
19,-2.96158,17.8989,1,-1,Warning
20,-0.257023,55.4607,0.461497,-1,Normal
20,2.71827,0,0.58566,1,Normal
13,0.512229,16.3388,0.0865835,1,Normal
4,0.621446,12.6134,0.459587,1,Normal
20,2.44721,0,1,1,Warning
6,-2.64795,30.398,0.67006,-1,Warning
5,-0.567397,37.6314,0.709307,-1,Warning
10,-1.81696,43.4067,0.629509,-1,Warning
4,-0.475847,18.5018,0.353983,-1,Normal
11,-0.056863,41.3046,0.547198,-1,Normal
23,-0.758506,34.4199,0,-1,Warning
8,0.307531,56.1587,0.369117,1,Normal
1,-2.13628,43.491,0.726246,-1,Warning
4,1.2756,0,1,1,Normal
19,-0.0564754,48.6405,0.249993,-1,Normal
12,2.16823,23.2584,0.553258,1,Normal
16,0.696068,40.016,0.525815,1,Normal
14,-1.86454,67.1254,0.528749,-1,Normal
9,-0.511047,52.3709,0,-1,Normal
16,-0.969459,28.7426,0.582951,-1,Normal
12,-2.51844,27.7391,0.778546,-1,Warning
11,0.204519,10.856,0.30692,1,Normal
9,-2.29508,33.6657,1,-1,Warning
6,0.766988,18.4441,0.233764,1,Normal
0,-2.76937,21.9234,0.783651,-1,Warning
8,0.44655,17.4498,0.292741,1,Normal
5,-0.41985,49.0169,0.293809,-1,Normal
10,-1.0425,46.9952,1,-1,Warning
18,-3.18169,39.2492,1,-1,Warning
3,0.422159,41.9287,0.0650087,1,Normal
12,-0.507451,30.3092,0.204017,-1,Normal
0,-1.41632,25.3671,1,-1,Warning
18,-0.882663,42.6174,0.417975,-1,Normal
11,-0.354817,32.2875,0.323393,-1,Warning
4,-2.20661,36.6553,0.673173,-1,Warning
0,2.84553,18.9235,0.789822,1,Normal
5,0.199994,59.2073,0.290781,1,Normal
17,-0.541496,39.3235,0.153736,-1,Normal
7,0.158404,59.1421,0.140855,1,Normal
1,1.39881,57.4141,0.726766,1,Normal
17,3.445,65.3247,1,1,Normal
14,3.61119,62.4724,0.505393,1,Normal
0,1.18714,17.5429,0.732577,1,Normal
5,0.142675,40.721,0.0776699,1,Normal
18,-0.107075,44.7066,0,-1,Normal
18,-1.6468,34.8352,0.611411,-1,Warning
11,0.637349,41.3421,0,1,Normal
16,-1.03865,0,0.490121,-1,Normal
12,1.5007,31.7635,0.87174,1,Normal
8,0.958276,20.3407,0,1,Normal
13,-0.0422722,31.1132,0.248388,-1,Normal
8,-0.610947,27.7516,0.305978,-1,Normal
5,1.09147,8.37722,0.733999,1,Normal
13,-0.0178008,47.0332,0.0810511,-1,Normal
17,0.00947771,46.2744,0.0772329,1,Normal
5,0.851141,54.7995,0.192712,1,Normal
0,0.953729,3.85219,0.240225,1,Normal
6,2.37919,21.7242,0.930626,1,Warning
23,0.73416,38.1269,0.260455,1,Normal
8,-0.108747,21.6012,0.44095,-1,Normal
0,-0.495568,33.3206,0.31628,-1,Normal
9,3,53.4868,0.851935,1,Normal
3,0.779476,40.0069,0.273829,1,Normal
11,0.362166,17.6987,0.29721,1,Normal
0,-0.480596,39.9149,0.436183,-1,Normal
11,-0.419365,50.4133,0.319636,-1,Normal
18,-3.57764,49.1799,0.762909,-1,Warning
1,-2.70101,56.4592,0.924089,-1,Warning
13,-1.87636,49.9338,0.805624,-1,Warning
12,0.511721,32.5254,0.372637,1,Normal
11,0.0287791,50.9863,0.327709,1,Normal
6,1.38679,28.9886,0.861864,1,Normal
22,0.406989,58.3292,0.523987,1,Normal
13,0.828739,37.0188,0.257448,1,Normal
12,-1.77347,70.2834,0.968187,-1,Warning
14,-0.456721,29.1679,0,-1,Warning
3,0.0889528,43.6372,0,1,Normal
3,1.04169,47.3671,0.902839,1,Warning
6,0.0822565,48.5819,0.0630192,1,Normal
22,-0.910101,28.7708,0.271084,-1,Normal
21,-2.2624,44.0448,0.816052,-1,Normal
11,0.584667,70.8545,0.235216,1,Normal
2,1.32734,12.0588,0.721462,1,Normal
6,-0.795425,37.0629,0.624621,-1,Warning
22,0.318956,28.8513,0.72366,1,Normal
12,-1.73155,36.0987,0.500012,-1,Normal
8,1.66937,30.4542,0.659809,1,Normal
22,-3.63054,96.8745,0.83448,-1,Warning
11,-0.191228,22.522,0.176418,-1,Normal
12,-0.587845,49.7549,0,-1,Warning
9,-0.844084,24.8954,0.504803,-1,Normal
13,-0.365575,25.8118,0.504724,-1,Normal
10,3,27.9772,0.605841,1,Normal
8,-2.20062,35.5674,1,-1,Warning
23,-0.148136,25.3772,0,-1,Normal
1,0.0917431,18.9142,0.479756,1,Normal
3,0.567082,23.7749,0.540053,1,Normal
14,-0.347364,67.098,0.335334,-1,Normal
6,2.02639,36.0949,0.585962,1,Normal
20,-0.609738,11.1857,0.0919659,-1,Normal
3,-0.110084,42.0049,0.293094,-1,Normal
14,0.746514,19.1093,0.288269,1,Normal
7,-2.37939,58.6868,1,-1,Warning
15,-0.899034,57.1179,0.549066,-1,Normal
13,-0.00305848,33.8712,0.136569,-1,Normal
8,2.00577,28.3576,0.62831,1,Normal
20,-1.29211,48.4898,0.44942,-1,Normal
12,1.23744,4.4609,0.424039,1,Normal
2,-0.976666,18.3764,0.0858661,-1,Normal
4,1.46957,0,0.594606,1,Normal
16,0.0169305,13.2603,0.229032,1,Normal
5,3,64.5301,0.884125,1,Normal
19,0.309906,53.7304,0.012591,1,Normal
14,0.563178,61.8949,0,1,Normal
11,0.367697,51.0696,0.20249,1,Normal
4,-2.36323,46.4081,0.579453,-1,Normal
17,1.31535,62.2598,0.758365,1,Normal
22,-2.9638,56.0117,0.569083,-1,Normal
16,-1.26025,0,0.732816,-1,Warning
16,-0.0845282,21.1539,0,-1,Normal
17,-1.51001,22.4888,0.496341,-1,Normal
18,-0.158033,39.6309,0.783992,-1,Normal
10,0.145167,14.0428,0.394863,1,Normal
23,0.829102,27.1135,0.707805,1,Normal
12,4.1767,36.1821,0.770413,1,Normal
22,0.245376,36.1286,0,1,Normal
2,0.200796,7.72385,0.455385,1,Normal
20,-1.38401,58.2872,0.742678,-1,Warning
23,-0.271544,36.2477,0.461738,-1,Normal
3,-2.42837,18.1607,0.564636,-1,Normal
21,-0.245897,0,0.0914325,-1,Warning
8,0.236169,0,0.136229,1,Normal
17,1.92994,41.6322,0.62089,1,Normal
8,-0.266223,55.5885,0.471125,-1,Normal
5,-1.34215,6.16398,0.485822,-1,Normal
5,-0.513987,29.6043,0.496618,-1,Normal
4,0.661151,32.1307,0.475071,1,Normal
1,0.190287,20.1709,0.334095,1,Normal
22,0.686829,31.54,0.207277,1,Normal
13,2.99239,44.2332,0.125791,1,Normal
18,0.659377,42.5394,0.272188,1,Normal
15,-0.306457,0,0.559863,-1,Normal
1,-0.752103,37.6238,0.331266,-1,Normal
3,1.26475,25.8995,0.949323,1,Normal
18,-3.01941,32.0632,0.810787,-1,Warning
20,-1.05129,7.33162,0.482061,-1,Normal
15,-0.111548,31.5646,0.394768,-1,Normal
13,2.53022,49.524,1,1,Warning
1,-3.11568,0,1,-1,Warning
0,-3.02089,40.4809,1,-1,Warning
21,-2.39328,35.7084,0.43012,-1,Normal
21,-0.195884,3.28826,0.330585,-1,Normal
23,1.37009,61.5941,0.501623,1,Normal
15,-0.217265,26.4123,0.0207254,-1,Normal
9,-1.17258,13.9069,0.906545,-1,Warning
18,-0.118389,9.67019,0.220347,-1,Normal
7,-1.57231,67.0328,0.722306,-1,Warning
11,2.50562,50.8999,1,1,Warning
8,1.17499,30.7457,0.833215,1,Normal
22,2.45528,21.0438,0.834701,1,Normal
14,2.07825,0,0.625465,1,Normal
18,0.373099,50.1442,0,1,Normal
7,1.6218,6.5681,0.848857,1,Normal
0,0.552213,60.4665,0.964455,1,Normal
2,2.78659,52.1419,1,1,Warning
16,-1.91369,6.16751,0.637309,-1,Warning
15,-1.77899,15.6189,0.823982,-1,Warning
0,0.846496,55.1573,0.259352,1,Normal
19,1.44823,50.4851,0.521573,1,Normal
10,-0.3673,46.6518,0.251346,-1,Normal
0,1.77397,42.8267,0.885115,1,Normal
2,0.321282,24.6457,0.35009,1,Normal
17,2.38336,48.2251,0.469207,1,Normal
12,1.46802,50.6056,0.550814,1,Normal
10,2.84973,25.367,0.962206,1,Warning
5,0.998268,32.0464,0,1,Normal
5,-1.01581,44.9617,0.809263,-1,Warning
14,-0.292999,0,0.152175,-1,Normal
6,-0.592624,46.2582,0,-1,Normal
6,-1.82615,24.1018,0.201699,-1,Normal
19,-1.71375,52.0974,0.58966,-1,Normal
20,-0.262238,12.8526,0.25379,-1,Normal
18,0.328237,8.15331,0.434411,1,Normal
18,-0.382215,70.8121,0,-1,Normal
5,2.62635,25.1939,0.85716,1,Normal
19,-2.0595,38.8952,0.329946,-1,Normal
15,-1.76356,23.1737,0.793326,-1,Warning
21,-0.383799,35.6059,0.192305,-1,Normal
7,3,37.9842,0.490197,1,Normal
20,3.02903,33.0794,0.569134,1,Normal
13,0.596685,42.4427,0.440048,1,Normal
3,-1.33,24.1476,0.819988,-1,Warning
11,-0.505181,39.8404,0.181201,-1,Normal
13,0.149029,54.1125,0.00112624,1,Normal
20,-1.62165,38.6843,0.75974,-1,Warning
14,1.14088,34.8387,0.933916,1,Normal
15,1.1194,16.3645,0.880446,1,Normal
1,-0.198525,4.87771,0.0962153,-1,Normal
1,0.155166,18.1651,0.442704,1,Normal
8,-0.703224,41.0721,0.227194,-1,Normal
19,2.33028,12.9788,0.450487,1,Normal
23,1.39322,62.9254,0.608754,1,Normal
14,-3.31564,45.86,0.477327,-1,Normal
19,-1.82085,27.8495,0.555236,-1,Normal
23,1.08211,33.7532,1,1,Normal
12,1.04622,33.2859,0.176242,1,Normal
23,-2.10856,22.9362,0.605312,-1,Warning
13,-0.102584,78.1509,0.022935,-1,Normal
9,3,31.7929,0.404647,1,Normal
19,-0.11551,29.3702,0.27894,-1,Normal
23,-0.532969,39.8345,0.0777412,-1,Normal
3,2.8525,30.2715,0.41223,1,Normal
9,1.85201,52.9602,0.66638,1,Normal
12,0.519186,37.6874,0,1,Normal
17,-0.683407,5.78534,0.363079,-1,Normal
23,-0.439232,37.4869,0.330682,-1,Normal
17,-1.16049,28.6897,0.679051,-1,Warning
8,-0.269981,39.5336,0.281486,-1,Normal
1,-0.286957,67.3778,0.42217,-1,Normal
0,0.468082,17.8406,0.107917,1,Normal
17,0.511189,22.6521,0,1,Normal
12,4.15653,38.8909,0.640509,1,Normal
15,-1.33434,82.6287,0.681177,-1,Warning
10,-1.06464,66.1966,0.944568,-1,Normal
19,0.260364,42.0208,0.396791,1,Normal
9,-1.07016,44.2886,0.559431,-1,Normal
16,0.672424,34.0651,0.401435,1,Normal
7,0.506275,45.9721,0.239009,1,Normal
4,-0.0498821,48.0226,0.383608,-1,Warning
1,-1.41044,43.9027,0.641083,-1,Warning
1,2.51436,40.1504,0.745698,1,Normal
12,-0.404893,23.7137,0.267951,-1,Normal
9,0.905153,41.5552,0.337362,1,Warning
12,3.27159,50.8445,0.744015,1,Normal
18,-2.35585,14.8229,0.773965,-1,Warning
11,1.25957,52.5551,0.603619,1,Normal
18,-0.872357,53.5043,0.0513778,-1,Normal
12,1.47572,15.1693,0.732016,1,Normal
22,0.496106,8.27608,0,1,Normal
14,-0.454193,75.2575,0.442776,-1,Normal
14,3.60911,53.0542,0.5516,1,Normal
23,1.03939,52.6989,0.676543,1,Normal
5,0.280439,33.257,0.335835,1,Normal
20,0.26519,38.5587,0,1,Normal
0,0.675702,22.4233,0.184447,1,Warning
2,0.493226,50.057,0.298831,1,Normal
5,-2.56604,70.1534,0.671922,-1,Warning
14,-0.19569,6.61082,0.0235056,-1,Normal
15,0.871813,19.4924,0,1,Normal
10,0.530136,19.6426,0.531798,1,Normal
15,-0.523606,35.5018,0.586124,-1,Normal
7,2.5829,29.5359,0.381623,1,Normal
19,-0.605515,0,0.0847446,-1,Normal
7,0.50842,15.0765,0.14823,1,Normal
20,0.379557,65.2344,0.443257,1,Normal
4,0.410819,23.0685,0.248207,1,Normal
22,1.01675,33.367,0.764594,1,Normal
20,3.52601,19.7797,0.618831,1,Normal
5,3,8.42168,0.789042,1,Normal
23,1.13073,6.53627,0.65644,1,Normal
4,0.0820686,38.5475,0.614746,1,Normal
6,1.92101,38.9598,1,1,Warning
7,0.338592,64.151,0.860654,1,Normal
23,0.398776,41.2749,0.297203,1,Normal
18,1.62224,22.4017,0.465493,1,Normal
0,0.32691,21.1771,0.462474,1,Normal
11,3,43.0191,0.861554,1,Normal
9,-1.64811,7.28147,0.640039,-1,Warning
9,2.42025,27.13,1,1,Warning
0,-0.559327,69.9192,0,-1,Normal
13,-0.465165,9.8079,0.0160391,-1,Normal
12,-3.53449,25.1698,0.911022,-1,Warning
18,-1.48687,42.7199,1,-1,Warning
21,2.9021,45.3064,0.940672,1,Warning
1,-0.982852,29.4089,0.0509038,-1,Normal
8,3,40.143,0.602532,1,Normal
0,-0.751,33.0305,0.444533,-1,Normal
23,-1.05329,33.646,0.836837,-1,Warning
23,-0.0579233,0,0.654965,-1,Normal
5,-0.602634,52.0021,0.11822,-1,Normal
2,0.794749,47.9311,0.432874,1,Normal
18,-0.2901,59.246,0.220693,-1,Normal
14,-0.112741,40.6387,0.594181,-1,Normal
11,-3.31424,59.3787,0.649157,-1,Warning
5,-1.44498,34.0664,0.667071,-1,Warning
1,0.73085,8.27914,0.202765,1,Normal
5,-2.69237,14.3302,0.449805,-1,Normal
22,-0.746523,21.7917,0.203041,-1,Normal
4,2.10024,0,0.616198,1,Warning
4,0.835427,21.329,0.293031,1,Normal
17,2.47278,59.1269,0.898602,1,Normal
15,0.842237,20.9172,0,1,Normal
15,0.111134,32.5241,0.468378,1,Normal
21,2.44152,52.7343,0.860138,1,Normal
5,-0.509569,33.8621,0.564258,-1,Normal
21,0.415772,35.8749,0.702184,1,Normal
0,1.21616,57.4741,0.770355,1,Normal
11,-0.450539,54.5674,0.477714,-1,Normal
7,2.23388,46.78,0.712405,1,Normal
12,-3.8076,63.7133,0.790996,-1,Warning
7,0.554791,27.5318,0.236349,1,Normal
6,0.238996,47.487,0.317709,1,Normal
4,1.26914,59.8435,0.465129,1,Normal
22,3.02947,70.0375,0.73706,1,Normal
11,0.179934,76.6466,0.186044,1,Normal
0,-0.300158,36.7731,0.486902,-1,Normal
0,-1.01407,52.66,0.806984,-1,Warning
10,0.711621,63.4318,0,1,Normal
18,-1.26367,52.4214,1,-1,Warning
6,-0.437295,39.9697,0,-1,Normal
2,-0.607024,27.2599,0,-1,Normal
10,-3.76541,36.6838,0.438743,-1,Normal
13,0.938116,30.9838,0,1,Normal
16,2.1996,25.745,0.872377,1,Normal
6,1.9341,21.3941,0.916988,1,Warning
21,0.671476,32.2683,0.0904981,1,Normal
8,-0.631902,42.5202,0.132629,-1,Normal
3,0.372008,55.5971,0.128254,1,Normal
23,0.297122,55.7034,0,1,Normal
19,2.47105,62.5267,0.934065,1,Warning
18,2.54788,40.0115,1,1,Warning
6,-1.67649,79.8303,0.125865,-1,Normal
18,0.536695,25.2013,0.402944,1,Normal
15,1.48473,41.2047,1,1,Normal
13,-2.22828,10.7796,0.424145,-1,Normal
19,-2.24166,35.5281,0.756738,-1,Warning
5,0.715024,28.8812,0.0172056,1,Warning
2,0.0254466,40.3737,0.430537,1,Normal
21,-0.602844,40.7787,0.123406,-1,Normal
1,0.616447,46.2136,0.276209,1,Normal
14,2.31176,43.5201,0.367573,1,Normal
15,0.167502,18.3702,0.586589,1,Normal
2,0.32251,46.5308,0.796685,1,Normal
2,-0.413895,37.4483,0.669968,-1,Warning
7,0.829652,23.3306,0.472617,1,Normal
3,-1.48298,45.9398,0.677128,-1,Warning
18,-0.727465,46.3482,0.618273,-1,Warning
6,-0.483778,0,0.449723,-1,Normal
22,0.864634,66.9863,0,1,Normal
11,1.16146,38.461,0.705822,1,Normal
0,2.53793,34.3688,0.717279,1,Normal
0,-0.657112,35.3005,0.238286,-1,Normal
12,-0.024502,105.605,0.287803,-1,Normal
23,-0.0892003,37.8691,0,-1,Normal
8,1.53719,44.3279,0.760747,1,Normal
4,-1.87687,18.9371,0.501404,-1,Normal
2,-1.31829,0,0.488626,-1,Normal
6,-1.88392,23.445,0.735522,-1,Warning
9,-2.20614,37.8963,0.743432,-1,Warning
18,0.373686,19.6491,0.374888,1,Normal
0,-0.867574,56.5628,0.733862,-1,Warning
2,2.5602,34.1944,0.549522,1,Warning
21,-1.60339,0.0187706,0.959002,-1,Warning
18,1.23241,17.7012,0.709924,1,Normal
14,-1.10403,40.4256,0.737479,-1,Warning
21,0.731624,28.2209,0,1,Normal
5,-0.389318,0,0.380109,-1,Normal
2,-0.296447,42.661,0.283942,-1,Normal
6,-0.584088,32.5942,0.374748,-1,Normal
21,1.1507,27.9012,0.445456,1,Normal
14,-1.03375,3.3291,0.522425,-1,Normal
20,-1.55069,44.345,0.6228,-1,Warning
8,1.24469,60.3177,1,1,Normal
16,2.06926,0,0.65046,1,Normal
22,-0.495809,25.3755,0.330909,-1,Normal
16,-0.321126,54.7486,0.291091,-1,Normal
2,-0.6727,12.1282,0.113867,-1,Normal
10,-0.751383,28.0172,0.45491,-1,Normal
13,0.218119,31.9701,0.417554,1,Normal
3,0.734811,12.7149,0.198451,1,Normal
19,-2.18705,28.7625,0.95819,-1,Warning
11,0.187183,0,0,1,Normal
5,0.151822,33.6251,0.394748,1,Normal
23,0.566256,63.3151,0,1,Normal
15,2.18526,0,0.703035,1,Normal
7,-1.60484,19.4576,0.628063,-1,Warning
6,2.09139,55.6925,0.471043,1,Normal
7,0.479833,41.6182,0.204659,1,Warning
18,-2.25803,27.3813,0.499333,-1,Normal
6,0.234224,53.9232,0.035033,1,Normal
6,-1.57037,70.3631,0.503206,-1,Normal
1,3,28.7085,0.761589,1,Normal
23,1.42895,32.3686,0.304532,1,Normal
9,1.15526,38.9433,0.762536,1,Normal
0,-0.396047,37.2821,0,-1,Normal
9,-1.19383,32.9281,0.774362,-1,Warning
21,-2.36804,68.1034,1,-1,Warning
22,-1.28727,54.8076,1,-1,Warning
16,1.19367,0,0.513565,1,Normal
14,1.6719,41.839,0.84718,1,Normal
16,0.105691,4.78696,0.282242,1,Normal
3,-0.669106,0,0.0249243,-1,Normal
16,0.0478195,17.8585,0.0529308,1,Normal
23,0.85156,41.0373,0,1,Normal
16,0.0411981,27.8179,0.550993,1,Normal
21,0.32692,41.8925,0.389701,1,Normal
7,3,25.0317,0.860254,1,Normal
21,-0.0322987,57.2622,0.402513,-1,Normal
9,-0.275717,46.5668,0.0406153,-1,Normal
3,-2.62048,29.993,0.346214,-1,Warning
1,0.10043,17.7219,0.32061,1,Normal
16,0.86665,0,0.47627,1,Warning
21,-0.215524,26.2584,0,-1,Normal
23,4.03024,15.759,0.629307,1,Normal
2,0.269474,30.1008,0.462984,1,Normal
10,-0.375711,46.5577,0.0453112,-1,Normal
10,-0.374712,14.4483,0.19268,-1,Normal
19,3.47385,52.1169,0.485448,1,Normal
2,-2.50349,25.4815,0.605854,-1,Warning
0,-2.13051,57.5952,0.756608,-1,Warning
17,-3.20243,13.1622,0.381657,-1,Normal
17,0.499244,4.61918,0.515326,1,Normal
15,4.1623,38.83,0.540622,1,Normal
16,-0.571689,30.5957,0.242072,-1,Normal
15,0.141053,60.2666,0.378643,1,Normal
6,2.83731,1.67228,0.568805,1,Normal
16,-2.93203,37.2021,0.876261,-1,Warning
6,0.127098,51.1603,0.198737,1,Normal
5,-2.63867,20.0396,1,-1,Warning
19,4.44608,47.1438,0.876464,1,Normal
14,-0.138258,24.0439,0.0174238,-1,Normal
0,0.254114,50.3716,0.503633,1,Normal
23,0.870304,18.5791,0.128183,1,Normal
8,-0.719798,39.4158,0.575056,-1,Normal
9,-2.25412,53.6801,0.922925,-1,Warning
4,-0.196959,24.3913,0.528082,-1,Normal
21,0.869816,52.5254,0.353249,1,Normal
19,0.611014,48.9384,0.289111,1,Normal
10,2.65234,6.41992,0.699559,1,Normal
2,-0.0902968,71.0618,0.729528,-1,Warning
16,-0.364718,55.0811,0.00446864,-1,Normal
12,1.6896,38.0181,0.94361,1,Warning
8,3,27.6858,0.901709,1,Warning
10,-2.01513,0,0.343991,-1,Normal
1,0.131624,43.037,0.464693,1,Normal
7,1.84576,76.1687,0.65928,1,Normal
1,0.643545,14.5255,0.101878,1,Normal
19,-3.05962,46.4336,0.455546,-1,Normal
11,3,39.1402,0.482991,1,Normal
22,-0.0209531,27.8766,0.260853,-1,Normal
21,-0.693275,12.1221,0.0811591,-1,Normal
0,-0.286842,43.5883,0.311148,-1,Normal
21,-3.52048,29.7269,1,-1,Warning
16,-0.0885933,26.836,0.357927,-1,Normal
17,-0.138704,25.135,0.0647182,-1,Normal
17,0.22366,17.887,0.291817,1,Normal
1,1.11548,9.0471,0.770959,1,Normal
4,2.2576,49.2417,0.375576,1,Normal
6,-0.0162921,29.171,0.199486,-1,Normal
1,-1.38845,59.2863,0.603532,-1,Warning
7,0.002979,34.9385,0.623743,1,Normal
8,0.996567,8.11765,0.161965,1,Normal
3,-0.256152,39.2177,0,-1,Normal
12,0.347713,38.4089,0.379269,1,Normal
19,-1.4291,0,0.587217,-1,Normal
13,0.46795,34.1702,0.478515,1,Normal
6,-0.220953,25.1576,0,-1,Normal
8,-1.16178,41.9136,0.868751,-1,Warning
20,-0.355751,30.9324,0.271877,-1,Normal
17,-3.02382,19.6966,1,-1,Normal
16,1.15266,54.5908,0.734949,1,Normal
17,2.78046,51.2164,0.422115,1,Warning
19,0.158409,43.5111,0.228225,1,Normal
2,2.2545,26.6104,0.716471,1,Normal
9,0.266229,1.89736,0.345333,1,Normal
7,-1.65738,28.2454,0.259384,-1,Normal
23,2.97307,5.45517,0.373979,1,Normal
12,0.484031,42.8757,0.236859,1,Normal
0,-2.37911,14.1335,1,-1,Warning
23,0.195879,50.9891,0.364664,1,Normal
18,0.306356,33.0837,0.0806397,1,Normal
3,0.0273401,46.676,0.385132,1,Normal
16,-1.35584,41.0186,0.666847,-1,Warning
22,-0.344275,15.1398,0,-1,Normal
7,-0.170402,23.2469,0.317828,-1,Normal
15,0.0492392,51.9118,0.3618,1,Normal
0,0.323079,4.50949,0.19631,1,Normal
22,-2.30717,57.5746,0.793287,-1,Warning
21,0.193914,35.0971,0.81668,1,Normal
18,0.111611,20.6762,0,1,Normal
9,1.07451,69.8163,1,1,Normal
20,-0.141789,48.7534,0.313711,-1,Normal
4,-1.56317,45.2613,0.733321,-1,Warning
9,-1.7598,54.9751,0.910579,-1,Warning
2,0.761284,24.79,0,1,Normal
7,2.0275,35.1939,0.76894,1,Normal
20,0.216944,48.6236,0.203604,1,Normal
0,1.24707,34.7504,0.478674,1,Normal
5,0.308483,13.9895,0.266776,1,Normal
0,0.378824,17.2585,0.162951,1,Normal
4,2.96688,7.80169,0.783395,1,Normal
1,-0.621235,50.16,0.0104754,-1,Normal
13,-0.0535993,39.9723,0.384512,-1,Normal
11,-0.0897721,51.634,0.0994979,-1,Normal
6,2.47862,0,0.681349,1,Normal
21,-0.144116,29.4517,0,-1,Normal
15,-1.97911,32.6467,0.30435,-1,Normal
22,-0.139807,59.7012,0.348886,-1,Normal
4,-0.571673,11.7203,0.550054,-1,Normal
8,-3.75837,56.3937,0.575981,-1,Normal
21,-0.374704,39.9372,0.458596,-1,Normal
19,-3.61036,32.9905,1,-1,Warning
14,-0.230846,29.7721,0,-1,Normal
19,0.790919,12.8664,0.110853,1,Normal
0,-2.40309,55.525,0.667056,-1,Warning
23,0.101716,61.28,0.4651,1,Normal
11,-0.0954414,7.58487,0.275045,-1,Normal
17,-0.116557,11.9611,0,-1,Normal
7,1.1977,17.1557,0.817102,1,Normal
23,-1.5646,49.4544,0.646203,-1,Warning
4,0.942346,60.3112,0.672184,1,Normal
14,-2.28744,45.9727,0.577892,-1,Normal
5,-0.248385,50.2223,0.546169,-1,Normal
3,0.507408,23.2156,0.638026,1,Normal
1,-0.364612,34.6032,0.507401,-1,Normal
15,-4.25844,23.3915,0.671494,-1,Warning
17,0.273683,30.945,0.620156,1,Normal
16,-0.696029,60.2738,0.539225,-1,Normal
16,-0.330684,45.1626,0.265198,-1,Normal
19,-0.829679,48.1139,0.122455,-1,Warning
3,0.390304,16.0246,0.220814,1,Normal
18,3.28249,32.4809,0.860116,1,Normal
12,-3.54504,57.305,0.799091,-1,Warning
1,-0.0544778,15.7148,0.0951308,-1,Normal
22,0.0165285,51.1552,0,1,Normal
10,0.00550207,34.0853,0.047753,1,Normal
11,-0.307949,62.0235,0.163153,-1,Normal
4,-3.59916,5.42855,0.605424,-1,Warning
1,-3.47327,16.3755,0.609402,-1,Warning
10,-2.49668,30.9347,0.470319,-1,Normal
1,2.43916,12.2471,0.456309,1,Normal
19,0.428532,43.8395,0.154312,1,Normal
11,0.62716,44.0912,0.118536,1,Normal
8,2.34909,24.0232,0.648407,1,Normal
2,2.12276,51.1213,0.898591,1,Normal
0,-0.804131,36.7543,0.196083,-1,Normal
20,-1.07839,27.0724,0.709945,-1,Warning
3,3,66.2443,0.63641,1,Normal
12,0.566241,71.8798,0.294984,1,Normal
4,0.105527,3.91929,0.0553275,1,Normal
19,0.292492,41.6628,0.516909,1,Normal
14,0.215458,20.9595,0.280244,1,Normal
6,-0.636568,33.162,0,-1,Normal
10,-0.00881802,4.36655,0.668741,-1,Normal
2,0.119439,17.9822,0.0340388,1,Normal
7,1.31093,53.3698,0.981698,1,Normal
16,-1.15291,35.6683,0.947379,-1,Warning
2,-0.771527,42.4906,0.462071,-1,Normal
15,-3.56162,16.9319,0.6719,-1,Warning
4,2.4561,35.5117,0.403934,1,Normal
1,3,61.0633,1,1,Warning
18,3.33984,51.2511,0.676538,1,Normal
20,0.811546,50.007,0.211602,1,Normal
1,1.23158,9.91408,0.569907,1,Normal
16,-1.0114,38.5886,0.240996,-1,Normal
21,-3.23909,61.2668,0.638732,-1,Warning
23,0.598226,29.059,0.0906892,1,Normal
13,-0.38802,60.1991,0.292986,-1,Normal
6,-2.25986,45.8423,0.822316,-1,Normal
20,0.0910029,47.9229,0.309435,1,Normal
19,3.16976,30.149,0.575343,1,Normal
1,-0.35965,24.2474,0.394376,-1,Normal
20,-0.407225,29.6757,0,-1,Normal
16,1.69421,13.8925,0.852852,1,Normal
2,0.0948975,27.9454,0.293228,1,Normal
0,2.79999,15.7503,0.920117,1,Warning
20,0.918963,31.9053,0.616823,1,Normal
23,-0.235762,51.0571,0.0594154,-1,Normal
2,-2.77349,64.384,0.682141,-1,Warning
5,-1.68688,34.0852,0.721689,-1,Warning
9,2.41791,0,0.976762,1,Warning
17,0.341498,13.6204,0.558398,1,Normal
16,-3.81081,49.1879,0.2636,-1,Normal
20,0.959551,27.8258,0.30518,1,Normal
18,1.27231,38.4268,1,1,Normal
10,2.9859,15.1391,0.501976,1,Normal
2,1.1128,17.9534,0.702092,1,Normal
21,0.0246809,58.8515,0.525575,1,Normal
16,-2.22589,78.9668,0.658728,-1,Warning
0,1.20485,24.3017,0.636465,1,Normal
22,-0.0143597,69.5064,0.759099,-1,Warning
13,0.627688,21.517,0.247446,1,Normal
11,0.873312,36.4851,0.389299,1,Normal
6,2.48407,30.803,0.678576,1,Normal
3,-3.60516,55.9908,0.781683,-1,Warning
5,2.57534,9.90032,0.522247,1,Normal
7,0.417229,47.0967,0,1,Normal
5,-0.198097,56.2491,0,-1,Normal
15,-0.447794,21.7284,0.176591,-1,Normal
7,-0.508797,52.5162,0.20257,-1,Normal
13,-0.616297,27.8832,0.0752367,-1,Normal
21,0.10908,32.7342,0.750738,1,Normal
17,-2.83175,23.5109,0.749974,-1,Warning
16,0.261922,9.25487,0.605596,1,Normal
3,0.494888,27.8429,0.482984,1,Normal
0,-3.16666,53.0761,0.461201,-1,Normal
22,0.315227,49.7249,0.470264,1,Normal
21,-1.93279,44.9368,0.620445,-1,Warning
21,-3.42967,8.6899,0.636292,-1,Warning
0,-0.99974,33.5343,0,-1,Normal
5,2.31663,43.3615,0.380394,1,Normal
17,-0.558364,15.4606,0.198533,-1,Warning
3,1.39367,28.2145,0.730207,1,Normal
10,1.15169,5.0605,0.901798,1,Normal
18,-1.27789,0,0.672474,-1,Warning
16,3.35912,38.8108,0.74523,1,Normal
19,-1.25349,65.4737,0.642216,-1,Warning
13,-0.848255,60.2117,0.408815,-1,Normal
3,0.490787,12.1855,0.0844692,1,Normal
22,-3.26582,21.3729,0.854213,-1,Warning
3,3,42.959,0.911495,1,Warning
22,2.50888,14.8995,0.72421,1,Normal
10,-0.141708,7.12467,0.297684,-1,Normal
14,0.541791,53.322,0.418576,1,Normal
15,-1.80321,47.3245,0.519755,-1,Normal
3,-0.479332,43.369,0.0928754,-1,Normal
23,-2.03392,13.7909,0.368397,-1,Normal
15,-2.17659,9.44849,1,-1,Warning
3,2.51767,34.932,0.443108,1,Normal
19,0.625342,4.11589,0.0200688,1,Normal
23,-4.18611,51.6638,0.858529,-1,Warning
7,2.48679,49.4434,0.383882,1,Normal
23,0.289982,46.0025,0.0906832,1,Normal
11,3,46.3794,0.588257,1,Normal
17,0.896346,41.2676,0,1,Normal
6,0.664221,18.5653,0,1,Normal
10,-0.21607,16.5393,0.525608,-1,Normal
13,-0.193385,64.7974,0,-1,Normal
10,1.27446,42.2576,0.65158,1,Normal
19,-2.01787,43.3613,1,-1,Warning
21,1.33836,44.9671,0.670029,1,Normal
13,-0.773534,46.0006,0.150494,-1,Normal
16,1.43608,33.8898,1,1,Normal
20,-4.29499,35.7497,0.775443,-1,Warning
2,-0.323337,21.0328,0.341957,-1,Normal
14,1.21743,47.4204,0.671239,1,Normal
5,-1.84058,10.9619,0.974987,-1,Warning
9,1.83618,26.6651,0.896678,1,Normal
15,1.12795,16.9969,0.68782,1,Normal
4,-3.98892,38.7343,1,-1,Warning
5,-1.04924,36.8516,1,-1,Warning
9,-1.42445,36.56,0.718112,-1,Warning
9,0.245978,45.0228,0.040321,1,Normal
20,-1.98182,40.2384,1,-1,Warning
9,-0.0248261,24.0646,0.533193,-1,Normal
22,2.2158,35.8638,1,1,Warning
7,0.79017,5.77769,0.528684,1,Normal
15,-0.253374,37.6282,0.299748,-1,Normal
2,0.168171,34.3129,0.430216,1,Normal
20,-1.58117,73.5033,0.637802,-1,Warning
6,2.04376,55.6362,0.857523,1,Normal
15,0.865563,76.9495,0.27927,1,Normal
15,1.99541,39.6656,0.782206,1,Normal
9,0.0881979,45.0311,0.177927,1,Normal
12,0.736602,14.2203,0.0756721,1,Normal
5,-1.00191,37.5071,0.886919,-1,Warning
1,0.164944,14.3696,0.324731,1,Normal
7,0.493331,33.4876,0.364676,1,Normal
9,-0.914713,8.41455,0.321368,-1,Normal
5,-1.58919,0,0.76071,-1,Warning
8,2.37796,49.6848,0.89319,1,Normal
7,-0.103232,70.2489,0.797327,-1,Normal
1,-2.01346,33.1122,0.16024,-1,Normal
19,-0.573485,45.9191,0,-1,Normal
8,-0.72967,24.5589,0.536579,-1,Normal
4,-1.04812,5.58075,1,-1,Warning
14,-1.00773,33.0286,1,-1,Warning
5,2.38684,68.1877,0.917888,1,Warning
14,1.36698,11.3937,0.804585,1,Normal
3,-2.2394,10.0799,0.734773,-1,Warning
8,2.08547,52.3831,0.679185,1,Normal
20,0.0501714,33.4122,0.292557,1,Normal
18,3.43984,43.6472,0.649955,1,Normal
11,-1.97861,59.0407,0.74159,-1,Warning
17,0.856236,45.0317,0.383359,1,Normal
6,0.0533736,15.5547,0.330211,1,Normal
17,0.106953,46.2277,0.158227,1,Normal
4,-0.605555,40.9431,0.307072,-1,Normal
13,0.110675,38.7704,0.342539,1,Normal
10,0.985221,34.0033,0.322689,1,Normal
9,1.88288,72.0946,0.633411,1,Normal
19,-0.273982,37.0521,0.577839,-1,Normal
14,-0.558518,61.495,0.341438,-1,Normal
22,-0.088009,16.2896,0,-1,Normal
12,-2.77317,43.077,0.541455,-1,Normal
6,2.72031,2.91496,1,1,Normal
0,-0.357944,55.8657,0.0472656,-1,Normal
22,-2.63791,53.8061,0.682947,-1,Warning
4,0.470918,47.9741,0,1,Normal
6,0.429387,68.3464,0.645058,1,Normal
14,-2.27004,1.76237,0.841235,-1,Warning
3,0.762955,59.8296,0.355834,1,Normal
18,4.07115,28.9982,0.654228,1,Normal
21,-2.28617,21.3924,1,-1,Warning
20,-2.18666,26.7585,0.617474,-1,Normal
5,0.704432,6.78361,0.467671,1,Normal
9,-0.554601,54.6635,0.11691,-1,Normal
10,-0.672302,63.7399,0.447973,-1,Normal
5,-0.441733,12.8465,0.0228185,-1,Normal
3,-0.847543,46.8145,0.880304,-1,Warning
10,-2.80003,24.0387,0.967209,-1,Warning
21,0.316109,30.5315,0,1,Normal
1,2.86633,35.3957,0.659953,1,Normal
17,1.85931,57.2968,1,1,Warning
8,-2.68164,51.7773,1,-1,Normal
4,0.428545,58.4337,0.276841,1,Normal
4,-0.534865,43.0789,0.224029,-1,Normal
16,-0.523506,49.3217,0.112375,-1,Normal
6,-0.735285,42.4665,0,-1,Normal
18,0.331912,42.7563,0,1,Normal
21,-0.778103,36.7241,0.372847,-1,Normal
16,-0.797635,38.545,0.274343,-1,Normal
3,3,0,0.74934,1,Normal
15,-2.90956,3.97023,0.73043,-1,Warning
15,0.849391,24.8706,0.481725,1,Normal
4,2.84705,56.131,0.853876,1,Normal
3,-4.49205,54.8924,0.813249,-1,Warning
22,0.231889,6.85378,0.321335,1,Normal
22,-4.30499,49.9193,0.743417,-1,Warning
5,2.32112,10.9614,0.952759,1,Warning
14,0.192208,43.5506,0.555969,1,Normal
20,-0.735378,45.0371,0.210267,-1,Normal
21,-0.205249,28.2592,0.379558,-1,Normal
16,-0.363364,48.3437,0.0472281,-1,Normal
20,-0.0493968,62.9981,0,-1,Normal
23,0.953208,18.2307,0.402641,1,Normal
13,1.91389,18.7735,0.660586,1,Normal
14,-0.282978,10.2805,0,-1,Normal
7,-0.890344,5.01613,0.0587612,-1,Normal
15,-1.3977,37.5261,0.65176,-1,Warning
18,1.11242,57.8435,1,1,Normal
4,-0.190216,40.7454,0.132633,-1,Normal
6,-2.47763,53.3057,0.861311,-1,Warning
23,1.19454,30.6209,0.968544,1,Normal
22,0.850319,29.9782,0.552191,1,Normal
4,-0.796248,16.7975,0.341826,-1,Normal
21,1.36629,57.4158,0.463266,1,Normal
1,-0.500107,22.6576,0.299378,-1,Normal
7,0.840947,16.9698,0.281753,1,Normal
9,3,51.3804,0.805821,1,Normal
14,-0.601104,62.5017,0.144373,-1,Normal
12,-0.054949,27.0099,0.283605,-1,Normal
10,0.48709,40.2386,0.371331,1,Normal
19,-2.15284,65.6196,0.811286,-1,Warning
22,-0.335601,22.5047,0,-1,Warning
7,3,80.8885,0.743708,1,Warning
16,0.475816,47.2904,0.335522,1,Normal
22,2.08602,44.3773,0.680372,1,Normal
17,1.06145,25.8931,0.539809,1,Normal
0,2.57937,39.8491,0.748135,1,Normal
19,-0.848199,15.5319,0.465232,-1,Normal
0,1.68481,43.2343,0.785591,1,Normal
8,-1.28242,26.7725,0.27362,-1,Normal
21,0.659302,49.695,0.247591,1,Normal
22,-1.1262,37.8907,0.370283,-1,Normal
20,-1.42462,18.4893,0.833807,-1,Warning
5,-0.0370557,60.1061,0,-1,Normal
20,0.378743,70.3021,0.277509,1,Normal
3,1.93013,35.4045,0.846042,1,Warning
14,2.09846,45.8702,0.715458,1,Normal
8,-1.10275,15.3147,0.39549,-1,Normal
2,0.51408,31.6594,0.257412,1,Normal
1,-0.0312518,42.9276,0,-1,Normal
10,0.365722,21.4618,0.295949,1,Normal
23,2.62321,43.1548,0.918746,1,Warning
5,2.24178,68.4885,0.903545,1,Warning
12,0.362993,44.9148,0,1,Warning
16,-0.359799,34.1127,0.117448,-1,Normal
13,1.22489,57.9378,0.958993,1,Normal
4,-2.66959,11.521,0.944088,-1,Warning
22,0.798625,35.8029,0.288755,1,Normal
10,0.304233,0,0.646382,1,Normal
3,0.744328,12.4839,0,1,Normal
3,3,78.6392,0.406086,1,Normal
5,-3.31028,46.3384,0.881459,-1,Warning
10,-0.0630775,12.3628,0.522254,-1,Normal
16,-2.17859,43.2345,1,-1,Warning
7,0.425638,40.1472,0.360608,1,Normal
21,2.82721,4.45844,0.648752,1,Normal
14,-0.731544,45.5059,0.262409,-1,Normal
18,0.34067,67.0271,0.131401,1,Normal
18,0.718175,62.5191,0.154851,1,Normal
3,2.11124,43.0497,0.870816,1,Normal
13,-2.22866,9.60161,1,-1,Warning
19,-0.18043,76.6551,0.281669,-1,Normal
14,0.306768,66.9963,0,1,Normal
7,1.04733,36.7084,0.431418,1,Normal
10,0.0422737,11.5013,0.464726,1,Normal
10,0.5919,30.4655,0.247986,1,Normal
2,0.147731,36.6921,0.287155,1,Normal
9,0.16856,32.4655,0.840936,1,Normal
19,-0.11597,0,0.0402059,-1,Normal
18,-1.14732,68.415,0.831359,-1,Warning
2,0.996451,38.3174,0.155457,1,Normal
2,0.667761,42.0091,0.0504179,1,Normal
20,2.71255,37.0625,0.00940761,1,Normal
19,-1.99008,37.7303,0.506599,-1,Normal
7,-2.83071,10.3093,0.334517,-1,Normal
7,0.749903,43.5648,0.00934451,1,Normal
19,0.436365,29.569,0.308138,1,Normal
19,0.777065,80.6193,0.767268,1,Normal
18,1.69382,59.1187,0.88222,1,Warning
11,0.38853,53.9312,0,1,Normal
15,0.0309965,26.025,0.106319,1,Normal
10,3,42.4753,0.789612,1,Warning
15,-2.9343,53.2992,0.639296,-1,Warning
0,1.59686,14.9252,0.53407,1,Normal
11,-4.21158,53.9363,0.665945,-1,Warning
21,-2.15148,42.8964,0.391929,-1,Normal
13,0.240477,12.0354,0,1,Normal
18,0.0286495,61.3542,0.309213,1,Normal
16,-1.93027,38.2561,1,-1,Warning
4,0.261762,89.053,0.1595,1,Warning
7,2.24845,30.3804,0.822536,1,Normal
3,-0.0620555,15.0458,0.271029,-1,Normal
0,-0.12019,31.4107,0.0217101,-1,Normal
0,0.386289,0,0.709519,1,Normal
5,-0.657164,39.3036,0.420105,-1,Normal
14,-0.121869,74.7562,0.199143,-1,Normal
12,-0.0679015,55.4122,0.0587538,-1,Normal
13,-0.848077,2.33173,0.548028,-1,Normal
3,2.82738,29.8337,0.832684,1,Normal
3,-0.0395361,11.7007,0.317596,-1,Normal
7,0.294395,30.0986,0.5945,1,Normal
13,0.266561,63.3664,0.168394,1,Normal
1,-1.27446,39.6148,0.721423,-1,Warning
14,0.444526,97.1381,0.0582152,1,Normal
20,-2.44598,39.6278,1,-1,Warning
23,-3.48412,3.92491,0.886094,-1,Warning
15,-2.59357,15.8968,0.632208,-1,Warning
21,0.478776,24.5544,0.179585,1,Normal
1,0.0464054,15.3432,0.465466,1,Normal
17,-1.16092,44.6947,0.707636,-1,Warning
18,-0.0321537,3.0213,0.645344,-1,Normal
13,0.5111,0,0.308153,1,Normal
7,2.90018,37.6082,0.726198,1,Normal
11,-3.49634,7.0972,0.964281,-1,Warning
10,-0.51138,63.8249,0.11134,-1,Normal
19,-2.45584,59.8775,1,-1,Warning
5,0.422112,54.5805,0.331906,1,Normal
18,-2.7618,10.9505,0.560328,-1,Normal
13,1.82888,35.6344,0.752436,1,Normal
0,0.397607,48.9222,0.193629,1,Normal
19,-0.201036,0,0.252558,-1,Normal
9,0.325266,3.80176,0.412809,1,Normal
2,2.40023,15.5615,0.494442,1,Normal
3,0.372958,28.1482,0.254878,1,Normal
10,-0.720749,31.0723,0.253312,-1,Normal
20,0.583309,33.3324,0.164266,1,Normal
14,0.483885,21.2062,0.359355,1,Normal
18,-3.18923,28.7761,0.95976,-1,Warning
23,-0.207975,33.3371,0.607517,-1,Normal
16,-0.692326,40.1679,0.482612,-1,Normal
15,0.6506,37.556,0.609936,1,Normal
21,-0.0149149,47.0487,0.459279,-1,Normal
20,0.745429,8.06089,0.586196,1,Normal
2,-2.08688,0,0.919941,-1,Warning
1,0.265769,60.3755,0.268329,1,Normal
7,-0.321992,23.7266,0.4323,-1,Normal
18,-0.075949,46.3961,0.562911,-1,Normal
1,0.706085,30.3001,0.584268,1,Normal
23,-0.624248,40.743,0.0728989,-1,Normal
15,0.457773,8.35905,0.366476,1,Normal
21,0.875752,0,0.0830088,1,Normal
16,-1.29628,6.72856,0.653878,-1,Warning
5,-0.45269,31.7735,0.695658,-1,Warning
22,-0.772964,51.3359,0.0174507,-1,Normal
6,0.472085,105.178,0.255233,1,Normal
12,-0.874525,40.402,0.206332,-1,Normal
22,-0.171728,53.1432,0.402288,-1,Normal
2,1.88128,4.45364,1,1,Warning
18,-0.59051,38.235,0,-1,Normal
19,0.461052,48.8672,0,1,Normal
8,0.356687,89.4816,0.695912,1,Normal
9,0.233659,30.9347,0.319587,1,Normal
22,0.0870859,49.3199,0.0963852,1,Normal
17,-0.47986,39.6522,0.166948,-1,Normal
2,-1.14595,22.0116,0.0943987,-1,Normal
21,-0.600526,34.9844,0.355393,-1,Normal
1,1.8647,64.3677,0.931929,1,Normal
22,2.27507,43.4048,0.963786,1,Warning
14,-3.45886,33.1908,0.61193,-1,Warning
12,-1.25174,5.77694,0.675671,-1,Warning
0,-0.572694,39.8087,0.129634,-1,Warning
11,0.450011,25.8926,0.260086,1,Normal
18,0.0149294,20.9147,0,1,Normal
22,-3.70045,39.3784,0.440019,-1,Normal
21,3.24144,53.6141,0.688944,1,Normal
8,1.14087,42.7622,1,1,Normal
22,1.70596,23.427,1,1,Warning
13,-0.346775,22.3972,0.195034,-1,Normal
18,-0.0213529,2.32907,0.575063,-1,Normal
7,-2.42682,35.3767,0.642028,-1,Warning
22,-3.47687,5.65662,0.68438,-1,Warning
2,2.0723,48.1417,0.81472,1,Normal
9,-0.0328306,16.6421,0,-1,Normal
22,0.287179,71.1228,0.0513428,1,Normal
15,-0.172689,28.0844,0,-1,Normal
10,-2.17716,13.2293,0.58351,-1,Normal
10,0.299971,19.4936,0.497606,1,Normal
1,1.05037,0,0.367484,1,Normal
18,0.171502,28.1376,0.777195,1,Normal
14,-2.77617,20.9783,0.69217,-1,Warning
7,-0.641544,38.0745,0,-1,Normal
6,-0.305286,72.0191,0.00803656,-1,Normal
14,0.91813,32.5964,0.230897,1,Normal
15,-1.31621,32.2021,0.788738,-1,Warning
2,2.47909,27.3527,0.338034,1,Normal
12,2.68374,43.1851,0.455328,1,Normal
3,-0.139058,40.8537,0,-1,Normal
8,-3.98896,53.5799,1,-1,Warning
2,0.329828,13.5396,0.358072,1,Normal
7,3,5.53797,0.600893,1,Normal
8,0.301029,19.96,0.40738,1,Normal
13,1.25914,0,0.61519,1,Normal
15,0.0822995,22.7106,0.281242,1,Warning
14,2.24767,79.15,0.861527,1,Normal
11,0.567604,28.2762,0,1,Normal
10,2.44178,30.9478,0.946868,1,Warning
3,-0.964456,59.3042,0.423059,-1,Normal
7,1.40379,36.8003,0.75761,1,Normal
7,0.394873,5.91148,0.471196,1,Normal
23,-0.488311,46.7935,0.659232,-1,Warning
10,-0.872532,0.991494,0,-1,Normal
18,-2.78375,7.12799,0.581529,-1,Normal
9,3,45.7608,0.992469,1,Warning
14,-0.0904272,0,0.291518,-1,Normal
13,0.477626,35.0038,0.40799,1,Normal
1,2.9709,34.8345,0.862922,1,Normal
7,-2.20933,8.8193,0.634858,-1,Warning
9,2.95463,46.9589,0.831112,1,Normal
5,-0.616168,16.2426,0,-1,Normal
10,-1.24059,45.6353,0.432356,-1,Normal
17,-0.714534,38.2196,0.493091,-1,Normal
21,3.55218,36.0756,0.975868,1,Warning
15,-2.07038,38.1528,0.727749,-1,Warning
7,-3.61139,7.38299,0.670777,-1,Warning
17,0.77613,38.8769,0.263698,1,Normal
19,1.16956,0.376274,0.621698,1,Normal
13,1.74029,55.1678,0.169383,1,Normal
21,3.68366,32.3398,0.387767,1,Normal
17,-0.165419,30.5784,0.0693267,-1,Normal
6,0.466303,17.7078,0.103488,1,Normal
22,-1.08469,0,0.462866,-1,Normal
21,2.08115,50.8296,0.562759,1,Normal
21,0.15247,13.2366,0.419252,1,Normal
23,-3.34712,25.4077,0.632508,-1,Warning
5,-0.217492,11.7443,0,-1,Normal
5,0.697666,32.9888,0.707546,1,Normal
19,-1.10565,0,0.53409,-1,Normal
4,0.578524,25.0365,0.0386586,1,Normal
14,-0.368768,61.7513,0.308004,-1,Normal
3,1.62761,49.1779,0.838724,1,Normal
5,-2.05035,31.4672,1,-1,Warning
16,0.402621,31.0933,0.0843217,1,Normal
4,0.379918,77.1805,0.510292,1,Normal
16,-0.311172,13.166,0.102616,-1,Normal
15,0.0297685,48.2372,0.280883,1,Normal
4,0.468046,0,0.291525,1,Normal
5,0.807963,28.774,0,1,Normal
19,0.765648,24.2311,0.397229,1,Normal
7,-0.43298,26.0193,0.170919,-1,Normal
14,-0.571514,28.887,0.330431,-1,Normal
9,-4.44379,68.8475,0.756044,-1,Warning
21,-2.58166,16.1483,0.371421,-1,Normal
17,0.204715,14.2406,0.106752,1,Normal
13,0.450141,41.9394,0.0411448,1,Normal
10,2.06524,69.1635,0.404056,1,Normal
23,1.86186,36.3547,0.642737,1,Normal
10,-0.851862,50.529,0.295058,-1,Normal
2,-1.09696,41.9878,0.764368,-1,Warning
16,1.12858,45.3377,0.571313,1,Normal
19,0.0117546,49.0645,0.67642,1,Normal
21,0.383187,13.8869,0.757812,1,Normal
19,0.283834,47.7478,0.448327,1,Normal
4,3,9.78409,0.897813,1,Normal
5,1.5028,27.8315,0.482457,1,Normal
15,1.05971,54.1299,1,1,Normal
7,0.00400566,68.0455,0.193244,1,Normal
7,0.824811,42.1593,0.58787,1,Normal
10,0.838228,54.0187,0.106063,1,Normal
18,0.355931,62.2437,0,1,Normal
13,-0.32727,38.3728,0.18532,-1,Normal
15,0.641889,0,0.463235,1,Normal
1,-1.36277,58.1577,0.515308,-1,Normal
12,-5.11436,25.7618,0.464675,-1,Normal
0,0.0707251,60.2554,0.39747,1,Normal
15,0.726284,31.9954,0,1,Normal
20,-0.0480538,66.1629,0.225006,-1,Normal
16,0.138248,14.2033,0,1,Normal
3,-0.224748,40.6824,0.172989,-1,Normal
16,-0.136109,35.2125,0.672076,-1,Normal
23,2.1514,45.3027,0.690606,1,Normal
22,-0.887106,15.3092,0.0977456,-1,Normal
5,1.21784,36.1902,0.841457,1,Normal
15,0.169467,42.9343,0.342289,1,Normal
16,1.36495,41.6689,0.798112,1,Normal
15,0.170136,18.7688,0.01407,1,Normal
4,-2.82352,11.9731,0.504542,-1,Normal
22,3.9417,38.4375,0.324157,1,Normal
10,-1.70033,35.6201,0.464113,-1,Normal
3,0.907895,0,0.150512,1,Normal
22,0.100297,58.8251,0.306208,1,Normal
8,0.855159,40.606,0.114105,1,Normal
12,2.02991,29.6824,0.895772,1,Normal
12,3.68166,24.9927,0.873492,1,Normal
6,0.550442,45.3818,0.314664,1,Normal
9,-3.93428,60.4189,0.724142,-1,Warning
14,-1.24921,53.1122,0.459207,-1,Normal
16,-0.787942,31.0349,0.188478,-1,Normal
7,-3.09354,56.1032,0.579752,-1,Normal
13,-0.195041,60.7968,0.171735,-1,Normal
3,0.799836,57.7716,0,1,Normal
12,1.80165,26.2908,0.685689,1,Normal
22,0.110352,32.8414,0.207774,1,Normal
17,1.59168,39.7938,0.433577,1,Normal
22,-3.47452,7.05193,1,-1,Warning
3,-1.91127,67.5116,1,-1,Warning
12,-0.238009,45.7864,0.582511,-1,Normal
18,3.00342,0,0.652954,1,Normal
21,0.164425,32.721,0.318473,1,Normal
7,2.80537,54.2299,1,1,Warning
4,0.606613,33.0759,0.436025,1,Normal
11,0.0209498,30.1526,0.40286,1,Normal
3,-3.56401,0,0.735795,-1,Warning
4,2.28019,13.9562,0.677274,1,Normal
22,0.0143437,6.34059,0.14018,1,Normal
22,-0.530924,22.1684,0.382591,-1,Normal
2,-1.98017,49.5105,0.527764,-1,Normal
21,3.42613,63.9167,0.687457,1,Normal
12,-0.278059,57.9491,0.496402,-1,Normal
5,-1.28926,31.846,1,-1,Warning
20,-1.93145,83.7684,0.956934,-1,Warning
7,-0.908409,51.5771,0.632742,-1,Warning
22,-1.67228,8.1257,0.71561,-1,Warning
20,-2.62697,5.21173,0.736371,-1,Warning
19,-0.639408,29.2711,0.261939,-1,Normal
8,0.677491,44.9842,0.440164,1,Normal
19,-2.44242,32.1166,0.651912,-1,Warning
5,-3.73254,55.2607,1,-1,Warning
8,2.44201,58.5224,1,1,Warning
20,-3.61908,0,0.980049,-1,Warning
1,-0.0043798,19.8057,0.254343,-1,Normal
11,0.28085,0,0.0546956,1,Normal
14,0.191261,49.0021,0.276302,1,Normal
2,-1.42466,44.1029,0.716829,-1,Warning
8,-2.60361,17.2685,0.3035,-1,Normal
16,1.50205,41.4637,0.700248,1,Normal
15,-1.17609,38.0104,0.370384,-1,Normal
7,3,63.4476,0.725585,1,Normal
20,2.23835,35.8465,0.788007,1,Normal
3,0.53115,34.0894,0,1,Normal
20,-0.639958,6.6304,0.210751,-1,Normal
0,-0.392117,7.24806,0.303995,-1,Normal
12,0.0934126,65.145,0.584717,1,Normal
6,-1.87417,27.4828,0.826579,-1,Warning
5,-0.5837,55.3825,0,-1,Normal
21,-0.217188,44.5559,0.537972,-1,Normal
23,-0.938894,49.4652,0.119539,-1,Normal
7,3,43.656,1,1,Warning
20,0.514113,30.0645,0.533583,1,Normal
14,1.99207,5.20613,0.653335,1,Normal
22,0.37194,0,0.636089,1,Normal
14,2.34241,73.979,0.712182,1,Normal
18,0.0988625,20.8153,0.672113,1,Normal
0,0.617329,28.6635,0.450481,1,Normal
0,-0.0838499,2.56769,0,-1,Normal
3,0.31272,20.342,0.466484,1,Normal
12,0.423191,26.5641,0.00639047,1,Normal
9,0.322179,12.9352,0.65664,1,Normal
5,2.42025,49.0262,1,1,Warning
4,1.97372,20.9632,0.390986,1,Warning
17,-2.16802,64.7433,0.000459395,-1,Warning
16,-1.57486,57.3927,1,-1,Warning
11,0.312316,59.3834,0.00993928,1,Normal
13,0.00227308,18.2547,0,1,Normal
16,-2.43897,40.048,0.333048,-1,Normal
3,0.356916,40.0619,0.0790023,1,Normal
23,-1.0226,30.7964,0.876736,-1,Warning
8,1.15158,35.2704,0.805259,1,Normal
13,-1.94156,22.0721,0.385143,-1,Normal
13,0.964971,21.6402,0,1,Normal
11,2.32594,34.851,0.568611,1,Normal
7,-2.42844,26.1466,0.948455,-1,Warning
1,-0.400191,46.7215,0.382715,-1,Normal
9,1.87779,58.6434,1,1,Normal
4,3,55.7932,0.993031,1,Warning
1,1.60264,49.5294,0.306643,1,Normal
4,0.569827,54.4025,0.236634,1,Normal
5,-0.628709,39.5544,0.78244,-1,Warning
7,-0.456079,33.6322,0,-1,Normal
3,0.31266,55.8083,0.550649,1,Normal
19,0.446733,9.11629,0.427991,1,Normal
16,-2.08056,43.2957,0.756103,-1,Warning
17,-3.15722,35.0325,0.554366,-1,Normal
12,-2.42195,20.8642,0.852483,-1,Warning
19,0.431457,34.1678,0.503169,1,Normal
6,0.232212,23.3335,0.541232,1,Normal
14,-1.16724,33.8157,0.130717,-1,Normal
15,0.95202,42.6903,0.266629,1,Normal
3,0.0181446,28.8324,0.134862,1,Normal
6,-0.243092,51.4325,0.0757935,-1,Normal
20,-0.633524,82.2846,0.357252,-1,Normal
22,-1.58634,23.0683,1,-1,Warning
13,-0.0155578,55.8541,0.516133,-1,Normal
11,0.845034,29.5203,0.282033,1,Normal
7,2.96291,56.6362,1,1,Warning
5,-1.98655,12.5384,0.484338,-1,Normal
7,-0.481425,32.7313,0.134348,-1,Normal
1,-2.93962,63.7294,0.902785,-1,Warning
21,2.3745,47.0857,0.414687,1,Normal
19,1.14273,10.9624,0.724462,1,Normal
13,2.99052,16.6952,0.63904,1,Normal
15,0.120505,55.1127,0,1,Normal
13,-0.74374,59.8103,0.457058,-1,Normal
14,-0.696161,26.4382,0.13457,-1,Normal
1,-2.88209,26.9613,0.998921,-1,Warning
4,0.945634,31.3346,0.148792,1,Normal
13,-2.15186,29.5426,0.540349,-1,Normal
6,3,57.4398,0.805999,1,Normal
5,0.86339,58.3734,0.326935,1,Normal
2,-0.504049,33.0826,0.21681,-1,Normal
9,-2.98231,19.3517,0.854795,-1,Normal
7,-2.79793,37.062,1,-1,Warning
7,2.30256,20.7375,1,1,Warning
8,1.88679,36.9254,0.68775,1,Normal
6,0.930822,42.412,0,1,Normal
7,-1.35771,30.337,0.598945,-1,Normal
0,0.450736,20.8635,0,1,Normal
5,-0.640766,58.3894,0.077941,-1,Normal
7,-1.61695,12.3176,0.856834,-1,Warning
4,-0.739615,28.4361,0.321596,-1,Normal
3,0.671897,37.4696,0.35666,1,Normal
6,-2.34308,3.38008,0.825288,-1,Warning
4,-0.328446,8.96005,0.461511,-1,Normal
8,-1.48657,45.0026,0.460854,-1,Normal
1,0.543734,18.621,0.1122,1,Normal
18,-1.70684,0,0.669822,-1,Normal
2,-2.71681,18.524,0.545506,-1,Normal
2,-2.28152,33.9195,0.504718,-1,Normal
6,-3.15218,23.4866,1,-1,Warning
0,0.444282,40.6532,0.262697,1,Normal
0,3,56.4222,0.917913,1,Warning
20,0.32511,37.2212,0.267374,1,Normal
4,1.04396,0,0.689447,1,Normal
3,0.167945,22.0027,0.522169,1,Normal
23,0.0969432,21.1812,0.173156,1,Normal
13,2.23555,24.5095,1,1,Warning
15,0.500316,26.9432,0,1,Normal
22,-4.00591,0,0.50982,-1,Normal
19,2.86832,24.4803,0.60327,1,Normal
22,0.173098,17.5708,0.735279,1,Normal
8,1.96199,28.7121,0.722656,1,Warning
0,1.097,47.0663,0.728173,1,Normal
6,2.38091,21.9683,0.95219,1,Warning
20,0.155971,62.0149,0.457036,1,Normal
19,0.328178,60.6633,0.099,1,Normal
12,0.174784,14.9415,0.0710089,1,Normal
11,-0.455073,19.4127,0,-1,Normal
20,1.0385,45.8758,1,1,Normal
21,-2.86568,46.3985,0.798967,-1,Warning
5,-2.67656,13.0548,0.961954,-1,Warning
12,1.96672,29.3733,0.371227,1,Normal
18,-0.949606,44.1354,0.169632,-1,Normal
20,2.26352,0.27234,0.492096,1,Normal
19,-0.710834,64.3339,0.10533,-1,Normal
22,-0.549239,59.7095,0,-1,Normal
18,-0.26057,32.618,0.390235,-1,Normal
2,-2.43027,60.8145,0.511308,-1,Normal
17,-3.00501,58.4372,0.505914,-1,Normal
6,-0.957235,48.8544,0.259807,-1,Normal
22,-0.627011,40.396,0.439232,-1,Normal
18,0.000844072,30.5379,0.0158545,1,Normal
19,-0.522651,49.5809,0.640318,-1,Warning
16,-0.755313,28.8984,0.199684,-1,Normal
19,-4.11618,41.1327,0.907443,-1,Warning
11,0.117599,49.0644,0.660185,1,Normal
11,2.32896,32.7733,0.876725,1,Normal
14,3.8158,0,1,1,Warning
17,-0.228088,38.1126,0.253818,-1,Normal
14,-0.960166,62.3753,0.285437,-1,Normal
3,2.52265,54.997,0.646061,1,Warning
2,-0.343525,28.9406,0.319776,-1,Normal
3,3,2.85134,0.712795,1,Warning
1,3,83.8676,1,1,Warning
12,0.638154,54.849,0.575231,1,Normal
13,0.726033,23.7106,0,1,Normal
5,0.145662,39.5322,0.17275,1,Normal
10,-0.804323,1.36795,0.376017,-1,Normal
2,-0.61642,77.3833,0.0787952,-1,Normal
19,3.11951,25.5528,0.761808,1,Normal
20,2.93563,15.346,0.560413,1,Warning
22,1.06814,61.1842,0.845128,1,Warning
13,-0.850732,10.231,0.236337,-1,Warning
11,3,47.8352,0.709573,1,Normal
18,0.277879,68.4532,0.0933243,1,Warning
7,0.305759,44.1216,0.0464231,1,Normal
3,0.208675,31.8186,0.392452,1,Normal
18,-1.11823,0,1,-1,Warning
18,0.17289,34.7057,0.148755,1,Warning
8,1.64978,12.4126,0.944174,1,Warning
9,-1.49879,52.7767,0.471129,-1,Normal
12,-1.00536,31.196,0.780232,-1,Warning
12,-0.110277,35.6067,0.139416,-1,Normal
15,-0.318364,57.2252,1,-1,Warning
13,0.0374121,26.3496,0.273115,1,Normal
7,-0.359026,48.591,0.45537,-1,Normal
13,-0.923161,28.544,0.397016,-1,Normal
3,0.408842,11.1683,0,1,Normal
0,2.88849,46.8019,0.393111,1,Normal
23,0.737195,68.1861,0.112938,1,Normal
1,-4.48468,86.7223,1,-1,Warning
22,1.81252,34.1842,0.650961,1,Normal
8,1.18783,12.4099,1,1,Normal
20,2.59622,40.9979,1,1,Warning
17,3.64769,43.2836,0.866468,1,Warning
21,0.409186,55.3156,0,1,Normal
19,-3.61669,36.1404,0.375995,-1,Normal
23,-0.891264,27.1186,0.459464,-1,Normal
23,-4.24432,51.6814,0.428514,-1,Warning
4,0.450442,68.7171,0.45833,1,Normal
4,-2.00265,16.6874,0.572421,-1,Normal
7,-0.626814,66.6947,0.0273068,-1,Normal
8,0.431087,73.195,0,1,Normal
15,-2.61752,42.0177,1,-1,Warning
4,1.43965,6.73212,0.738432,1,Normal
21,0.0256794,9.33014,0.636243,1,Normal
18,1.29446,42.3803,0.780115,1,Normal
23,-0.445587,45.9595,0.0558418,-1,Warning
13,-0.391514,17.1876,0.212554,-1,Normal
18,2.94646,0,0.785306,1,Normal
18,0.994593,40.308,0.0824521,1,Normal
20,-2.73077,56.5095,0.542598,-1,Normal
8,-3.13634,37.5229,0.940025,-1,Warning
14,-0.686815,30.0971,0.613042,-1,Warning
19,1.32995,34.1313,0.892513,1,Normal
2,-2.88537,10.9848,0.670935,-1,Warning
18,0.116088,31.1384,0.322685,1,Normal
14,0.798318,19.6142,0.155978,1,Normal
12,-2.14714,16.4752,0.793967,-1,Warning
14,-3.02104,39.9537,0.737484,-1,Warning
0,-0.720837,27.8472,0.646945,-1,Warning
11,-0.557431,40.1215,0.431937,-1,Normal
9,2.27003,51.3361,0.489053,1,Normal
18,-2.06279,49.0625,1,-1,Warning
12,0.0446969,12.1939,0.270739,1,Normal
13,4.37843,45.1621,0.654896,1,Normal
11,-3.01667,65.6572,0.536301,-1,Normal
23,1.31924,33.9275,0.508387,1,Normal
11,1.12783,25.3506,0.894425,1,Normal
14,2.50925,64.0179,0.465221,1,Normal
16,-2.22429,26.1915,0.368164,-1,Normal
16,-0.708127,28.1974,0.126649,-1,Normal
17,-0.511248,23.5532,0,-1,Normal
6,-3.13676,19.6041,0.778484,-1,Warning
18,-2.06466,58.9578,0.535292,-1,Normal
11,-0.0213019,29.7885,0.643083,-1,Normal
4,-0.441824,66.3117,0.280379,-1,Normal
15,-1.0195,30.3465,0.605643,-1,Warning
11,-0.168465,0,0.0599062,-1,Normal
13,0.464787,31.611,0.347323,1,Normal
15,2.63352,6.49352,0.457388,1,Normal
6,1.39811,60.2399,0.852392,1,Normal
18,0.441215,5.65592,0.0231433,1,Normal
1,-1.51609,50.4603,0.8308,-1,Warning
17,-0.899459,39.8552,0.73334,-1,Warning
18,0.163807,19.3707,0.557828,1,Normal
13,0.849124,30.7797,0.782715,1,Normal
2,1.03211,49.1842,0.675739,1,Normal
0,0.726279,31.8887,0,1,Normal
15,-1.35417,34.8724,1,-1,Warning
7,-1.0886,35.0148,1,-1,Warning
17,-3.51695,45.5865,1,-1,Warning
21,-2.14512,26.8975,0.969688,-1,Warning
5,-0.537182,35.7065,0.417273,-1,Normal
16,-3.47449,41.6281,0.866948,-1,Warning
13,0.0502212,22.6279,0.272935,1,Normal
22,-0.319992,26.5217,0.384957,-1,Normal
9,-0.0292421,67.111,0.265433,-1,Normal
13,0.931394,30.1139,0.137317,1,Normal
17,2.92084,31.8085,0.776104,1,Normal
4,-0.0062222,29.1548,0.286548,-1,Normal
7,0.234486,67.0619,0.120067,1,Normal
16,-1.00193,63.4825,0.620097,-1,Warning
22,-1.81394,50.0524,0.362338,-1,Normal
10,-3.65951,34.068,0.411822,-1,Normal
16,2.74821,0,0.927069,1,Warning
11,-0.925046,26.7988,0.301107,-1,Normal
4,3,6.85348,0.65516,1,Normal
4,-3.3442,25.8876,0.60851,-1,Warning
1,-0.759311,31.8878,0.176865,-1,Normal
20,-4.59617,64.5075,1,-1,Warning
16,0.23389,25.8296,0,1,Warning
4,-2.06603,31.4611,0.706388,-1,Warning
16,2.3273,48.6263,0.658169,1,Normal
6,0.375084,63.1524,0.665115,1,Normal
5,-0.138209,35.9774,0.438814,-1,Normal
15,-0.723736,26.0003,0.0534951,-1,Normal
20,-2.84229,7.87872,0.612327,-1,Warning
9,-1.46809,37.9232,0.727774,-1,Warning
17,-0.939129,41.3604,0.323844,-1,Normal
6,2.67982,46.3325,0.321249,1,Normal
10,-0.588888,22.4197,0.0837298,-1,Normal
9,1.72638,21.6312,0.399523,1,Normal
2,-0.375152,57.9724,0.273393,-1,Normal
12,2.63709,14.333,0.631526,1,Normal
16,0.0494674,32.3607,0.501872,1,Normal
23,-0.875562,45.4869,0,-1,Normal
14,2.00744,20.7877,0.627114,1,Normal
1,-0.00179735,61.6691,0.40306,-1,Normal
1,3,18.8299,0.457641,1,Normal
14,-1.01849,22.6626,0.797065,-1,Warning
13,-0.502925,53.8546,0.275514,-1,Normal
9,1.22782,59.8244,0.616479,1,Warning
9,1.16387,5.0955,0.386143,1,Normal
12,-3.85367,11.8327,0.481101,-1,Normal
9,0.37683,6.20225,0.412063,1,Normal
1,-0.226399,13.7447,0.640047,-1,Normal
12,0.723887,11.5845,0.516667,1,Warning
7,0.31565,44.1614,0.355328,1,Normal
13,3.05486,23.874,0.455337,1,Normal
9,0.649222,25.5144,0,1,Normal
14,-1.4643,5.19543,0.469179,-1,Normal
19,-0.0858939,10.9268,0.143969,-1,Normal
8,0.526418,23.6322,0.223424,1,Normal
17,1.96677,39.6287,0.646118,1,Normal
20,1.93884,48.1599,0.290801,1,Normal
23,-0.847668,50.0777,0.128583,-1,Normal
8,-2.76962,26.1099,0.900437,-1,Warning
0,0.185604,0.404289,0.374115,1,Normal
19,-0.419386,10.0184,0.123157,-1,Normal
8,0.546826,29.4725,0.0117367,1,Normal
1,-0.095231,14.7355,0.00182375,-1,Normal
18,1.36671,41.1235,0.37555,1,Normal
22,0.685012,7.80833,0.0187374,1,Normal
10,-0.515397,52.7324,0.0612734,-1,Normal
13,2.17,34.392,0.819954,1,Normal
13,0.414829,32.2458,0.159731,1,Normal
14,-3.05011,52.4952,0.780799,-1,Warning
1,-0.938838,26.2196,0.216842,-1,Normal
14,0.0817321,23.2683,0.392697,1,Normal
0,0.274272,56.7571,0.0909767,1,Warning
5,1.93515,26.771,0.594545,1,Normal
21,0.208693,16.2894,0.377943,1,Normal
6,-0.25807,16.344,0.653425,-1,Normal
13,3.8718,67.993,0.827157,1,Normal
18,-0.335309,65.3807,0.312132,-1,Normal
15,0.632063,1.12633,0.306028,1,Normal
3,0.850042,48.7218,0.026192,1,Normal
16,-0.395282,0,0.437685,-1,Normal
19,0.267666,38.2615,0.485389,1,Warning
12,0.183072,48.7045,0.0183642,1,Normal
3,0.699974,9.3598,0.178235,1,Normal
12,-3.69391,30.9228,0.954343,-1,Warning
9,0.378699,45.9122,0.515329,1,Normal
6,0.48461,19.7388,0.0843913,1,Normal
20,0.123869,37.9667,0.304354,1,Normal
1,-0.457628,40.9959,0.071285,-1,Normal
16,0.462771,37.6797,0.297775,1,Normal
15,0.486628,39.0287,0.930198,1,Normal
6,-3.51519,37.7889,0.574118,-1,Normal
20,-4.09501,50.1435,0.632058,-1,Warning
14,-3.59069,81.6604,1,-1,Warning
12,-0.319152,51.9163,0.476657,-1,Normal
9,2.33822,28.0536,0.899164,1,Normal
12,-0.322604,38.9825,0.0620897,-1,Normal
12,-2.43162,22.8291,0.0888985,-1,Normal
15,2.30056,0,0.889184,1,Normal
21,-0.238946,45.057,0.51918,-1,Warning
5,1.20605,5.48986,0.55464,1,Normal
9,1.05008,52.8942,0.765435,1,Normal
3,0.301634,31.1041,0.571686,1,Normal
9,-2.63641,67.3717,0.966447,-1,Warning
14,-2.73153,70.4344,1,-1,Warning
6,-2.54486,18.437,0.717016,-1,Warning
4,0.402689,57.6094,0.0803908,1,Normal
21,0.511441,20.6213,0.0719995,1,Normal
13,-3.89558,18.2832,0.721393,-1,Warning
21,-0.719901,26.6187,0.011996,-1,Normal
1,2.21323,38.1909,0.685024,1,Normal
18,2.3831,18.3505,1,1,Warning
2,2.74886,41.1441,0.533648,1,Normal
20,0.131563,10.9206,0.572751,1,Normal
2,0.956478,27.2721,0.346607,1,Normal
23,-2.98447,18.5658,0.623681,-1,Warning
12,3.06667,51.4844,0.484796,1,Normal
22,-0.387603,23.2424,0.172214,-1,Normal
4,-3.44976,7.60011,0.892386,-1,Warning
11,0.231987,26.6708,0.231124,1,Normal
7,-0.542429,9.29814,0.0511604,-1,Normal
5,-1.21995,57.8828,0.594732,-1,Normal
23,0.659794,67.0276,0.113047,1,Normal
7,-1.91683,17.6024,0.924103,-1,Normal
14,-0.439016,33.4527,0,-1,Normal
14,0.140677,45.7341,0.354374,1,Normal
20,-0.38015,46.2115,0.0318242,-1,Normal
5,2.16994,33.5698,0.727034,1,Normal
5,-1.73,18.5177,0.63406,-1,Warning
23,-0.747159,12.5755,0.122699,-1,Normal
3,-1.9133,43.5124,0.425446,-1,Normal
17,-0.33638,0,0.160298,-1,Normal
2,0.600161,65.4019,0.392522,1,Normal
1,-0.0818445,28.2558,0.498952,-1,Normal
6,-0.35482,2.82545,0,-1,Normal
8,-2.11932,22.1653,0.879013,-1,Warning
20,-0.722671,8.54024,0.402792,-1,Normal
12,-0.239036,2.53299,0.304945,-1,Normal
16,-2.57156,49.4141,1,-1,Warning
1,0.653449,26.8512,0.214083,1,Normal
10,-4.07559,0.958881,0.561258,-1,Normal
15,0.394177,14.0171,0.225158,1,Normal
19,1.22853,47.1571,0.754162,1,Normal
19,0.0214278,67.1245,0.133287,1,Normal
0,-0.636113,15.9892,0,-1,Normal
1,2.36778,0,0.634805,1,Normal
22,-0.433596,14.608,0.187529,-1,Normal
2,-2.49177,64.1974,0.909676,-1,Warning
2,3,0,0.670519,1,Normal
10,0.919265,6.19351,0.00638675,1,Normal
12,0.403559,49.2447,0.0494513,1,Normal
8,-0.410122,34.4723,0.0298602,-1,Normal
3,-1.07303,41.3104,1,-1,Warning
11,-0.222715,31.6948,0.518034,-1,Normal
7,2.13898,52.8987,0.662792,1,Normal
5,-2.42736,15.5577,0.938319,-1,Warning
18,1.58174,30.037,1,1,Warning
14,2.96699,16.5091,1,1,Warning
0,0.0330863,59.3377,0.30854,1,Normal
20,3.20484,27.8326,0.702852,1,Normal
6,-0.0240717,28.5391,0.508601,-1,Normal
4,1.35923,47.2875,0.931611,1,Normal
10,-2.02933,0.293704,0.637478,-1,Warning
6,1.37203,0,0.652709,1,Normal
13,0.72811,54.727,0.300162,1,Normal
7,-0.190236,12.6294,0.335258,-1,Normal
23,0.957706,14.3434,0.147218,1,Warning
2,0.11599,29.1947,0.21709,1,Normal
2,0.181058,23.3925,0.144824,1,Normal
14,3.29204,35.0453,0.709912,1,Normal
7,-1.08912,28.916,1,-1,Warning
7,-0.566008,23.2687,0,-1,Normal
22,2.63103,42.5664,0.791582,1,Normal
1,0.519173,46.8947,0.200201,1,Normal
17,0.771578,29.5046,0.419054,1,Normal
8,0.441819,48.6131,0.394186,1,Normal
18,-0.93716,17.1853,0.429291,-1,Normal
11,-0.401598,57.0122,0.612178,-1,Warning
22,2.64573,5.76357,0.315176,1,Normal
22,-0.0567757,51.4652,0.373297,-1,Normal
15,0.55284,24.7249,0.532378,1,Normal
18,-0.441381,39.2516,0.275138,-1,Normal
17,0.401991,43.4236,0.154493,1,Normal
0,-4.37482,0,0.574972,-1,Normal
12,0.301949,17.8368,0.387894,1,Normal
16,-0.275198,31.0004,0.341049,-1,Normal
17,-0.830001,0,0.253357,-1,Normal
19,0.431906,56.9345,0.664154,1,Normal
3,-0.252601,14.5225,0.187117,-1,Normal
14,1.8291,65.5254,0.68936,1,Normal
2,-0.911836,58.6578,0.135215,-1,Normal
7,-0.695147,51.6622,0,-1,Normal
13,3.20133,17.7302,1,1,Warning
14,-2.04863,43.3031,0.555306,-1,Normal
13,-0.721152,45.3138,0.480064,-1,Normal
23,2.71793,41.231,1,1,Warning
13,-0.307412,67.3692,0.0327475,-1,Normal
21,-0.731775,55.5606,0.224549,-1,Normal
19,-0.825985,66.0217,0.462407,-1,Normal
9,-1.35115,48.9997,0.65195,-1,Warning
9,-0.509603,15.4005,0.0328131,-1,Normal
11,0.677878,79.4446,0.365806,1,Normal
23,-0.00774551,21.4321,0,-1,Normal
12,-1.01296,18.4772,0.225105,-1,Normal
9,-0.560628,14.6719,0.217269,-1,Normal
14,0.996286,55.1592,0.158237,1,Warning
6,-1.02625,73.0788,0.399973,-1,Normal
18,-2.94291,19.7869,1,-1,Warning
5,-0.0652107,37.2215,0.15566,-1,Normal
8,-0.0873473,34.1221,0.450043,-1,Normal
2,-0.237008,37.9089,0.321322,-1,Normal
13,0.373864,42.4388,0.512094,1,Normal
7,-0.0575677,12.0129,0.320552,-1,Normal
3,-3.24866,19.7456,0.842522,-1,Warning
5,0.201697,39.0541,0.227778,1,Normal
10,-0.964109,51.841,0.375311,-1,Normal
6,-3.53873,7.51802,0.7083,-1,Warning
4,0.35133,23.4689,0.0744273,1,Normal
16,2.88882,26.8683,0.90895,1,Warning
23,-1.10785,26.758,0.618195,-1,Normal
19,-2.10318,33.732,1,-1,Warning
10,-0.903504,20.819,0.498454,-1,Normal
13,-2.38677,40.3964,0.839975,-1,Warning
6,-1.85454,2.91629,0.740322,-1,Warning
17,-0.434534,49.5499,0.28591,-1,Normal
21,1.82263,39.7291,0.964944,1,Normal
9,-0.453398,23.0587,0.137197,-1,Normal
3,-0.295605,32.9691,0.0976311,-1,Normal
10,0.49533,9.56054,0.328823,1,Normal
2,-0.840149,30.231,0.204401,-1,Normal
11,0.14931,34.2414,0.183179,1,Normal
0,-2.39488,0,0.785419,-1,Warning
8,-0.541908,46.2971,0.592219,-1,Normal
20,0.814108,37.8451,0.854236,1,Normal
1,-1.15049,37.5741,0.88192,-1,Warning
3,-2.88113,0,0.922023,-1,Warning
13,-1.84604,20.6477,0.447555,-1,Normal
3,0.707234,70.4527,0.152393,1,Normal
17,0.0192808,0,0.551894,1,Normal
18,0.502242,37.3492,0.312852,1,Normal
2,-0.727145,11.9561,0.499288,-1,Normal
0,1.79535,78.3349,0.391393,1,Normal
6,0.355305,0,0.724207,1,Normal
6,0.306538,42.9549,0.361819,1,Normal
19,-0.493141,67.8092,0.40208,-1,Normal
13,-1.99538,57.4195,1,-1,Warning
14,-0.329959,38.579,0.255438,-1,Normal
8,0.120641,59.337,0.263006,1,Normal
8,0.570645,33.329,0,1,Normal
15,0.317547,63.6372,0,1,Normal
22,-0.169656,49.9049,0.867327,-1,Normal
21,0.724958,27.6011,0.352176,1,Normal
19,-0.758331,2.13443,0.398141,-1,Normal
20,0.829823,68.0309,0.282705,1,Normal
17,0.120396,46.5463,0.428745,1,Normal
14,-0.0467744,55.7497,0.563914,-1,Normal
0,1.33633,0,0.904864,1,Normal
18,3.57821,0,0.764438,1,Normal
3,-1.17494,37.2839,0.581343,-1,Normal
21,-2.96304,44.2983,0.890554,-1,Warning
0,-1.04428,31.3545,0.536138,-1,Normal
9,2.20592,0,0.687309,1,Warning
20,-1.11117,69.8663,0.920643,-1,Warning
2,-3.7874,68.7312,0.630431,-1,Warning
5,0.831519,25.8286,0.199526,1,Normal
22,1.36886,0,0.378066,1,Normal
22,0.531843,37.6891,0,1,Normal
7,1.53067,58.4777,1,1,Warning
14,0.574684,29.6839,0.200609,1,Normal
13,3.46684,102.794,1,1,Warning
14,-0.687175,60.1836,0,-1,Warning
2,0.440585,27.385,0.280797,1,Normal
8,-0.054618,52.8782,0.12228,-1,Normal
1,0.316197,57.5468,0,1,Warning
5,0.862602,21.9256,0,1,Normal
22,-2.21889,52.0161,0.68083,-1,Warning
21,0.170351,55.7155,0.403977,1,Normal
20,-1.15732,45.958,1,-1,Warning
6,1.48954,24.1645,0.628603,1,Normal
7,-0.544538,14.9432,0.248216,-1,Normal
23,-0.451487,54.5769,0.195929,-1,Normal
14,0.119364,59.0246,0.0570821,1,Normal
20,0.26031,14.883,0.341251,1,Normal
19,-1.58596,44.9149,0.790267,-1,Warning
10,-2.21201,19.8653,1,-1,Warning
18,0.729563,37.8135,0.418249,1,Normal
11,-0.0298514,42.8689,0,-1,Normal
23,-0.491912,27.2589,0.225374,-1,Normal
12,0.182348,16.7001,0.220754,1,Normal
4,1.69568,36.5942,0.782357,1,Normal
6,1.4646,17.1794,0.923112,1,Normal
5,-0.634745,37.5462,0,-1,Normal
13,2.80115,64.1025,0.606988,1,Normal
2,-0.0443555,41.7445,0,-1,Normal
4,2.2162,39.2521,0.840441,1,Normal
14,-1.21106,46.2618,0,-1,Normal
19,2.91702,30.8625,0.965794,1,Warning
15,2.13313,19.2216,0.459658,1,Normal
19,-0.232893,12.8425,0.226574,-1,Normal
13,0.871358,53.8208,0.202055,1,Normal
0,3,57.5221,0.501254,1,Normal
11,2.87912,31.2507,0.717445,1,Normal
14,-0.134682,29.8678,0.216975,-1,Normal
20,-3.17261,14.8295,0.535121,-1,Normal
9,0.446886,62.9745,0.0395351,1,Normal
10,-2.97383,0,0.552481,-1,Normal
14,0.228523,57.1918,0.158334,1,Normal
2,-0.575906,38.8204,0,-1,Normal
6,0.17422,38.141,0.417095,1,Normal
14,0.0957323,52.6135,0.129556,1,Normal
22,-0.188921,50.1162,0,-1,Normal
7,0.277225,80.1964,0.355884,1,Normal
13,0.783813,54.4355,0.20677,1,Normal
13,0.858689,22.4371,0.114796,1,Normal
7,-0.566517,30.015,0.863585,-1,Normal
1,0.977204,19.4432,0.382629,1,Warning
13,-0.974032,54.1555,0.5006,-1,Normal
12,-0.895471,46.761,0.249158,-1,Normal
22,-2.19806,15.6781,1,-1,Warning
4,3,18.8261,0.570265,1,Normal
18,-3.14599,59.382,1,-1,Warning
23,-0.31681,32.656,0,-1,Normal
14,2.95046,18.5151,0.825353,1,Normal
22,-0.0873404,33.8875,0.257937,-1,Normal
12,-2.11815,31.8063,0.797122,-1,Warning
6,0.70036,26.9723,0.074138,1,Normal
8,1.43357,45.7818,1,1,Normal
9,1.6793,33.2094,0.704286,1,Normal
13,-2.37694,30.026,0.450731,-1,Normal
17,-2.18949,0,0.658893,-1,Warning
4,0.201928,37.7004,0.000996297,1,Normal
14,-2.12436,11.7164,0.440826,-1,Normal
15,-0.858715,56.0362,0.0179672,-1,Normal
16,0.237357,23.9384,0.282344,1,Normal
8,0.714234,25.4929,0.332725,1,Normal
14,0.255707,41.6458,0.352069,1,Normal
20,-1.40909,55.6562,0.599319,-1,Normal
10,-3.23961,43.7748,0.913991,-1,Warning
4,0.58704,39.3579,0.199795,1,Normal
19,1.56214,81.062,0.513921,1,Normal
7,-0.534809,49.9595,0.237263,-1,Normal
14,0.574023,43.4493,0.135745,1,Normal
13,-1.07683,13.5316,0.92296,-1,Warning
13,-3.29174,72.2816,0.845246,-1,Normal
12,2.19672,19.6919,0.767581,1,Normal
8,2.10861,8.41925,0.778762,1,Normal
12,0.539235,6.92368,0.125845,1,Normal
10,0.216251,61.5,0.413195,1,Normal
4,1.76704,28.0748,0.858058,1,Normal
14,-2.26728,49.2074,0.847773,-1,Warning
3,0.0172019,56.533,0.00122955,1,Warning
0,1.44794,67.5527,0.578963,1,Normal
6,-1.72737,33.5571,0.885402,-1,Warning
1,0.380251,20.1089,0.172912,1,Normal
5,1.68065,32.8433,0.393777,1,Normal
10,-1.52821,94.3109,0.69902,-1,Warning
20,0.523487,54.0815,0.206589,1,Normal
9,0.311391,20.7969,0.547398,1,Normal
3,1.14675,60.3005,0.495533,1,Normal
3,-0.491392,42.1092,0.631874,-1,Warning
19,-0.940571,37.6873,0.00227103,-1,Normal
15,3.82951,31.094,0.293953,1,Normal
18,0.683139,42.8981,0.0599358,1,Normal
9,0.694623,36.1906,0.685149,1,Normal
3,-3.39882,35.3388,1,-1,Warning
20,2.86499,55.3688,0.962819,1,Warning
3,-0.790664,41.6791,0,-1,Warning
11,-1.56974,6.39835,0.986761,-1,Warning
17,2.84561,49.0508,0.935702,1,Warning
0,0.0957321,27.0107,0.206336,1,Normal
9,-1.12931,62.1918,0.34894,-1,Normal
10,-0.948549,51.61,0.760643,-1,Warning
4,-3.31531,23.7061,0.814137,-1,Warning
7,-2.29052,32.943,0.519099,-1,Normal
16,0.284238,0,0.212024,1,Normal
6,0.228926,18.5143,0.426598,1,Normal
7,-0.0921107,58.4314,0.253788,-1,Normal
20,2.4443,31.9738,0.602499,1,Normal
22,-3.65905,0,0.703442,-1,Warning
1,0.546531,16.9489,0.0025637,1,Normal
23,3.914,41.1691,1,1,Warning
0,-3.24757,27.5336,0.512496,-1,Normal
9,-0.0999588,22.3687,0.375679,-1,Normal
15,-1.19961,15.9014,0.839642,-1,Warning
20,0.359347,27.5461,0.171604,1,Normal
11,-4.20553,56.9033,0.40013,-1,Normal
5,-2.28309,39.9413,0.669168,-1,Warning
7,-0.538921,36.4421,0,-1,Normal
11,1.93501,38.1702,0.706423,1,Normal
4,-0.716862,30.449,0,-1,Normal
3,-0.781119,34.0568,0.155983,-1,Normal
12,2.82153,18.3618,1,1,Warning
14,-2.82495,24.0257,0.45473,-1,Normal
17,1.63433,45.9142,0.762372,1,Normal
17,1.9791,30.3758,1,1,Warning
21,0.0576594,43.351,0.26505,1,Normal
22,-0.247428,21.7698,0.669882,-1,Normal
12,2.61015,17.7171,0.436022,1,Normal
17,0.00166246,36.9207,0.182891,1,Normal
12,-1.92953,21.2381,0.654152,-1,Normal
1,-0.761585,37.8102,0.171676,-1,Normal
7,-1.96218,58.7865,0.794418,-1,Warning
16,0.771185,24.4134,0,1,Normal
13,0.019797,30.4916,0.166735,1,Normal
17,-0.0415262,55.3802,0.614685,-1,Normal
12,-0.414949,38.5938,0.61367,-1,Warning
0,-0.160508,0,0.182876,-1,Normal
4,-0.34553,38.2484,0,-1,Normal
0,0.941354,24.5952,0.186134,1,Normal
1,2.02664,31.7805,0.833381,1,Normal
7,0.158989,25.3684,0.157411,1,Normal
19,-0.336282,8.67095,0.0785767,-1,Warning
11,-0.636463,55.6766,0.501052,-1,Normal
23,0.214334,59.1174,0,1,Normal
4,-0.271116,15.4011,0.172994,-1,Normal
16,1.01189,55.0646,0.67338,1,Normal
7,-2.30466,14.9689,0.797796,-1,Warning
22,0.787532,80.9964,0.262451,1,Normal
1,-2.18904,46.0968,0.756993,-1,Warning
18,2.21317,13.974,0.584084,1,Normal
13,0.738051,25.811,0.494624,1,Normal
0,-0.161426,29.3179,0.291803,-1,Normal
20,2.34676,45.8568,0.705943,1,Normal
16,0.252653,1.83921,0,1,Normal
15,-0.818533,49.7028,0.154484,-1,Normal
23,-0.716157,66.7322,0.201837,-1,Normal
10,-0.152479,0,0.442376,-1,Normal
8,0.502545,17.0246,0,1,Normal
9,-2.14791,44.1182,0.772036,-1,Warning
1,1.41859,53.0392,0.973236,1,Normal
0,2.07891,16.8832,0.323409,1,Normal
15,1.69444,29.2817,0.776038,1,Normal
22,-1.32825,31.5007,1,-1,Normal
18,-2.58677,46.3327,0.927921,-1,Normal
5,-0.559331,34.0164,0.659209,-1,Warning
13,-1.89178,50.8688,0.788351,-1,Warning
8,0.337201,75.6758,0.422038,1,Normal
15,-1.25693,25.9523,0.707769,-1,Warning
16,-0.0874181,0,0.538262,-1,Normal
21,2.82087,27.2682,0.778708,1,Normal
9,3,62.0592,0.634757,1,Normal
19,0.445822,33.5489,0.560619,1,Normal
12,0.581227,14.8751,0,1,Normal
18,0.92293,2.76307,0.204067,1,Normal
6,2.73492,10.4038,0.768572,1,Normal
20,0.0187026,15.8095,0.284733,1,Normal
15,-4.23966,51.9821,0.728107,-1,Warning
23,1.49834,5.19395,0.92877,1,Normal
11,-0.37394,41.226,0.292147,-1,Normal
10,-0.242303,42.075,1,-1,Normal
17,-0.0386196,38.8718,0.435652,-1,Normal
3,-0.896445,6.34931,0,-1,Normal
12,-0.998226,21.6371,0.341767,-1,Normal
2,-0.895697,50.1567,0,-1,Normal
10,-0.18537,41.9699,0.198177,-1,Normal
0,0.656098,34.6591,0.433232,1,Normal
21,-1.36794,48.0537,0.633862,-1,Warning
17,-2.56403,32.6139,0.803109,-1,Normal
8,-3.06069,37.2892,0.862592,-1,Warning
18,0.0122963,40.778,0.130059,1,Normal
19,-2.87451,49.4908,0.382032,-1,Normal
16,-4.09772,33.543,0.794439,-1,Warning
7,1.48996,36.7778,0.648469,1,Normal
0,1.57843,53.6474,1,1,Warning
5,2.53494,0.13067,0.664887,1,Normal
6,3,31.2882,0.898991,1,Normal
8,-2.52637,11.1944,0.760301,-1,Warning
1,-2.85847,36.8792,0.646421,-1,Warning
18,2.62517,31.2507,0.956883,1,Warning
2,-0.309889,11.4108,0.404921,-1,Normal
9,-0.395584,54.2139,0,-1,Normal
22,1.21251,55.8822,0.382251,1,Normal
18,-1.04277,20.8638,1,-1,Warning
9,2.39052,22.0688,0.286934,1,Normal
7,0.872787,58.2099,0,1,Normal
16,-0.0347626,40.0083,0.652994,-1,Warning
6,-3.08234,42.0744,0.539732,-1,Normal
3,-1.56997,20.617,0.90216,-1,Warning
19,1.13549,8.16183,0.542391,1,Normal
16,-0.646543,23.247,0.314982,-1,Normal
20,1.13436,0,1,1,Normal
5,-0.814962,0,0,-1,Normal
17,0.208845,60.1214,0.201296,1,Normal
9,0.205582,66.6563,0.921409,1,Normal
15,0.0150963,50.131,0.0856299,1,Normal
9,0.0974013,56.4867,0.447787,1,Normal
23,-0.179269,25.8405,0.590174,-1,Normal
4,-0.351381,43.1644,0.00993636,-1,Normal
0,-0.212655,0,0.11501,-1,Normal
23,0.58995,19.494,0.499984,1,Normal
5,1.80721,49.0992,0.449285,1,Normal
20,-0.707919,0,0.482686,-1,Normal
22,-0.0211125,55.3208,0.198561,-1,Normal
0,2.95071,24.4721,0.856903,1,Normal
0,-0.732787,29.1055,0.207757,-1,Normal
5,-2.46746,29.8649,0.692494,-1,Warning
9,-2.65875,61.2924,0.343639,-1,Warning
12,-1.64969,20.1516,0.81487,-1,Warning
4,0.686849,46.5603,0.0712617,1,Normal
20,0.753678,37.0444,0.436679,1,Normal
23,2.48233,16.655,0.800583,1,Normal
18,-0.461141,15.7816,0.251638,-1,Normal
1,-0.499778,47.861,0.277301,-1,Normal
17,0.211022,27.6235,0.357284,1,Normal
1,-1.2329,64.7278,0.705764,-1,Warning
0,-0.293276,0.767262,0.0217947,-1,Normal
16,0.321067,40.9172,0.107561,1,Normal
22,-0.160244,31.7824,0.405812,-1,Normal
11,-0.190961,29.8134,0,-1,Warning
2,0.862677,34.1266,0.613998,1,Normal
2,-0.460196,55.003,0.348639,-1,Normal
10,-3.10466,27.5997,1,-1,Warning
21,0.542791,1.662,0.0286393,1,Normal
14,1.61172,70.9711,0.376205,1,Normal
11,0.500178,50.4799,0.269756,1,Normal
13,-1.20315,39.9722,0.681846,-1,Warning
13,3.39874,58.7739,0.576831,1,Normal
6,-0.396594,6.13764,0.421664,-1,Normal
4,0.00500337,27.4749,0.348756,1,Normal
4,0.57902,40.8815,0.643614,1,Normal
12,-0.764564,36.6837,0.221502,-1,Normal
19,-0.229158,39.0774,0,-1,Normal
13,2.48373,30.5413,0.360754,1,Normal
2,0.717329,43.6008,0.0806485,1,Normal
18,0.143776,0,0.208343,1,Normal
13,-0.344012,2.22552,0.433385,-1,Normal
15,1.97022,50.8685,0.591513,1,Normal
11,0.349974,27.3035,0.305703,1,Normal
18,-1.22245,55.579,0.495901,-1,Normal
19,-0.0744192,0,0.42295,-1,Normal
4,-3.66366,40.8763,0.651705,-1,Warning
16,1.13701,47.5717,0.415989,1,Normal
11,-0.0356891,18.5823,0.585648,-1,Normal
7,2.70855,7.63644,0.744446,1,Normal
13,-0.326793,25.9348,0.138143,-1,Normal
6,2.04848,27.019,0.80266,1,Normal
17,0.467026,52.7598,0,1,Normal
8,-1.0723,22.296,0.874854,-1,Warning
2,-2.74444,38.3041,0.769617,-1,Warning
18,0.864044,32.2649,0.437209,1,Normal
4,0.0841337,1.50796,0.498603,1,Normal
15,-0.294692,0,0.161817,-1,Normal
8,-0.182969,20.7585,0.34122,-1,Normal
17,2.16697,54.7395,0.553511,1,Normal
18,-1.39561,47.9712,0.706607,-1,Warning
22,-0.656026,30.3083,0.49484,-1,Normal
12,2.71091,64.7619,0.53423,1,Normal
7,0.572451,34.7995,0.0526066,1,Normal
13,-0.462706,34.4598,0.403042,-1,Normal
8,3,28.109,0.673547,1,Normal
9,-0.0256827,32.4499,0.314359,-1,Normal
0,-4.41054,28.4301,0.496442,-1,Normal
7,-0.0390633,54.2465,0.331009,-1,Normal
19,-1.49028,33.3378,0.936225,-1,Warning
3,-1.18565,36.046,0.673871,-1,Warning
16,-0.196765,76.4574,0.418792,-1,Normal
11,-0.896571,63.6765,0.182235,-1,Normal
1,3,83.86,0.522729,1,Normal
20,-0.797056,35.6342,0.554254,-1,Normal
13,2.31568,14.4639,1,1,Warning
15,-1.8084,7.16189,0.822942,-1,Warning
2,-1.04541,47.1336,1,-1,Warning
16,3.44885,25.094,0.89801,1,Warning
19,2.07833,21.4795,0.784744,1,Normal
9,-2.51719,53.4959,0.693026,-1,Warning
23,0.923723,42.52,0.0142646,1,Normal
7,-1.26515,34.094,0.575338,-1,Normal
17,0.150484,52.4987,0.484957,1,Normal
13,-0.096481,38.7474,0.30013,-1,Normal
6,-0.795742,51.3054,0.310591,-1,Normal
21,-0.188521,58.5877,0.253158,-1,Warning
7,-1.72319,0,0.879196,-1,Warning
17,-0.80978,34.0489,0.0936849,-1,Normal
23,0.273193,29.7401,0,1,Normal
7,-1.78314,17.8384,0.53464,-1,Normal
0,-0.470506,57.8583,0.480681,-1,Normal
0,-0.433153,44.1216,0.0407497,-1,Normal
11,0.378059,42.4221,0,1,Normal
22,1.59971,22.7291,0.464239,1,Normal
10,0.0579805,70.8392,0.585403,1,Normal
19,-2.60492,35.8045,0.770018,-1,Warning
0,0.3019,30.8286,0,1,Normal
18,-2.55434,25.9059,1,-1,Normal
10,2.54893,36.5346,0.287471,1,Normal
21,-2.71939,31.4229,0.819164,-1,Warning
8,2.00933,0,0.762433,1,Normal
15,2.86981,46.7306,0.287947,1,Normal
20,0.648993,43.0276,0,1,Normal
8,-4.66568,9.38068,0.966875,-1,Warning
18,-1.77839,43.7703,0.540134,-1,Normal
10,1.82554,12.0159,0.75122,1,Normal
11,2.31592,58.6675,1,1,Warning
1,0.508202,6.0506,0.205976,1,Normal
2,2.01287,36.1136,0.599949,1,Normal
12,2.04607,0,0.756796,1,Normal
11,3,21.3749,0.600249,1,Normal
7,-1.65293,2.99896,0.822397,-1,Warning
17,0.816417,22.1023,0.434918,1,Normal
17,-0.595016,50.446,0.484809,-1,Normal
21,0.554638,35.183,0.200425,1,Normal
16,-3.6272,32.7585,0.668408,-1,Warning
21,-0.446811,47.8925,0.718977,-1,Normal
23,-2.3655,16.1249,0.455014,-1,Normal
17,-0.54316,67.3032,0.54481,-1,Normal
5,0.183048,46.5706,0,1,Normal
8,0.397476,63.0362,0.0660709,1,Normal
18,1.62105,7.97239,0.80939,1,Normal
9,1.19215,43.028,0.369288,1,Normal
17,-1.09396,33.0505,0.789148,-1,Warning
3,-0.650884,65.3771,0.445728,-1,Normal
23,-0.536057,36.1799,0,-1,Normal
8,0.801541,22.0094,0.392042,1,Normal
13,-1.23206,66.7346,0.63391,-1,Warning
14,1.3208,13.0302,1,1,Warning
12,0.343947,19.0182,0.591981,1,Normal
13,0.172437,0,0.124939,1,Normal
6,0.513675,29.7777,0.502529,1,Normal
1,-0.902994,33.2231,0.638774,-1,Warning
11,0.348308,90.3272,0.310979,1,Normal
10,0.885357,32.0912,0.0906351,1,Normal
2,-4.06693,25.856,1,-1,Warning
21,1.07503,27.492,0.94863,1,Normal
9,1.86299,34.78,0.770474,1,Normal
12,0.190282,47.0409,0.535192,1,Normal
20,-2.49987,37.7172,1,-1,Warning
11,-0.70493,41.3639,0.306421,-1,Normal
5,-1.15116,25.1346,0.866633,-1,Warning
8,2.5575,56.178,0.620884,1,Normal
9,0.878754,13.6322,0.527433,1,Normal
23,2.12866,55.7267,0.947163,1,Warning
23,-0.662683,34.6593,0.702838,-1,Warning
1,-0.58984,81.0654,0.468479,-1,Normal
9,-0.466365,37.0821,0,-1,Normal
15,1.18266,31.5724,0.428617,1,Normal
23,1.32778,65.314,1,1,Normal
0,0.173345,17.9297,0,1,Normal
17,-1.06528,71.3074,0.881201,-1,Warning
11,1.29298,32.7152,0.601783,1,Normal
17,-0.0657259,22.8508,0.392734,-1,Normal
20,-1.59856,79.4047,0.873386,-1,Warning
21,1.16453,0,0.673487,1,Normal
1,1.24932,27.3941,0.900998,1,Normal
14,-1.02477,52.7385,0.649158,-1,Warning
5,0.367672,43.6778,0,1,Normal
20,-0.105183,51.8125,0.389667,-1,Normal
12,-1.08043,18.3308,0.671995,-1,Normal
8,0.841231,32.2625,0,1,Normal
11,-0.571278,50.8586,0.331512,-1,Normal
0,-0.440246,39.9129,0.268893,-1,Normal
19,0.637503,61.6374,0,1,Normal
10,0.430586,41.4635,0.292697,1,Normal
15,2.24797,51.2868,0.661492,1,Normal
4,0.0785844,36.9463,0.308706,1,Normal
16,-0.586271,74.8064,0.34349,-1,Normal
5,0.714541,80.5415,0,1,Normal
2,0.0489564,24.2979,0.0964218,1,Normal
4,1.96872,52.8358,0.522084,1,Normal
13,-0.679764,12.7031,0.20326,-1,Warning
6,-0.601507,55.5911,0,-1,Normal
16,-1.38974,49.0188,0.543941,-1,Normal
6,0.321071,32.3525,0,1,Normal
1,2.13044,31.6449,0.711083,1,Normal
15,3.24603,23.1882,1,1,Normal
22,0.657855,10.1318,0.0873762,1,Normal
22,-0.405228,62.275,0.324329,-1,Normal
8,0.177981,28.2251,0.507609,1,Normal
4,-0.430423,45.7739,0.105959,-1,Normal
18,0.809654,31.1149,0.458485,1,Normal
2,0.885816,18.8117,0.421491,1,Normal
9,-1.78149,27.7498,0.8696,-1,Warning
20,-1.89291,82.6043,0.968994,-1,Warning
19,0.161938,12.1219,0.243895,1,Normal
16,1.34115,5.35487,0.594389,1,Normal
11,1.19878,6.12861,0.668981,1,Normal
10,-3.13217,0.707852,1,-1,Warning
23,0.816428,45.0472,0.539815,1,Normal
14,0.0467429,66.1037,0,1,Normal
8,3,6.87036,0.250697,1,Normal
17,0.302487,1.53939,0,1,Normal
21,2.14797,39.5055,0.660933,1,Normal
1,-0.286203,38.9611,0.215332,-1,Normal
17,-3.49936,27.868,1,-1,Warning
12,1.6131,14.9383,1,1,Warning
8,-0.501015,55.1245,0.530175,-1,Normal
1,0.509828,7.54311,0.358352,1,Normal
19,-0.114605,28.3306,0.223633,-1,Normal
15,-2.30581,14.9973,0.704791,-1,Warning
11,0.439556,16.0598,0.506931,1,Normal
4,1.33838,36.3912,0.830833,1,Normal
0,0.153102,43.1631,0.0187335,1,Normal
16,-0.467141,42.5212,0.332967,-1,Normal
23,0.413119,55.43,0.285667,1,Normal
10,-0.0788673,38.2024,0,-1,Normal
13,0.246316,12.5385,0.0853306,1,Normal
5,-1.97674,33.3136,0.69325,-1,Warning
6,-0.273234,33.5485,0.204448,-1,Normal
11,0.2693,54.0358,0.352966,1,Normal
8,-1.01535,21.0395,0.889974,-1,Warning
16,1.34443,44.2168,0.343139,1,Normal
20,1.33372,31.904,0.552656,1,Normal
7,-0.634257,25.8325,0.144062,-1,Normal
8,0.625693,34.6142,0,1,Normal
12,3.65845,38.5405,0.887714,1,Normal
13,0.61187,23.7913,0.804819,1,Normal
21,3.08666,53.1357,0.55134,1,Normal
15,-1.04015,17.4547,1,-1,Warning
3,0.502213,41.9614,0.448673,1,Normal
4,-0.0606968,20.4308,0.400762,-1,Normal
11,-0.0822991,36.5016,0,-1,Normal
9,-0.00197446,29.1557,0.798349,-1,Normal
20,-2.81794,60.6418,0.288116,-1,Normal
22,-0.744843,31.8091,0.411398,-1,Normal
13,2.52467,51.8999,0.852856,1,Normal
6,0.00187449,56.5203,0.185193,1,Normal
18,-0.134295,15.8621,0.709937,-1,Normal
14,-0.710359,24.7476,0.283364,-1,Normal
15,-0.70471,53.9374,0.385789,-1,Normal
5,-2.46112,32.6246,0.847699,-1,Warning
9,-1.70681,19.9522,1,-1,Warning
6,0.264654,49.9082,0.271996,1,Warning
17,1.84172,3.09968,0.933219,1,Warning
2,0.0503842,34.645,0,1,Normal
8,-2.39674,40.1334,0.560644,-1,Normal
4,1.13583,23.3258,0.425956,1,Normal
6,-1.6346,25.331,0.569543,-1,Normal
5,-3.35532,86.7183,0.587391,-1,Normal
6,-0.463117,39.1255,0.741518,-1,Warning
11,-1.50011,54.6041,0.324667,-1,Normal
10,-2.13004,49.5146,0.822059,-1,Warning
14,-0.232708,46.6317,0.247131,-1,Normal
14,0.803932,44.8538,0.39743,1,Normal
7,-3.44741,58.8004,0.31288,-1,Normal
19,1.85285,0,1,1,Normal
16,-3.90032,43.4937,0.375576,-1,Normal
11,-0.413842,11.6923,0.133863,-1,Normal
11,-0.207433,18.1985,0.144971,-1,Normal
14,-0.349885,50.4498,0,-1,Normal
20,-3.17951,45.5919,0.748957,-1,Warning
11,0.153031,59.4766,0.0582832,1,Warning
17,0.820938,44.9153,0.100729,1,Normal
0,1.33502,38.5771,0.931391,1,Normal
19,-0.752616,50.649,0.172447,-1,Normal
16,0.401745,30.0409,0.176014,1,Normal
12,-0.547213,0,0,-1,Normal
3,-1.32758,43.5433,0.746554,-1,Warning
8,-0.419119,38.7283,0.507178,-1,Normal
1,-0.562219,50.0028,0.333549,-1,Normal
7,2.03585,29.8182,0.662019,1,Normal
9,-3.51382,27.1705,0.779081,-1,Warning
0,0.0504554,12.1796,0.338285,1,Normal
15,0.682919,30.835,0.310454,1,Normal
7,0.0148555,29.5061,0,1,Normal
0,-0.939343,42.9246,0.252047,-1,Normal
23,0.194208,47.0863,0,1,Normal
16,-2.15829,35.5747,0.820789,-1,Warning
5,0.527424,0,0,1,Normal
12,-1.55897,0,0.626218,-1,Warning
5,2.63975,38.5937,1,1,Warning
17,0.455232,22.182,0.058865,1,Normal
8,-3.24545,45.3273,0.87373,-1,Warning
13,0.911722,44.7564,0.0451539,1,Normal
10,-3.06936,19.7793,0.595677,-1,Normal
12,-2.52386,40.9881,0.749127,-1,Warning
12,-0.458251,23.0196,0.276907,-1,Normal
13,3.26936,52.8637,1,1,Warning
5,0.249364,11.3929,0.527305,1,Normal
18,-0.80956,0,0,-1,Normal
5,-0.891871,56.9399,0.241045,-1,Normal
14,1.48687,38.2987,1,1,Normal
2,0.370691,34.2957,0.163559,1,Normal
5,2.01399,61.1735,0.778142,1,Normal
21,0.528367,35.8644,0.358853,1,Normal
10,-1.72555,44.0039,0.488452,-1,Normal
13,-0.856953,10.1124,0.158413,-1,Normal
8,-0.0845852,0,0.0154605,-1,Normal
15,2.76225,39.4831,0.469259,1,Normal
15,0.095547,15.5174,0.639287,1,Normal
23,0.969076,81.502,0.290432,1,Normal
6,-1.07811,21.7884,0.708635,-1,Warning
6,-0.0801111,41.214,0.636231,-1,Normal
20,0.395083,8.69784,0.206379,1,Normal
23,0.27916,28.103,0.453587,1,Normal
4,0.606304,41.3973,0.187301,1,Normal
7,-1.14281,81.5162,0.688652,-1,Warning
9,0.50139,44.0381,0.275671,1,Normal
0,1.41896,62.2981,0.966348,1,Normal
15,0.658726,72.2597,0.301207,1,Normal
10,0.102282,35.874,0.361828,1,Normal
20,1.35774,34.8552,0.799629,1,Normal
1,-0.530252,30.9545,0.227626,-1,Normal
23,0.657409,22.611,0,1,Normal
22,1.77461,16.1995,0.92267,1,Warning
22,0.594435,28.3676,0.268972,1,Normal
22,-1.50753,19.3341,0.69794,-1,Warning
22,-0.238829,49.2014,0.214305,-1,Normal
1,-3.03068,60.4291,0.985375,-1,Warning
12,1.68516,24.3428,0.611179,1,Normal
12,0.931547,31.2363,0.128698,1,Normal
9,-0.922413,28.6714,0,-1,Normal
22,2.08226,24.6416,0.767856,1,Normal
6,-2.6202,34.3953,0.974176,-1,Warning
1,-0.760203,72.4044,0.388455,-1,Normal
16,1.6505,14.9484,0.718224,1,Normal
18,0.151273,46.2874,0.324648,1,Normal
16,-2.27234,37.6443,0.907287,-1,Warning
14,0.00551927,24.3721,0.179783,1,Normal
6,-0.122874,44.4207,0.293503,-1,Normal
7,1.70098,71.5936,0.693303,1,Normal
6,-3.68493,35.1565,0.728801,-1,Warning
4,-0.695807,45.952,0,-1,Normal
10,2.06542,41.8999,0.504995,1,Warning
8,0.755294,22.4847,0.0630071,1,Normal
15,0.971204,25.9977,0.417431,1,Normal
7,3,44.4192,1,1,Warning
6,-0.478667,48.9987,0.302993,-1,Normal
19,-0.928392,37.9465,0.227742,-1,Normal
14,0.88277,51.1154,0.455645,1,Normal
10,0.691174,42.4503,0,1,Normal
8,1.03993,0,0.606949,1,Normal
22,1.92344,63.7106,1,1,Normal
5,0.0928237,51.9993,0.376747,1,Normal
5,2.64121,43.8657,0.928029,1,Warning
1,0.0915873,57.1946,0,1,Normal
11,3,34.6096,0.50634,1,Normal
7,0.292121,42.8108,0,1,Normal
6,0.0272552,2.91709,0.472359,1,Normal
13,0.17863,49.5758,0,1,Normal
0,-2.08334,0,0.325576,-1,Normal
20,0.103344,43.3587,0,1,Normal
20,-2.64092,25.035,0.788465,-1,Warning
6,0.918122,11.9777,0.709145,1,Normal
13,0.115533,33.5646,0.297385,1,Normal
14,-3.38152,45.1871,0.684729,-1,Warning
16,-3.23129,35.0764,1,-1,Normal
20,-1.93939,31.033,0.195292,-1,Normal
3,2.27746,21.4167,0.765194,1,Normal
20,-0.398147,16.3059,0.0900465,-1,Normal
23,0.898609,70.3704,0,1,Normal
17,-0.306644,30.8003,0.0468363,-1,Normal
9,-0.507203,18.9892,0.693898,-1,Warning
7,-0.78007,60.0054,0.0620214,-1,Normal
14,1.94555,44.7881,0.530678,1,Normal
10,-2.13592,7.95676,0.43861,-1,Normal
10,-1.71241,52.9168,1,-1,Warning
3,-2.82935,20.8692,0.668347,-1,Normal
14,-0.756992,17.724,0.499146,-1,Normal
14,-0.013279,31.6158,0.561443,-1,Normal
6,-1.53544,59.9187,0.406308,-1,Normal
9,-3.6888,15.129,0.391437,-1,Normal
11,1.75326,42.9133,0.780561,1,Normal
4,0.548494,20.8776,0,1,Normal
18,-1.77691,15.4413,0.458394,-1,Normal
11,2.11267,0,0.587409,1,Normal
13,2.97128,36.3877,0.736268,1,Normal
23,0.15735,0,0.46722,1,Normal
17,0.567947,17.4576,0.186198,1,Normal
4,-0.591227,39.9686,0.0502201,-1,Normal
2,-0.275216,36.6287,0.269847,-1,Normal
14,1.24188,29.3679,1,1,Normal
7,-3.30711,53.2024,1,-1,Warning
3,1.66739,20.2652,1,1,Warning
3,1.73652,33.7494,0.305928,1,Normal
23,-2.51546,43.7718,0.438156,-1,Normal
5,0.214655,64.4025,0.413917,1,Normal
4,0.957891,30.0285,0,1,Normal
20,-3.56198,24.6599,1,-1,Warning
20,1.93298,37.279,0.755184,1,Normal
0,0.213418,55.6741,0.155648,1,Normal
15,-3.17891,43.6192,0.697144,-1,Warning
8,1.40337,3.07656,0.589632,1,Normal
11,2.64124,50.5888,0.507092,1,Normal
10,1.58902,29.7993,0.671726,1,Normal
11,-1.69128,44.4974,0.841672,-1,Warning
4,-0.514492,26.0246,0.716427,-1,Warning
10,-0.302021,31.5834,0.195479,-1,Normal
17,-2.00845,48.6827,0.546072,-1,Normal
20,-0.670068,41.0105,0.0567843,-1,Normal
22,0.480903,31.9443,0.184629,1,Normal
2,1.68939,30.7853,0.723279,1,Normal
1,2.2959,67.6977,0.496878,1,Normal
0,-1.43128,17.854,0.810285,-1,Warning
14,2.45167,47.7857,0.319648,1,Normal
8,0.578822,35.5704,0,1,Normal
12,0.55553,25.2003,0,1,Normal
21,-1.22641,42.0927,0.810759,-1,Warning
18,-3.58702,74.2048,0.197604,-1,Normal
2,-1.35455,9.68619,0.937623,-1,Warning
12,-0.895881,52.6997,0.126384,-1,Normal
6,-0.585997,21.689,0.094204,-1,Normal
14,-0.190362,48.6831,0.201969,-1,Normal
6,-0.0503412,56.8287,0.19404,-1,Normal
4,1.79718,62.7239,0.490916,1,Normal
13,0.149179,29.8711,0.215569,1,Normal
12,0.0910842,0.655987,0.54257,1,Normal
22,-4.14014,63.6802,0.782056,-1,Warning
12,1.19408,3.66899,0.706189,1,Normal
10,-0.0107449,35.8843,0.251261,-1,Normal
6,1.15654,17.2041,0.749965,1,Normal
3,-0.574312,49.9359,0.129497,-1,Normal
15,-1.19945,52.6091,0.886593,-1,Warning
23,0.384724,19.8362,0.0238732,1,Warning
14,3.76963,9.74026,1,1,Warning
8,-1.1885,84.8028,0.679536,-1,Warning
22,-2.06672,65.1228,1,-1,Warning
21,0.707502,62.5752,0.837283,1,Normal
5,2.07642,11.9113,0.71457,1,Normal
14,-0.567112,60.863,0,-1,Normal
1,0.977464,25.4637,0.0643232,1,Normal
3,-2.1845,26.9735,0.906706,-1,Warning
7,1.99805,48.9348,0.235514,1,Normal
0,-1.20393,40.8246,0.346803,-1,Normal
10,2.07146,72.224,0.855818,1,Normal
13,0.403844,30.3496,0.141955,1,Normal
7,0.496025,3.23615,0.617188,1,Warning
4,1.69464,51.1186,0.888175,1,Normal
23,-1.82363,47.6007,0.873473,-1,Normal
15,0.293452,40.1183,0.45132,1,Normal
16,1.07648,33.3388,0.46636,1,Normal
9,-1.57186,27.6293,0.863797,-1,Normal
7,-0.721131,26.6704,0,-1,Normal
20,0.510308,15.1485,0.490714,1,Normal
4,-2.86808,19.5133,0.826786,-1,Warning
0,1.26786,28.7174,0.39585,1,Normal
18,-0.603185,31.0834,0.029365,-1,Normal
1,1.09624,28.024,0.703227,1,Normal
21,3.54993,35.7549,0.737913,1,Normal
12,2.4978,5.9061,0.487925,1,Normal
6,-0.528717,56.6605,0.229736,-1,Normal
15,0.418065,59.7198,0.176153,1,Normal
15,0.733117,51.0855,0.0786345,1,Normal
7,1.02979,55.3775,0.708916,1,Normal
9,-0.475865,21.5004,0.0913791,-1,Normal
1,-3.15834,61.5859,0.976947,-1,Warning
21,-1.19962,23.3541,0.146123,-1,Normal
3,0.0596886,27.6689,0.00611616,1,Normal
2,-0.556169,53.6115,0.289861,-1,Normal
16,-2.05159,41.3075,0.851676,-1,Warning
19,0.594551,14.1266,0.404467,1,Normal
4,0.651688,18.7648,0.503371,1,Normal
23,0.300197,30.5364,0.290982,1,Normal
12,-4.20277,3.51293,0.933773,-1,Warning
3,-0.0311043,23.3591,0.637537,-1,Normal
23,0.0867847,34.7835,0,1,Normal
15,-0.057058,41.687,0.885631,-1,Normal
1,2.75338,6.10431,0.676838,1,Normal
5,0.33952,24.7316,0.0407995,1,Normal
21,1.13575,53.4328,0.794141,1,Normal
9,0.789696,46.5417,0.133808,1,Normal
2,2.367,58.7281,0.696149,1,Normal
19,0.755775,28.4357,0.531069,1,Normal
17,0.402883,37.5248,0.585903,1,Normal
16,-0.6375,37.649,0.470501,-1,Normal
4,-2.28576,2.97068,0.513852,-1,Normal
18,1.76306,84.8113,0.852188,1,Normal
13,-0.678279,46.2479,0,-1,Normal
0,0.456688,8.93259,0.176518,1,Warning
17,0.771388,45.115,0.0570762,1,Normal
6,1.3188,34.6497,0.841916,1,Normal
7,2.45452,33.9119,0.771252,1,Normal
20,-1.52946,47.8243,0.755498,-1,Warning
2,0.201721,54.3619,0.413286,1,Normal
9,1.73404,57.2987,0.899939,1,Normal
10,-0.934118,54.6862,0.420916,-1,Normal
10,-2.34142,33.766,1,-1,Normal
3,0.595386,47.215,0.0542125,1,Normal
19,0.702072,75.673,0.325908,1,Normal
0,-0.470418,15.8172,0.403355,-1,Normal
9,-3.13516,31.7305,0.717753,-1,Normal
23,0.150906,30.2286,0.333148,1,Normal
7,-3.27974,27.8492,0.474762,-1,Normal
0,0.74382,45.0299,0,1,Normal
9,-2.44106,51.0137,1,-1,Warning
7,-0.527503,51.0288,0.570642,-1,Normal
7,-0.00931571,63.3993,0.0856353,-1,Normal
1,0.0526357,38.0389,0.470027,1,Normal
12,-0.213444,49.7277,0,-1,Normal
23,-0.0636763,22.7903,0.280698,-1,Normal
16,-2.28588,33.3044,0.347295,-1,Normal
21,-0.513011,0,0.341295,-1,Normal
19,2.46884,23.1406,0.825668,1,Normal
10,1.01715,13.182,0.411986,1,Normal
11,0.309638,61.5812,0.0773381,1,Normal
3,-0.0231691,19.1933,0.127882,-1,Normal
1,-2.62625,20.9916,0.732693,-1,Warning
9,-0.27235,28.0669,0.197103,-1,Normal
1,-0.210287,4.47801,0.161281,-1,Normal
14,0.81077,29.4228,0.0137646,1,Normal
12,0.823307,9.36733,0.345335,1,Normal
7,-0.72026,56.7094,0,-1,Normal
21,-0.00451548,23.4551,0.503275,-1,Normal
15,-0.0127733,55.628,0.445047,-1,Normal
14,-0.620512,40.7249,0.293967,-1,Normal
14,-0.399361,53.2154,0.17069,-1,Normal
8,-1.86569,40.3241,1,-1,Warning
0,0.300137,32.4231,0.442064,1,Normal
15,0.686169,44.1839,0.489683,1,Normal
18,0.464529,53.2378,0,1,Normal
14,-3.0012,18.4533,0.89896,-1,Warning
8,-0.00764848,43.5029,0.34608,-1,Normal
0,-0.110404,10.3238,0.390537,-1,Normal
16,1.11413,40.8111,0.774592,1,Normal
1,2.86728,42.9158,0.783048,1,Normal
22,-0.730147,33.7781,0.512537,-1,Normal
2,0.0772206,22.3891,0,1,Normal
5,3,52.3737,0.864998,1,Normal
15,-0.589418,10.0099,0.293424,-1,Normal
15,-0.0435445,32.351,0.270361,-1,Normal
11,-0.77315,25.7875,0.363892,-1,Normal
6,0.666712,38.2664,0.225107,1,Normal
17,0.731877,58.9625,0.206316,1,Normal
2,0.0540635,13.1964,0,1,Warning
7,-0.159618,38.0068,0,-1,Normal
3,-0.0741581,47.0503,0.27861,-1,Normal
11,1.71937,9.96415,0.54436,1,Normal
20,0.712897,13.1838,0.298105,1,Normal
19,2.39091,63.7085,0.71902,1,Normal
15,2.68825,28.7653,0.836924,1,Normal
21,1.38712,9.80237,0.584893,1,Normal
1,0.328057,45.4479,0,1,Normal
18,-2.88229,43.6612,1,-1,Warning
2,3,17.5188,0.598485,1,Normal
12,0.822182,14.4298,0.109739,1,Normal
21,2.27016,29.7534,0.248477,1,Normal
1,-0.544888,36.293,0.440537,-1,Normal
11,-0.823125,45.097,0.433861,-1,Normal
19,0.125325,34.529,0,1,Normal
6,1.66222,28.771,0.582592,1,Normal
21,-0.270947,53.8545,0.538626,-1,Normal
12,0.330692,46.3323,0.459875,1,Normal
3,-2.30865,23.7432,0.933157,-1,Warning
0,-0.758127,19.0392,0.510896,-1,Normal
14,0.0174571,28.2709,0.131562,1,Normal
3,1.6368,38.3924,0.632111,1,Normal
7,0.847968,16.5911,0.561293,1,Normal
9,0.191472,29.5132,0,1,Normal
19,-0.445289,20.9636,0.2232,-1,Normal
22,-1.9649,49.193,0.710892,-1,Warning
18,-2.49975,20.1337,0.528443,-1,Normal
23,-0.329626,20.8975,0.125581,-1,Normal
3,0.0469012,27.7798,0.100355,1,Normal
22,-1.84992,84.4178,0.564069,-1,Normal
3,-0.540374,53.9962,0.146923,-1,Normal
1,-0.776944,17.2499,0,-1,Normal
16,-2.49042,48.9057,0.602652,-1,Warning
13,-0.0311479,45.068,0.053407,-1,Normal
2,-1.87736,65.7465,0.493259,-1,Normal
16,2.625,19.7454,0.570246,1,Warning
6,-2.45941,5.7837,0.40642,-1,Normal
9,2.99088,72.6356,0.839099,1,Normal
11,0.66876,62.4403,0,1,Normal
7,0.432027,44.0398,0.255357,1,Normal
13,-2.94851,17.1188,0.688299,-1,Warning
12,0.108082,38.7532,0.42184,1,Normal
2,0.211168,26.6655,0,1,Normal
2,0.211304,31.3867,0.312529,1,Warning
15,0.76182,33.4758,0.542462,1,Normal
12,-1.89425,24.8101,1,-1,Warning
16,2.20446,39.7933,0.861054,1,Normal
1,0.767513,40.5719,0.23997,1,Normal
20,0.127037,47.2146,0.104459,1,Normal
3,-0.657557,32.4394,0.606383,-1,Warning
7,3,37.0221,0.745849,1,Normal
17,0.5848,49.8274,0.177353,1,Normal
7,0.758535,35.3515,0.331152,1,Normal
20,-0.0509832,6.73954,0.282885,-1,Normal
6,0.482915,63.9933,0.332322,1,Normal
10,-0.351992,40.6258,0.5139,-1,Normal
3,0.47517,40.0153,0.0560925,1,Normal
22,-0.282178,34.1507,0.454698,-1,Normal
9,2.93415,18.9661,0.987499,1,Warning
1,-1.85232,0,0.642402,-1,Warning
4,-0.261847,35.0957,0.406358,-1,Normal
1,-1.9115,47.7664,0.445201,-1,Normal
16,0.665223,34.373,0.413074,1,Normal
19,0.642377,19.0977,0.0406022,1,Normal
8,0.957804,9.96274,0.102651,1,Warning
23,-3.10433,21.697,0.723013,-1,Warning
23,1.81518,17.9693,0.514025,1,Normal
23,1.00046,63.8776,1,1,Normal
20,-0.039053,27.3679,0.211768,-1,Normal
19,-0.35361,37.9643,0.163925,-1,Normal
11,-2.22129,49.6925,0.854301,-1,Warning
1,-0.819897,53.185,0.456367,-1,Normal
10,-0.693366,0,0.0261734,-1,Normal
3,0.288943,31.3285,0.270716,1,Normal
12,0.70524,25.6235,0.0134044,1,Normal
21,-2.58203,47.3513,0.823453,-1,Warning
12,-2.34767,52.4058,0.89299,-1,Warning
2,0.372436,39.02,0.561619,1,Normal
12,-0.394953,32.6748,0.305989,-1,Normal
1,-1.11042,59.2802,0.161732,-1,Normal
12,1.19433,49.8905,0.74344,1,Normal
22,0.181245,34.0969,0,1,Normal
22,-0.356608,51.749,0.449893,-1,Normal
3,-0.794946,54.2475,0.393611,-1,Normal
14,0.902226,44.6472,0.0554679,1,Normal
16,-0.686151,30.7057,0.551218,-1,Normal
14,0.454053,0,0.332545,1,Normal
6,0.0101442,25.6197,0.222796,1,Normal
22,-1.64124,25.2579,0.784338,-1,Warning
22,0.189311,21.1769,0.322092,1,Normal
11,3,41.0507,1,1,Warning
17,-0.293044,27.4004,0,-1,Normal
16,1.28031,25.3037,0.573686,1,Normal
8,0.269403,37.6855,0.431715,1,Normal
3,-0.237777,25.5371,0.580416,-1,Normal
5,-0.784638,0.512419,0.888423,-1,Warning
2,0.0533969,32.4731,0.104752,1,Normal
21,0.81882,37.9787,0.249942,1,Normal
2,-2.30907,32.7382,1,-1,Warning
19,4.22753,29.2712,0.823138,1,Normal
6,0.613162,40.9901,0.0985075,1,Normal
19,0.462323,46.7528,0.286879,1,Normal
15,0.333632,86.7507,0.376295,1,Normal
3,-1.39518,41.7889,1,-1,Warning
6,-0.859847,30.7573,0.227756,-1,Normal
4,-0.504209,67.8695,0.881296,-1,Warning
20,0.875424,51.9464,0.427591,1,Normal
20,0.0223047,42.9868,0.367956,1,Normal
12,-0.891977,25.3257,0.451407,-1,Normal
17,-0.0136178,56.2776,0.163614,-1,Normal
12,2.10726,45.749,0.435024,1,Normal
2,-0.554412,23.7038,0.212222,-1,Normal
12,0.262621,38.1911,0.542997,1,Normal
4,0.0138203,20.9841,0.0409825,1,Normal
22,-0.912787,32.4255,0.683355,-1,Warning
21,-3.09181,47.5978,0.570321,-1,Normal
4,3,40.214,0.629084,1,Normal
5,-0.517208,0,0.19917,-1,Normal
18,0.474522,20.7457,1,1,Normal
1,-0.349616,60.9492,0.201335,-1,Normal
14,-0.256716,31.21,0.210027,-1,Normal
20,-0.578358,38.4241,0.0408588,-1,Normal
14,-0.310821,26.4482,0.393447,-1,Normal
10,0.831535,46.9372,0,1,Normal
5,0.38187,44.8789,0.20817,1,Normal
1,-3.34741,40.7636,0.772747,-1,Warning
3,0.0391172,12.6914,0.356649,1,Normal
10,-1.49242,46.2929,0.834719,-1,Warning
3,0.476474,54.9951,0.16807,1,Normal
13,-0.412091,43.4948,0,-1,Normal
2,0.198847,34.4598,0.0259627,1,Normal
12,-3.03209,42.6024,0.712033,-1,Warning
0,-2.11568,71.4375,0.921914,-1,Warning
16,0.87874,34.6697,0.243751,1,Normal
0,-0.193468,0.823541,0.0506843,-1,Normal
15,-0.046596,49.4529,0.138169,-1,Normal
6,0.59187,15.9104,0.401176,1,Normal
10,-0.226162,36.1734,0.185188,-1,Normal
15,-0.0679269,89.785,0.188987,-1,Normal
3,1.01274,67.9151,0.668393,1,Normal
17,-0.941283,37.0139,0.481145,-1,Normal
19,-0.0356917,4.01349,0.59791,-1,Normal
4,0.755796,59.358,0.323869,1,Normal
17,0.799874,39.5903,0.472366,1,Normal
0,-4.69381,14.5687,1,-1,Warning
9,-0.702314,35.7648,0.301064,-1,Normal
10,-4.66247,41.4534,0.870606,-1,Warning
21,3.94464,21.7752,1,1,Warning
9,-1.3024,8.47639,0.941628,-1,Warning
7,3,39.1981,0.631796,1,Normal
1,2.41421,14.3695,1,1,Warning
0,-0.342846,50.5826,0.521508,-1,Normal
3,-1.57093,19.8189,0.799153,-1,Warning
12,-0.114804,7.77205,0.359061,-1,Normal
8,0.321874,54.9033,0,1,Normal
5,-2.32645,80.1993,1,-1,Warning
23,-2.2263,0,1,-1,Warning
0,1.40418,6.54488,0.694477,1,Normal
8,0.11083,50.0819,0.125694,1,Normal
18,1.40216,20.7813,0.381717,1,Normal
10,0.813332,41.0894,0,1,Normal
15,0.0725794,48.5734,0.289679,1,Normal
4,3,4.34335,0.735424,1,Normal
15,-1.31314,64.9459,0.580907,-1,Normal
18,-0.619208,42.8235,0.0227519,-1,Normal
21,-2.23625,56.8061,0.537725,-1,Normal
7,3,82.2024,1,1,Warning
14,-0.802408,43.0274,0.0638396,-1,Normal
19,-2.0314,30.9265,0.359998,-1,Normal
0,0.759812,19.4048,0.417729,1,Normal
12,0.192032,54.8118,0.554092,1,Normal
14,-0.486948,16.4235,0.204747,-1,Normal
12,-2.52344,23.3345,0.979882,-1,Warning
16,-0.218626,9.29453,0.13505,-1,Normal
6,1.213,12.2516,0.5894,1,Normal
14,1.05254,57.3335,1,1,Normal
2,0.715138,19.3084,0.376167,1,Normal
7,0.463546,46.4536,0.300348,1,Normal
21,-4.25987,54.3875,0.838609,-1,Warning
18,1.17218,24.3696,0.498285,1,Normal
12,1.5116,40.1772,0.623738,1,Normal
16,0.890251,43.3824,0.281411,1,Normal
4,0.608767,7.41366,0.850895,1,Normal
11,1.36603,3.60958,0.894283,1,Normal
19,1.09918,21.874,0.90696,1,Normal
8,0.105195,47.6522,0,1,Normal
21,0.175329,30.3978,0.595985,1,Normal
19,-0.17686,44.9443,0.393221,-1,Normal
11,-0.0599668,49.4442,0.685777,-1,Normal
18,-3.00197,44.2626,0.789928,-1,Warning
19,1.04852,34.3608,1,1,Normal
9,1.39591,41.5078,0.699875,1,Normal
14,-0.31481,24.4241,0.0808127,-1,Normal
19,0.294658,39.2385,0.162509,1,Normal
8,-2.70009,32.8861,0.86473,-1,Warning
15,0.714155,45.7881,0.447933,1,Normal
8,-0.283489,70.3074,0,-1,Normal
11,-0.892365,5.79792,0.418442,-1,Normal
22,0.417242,40.8627,0.0455932,1,Normal
10,0.415552,62.7131,0,1,Normal
16,0.208268,50.6454,0.110238,1,Normal
2,-0.0301888,37.133,0.333195,-1,Normal
7,-1.45347,56.6401,0.732163,-1,Warning
0,-0.459819,29.7078,0.190194,-1,Normal
19,-0.448005,35.6438,0,-1,Normal
20,-0.620449,47.4285,0.401266,-1,Normal
11,-0.08996,8.61872,0.26015,-1,Normal
3,-0.539614,0,0.407575,-1,Normal
11,-2.1122,38.8048,0.850588,-1,Warning
18,2.94039,12.114,0.742741,1,Normal
16,-0.173273,34.1455,0.0935595,-1,Normal
23,0.145008,16.3417,0.455925,1,Normal
4,0.762179,25.369,0.487671,1,Normal
16,0.266482,31.6213,0.417436,1,Normal
17,0.997854,27.8612,0.576844,1,Normal
8,-1.13333,25.1575,0.380482,-1,Normal
4,0.612355,20.5589,0.27371,1,Normal
3,0.617709,39.6916,0.415056,1,Normal
7,-1.25798,42.321,0.995666,-1,Warning
4,-2.24635,32.0884,0.421154,-1,Normal
17,-0.912638,49.8411,0.234739,-1,Normal
3,3,30.817,0.519064,1,Normal
17,2.01933,26.0566,0.693654,1,Normal
20,1.12338,7.51378,0.860896,1,Normal
15,-1.84543,47.9729,0.655593,-1,Warning
6,-0.423818,28.9989,0.367827,-1,Normal
5,0.832563,44.9411,0.344221,1,Normal
19,1.45816,12.5375,0.59363,1,Normal
14,-2.53889,23.5573,0.503235,-1,Normal
14,2.25522,24.7541,1,1,Warning
9,-1.45817,36.4506,0.751868,-1,Warning
10,-2.14007,36.8424,0.840141,-1,Warning
17,0.0974979,34.1465,0.320621,1,Normal
14,-3.74379,26.1345,0.64066,-1,Warning
21,0.185526,40.7239,0.301983,1,Normal
14,-0.293003,33.2817,0.0567021,-1,Normal
18,0.113081,23.3937,0.287745,1,Normal
3,-0.569002,38.2842,0.159958,-1,Normal
12,0.105546,30.0174,0.343011,1,Normal
16,0.225378,23.2051,0.292514,1,Normal
8,2.43581,33.1694,0.513718,1,Normal
1,-2.58408,51.437,0.57869,-1,Normal
15,-1.26776,62.1082,0.325443,-1,Normal
17,2.62287,45.3457,1,1,Warning
14,0.50267,5.60707,0.656094,1,Normal
16,1.92526,46.4229,1,1,Warning
10,0.547335,35.9701,0,1,Normal
20,1.08856,26.4344,0.81216,1,Normal
5,-1.40748,33.4981,0.462197,-1,Normal
16,-0.957304,20.0556,0.271899,-1,Normal
19,2.51231,36.8255,0.574921,1,Normal
9,0.375709,37.3929,0.215856,1,Normal
20,0.772606,27.48,0.131492,1,Normal
17,0.488817,14.0338,0,1,Normal
2,-0.545536,62.2589,0.84995,-1,Warning
9,1.79509,29.3661,1,1,Warning
14,2.20291,32.3033,1,1,Warning
12,0.346472,14.599,0.211104,1,Normal
12,-0.0632119,5.0787,0.320516,-1,Normal
1,1.6095,43.5443,0.871647,1,Normal
15,-0.753883,30.6725,0.101932,-1,Normal
8,0.912671,34.8276,0.207355,1,Normal
21,2.62118,46.4654,0.734627,1,Normal
22,-0.581592,15.9782,0,-1,Normal
15,3.94173,62.8614,0.72212,1,Normal
18,-0.327499,16.1784,0.0763584,-1,Normal
11,-3.01944,20.0468,0.69264,-1,Warning
23,-0.41678,0,0.542763,-1,Normal
10,-0.00137876,43.2383,0.251533,-1,Normal
7,-0.836421,61.1874,0,-1,Normal
11,0.25798,46.4227,0.27926,1,Normal
8,0.0818072,41.9577,0.518895,1,Normal
8,-1.05435,59.0074,0.579223,-1,Normal
7,-1.87211,8.42657,0.846458,-1,Warning
20,-1.15115,48.2145,0.889797,-1,Warning
21,2.01496,18.4872,0.670369,1,Warning
10,-0.110533,5.79867,0,-1,Normal
16,0.390869,45.021,0.214544,1,Normal
22,-0.347987,56.0724,0,-1,Normal
11,1.24006,53.013,1,1,Normal
11,-3.20217,31.3042,0.899297,-1,Warning
15,2.25281,40.0421,0.494316,1,Normal
22,-0.823344,13.8159,0,-1,Normal
12,0.510791,18.3423,0.266586,1,Normal
9,-0.250146,18.4254,0.342764,-1,Normal
13,0.329841,41.2984,0.0561639,1,Normal
11,-0.206767,36.8958,0.00647678,-1,Normal
1,-1.94672,8.718,0.735307,-1,Warning
3,1.02689,53.9761,0.432436,1,Normal
6,-0.689937,52.3088,0.339708,-1,Normal
15,1.14167,45.0249,0.814265,1,Normal
22,0.952824,31.6733,0,1,Normal
13,0.415935,64.6481,0.424943,1,Normal
3,-3.95359,26.4463,0.782336,-1,Normal
12,2.49963,46.1576,1,1,Warning
6,-1.26059,55.942,1,-1,Warning
3,0.238511,52.6544,0.519936,1,Normal
8,-0.236025,5.4621,0,-1,Normal
20,0.706648,30.7722,0.370392,1,Normal
22,0.286705,33.3313,0.652689,1,Normal
1,0.929738,31.2334,0.217931,1,Normal
1,-0.239343,42.2638,0.253829,-1,Normal
20,-0.523226,25.9657,0.208063,-1,Normal
9,-0.628583,12.5647,0.168558,-1,Normal
13,-0.557825,58.5101,0.0798688,-1,Normal
6,-0.175118,11.6623,0.0892552,-1,Normal
10,-3.473,35.8062,0.695188,-1,Warning
21,-2.07658,44.5802,1,-1,Warning
11,-0.777831,20.0395,0,-1,Normal
3,-0.106146,58.5734,0.200209,-1,Normal
3,0.571387,29.2944,0.199499,1,Normal
1,2.07784,28.8628,0.777736,1,Normal
4,-0.95455,23.9235,0.150831,-1,Normal
12,-1.38731,41.2874,1,-1,Warning
5,-0.487998,46.8895,0.636325,-1,Warning
5,1.45209,24.2654,0.513374,1,Normal
11,-0.643625,40.1421,0.271749,-1,Normal
7,-0.614168,11.7619,0.509954,-1,Normal
19,-1.2927,26.1883,0.558062,-1,Normal
16,-0.198615,45.045,0.293032,-1,Normal
18,-0.0411138,64.158,0.239958,-1,Normal
4,2.62753,32.5738,0.412271,1,Normal
16,-0.88621,70.2297,0.146184,-1,Normal
16,-0.659801,27.7444,0.785601,-1,Warning
8,0.414421,72.3537,0.415157,1,Normal
12,0.90373,28.1226,0.188418,1,Normal
2,-0.684507,37.3071,0.264345,-1,Normal
23,1.22244,48.159,0.906367,1,Normal
5,-0.832783,21.7076,0.331369,-1,Normal
1,-0.925415,13.0037,0.36278,-1,Normal
0,0.810843,46.7201,0.630412,1,Normal
19,0.329696,35.4101,0.0713001,1,Normal
15,2.393,61.7447,0.934384,1,Warning
3,-1.41831,34.6229,0.820333,-1,Warning
17,-0.124552,14.5301,0.440253,-1,Normal
17,-0.151492,25.1376,0.144607,-1,Normal
15,0.0967963,33.2879,0.412138,1,Normal
12,-0.180175,71.7727,0.0833457,-1,Normal
9,-0.251777,42.9808,0.561561,-1,Normal
20,-0.515781,43.1967,0.391316,-1,Normal
9,-3.60847,14.5108,0.748422,-1,Warning
11,0.226008,41.877,0,1,Normal
14,0.565229,21.4327,0.014466,1,Normal
9,3,22.8624,0.653154,1,Warning
19,0.899335,69.5164,0,1,Normal
18,-1.83439,0,0.620201,-1,Warning
7,0.71052,12.199,0.468889,1,Normal
2,-2.13614,46.0628,0.735942,-1,Warning
15,0.116351,45.2863,0.176679,1,Normal
6,0.363136,25.8103,0.437887,1,Normal
12,-3.39157,0,0.830846,-1,Warning
2,1.99501,26.2084,0.678738,1,Normal
22,-1.30283,28.0319,0.680887,-1,Warning
1,0.614467,57.2675,0.167677,1,Normal
8,0.684579,45.6102,0,1,Normal
20,2.39813,37.641,0.983869,1,Warning
22,1.02258,57.1711,0.458189,1,Normal
6,-2.90509,64.2866,0.700273,-1,Normal
22,-0.906354,45.0025,0.480147,-1,Normal
2,0.376064,31.287,0.614391,1,Normal
7,-2.93713,41.3004,0.848901,-1,Warning
13,-0.96535,11.0774,0.381045,-1,Normal
17,0.0152032,63.0409,0.350246,1,Normal
4,-2.44864,39.3079,0.68496,-1,Warning
7,0.213038,33.4875,0.164095,1,Normal
3,-1.0107,46.4398,0.551644,-1,Normal
3,-0.603893,16.0658,0.384004,-1,Normal
20,-0.666225,29.6052,0.176944,-1,Normal
21,-0.597016,43.5472,0.459485,-1,Normal
7,0.112168,80.9566,0.421561,1,Warning
11,-2.11356,44.2077,0.945507,-1,Warning
17,0.465527,24.6435,0.0916803,1,Normal
3,0.10436,24.8989,0.405001,1,Normal
11,0.515731,22.9136,0.423192,1,Normal
18,0.753109,68.6438,0.20923,1,Normal
11,0.0695277,18.8065,0.16732,1,Normal
13,0.353556,29.4625,0.260982,1,Normal
8,0.591034,57.0082,0.234933,1,Normal
13,0.209028,36.1102,0.266494,1,Warning
2,-1.13599,25.7436,1,-1,Warning
17,0.0803935,68.5647,0,1,Normal
2,2.35976,14.3468,0.718467,1,Normal
13,-1.99167,40.1566,0.414311,-1,Normal
0,-3.2222,24.8658,0.227435,-1,Normal
7,0.113367,38.5,0,1,Normal
21,0.683312,22.5327,0.485374,1,Normal
22,-0.669412,35.9967,0.231005,-1,Normal
20,-0.359716,19.39,0.209164,-1,Warning
16,0.326228,16.942,0.237335,1,Normal
0,-0.664456,43.6043,0.652346,-1,Warning
17,-0.410916,52.7262,0.0305626,-1,Normal
0,-0.399299,43.9986,0.350139,-1,Normal
17,-0.520789,33.5252,0.242307,-1,Normal
13,-0.471799,32.9312,0.372636,-1,Normal
22,3.03701,33.3793,0.767616,1,Normal
3,-1.14545,19.9087,0.907157,-1,Normal
21,0.252164,5.72662,0.295439,1,Normal
16,2.982,44.8218,0.764338,1,Normal
7,0.359144,36.6081,0.159046,1,Normal
7,-0.783438,29.4102,0,-1,Normal
7,0.159296,47.3981,0.121886,1,Normal
16,0.740832,52.1885,0,1,Normal
3,-2.68758,63.0547,0.302569,-1,Normal
8,-0.786965,55.3751,0.445256,-1,Normal
6,-1.09305,31.7645,0.674887,-1,Warning
12,-0.41646,23.3162,0.38851,-1,Warning
14,0.359453,38.0466,0.160128,1,Normal
23,-0.436921,60.8685,0.0569775,-1,Normal
16,2.74063,46.5873,0.793568,1,Normal
6,-0.335435,23.7781,0.46679,-1,Normal
1,1.53799,47.7106,0.573125,1,Normal
10,-1.77113,4.47109,0.917354,-1,Warning
1,3,33.8023,0.713326,1,Normal
11,-1.37652,23.5591,1,-1,Warning
2,0.287961,19.5657,0.291445,1,Normal
21,-1.61806,44.2703,0.545658,-1,Normal
18,-1.3944,0,0.568974,-1,Normal
13,-0.48695,21.7969,0.237519,-1,Normal
4,-0.364677,24.9892,0.261593,-1,Normal
9,0.599415,56.432,0,1,Normal
3,0.841561,52.6168,0.239305,1,Normal
0,-0.801593,26.3143,0.527005,-1,Normal
20,0.599364,45.4771,0.28822,1,Normal
14,-1.46777,29.04,0.678179,-1,Warning
20,3.03141,1.61224,0.639784,1,Normal
10,1.44372,29.809,1,1,Normal
17,-1.62499,64.7373,0.52969,-1,Normal
2,-3.89787,49.118,0.63305,-1,Warning
21,-0.459888,28.2355,0.174182,-1,Normal
20,-1.60682,7.68148,0.547478,-1,Normal
2,2.01323,57.7484,0.476009,1,Normal
11,1.20605,45.3648,0.999734,1,Normal
17,-0.162289,43.0354,0.428898,-1,Normal
15,3.14741,41.3979,0.810374,1,Normal
17,0.616019,11.8682,0.00878927,1,Normal
0,-2.57362,49.0185,0.69299,-1,Warning
21,-0.563878,27.3081,0.437355,-1,Normal
10,-0.0408346,39.0165,0.221432,-1,Normal
22,-3.62278,64.1271,0.689146,-1,Warning
11,-3.43054,56.0722,0.55024,-1,Normal
6,2.37952,22.1435,1,1,Warning
0,-0.017738,79.6963,0.0799209,-1,Normal
19,-0.942654,43.7999,0,-1,Normal
11,2.08323,28.4994,0.382869,1,Normal
7,-1.06112,11.6923,0.692797,-1,Warning
15,-1.07214,73.6222,0.628299,-1,Normal
18,3.37211,45.1787,0.637055,1,Normal
17,-3.1019,48.6717,0.620142,-1,Warning
2,0.505773,34.5986,0.437097,1,Normal
7,-0.125633,26.5917,0.221791,-1,Normal
5,-3.18343,2.62257,0.779088,-1,Warning
21,0.0927923,49.0134,0.0567751,1,Normal
16,0.288072,6.46065,0.315567,1,Normal
21,-0.265161,42.2322,0.0444234,-1,Normal
17,-0.330608,2.55012,0,-1,Normal
17,-2.18476,6.13645,0.682575,-1,Warning
11,-0.576195,25.8781,0.321482,-1,Normal
17,-0.154034,52.5924,0.369921,-1,Normal
9,1.79834,23.557,0.814396,1,Normal
18,1.56807,49.2326,0.727271,1,Normal
7,1.9674,55.8747,0.79823,1,Normal
4,0.0748305,11.0991,0.546795,1,Normal
0,-0.465547,28.9778,0.151759,-1,Normal
20,0.4608,10.2412,0.535129,1,Normal
11,-0.70816,19.8898,0.34922,-1,Normal
2,-1.68964,39.0235,0.243207,-1,Normal
2,-0.426394,17.0003,0.257096,-1,Normal
13,-3.90876,0,1,-1,Warning
23,-3.51028,29.3902,0.65885,-1,Warning
16,-0.00686659,0,0.701188,-1,Normal
10,-0.736431,50.6599,0.162661,-1,Normal
15,-0.788655,27.7835,0.524017,-1,Normal
9,2.53884,40.6374,0.741394,1,Normal
16,-0.248073,54.7715,0.221787,-1,Normal
8,-2.37964,31.2026,0.787291,-1,Warning
12,-1.78795,37.8016,0.721882,-1,Warning
17,0.142561,37.2528,0.354593,1,Normal
13,-2.84448,52.3897,0.578316,-1,Normal
6,-0.409908,10.1739,0.22825,-1,Normal
8,0.0468753,46.1868,0.28103,1,Normal
15,3.76067,7.18526,0.831846,1,Normal
23,0.252277,5.40008,0.445131,1,Normal
18,0.308539,29.9966,0.315347,1,Normal
19,-0.792386,16.2489,0,-1,Normal
13,2.44724,47.1778,0.571555,1,Normal
23,-0.0131303,44.4158,0.0409122,-1,Normal
8,2.77374,30.1277,0.86262,1,Normal
11,-0.298033,35.6425,0.459541,-1,Normal
5,-2.41914,38.286,0.918694,-1,Warning
13,-0.993247,8.42566,0.333729,-1,Normal
17,1.66248,40.097,0.837624,1,Warning
2,0.354901,21.0528,0.474899,1,Normal
20,2.63835,0,0.350317,1,Normal
20,3.52609,17.0662,1,1,Warning
6,1.86393,30.8347,0.733228,1,Normal
8,-1.97745,0,0.962155,-1,Warning
5,-1.0666,35.5984,1,-1,Normal
8,0.946874,29.4284,0,1,Normal
11,0.373464,47.5928,0,1,Warning
8,2.63861,11.0829,0.711816,1,Normal
19,1.33359,39.5514,0.506582,1,Normal
19,0.253491,58.7205,0.429822,1,Normal
12,-3.07258,57.976,0.897234,-1,Warning
22,0.815208,53.2006,0.21825,1,Normal
5,-1.8568,44.8999,0.754102,-1,Warning
22,-2.98132,29.8321,0.722286,-1,Warning
0,1.83224,51.7018,0.609681,1,Normal
15,-2.92337,19.8284,0.913662,-1,Warning
16,3.19309,37.6611,0.752282,1,Normal
6,2.03602,50.0161,0.846021,1,Normal
13,0.485129,47.9567,0.558593,1,Normal
18,-1.53566,36.1436,0.655965,-1,Warning
22,-0.239006,10.381,0.17901,-1,Normal
16,0.16146,46.4082,0.488957,1,Normal
7,0.637089,31.4214,0.290063,1,Normal
12,0.00217946,47.3689,0,1,Normal
1,-0.162389,21.237,0.409378,-1,Normal
12,0.305241,72.3965,0.627993,1,Normal
7,0.635811,33.8452,0.44144,1,Normal
17,-4.92616,62.8173,0.650211,-1,Warning
6,0.302499,27.9422,0.255344,1,Normal
9,3,49.1186,0.827793,1,Normal
1,2.27479,20.2569,0.941363,1,Warning
3,-0.532277,26.189,0.689242,-1,Warning
20,-0.125985,5.19122,0,-1,Normal
2,-0.262807,52.0015,0,-1,Normal
23,-0.0768289,65.6435,0.0484983,-1,Normal
12,-2.07085,52.3048,1,-1,Warning
8,-1.38948,32.5109,0.694768,-1,Warning
11,1.09904,71.2571,0.83894,1,Normal
2,1.82537,17.9245,0.984127,1,Warning
14,1.96905,7.7776,0.703554,1,Normal
18,-0.0108502,28.1304,0,-1,Normal
0,-0.464021,52.2394,0,-1,Normal
9,-0.944019,14.4853,0.489477,-1,Normal
15,1.10308,17.4852,0.861822,1,Normal
6,0.293269,33.3292,0.930699,1,Normal
1,0.054348,54.6862,0.203832,1,Normal
22,-0.0359712,75.2436,0.0984868,-1,Normal
4,0.141246,37.7174,0.293974,1,Normal
9,-0.0087309,49.4372,0.0818634,-1,Normal
20,-0.537736,25.1808,0.322794,-1,Normal
14,0.110893,0,0.360906,1,Normal
12,-0.227506,44.7307,0.1324,-1,Normal
0,0.197182,59.5832,0.60665,1,Normal
13,-0.547186,65.0463,0.61076,-1,Warning
2,0.988307,61.012,0.0506337,1,Normal
6,0.433277,20.0886,0.36241,1,Normal
0,0.69221,9.00539,0.530703,1,Normal
0,-3.54739,37.5249,0.390734,-1,Normal
23,-0.0209841,22.3462,0.505269,-1,Normal
11,-0.724863,11.4945,0.743147,-1,Warning
6,1.22256,49.1064,0.922748,1,Normal
18,-0.901861,17.0493,0.0919136,-1,Normal
14,0.578728,75.5484,0.860019,1,Warning
1,0.71602,65.9813,0,1,Normal
10,-0.85631,70.4712,0.0683976,-1,Normal
8,2.15309,21.4142,0.794215,1,Normal
13,-1.50268,45.3077,1,-1,Warning
15,-0.633544,20.8645,0.0474137,-1,Normal
2,0.39681,24.2441,0,1,Normal
12,2.5781,59.1315,0.255316,1,Normal
3,2.19108,76.4704,0.913893,1,Warning
20,1.0526,32.177,0.642465,1,Normal
0,2.4901,66.5598,1,1,Warning
18,0.0683625,50.1919,0.117852,1,Normal
11,-2.47488,19.6156,0.756467,-1,Warning
11,-0.483071,36.4622,0.387747,-1,Normal
5,0.0304888,41.5845,0.545894,1,Normal
13,-2.26492,42.3952,0.900888,-1,Warning
16,-0.783595,51.0335,0.113476,-1,Normal
7,0.340968,28.8608,0.235172,1,Normal
13,1.13997,9.7289,0.983702,1,Normal
18,0.0232893,48.8602,0.323518,1,Normal
13,-0.0441679,27.2345,0.41374,-1,Normal
17,1.03983,30.6505,1,1,Normal
22,0.231564,1.35723,0.141422,1,Normal
4,0.989,25.3884,0.276453,1,Normal
10,-0.860388,38.0641,0.108844,-1,Normal
3,0.780354,20.4086,0.0487602,1,Normal
19,2.16057,37.1534,0.696942,1,Normal
1,-0.052245,67.9145,0.514839,-1,Normal
5,0.226297,42.2674,0.438519,1,Normal
2,0.683072,15.0619,0,1,Normal
14,-2.05959,47.5932,0.525397,-1,Normal
13,2.09668,28.1869,0.593966,1,Normal
16,-1.71222,55.0913,0.33605,-1,Normal
10,-3.20529,0,1,-1,Warning
3,1.47821,31.8241,0.0698604,1,Normal
9,-0.193325,65.9284,0.651145,-1,Normal
22,0.355356,46.1434,0.384013,1,Normal
0,0.0571754,27.3186,0.521849,1,Normal
8,-1.80895,0,0.791775,-1,Warning
3,-0.990638,0,0.0351335,-1,Normal
17,0.544975,39.2182,0.0167004,1,Normal
9,0.216689,45.8801,0.546882,1,Normal
11,0.274968,38.5071,0.367095,1,Normal
3,-1.69769,0.0289435,0.888485,-1,Warning
7,0.327074,11.9288,0,1,Normal
7,1.26816,50.4643,0.636456,1,Normal
4,0.319724,10.8857,0,1,Normal
19,-0.89347,32.514,0.125058,-1,Normal
15,1.66982,57.7455,0.95121,1,Warning
2,1.89202,64.8722,0.65887,1,Normal
10,-0.941721,45.1145,0.0813212,-1,Normal
23,-0.457811,19.5512,0,-1,Normal
16,3.35786,52.301,1,1,Warning
9,0.408304,37.725,0.428959,1,Normal
4,-0.0784899,41.7291,0.634039,-1,Normal
12,0.611344,50.9586,0.14885,1,Normal
5,-1.83684,14.5301,0.586173,-1,Normal
22,1.00174,38.1264,0.413855,1,Normal
1,-4.28196,59.2122,0.774769,-1,Warning
4,-2.54627,18.0194,0.822018,-1,Warning
9,-3.24694,39.1976,1,-1,Warning
12,0.122881,23.6614,0.100585,1,Normal
16,-2.34531,29.0736,0.932023,-1,Warning
0,2.64993,40.055,0.934391,1,Warning
4,3,43.8069,1,1,Warning
4,0.537753,49.9385,0.302114,1,Normal
4,-0.215889,31.4147,0.257226,-1,Normal
17,1.87622,13.6472,0.739139,1,Normal
2,-0.48794,41.6789,0.295161,-1,Normal
4,-2.04899,52.8129,0.840121,-1,Warning
10,2.49111,35.1283,0.978974,1,Normal
10,2.84815,13.1985,0.626031,1,Normal
16,-2.04586,43.5161,0.438053,-1,Normal
21,-2.69049,49.896,0.495908,-1,Normal
10,-0.675619,50.8542,0,-1,Normal
4,-0.623117,59.903,0.23993,-1,Normal
20,-0.11903,21.3598,0.402155,-1,Normal
1,1.02998,26.2926,0.871618,1,Normal
10,-3.81788,40.0344,0.726978,-1,Warning
12,1.27687,30.5217,1,1,Normal
21,0.151033,2.59152,0.301612,1,Normal
9,0.153093,42.1548,0.0915876,1,Normal
15,-0.462047,20.8243,0.141088,-1,Normal
21,-0.165388,0,0.0188442,-1,Normal
4,-3.11325,0,1,-1,Warning
1,-0.509639,15.8585,0.262665,-1,Normal
7,-0.574884,33.8668,0.206659,-1,Normal
15,-0.0436332,28.5329,0.14468,-1,Normal
16,0.151475,25.2747,0.300827,1,Normal
12,0.07188,52.3851,0.104689,1,Normal
13,-1.25733,13.4769,1,-1,Warning
22,2.58942,66.6958,1,1,Warning
21,0.146251,40.8478,0.206791,1,Normal
20,-2.6065,61.1208,0.765879,-1,Warning
3,0.30348,4.18147,0.467084,1,Normal
18,0.712962,44.9296,0.0199815,1,Normal
22,1.11277,47.5006,1,1,Normal
0,2.39188,48.2579,0.989866,1,Warning
4,-0.434581,69.5289,0.41488,-1,Normal
23,0.543294,45.7967,0.171057,1,Normal
21,0.59555,29.2004,0.0214315,1,Normal
8,0.411101,42.9413,0.448761,1,Normal
10,-0.710364,54.3433,0,-1,Normal
17,0.288992,17.4527,0.371601,1,Normal
13,-2.37479,67.7295,0.94292,-1,Warning
14,-0.166934,66.2173,0.435003,-1,Normal
3,0.669655,29.2771,0.18866,1,Normal
15,-1.11888,51.7083,0.735873,-1,Warning
20,-0.66484,30.6466,0.05131,-1,Normal
19,0.596706,31.6331,0.541064,1,Normal
12,-0.773933,51.1094,0.0846701,-1,Normal
20,-2.83568,41.0002,0.703398,-1,Warning
14,2.86464,36.0543,0.868394,1,Normal
5,-0.341848,23.2363,0.274961,-1,Normal
10,-1.45859,45.3981,0.726925,-1,Warning
11,-0.564878,62.5998,0,-1,Normal
7,-0.282574,54.9405,0,-1,Normal
9,0.451663,47.8006,0.264501,1,Normal
11,3,27.2663,0.318574,1,Normal
13,0.434635,66.9473,0.570478,1,Normal
23,0.936437,53.9185,0.00836375,1,Normal
17,3.0632,36.7554,0.193192,1,Normal
11,-1.17982,68.8773,0.722614,-1,Warning
16,-3.24133,14.1293,0.906958,-1,Warning
6,0.589543,72.7137,0.494703,1,Normal
18,1.7503,75.5686,0.312065,1,Normal
18,-0.494808,0,0,-1,Normal
3,-3.54233,74.1963,0,-1,Normal
0,-0.729429,0,0.210747,-1,Normal
15,0.241716,35.2263,0.288258,1,Normal
13,-0.180324,81.3319,0.506107,-1,Normal
5,2.50957,47.2796,1,1,Warning
13,1.20729,74.3303,0.69822,1,Normal
22,0.133453,67.5102,0.418394,1,Normal
5,-0.9533,39.7685,0.439796,-1,Normal
10,-0.877655,45.516,0.594807,-1,Normal
5,-0.900108,69.8674,0.508224,-1,Normal
19,-0.63062,60.7054,0,-1,Normal
8,-0.715301,38.4146,0.407518,-1,Normal
5,-1.04821,1.04535,0.440461,-1,Normal
1,2.72949,26.8692,0.663855,1,Normal
8,-3.16563,52.1742,0.563474,-1,Normal
19,1.40827,51.341,0.586754,1,Normal
15,1.22448,37.3549,0.695952,1,Normal
8,-1.79776,43.8359,1,-1,Warning
22,1.05081,7.20589,1,1,Normal
4,-3.53627,0,0.661395,-1,Warning
10,-0.345143,0,0.310155,-1,Normal
15,-1.12066,0,0.855181,-1,Normal
0,1.62968,51.2089,0.762168,1,Normal
8,0.637326,35.4914,0.188932,1,Normal
13,0.584814,20.962,0.366364,1,Normal
18,-0.0222947,39.3774,0.212545,-1,Normal
2,-0.171289,49.3841,0.171919,-1,Normal
11,-0.131913,34.0011,0.180388,-1,Normal
22,-2.44721,45.4439,1,-1,Warning
2,0.640994,27.6291,0.0519668,1,Normal
4,-1.94136,19.4293,0.842188,-1,Warning
5,-0.130508,45.9517,0.333818,-1,Normal
9,1.71415,23.3341,0.661948,1,Normal
15,-0.0588046,64.6851,0.44243,-1,Normal
18,0.260873,11.2422,0.110696,1,Normal
11,-2.51568,80.5119,0.671637,-1,Warning
10,2.91417,24.4642,1,1,Warning
16,-0.597608,0,0.101913,-1,Normal
2,0.264528,8.18766,0.13311,1,Warning
20,0.634848,36.311,0.271068,1,Normal
9,1.86366,77.892,0.746459,1,Normal
18,0.00100115,54.8265,0.633145,1,Normal
13,-0.611073,35.5448,0.152083,-1,Normal
10,-1.26464,68.2908,0.688838,-1,Warning
23,-1.35394,51.8984,1,-1,Warning
2,0.618141,46.0091,0.332004,1,Normal
9,0.303271,28.4312,0,1,Normal
15,-0.218013,34.8388,0.349225,-1,Normal
8,-1.26505,23.7907,0.478152,-1,Normal
2,-1.37755,67.939,0.977611,-1,Warning
1,-2.38659,9.06587,0.48928,-1,Normal
16,1.77943,33.0222,0.469803,1,Normal
23,-1.95621,52.633,1,-1,Warning
7,-0.110112,59.7437,0.105649,-1,Normal
11,-0.127904,17.1313,0.287435,-1,Normal
6,-2.39139,11.6162,0.593695,-1,Normal
17,-0.92535,64.2129,0.0520997,-1,Normal
16,0.871719,40.1248,0.262431,1,Normal
5,-1.27179,49.4584,0.62751,-1,Warning
9,0.530111,61.7199,0.310761,1,Normal
14,-1.50365,35.8402,0.677431,-1,Warning
14,0.784479,43.1431,0,1,Normal
0,-1.88099,28.0025,0.900205,-1,Warning
14,-2.42518,62.7761,0.898703,-1,Warning
18,-2.64893,43.2994,0.640817,-1,Warning
3,1.25504,35.5141,0.856842,1,Normal
13,-0.391156,27.2045,0.142616,-1,Normal
7,-1.09089,31.3548,0.641936,-1,Warning
19,2.09525,29.8078,0.891833,1,Normal
15,4.29084,54.5673,0.619673,1,Normal
11,-0.290573,38.6969,0.33378,-1,Normal
4,2.12061,45.5344,0.660455,1,Normal
15,0.392035,55.676,0.238309,1,Normal
10,-2.88548,14.2363,0.882973,-1,Warning
12,3.7099,3.7293,0.999056,1,Warning
19,0.197225,25.2758,0.427233,1,Normal
22,-1.5679,48.5501,0.252329,-1,Normal
3,2.88117,49.9185,0.801606,1,Normal
6,0.486206,13.4191,0.0219404,1,Normal
7,1.79124,70.3188,0.68427,1,Normal
6,-2.05676,44.5139,0.527634,-1,Normal
16,1.69754,47.0545,0.820892,1,Normal
5,-0.746047,35.3187,0.210077,-1,Normal
20,-2.17069,35.7274,0.532847,-1,Normal
22,0.179463,49.0698,0.316302,1,Normal
23,-1.30231,49.0038,0.950211,-1,Warning
19,-3.36778,31.0223,0.75253,-1,Warning
16,-1.29199,61.8576,1,-1,Warning
14,-2.35944,25.9423,0.879749,-1,Warning
5,-1.05041,34.5097,0.834414,-1,Warning
5,0.543105,6.31375,0,1,Normal
10,-1.74444,74.6588,1,-1,Warning
18,2.14581,27.1131,0.856225,1,Normal
5,0.659628,14.1539,0.384186,1,Normal
3,0.613443,16.0943,0,1,Normal
4,-2.10814,16.5148,0.94426,-1,Warning
16,-2.21693,46.01,0.938126,-1,Warning
13,1.95264,61.0207,0.919338,1,Warning
4,-0.414373,15.6617,0.128085,-1,Normal
10,0.929508,50.2771,0.655407,1,Normal
19,1.09042,18.408,0.83735,1,Normal
16,-1.08487,50.7208,0.8503,-1,Normal
13,-0.601692,57.1911,0.0334037,-1,Normal
20,2.38114,13.0392,0.551934,1,Normal
2,0.638596,8.94392,0.136054,1,Normal
10,-1.35389,12.8234,0.679559,-1,Warning
13,0.960996,67.0253,0,1,Normal
23,0.0855173,44.9691,0.29409,1,Normal
1,1.29091,35.1387,0.27249,1,Normal
7,-2.09391,53.7393,0.864117,-1,Warning
5,0.504376,110.75,0.652937,1,Normal
13,-0.442707,51.5946,0.0927001,-1,Normal
17,1.68868,43.7812,1,1,Warning
18,-0.752635,6.46001,0,-1,Normal
12,-0.836437,24.1577,0.597326,-1,Normal
23,1.24294,56.9669,0.662211,1,Normal
10,-1.61657,52.4746,0.643955,-1,Warning
2,-0.207054,56.1221,0.188822,-1,Normal
4,-1.52578,40.6211,0.855586,-1,Warning
20,-1.92375,52.5585,0.504164,-1,Normal
11,2.35238,40.0596,0.829824,1,Normal
20,0.438215,57.9874,0.312325,1,Normal
20,0.819412,50.651,0.141159,1,Normal
18,1.08168,16.0866,0.850909,1,Normal
9,0.324394,45.3947,0.200646,1,Normal
0,0.0118863,51.5263,0.0741387,1,Normal
4,0.981363,62.4472,0.260858,1,Normal
10,0.432646,42.2302,0.712879,1,Normal
9,-0.896093,24.6144,0.639094,-1,Warning
15,3.11339,0,0.699302,1,Normal
12,-1.9213,34.6567,0.539241,-1,Normal
18,2.44262,58.0745,0.524,1,Normal
5,2.51378,32.9528,0.572384,1,Normal
6,-0.332498,3.46672,0.184235,-1,Normal
6,2.58067,14.3518,0.683072,1,Normal
5,3,64.3615,0.487559,1,Normal
1,-2.07792,27.5553,0.768609,-1,Warning
8,-0.686935,30.338,0.156096,-1,Normal
2,1.14884,50.9407,0.999856,1,Normal
1,1.43822,36.7899,0.544842,1,Normal
7,-1.21434,31.14,1,-1,Warning
15,0.170579,60.4106,0.162062,1,Normal
14,-1.94656,38.4909,0.829432,-1,Warning
21,0.313141,17.7204,0.122479,1,Normal
7,0.434323,65.259,0.00691044,1,Normal
21,-2.73803,33.4404,0.58127,-1,Normal
16,3.47131,42.714,0.298459,1,Normal
11,-0.173838,25.3688,0.276797,-1,Normal
23,1.38173,29.2898,0.660417,1,Normal
17,-3.03662,25.9048,0.85005,-1,Warning
20,-1.89735,57.5968,0.897124,-1,Warning
8,2.78496,18.5966,0.706171,1,Normal
22,2.2301,30.201,0.658386,1,Normal
23,0.182445,24.3729,0.143022,1,Warning
10,0.100564,58.6198,0.0903835,1,Normal
5,0.793894,32.2778,0,1,Normal
18,-0.544295,3.16558,0,-1,Normal
9,-0.51429,59.1179,0.177522,-1,Normal
16,-2.58976,26.8241,0.706557,-1,Warning
3,-1.2079,40.6916,0.726332,-1,Warning
19,3.92354,58.1739,0.80286,1,Normal
10,-0.141141,0.176075,0.514592,-1,Normal
21,-0.95654,34.2967,0.0196818,-1,Normal
22,-1.45257,55.9502,0.877505,-1,Warning
18,-1.32565,6.88846,0.820444,-1,Warning
1,-0.930508,35.0184,0.465158,-1,Normal
1,3,19.3759,1,1,Warning
0,-0.446585,53.969,0.0459238,-1,Normal
3,0.862829,14.1233,0.548652,1,Warning
5,-0.36483,22.3227,0.308212,-1,Normal
14,-0.576173,39.2522,0.296952,-1,Normal
19,2.36725,54.4848,0.716048,1,Normal
2,-0.918213,55.8891,0.236939,-1,Normal
19,1.01025,38.1198,0.719413,1,Normal
13,-1.71279,49.8307,1,-1,Warning
5,2.98882,34.7147,0.479461,1,Normal
8,-0.171463,28.013,0.409755,-1,Normal
15,0.474902,33.1394,0.243597,1,Normal
20,2.2131,104.318,0.848508,1,Normal
22,-0.0247757,23.6698,0.000961356,-1,Warning
7,-0.0339334,30.247,0.620935,-1,Normal
13,0.111425,28.8789,0.119399,1,Normal
9,0.999868,51.5274,0.401747,1,Normal
23,-0.458608,26.0754,0,-1,Normal
23,-0.646262,27.3962,0.466414,-1,Normal
17,0.748937,51.9917,0.182319,1,Normal
23,-2.21882,64.4575,0.807112,-1,Warning
3,-0.125241,54.1948,0.384244,-1,Warning
8,1.1343,13.809,1,1,Normal
20,-0.811963,34.8568,0.288452,-1,Normal
16,0.573659,28.7797,0,1,Normal
14,-0.820945,0,0.106125,-1,Normal
18,3.71352,24.7913,0.727245,1,Normal
9,-0.732443,37.9975,0.195647,-1,Normal
8,0.182435,23.6155,0,1,Normal
21,2.21755,16.5336,1,1,Warning
20,1.11825,8.41672,0.69197,1,Normal
7,-2.63961,15.1721,0.580311,-1,Normal
18,-0.47276,46.4515,0.106803,-1,Normal
15,2.64752,26.6207,1,1,Warning
20,-0.48426,50.9265,0.330275,-1,Normal
10,0.568367,34.1606,0.079774,1,Normal
0,0.333867,14.7084,0.694367,1,Normal
5,-0.151263,21.3188,0.575908,-1,Normal
1,-1.03086,42.969,0.817695,-1,Warning
14,2.60081,28.9007,0.933297,1,Warning
17,-2.87954,40.4667,0.988648,-1,Warning
3,2.30417,24.2229,0.624805,1,Warning
20,-3.72285,53.056,0.0496124,-1,Normal
12,4.71382,34.635,0.559503,1,Normal
22,-2.85797,11.6743,0.42492,-1,Normal
2,-2.46702,37.1227,0.731974,-1,Warning
9,1.42328,38.8771,0.595114,1,Normal
15,-2.26974,28.5232,0.0584947,-1,Normal
23,3.35927,44.957,0.780433,1,Normal
19,1.09494,40.3827,0.751836,1,Normal
17,2.89786,49.2466,0.728763,1,Normal
7,0.0573829,38.6921,0.597264,1,Normal
16,-0.0976928,27.5433,0,-1,Normal
8,-1.96316,22.303,0.752643,-1,Warning
20,1.2534,49.1807,0.624396,1,Normal
8,1.82185,23.901,0.694011,1,Normal
21,1.28227,28.4038,0.917573,1,Normal
2,2.11641,54.0964,0.729514,1,Normal
6,-2.5463,37.6551,0.788181,-1,Normal
0,2.67996,21.2547,0.610848,1,Normal
5,-1.33597,11.5005,0.409291,-1,Normal
12,-0.912801,39.6235,0.094398,-1,Normal
12,2.11986,16.8406,0.535319,1,Normal
8,0.0969296,24.8473,0.50569,1,Normal
5,-0.0128483,56.805,0.333771,-1,Normal
12,2.89815,50.3043,0.626457,1,Normal
7,2.2083,36.0674,0.387438,1,Normal
11,-0.208045,33.0472,0.0926327,-1,Normal
16,-0.680793,52.9326,0.593847,-1,Normal
3,-2.61344,49.1621,0.988854,-1,Warning
13,3.04894,23.9787,0.943923,1,Warning
6,-1.06014,37.4452,0.597201,-1,Normal
9,-1.81641,9.66139,1,-1,Warning
16,-1.75089,38.045,1,-1,Warning
4,0.105326,64.2678,0.391095,1,Normal
18,-0.59005,30.0019,0,-1,Normal
22,0.248326,47.9033,0.2128,1,Normal
13,-2.45911,40.1696,0.798421,-1,Warning
22,0.435736,29.2172,0.366346,1,Normal
16,2.22563,68.8016,0.914127,1,Warning
4,0.127592,35.4721,0.409786,1,Normal
15,0.699798,20.2613,0.125667,1,Normal
17,0.940021,3.21934,0.378925,1,Warning
9,-2.415,54.4484,0.700862,-1,Warning
7,-1.62644,37.7893,0.377177,-1,Normal
13,-0.38253,40.8644,0.00540918,-1,Normal
21,0.426944,10.8655,0.191015,1,Normal
15,0.12905,30.382,0,1,Normal
22,-0.100443,61.4943,0,-1,Normal
13,0.0304235,3.74758,0.0557956,1,Normal
21,1.46001,43.3398,1,1,Normal
15,-1.06042,12.0618,0.65029,-1,Warning
0,1.3768,11.0279,0.602858,1,Normal
18,-2.79428,40.6287,1,-1,Warning
20,1.20301,44.752,0.660522,1,Normal
8,2.64778,11.3364,0.814223,1,Normal
5,0.512491,0,0.666146,1,Normal
22,2.57199,25.6792,0.999361,1,Warning
17,0.0986987,81.1118,0.267877,1,Normal
21,2.51593,24.2217,0.341267,1,Normal
19,-0.987398,11.4183,0.48696,-1,Normal
12,0.162893,25.1856,0.207804,1,Normal
3,1.74322,28.0187,0.973727,1,Warning
5,1.47214,64.0559,0.895631,1,Normal
15,1.35522,36.6154,0.608283,1,Normal
22,0.925763,26.4503,0.764334,1,Normal
4,2.30151,37.3945,0.587879,1,Normal
10,3,64.3532,1,1,Warning
2,0.681596,46.9031,0.0720928,1,Normal
10,1.90519,74.2964,1,1,Warning
11,-0.970534,79.7275,0.399614,-1,Normal
5,-1.54985,34.7715,0.554163,-1,Normal
7,1.15217,6.50379,1,1,Normal
0,-2.92518,29.173,0.497697,-1,Normal
23,0.198761,35.5289,0.180725,1,Normal
8,-0.788402,23.9925,0.207514,-1,Normal
15,-0.221106,30.2409,0.259263,-1,Normal
16,-0.697237,27.0817,0,-1,Normal
4,1.1954,14.6786,0.715176,1,Warning
22,-0.997028,0,0.342161,-1,Normal
2,-0.522138,27.6521,0.221196,-1,Normal
6,-0.797373,28.7384,0.610959,-1,Warning
22,-0.952065,55.0635,0.153126,-1,Normal
8,0.429448,4.50273,0,1,Normal
2,0.882235,25.2077,0.651781,1,Normal
13,-0.88728,29.4299,0.539376,-1,Normal
12,-1.01724,0,1,-1,Warning
22,-0.365424,29.6538,0.565819,-1,Normal
22,2.67159,15.9986,1,1,Warning
5,-0.0111754,62.0471,0.113062,-1,Normal
11,-0.0976246,4.47033,0,-1,Normal
9,-3.09551,53.5452,0.931272,-1,Warning
11,-1.91534,29.9238,0.591664,-1,Normal
1,0.256454,46.0411,0.106018,1,Normal
16,-0.338646,26.9832,0.222423,-1,Normal
7,-0.895575,12.7511,0.426187,-1,Normal
10,2.48288,41.5375,0.637877,1,Normal
17,1.27344,13.4227,0.738272,1,Normal
1,-1.01923,48.0287,0.711664,-1,Warning
0,0.0965953,40.3388,0.362202,1,Normal
15,0.577372,37.7869,0,1,Normal
7,-0.883328,36.2382,0.367768,-1,Normal
3,1.739,59.0801,0.152696,1,Normal
21,-1.56249,56.2473,0.387496,-1,Warning
3,0.540939,31.9615,0.129995,1,Normal
1,-0.0848273,51.3626,0.728086,-1,Normal
9,0.670566,61.6671,0.728827,1,Normal
9,0.90817,11.0107,0.351306,1,Normal
1,1.19827,41.4986,1,1,Normal
3,0.179048,39.1635,0,1,Normal
0,-0.870154,34.1672,0.204929,-1,Normal
6,3,28.0063,0.774966,1,Normal
1,-2.51654,52.2692,0.865499,-1,Warning
20,0.133714,27.2457,0.593783,1,Normal
6,2.69924,47.9,0.651757,1,Normal
11,-0.643224,43.8832,0,-1,Normal
3,1.33872,2.53342,0.958578,1,Normal
18,1.20787,32.8831,0.525348,1,Normal
0,0.862983,37.1113,0.10844,1,Normal
18,0.536496,16.7153,0,1,Normal
19,0.58001,33.5875,0.414275,1,Normal
3,-1.43139,13.6391,0.619094,-1,Warning
0,1.43126,48.223,0.60461,1,Normal
23,0.221359,64.3965,0.279625,1,Normal
23,0.595555,51.6489,0.398656,1,Normal
23,0.491645,11.5705,0.688252,1,Normal
7,2.05351,29.5211,0.231347,1,Normal
23,0.901739,42.6888,0,1,Normal
8,-0.257374,5.05331,0.115056,-1,Normal
8,-1.65036,42.4173,0.540974,-1,Normal
3,-2.21784,53.5386,0.770456,-1,Warning
1,0.0191036,29.4736,0.398883,1,Normal
16,1.76655,43.3172,0.701518,1,Normal
17,-0.840786,35.857,0.185501,-1,Normal
23,0.273479,30.3605,0.310082,1,Normal
0,0.25348,38.1074,0.280013,1,Normal
19,-1.72197,26.5723,0.60406,-1,Warning
2,-0.595949,37.7884,0.501003,-1,Normal
3,-2.71841,48.9084,0.815828,-1,Warning
12,0.399198,61.5554,0.796395,1,Normal
17,2.22633,30.812,0.930042,1,Warning
8,0.830824,30.5474,0.0887615,1,Normal
5,0.0596442,0,0.139244,1,Normal
11,1.06835,53.7328,0.157193,1,Normal
5,-0.0678959,30.526,0.202681,-1,Normal
10,1.50041,29.7877,0.543507,1,Normal
2,1.96862,18.8361,1,1,Warning
5,1.62041,30.4701,1,1,Warning
19,-0.474641,0,0.306969,-1,Normal
8,-0.317791,45.7713,0.549392,-1,Normal
4,0.327204,44.3689,0,1,Normal
20,-0.674266,13.6898,0.101226,-1,Normal
1,0.102217,33.6837,0.646161,1,Normal
5,-2.02293,46.2791,0.851499,-1,Warning
2,0.15522,23.0383,0.488945,1,Normal
8,-0.312784,42.5527,0.098126,-1,Normal
15,-3.05783,37.7552,0.714083,-1,Normal
23,-0.461441,33.3309,0.332767,-1,Normal
20,0.0856722,0,0.509052,1,Normal
10,-1.84247,22.0184,0.610885,-1,Warning
5,-0.998508,43.3666,0.319849,-1,Normal
3,0.702268,59.7081,0.764687,1,Normal
21,3.78518,19.5124,1,1,Warning
12,-3.05675,73.3307,0.800794,-1,Warning
23,-2.07138,29.4865,1,-1,Warning
12,0.961959,21.4646,0.0491517,1,Normal
14,0.939031,23.9063,0.564251,1,Normal
19,1.10475,39.5089,0.911479,1,Normal
4,0.0520919,21.4453,0,1,Normal
12,0.919323,0,0.122114,1,Normal
1,-0.0646519,22.4956,0.614942,-1,Normal
8,-2.80548,42.2665,0.503523,-1,Normal
1,-0.883839,47.6863,0.236123,-1,Normal
22,-1.71483,2.5696,0.729113,-1,Warning
21,0.146478,14.7565,0.204003,1,Normal
23,1.00434,18.2371,1,1,Normal
7,1.50586,34.7728,0.579513,1,Normal
2,2.44104,59.9803,0.802467,1,Normal
13,0.842868,30.5698,0.017045,1,Normal
15,-0.222181,61.519,0,-1,Normal
5,-1.28015,29.3558,1,-1,Warning
17,0.211512,28.3342,0.201347,1,Normal
11,-2.26548,13.607,0.719743,-1,Warning
20,-0.204261,61.105,0.276081,-1,Normal
6,-1.3634,38.4374,0.953379,-1,Warning
8,0.512825,56.3089,0.239203,1,Normal
0,-1.16357,5.49783,1,-1,Warning
5,-0.0699341,46.0785,0.106243,-1,Normal
20,2.42868,28.9426,0.548316,1,Normal
20,2.99913,39.6658,0.92747,1,Warning
19,1.29154,25.3372,0.858855,1,Normal
14,1.36304,18.8712,1,1,Normal
5,1.54132,26.0475,1,1,Warning
13,0.945863,46.6188,0.0628158,1,Normal
2,-0.67499,25.6894,0.512595,-1,Normal
20,-2.50727,42.8162,0.700406,-1,Warning
18,-1.80893,29.5175,0.373664,-1,Normal
10,-3.40383,32.5105,0.553794,-1,Normal
7,-0.390236,11.0585,0.651499,-1,Warning
11,3,61.887,0.452737,1,Normal
2,0.327181,47.325,0.355849,1,Normal
21,-0.0759674,37.145,0.723165,-1,Normal
21,-1.36037,12.3442,0.676599,-1,Warning
4,0.155312,27.9681,0.317015,1,Normal
2,0.634285,39.8341,0.320963,1,Normal
3,1.74215,28.1898,0.609518,1,Normal
19,-0.0734857,38.6898,0.16208,-1,Normal
19,-2.98812,21.9428,0.342475,-1,Warning
19,-1.83037,51.9153,1,-1,Warning
0,1.9092,0,0.583926,1,Normal
4,0.0345528,30.0365,0.18096,1,Normal
18,-0.20518,43.2078,0,-1,Normal
14,0.384882,31.3257,0.181265,1,Normal
12,1.80763,58.9274,1,1,Warning
20,1.90184,14.36,0.788657,1,Normal
7,1.10046,9.7496,0.570358,1,Normal
19,0.355139,42.7065,0,1,Normal
8,0.66167,73.3679,0.144564,1,Normal
15,-3.01215,43.7346,0.424732,-1,Normal
2,-0.729679,29.9995,0,-1,Normal
19,-3.48816,27.2201,0.837381,-1,Warning
6,1.159,0,0.764141,1,Normal
20,0.809106,45.2249,0.103851,1,Normal
20,-1.93149,64.5995,0.0261818,-1,Normal
20,0.482146,44.5036,0.506492,1,Normal
5,0.639311,49.5089,0,1,Normal
5,0.479619,52.0712,0.365048,1,Normal
2,-0.0465745,48.6059,0.555967,-1,Normal
14,-0.350473,27.0164,0.0660765,-1,Normal
18,3.77745,69.0057,0.842735,1,Normal
14,-0.304555,0,0.226708,-1,Normal
19,-0.789618,40.1431,0,-1,Normal
0,3,43.9909,0.776148,1,Normal
11,0.645422,45.3846,0.19713,1,Normal
4,-0.763845,37.8153,0.165065,-1,Normal
6,-0.115523,45.2366,0.200132,-1,Normal
6,-0.423737,16.9817,0.36186,-1,Normal
3,-0.30502,60.5038,0.809607,-1,Warning
4,-2.54884,47.3232,1,-1,Warning
16,0.135914,34.3177,0.80216,1,Normal
5,2.34716,39.6245,1,1,Warning
23,0.466683,14.1852,0.181801,1,Normal
17,-1.12546,9.06294,0.460555,-1,Normal
13,-2.05475,48.1756,0.524574,-1,Normal
17,-3.01041,29.9004,0.360489,-1,Normal
12,3.0255,18.7864,0.647772,1,Normal
19,0.873717,23.6487,0.0246322,1,Normal
13,-0.572166,34.6617,0.0683169,-1,Normal
12,-1.06394,6.38814,0.925944,-1,Warning
9,-0.00861813,33.2601,0.0562418,-1,Normal
19,1.24922,0,1,1,Normal
21,0.433476,44.943,0.585646,1,Normal
21,3.3201,0,0.791795,1,Normal
6,-0.633954,54.4611,0.399231,-1,Normal
9,-1.03599,73.9991,0.375476,-1,Normal
17,-1.3522,65.2139,0.638533,-1,Warning
17,-0.0208321,23.0271,0.233366,-1,Normal
7,0.671544,21.7216,0.360357,1,Normal
2,1.28008,12.7932,0.569968,1,Normal
2,-0.560998,70.8969,0.331112,-1,Normal
17,-0.0507016,39.7618,0.343704,-1,Normal
9,2.34009,34.8929,1,1,Warning
0,0.877252,29.974,0.203419,1,Normal
20,-1.30986,13.1364,0.499921,-1,Normal
14,-0.337685,35.4602,0.265681,-1,Normal
19,0.0978408,41.7692,0.0454333,1,Normal
14,3.25613,22.6645,0.782433,1,Warning
23,1.03891,13.97,0.712532,1,Normal
11,-0.492932,67.2675,0.456144,-1,Normal
1,-0.410491,60.8665,0.506649,-1,Normal
2,-1.31222,38.9171,0.471002,-1,Normal
22,3.11129,47.9489,0.915888,1,Warning
12,-2.48739,52.4396,0.952171,-1,Warning
18,-0.786472,84.14,0.212538,-1,Normal
6,-0.866484,27.455,0.405474,-1,Normal
20,-1.79063,20.8459,0.72985,-1,Warning
15,2.57633,46.5381,0.740329,1,Normal
10,-2.72824,37.2908,0.56577,-1,Normal
19,-0.351166,30.7774,0.206802,-1,Normal
15,-1.60506,21.9495,0.745437,-1,Warning
5,1.64605,29.3243,0.560516,1,Normal
18,1.97176,51.204,0.905077,1,Warning
23,-1.99893,64.189,0.528613,-1,Normal
0,0.211271,35.9925,0.46893,1,Normal
4,-0.629839,75.5387,0.493007,-1,Normal
17,2.74598,53.1009,0.556071,1,Normal
6,-2.4437,14.8202,1,-1,Warning
14,-0.192399,0,0,-1,Normal
20,3.17817,29.6218,0.29762,1,Normal
5,-0.0563804,55.0024,0.0361979,-1,Normal
18,0.0737259,18.8381,0.532035,1,Normal
1,-4.27088,38.3394,0.900019,-1,Warning
4,-0.454073,22.855,0,-1,Normal
6,-2.87147,59.0934,0.831072,-1,Warning
23,-2.86015,20.4459,0.568362,-1,Normal
10,-0.177858,40.7054,0,-1,Normal
1,0.332139,37.0383,0.161108,1,Normal
9,1.31108,20.0771,0.614135,1,Normal
20,-2.59445,4.02869,0.703633,-1,Warning
6,0.107141,54.364,0.83614,1,Normal
17,-0.64758,96.0173,0.667932,-1,Warning
5,-0.107492,28.5544,0.483472,-1,Normal
21,1.26845,27.9242,1,1,Normal
12,-0.409326,46.3782,0,-1,Normal
22,-0.411942,67.0578,0.973253,-1,Warning
23,-0.338945,31.1819,0.525233,-1,Normal
21,0.654013,66.2183,0.230823,1,Normal
10,0.145012,27.6939,0.712684,1,Normal
7,-0.636913,16.2351,0,-1,Normal
3,-0.118613,54.366,0.0422192,-1,Normal
23,1.9621,44.074,1,1,Warning
16,1.21605,50.8342,1,1,Normal
19,-0.559477,24.5905,0.047643,-1,Normal
17,1.09954,21.2886,0.870117,1,Warning
20,-1.6217,2.13472,0.59732,-1,Normal
0,-1.38887,0,0.490388,-1,Normal
0,0.0475573,32.7616,0.171886,1,Normal
9,-0.818152,30.9016,0.240763,-1,Normal
22,-1.31339,34.8106,0.248016,-1,Normal
6,-3.36869,69.8085,0.998146,-1,Warning
10,-0.940906,2.90534,0.124309,-1,Normal
17,-0.1237,78.9062,0.210891,-1,Normal
15,-0.390366,14.8614,0.683952,-1,Warning
7,1.43902,44.2331,1,1,Normal
17,-0.421812,38.8975,0.198854,-1,Normal
0,-0.0711024,15.5435,0.2665,-1,Normal
14,0.501888,46.8969,0,1,Normal
22,-0.914656,47.5187,0.407379,-1,Warning
20,0.765967,51.0801,0,1,Normal
7,-3.31472,47.6639,0.29844,-1,Warning
11,-1.22438,11.0776,0.709528,-1,Warning
1,-2.84802,42.053,0.444697,-1,Normal
7,-1.99522,33.5299,0.777025,-1,Warning
12,0.120999,0.227748,0.503819,1,Normal
15,-2.64665,55.591,0.471469,-1,Normal
7,2.45446,54.3218,1,1,Warning
20,0.347104,0,0.219143,1,Normal
2,0.314954,43.8463,0.125083,1,Normal
4,1.58709,21.4712,0.481784,1,Normal
23,2.81186,32.6937,1,1,Warning
4,-0.113931,0,0.180784,-1,Normal
0,0.296352,21.0271,0.548473,1,Normal
15,2.30695,41.7408,0.932911,1,Warning
6,-2.09414,32.8645,0.746822,-1,Warning
3,1.69677,84.4699,1,1,Warning
15,-0.909584,50.5275,0.0152085,-1,Normal
9,2.44725,47.3184,1,1,Warning
7,-0.206305,52.7811,0,-1,Warning
14,3.45578,62.6844,0.562751,1,Normal
20,-0.709573,40.0327,0.245297,-1,Normal
2,-0.623081,31.8007,0.0395253,-1,Normal
10,-2.40909,47.3835,0.781917,-1,Warning
14,0.154472,19.2862,0.551615,1,Normal
22,2.58395,29.0357,0.934707,1,Warning
4,-3.06405,36.0364,1,-1,Warning
12,0.584146,0,0.476561,1,Normal
22,1.39502,66.1097,0.497367,1,Normal
9,-0.722785,27.2139,0.463314,-1,Normal
3,-2.18535,54.7449,0.951166,-1,Warning
4,2.54204,50.5546,0.874593,1,Warning
9,-0.502132,29.0595,0.298715,-1,Normal
19,1.91762,47.056,1,1,Warning
3,-0.00471143,53.8242,0.386543,-1,Normal
21,-0.150454,28.4592,0.449364,-1,Normal
12,1.59868,17.0605,0.701564,1,Normal
20,3.43363,37.8196,0.86382,1,Normal
13,-1.58357,26.1083,0.415289,-1,Normal
23,-1.05776,48.3558,1,-1,Warning
11,0.881716,67.2704,0.407802,1,Normal
13,2.66987,32.0707,0.36857,1,Normal
23,-0.864721,61.1993,0.324178,-1,Normal
6,-1.95271,37.5866,0.685555,-1,Warning
7,0.633423,32.3534,0.0147091,1,Warning
5,2.98425,31.3397,0.544043,1,Normal
5,2.66189,27.7072,1,1,Warning
8,2.40701,72.5459,0.81222,1,Normal
5,-0.755027,38.7278,0,-1,Normal
5,-1.21995,18.4833,0.694436,-1,Warning
12,0.468374,52.5384,0.291215,1,Normal
9,0.337228,17.7873,0.70179,1,Normal
0,2.73198,36.2179,0.785135,1,Normal
14,0.489271,57.8648,0.130521,1,Normal
15,1.0555,31.2147,0.920233,1,Normal
10,0.552278,56.7119,0.103482,1,Normal
0,1.91351,32.3236,0.827864,1,Normal
6,1.41215,29.3718,1,1,Normal
19,0.9209,24.4138,0.22303,1,Normal
20,0.52935,71.1254,0.264105,1,Normal
20,-2.37114,62.6803,1,-1,Warning
17,3.34614,84.6677,0.811743,1,Normal
2,2.29828,0,0.464815,1,Normal
20,-0.453518,39.3222,0.462061,-1,Normal
12,-0.616178,81.1311,0,-1,Normal
1,-1.70737,57.4522,0.448373,-1,Normal
13,-1.34442,29.3159,0.52404,-1,Normal
9,-0.842167,21.7357,0.355648,-1,Normal
2,0.6438,44.8583,0.501823,1,Normal
4,-2.74909,47.0155,0.76787,-1,Warning
11,-0.0299679,0,0.0816006,-1,Normal
12,-0.0314856,40.6228,0.128507,-1,Normal
21,0.176732,18.4081,0.390771,1,Normal
15,2.8766,47.9405,1,1,Warning
20,0.44033,52.9944,0.294325,1,Normal
20,1.34166,27.0111,1,1,Normal
15,-0.339229,56.7654,0.250319,-1,Normal
3,-0.465048,42.4828,0.0858734,-1,Normal
11,-3.20201,29.872,0.377365,-1,Normal
14,-1.25677,51.7299,0.632493,-1,Warning
20,-2.01677,28.8482,0.75021,-1,Warning
22,-2.68758,14.3166,0.464544,-1,Warning
15,1.81461,5.81291,0.911643,1,Warning
11,-0.479721,64.8559,0.210014,-1,Normal
23,-1.29418,7.27823,0.494335,-1,Normal
7,-0.230838,29.5767,0.138798,-1,Normal
20,0.887304,45.3753,0.4848,1,Normal
22,-3.098,33.596,1,-1,Warning
15,0.488405,25.8564,0.114072,1,Normal
15,-0.00479647,3.62288,0.0379035,-1,Normal
5,0.322767,42.6477,0.291777,1,Normal
15,0.885723,40.5207,0.254088,1,Normal
1,-0.478262,13.3731,0,-1,Normal
15,0.1966,46.3946,0.519256,1,Normal
4,1.71361,34.4578,0.902397,1,Warning
3,0.667953,70.4176,0.426819,1,Normal
2,0.920116,30.5938,0.524687,1,Normal
13,0.216896,9.70174,0.0354401,1,Normal
10,2.57313,56.0165,0.584927,1,Normal
12,1.65237,30.7752,0.4475,1,Normal
0,-0.748616,36.7769,0.654019,-1,Warning
12,0.42121,24.9782,0.0381988,1,Normal
10,0.206473,50.499,0.342583,1,Normal
11,-3.29863,22.765,0.428351,-1,Normal
12,-2.93291,15.3339,0.842606,-1,Normal
21,-0.084488,24.7203,0.0405967,-1,Normal
11,0.592847,67.4494,0,1,Normal
16,0.567793,51.9728,0.300205,1,Normal
14,0.440304,48.4922,0.442732,1,Normal
10,-3.12753,40.1332,0.834706,-1,Warning
16,-0.330498,42.7232,0,-1,Normal
6,0.954583,49.4726,0.677309,1,Normal
2,-0.581208,24.6404,0.4145,-1,Normal
23,1.0654,1.20786,0.494372,1,Normal
16,2.63354,69.3755,0.903663,1,Warning
12,-2.2951,48.2089,1,-1,Warning
19,-2.46482,32.2393,0.837822,-1,Warning
4,0.919068,23.3764,0.497259,1,Normal
3,-0.0281846,20.0416,0.00947942,-1,Normal
2,0.106349,56.4091,0.364496,1,Normal
7,-2.06001,29.5232,0.897505,-1,Warning
23,-0.35341,66.1269,0.356969,-1,Normal
11,0.65204,7.71059,0.253201,1,Normal
16,-1.68946,56.8759,0.768206,-1,Warning
4,0.196886,55.5454,0,1,Normal
4,-0.606523,65.9466,0.16744,-1,Normal
1,0.618435,59.0254,0.707505,1,Normal
1,-2.12962,0,1,-1,Warning
1,0.210524,37.1431,0.259681,1,Normal
19,0.391539,47.7809,0.44482,1,Normal
18,0.985253,13.8317,0.228991,1,Normal
11,-0.411647,16.392,0,-1,Normal
18,-2.44653,52.3312,1,-1,Warning
5,-0.667071,46.37,0.16827,-1,Normal
0,3,7.01817,1,1,Warning
21,-0.201971,0,0.418607,-1,Normal
13,-0.91411,1.30598,0.218248,-1,Normal
11,-0.357546,0,0.0824848,-1,Normal
5,3,28.7577,0.93761,1,Warning
2,0.100564,38.4646,0.281152,1,Normal
9,-4.39134,39.1172,0.78825,-1,Warning
17,-3.25378,15.3634,0.759211,-1,Warning
9,-0.0767114,33.1671,0.266315,-1,Normal
7,0.722039,29.2293,0.361735,1,Normal
2,1.23241,35.1162,0.575356,1,Normal
7,0.367924,36.4216,0.526953,1,Normal
8,3,48.8139,0.497466,1,Normal
5,0.121648,49.485,0,1,Normal
2,-1.11418,69.9235,1,-1,Normal
19,-4.79383,35.8842,0.982365,-1,Warning
12,0.725829,28.9757,0.307112,1,Normal
2,-2.93632,26.165,0.683032,-1,Warning
20,0.546267,44.9679,0.437366,1,Normal
17,-1.48742,8.7753,0.67184,-1,Warning
15,0.150631,38.364,0.0488947,1,Normal
0,-0.890957,51.433,0.446116,-1,Normal
4,-2.30204,52.7724,0.802007,-1,Warning
1,-0.492451,26.1062,0.0293716,-1,Normal
15,0.31105,34.543,0.332472,1,Normal
1,-0.621688,0,0.0319509,-1,Normal
2,-0.0961859,51.6013,0,-1,Normal
2,-4.30617,66.1433,0.53112,-1,Normal
17,2.82849,52.986,0.906961,1,Warning
22,2.61059,42.1108,0.946412,1,Warning
11,0.740062,26.5562,0.29672,1,Normal
4,-3.3271,40.4735,0.84623,-1,Warning
11,-1.29701,22.8058,0.73166,-1,Warning
3,-0.969095,49.6479,0.463555,-1,Normal
5,-2.01811,31.9205,0.940046,-1,Warning
19,0.0473177,33.4581,0.139908,1,Normal
16,-0.933957,30.352,0.492874,-1,Normal
12,1.4085,11.9018,0.455477,1,Normal
1,0.858773,6.43642,0.348622,1,Normal
21,-0.317901,97.34,0.0646916,-1,Normal
19,0.889047,56.8231,0.306152,1,Normal
21,1.60899,56.1904,0.902788,1,Warning
21,-0.9461,41.9333,0.352989,-1,Normal
21,-1.36292,53.2174,1,-1,Normal
23,-3.20353,41.4904,0.776779,-1,Warning
3,-0.359863,64.6399,0,-1,Normal
15,-2.16446,11.7372,0.643757,-1,Warning
23,-2.49285,39.3846,0.642411,-1,Warning
23,0.345235,22.3972,0.406666,1,Normal
17,1.45333,33.2237,0.776185,1,Normal
22,-0.0333158,32.7688,0.160316,-1,Normal
17,0.543476,87.3129,0.364667,1,Normal
3,-1.22812,21.9186,0.702239,-1,Warning
11,-0.418281,77.0034,0.328871,-1,Normal
9,-0.00691272,42.839,0.251646,-1,Normal
13,2.46097,60.9248,0.855706,1,Normal
21,-0.0141585,62.5447,0.631751,-1,Normal
5,0.299904,69.2001,0.416893,1,Normal
5,0.175213,45.4817,0.00292866,1,Normal
1,0.137645,72.4283,0.160627,1,Normal
19,-1.67684,39.5018,0.709996,-1,Warning
22,-0.12941,21.6223,0.356246,-1,Normal
19,0.0126818,19.862,0.674695,1,Normal
1,0.666554,60.401,0.449517,1,Normal
4,-2.7505,12.6773,0.749095,-1,Warning
16,0.21994,50.9706,0.468495,1,Normal
13,0.735834,28.7643,0.207128,1,Normal
18,1.5261,32.6359,0.334278,1,Normal
7,-0.337199,3.43678,0.811087,-1,Warning
2,-0.371025,14.6209,0.216782,-1,Normal
23,-0.569607,38.7219,0.427124,-1,Normal
12,-2.73202,43.1656,0.993169,-1,Normal
8,0.11055,34.5723,0.474323,1,Normal
13,0.16977,43.0915,0,1,Normal
7,0.589413,23.668,0.290397,1,Normal
2,0.766373,34.2518,0.225469,1,Normal
2,0.223319,16.0226,0.328301,1,Normal
10,1.08081,0,0.491871,1,Normal
21,-2.70104,80.9938,0.81407,-1,Warning
1,1.21232,25.3034,0.445187,1,Normal
17,0.0777095,37.3163,0.430605,1,Normal
8,-0.891442,50.8385,0.0501932,-1,Warning
1,-1.18717,45.8543,1,-1,Warning
17,-0.284477,32.5231,0,-1,Normal
23,0.199947,29.8732,0.216865,1,Normal
7,-3.72192,53.9312,0.891939,-1,Warning
10,0.0998982,6.45196,0.484235,1,Normal
18,-0.51701,18.4596,0.15918,-1,Normal
0,-2.90733,7.53822,1,-1,Warning
1,-3.25375,12.9703,0.710614,-1,Warning
17,1.74571,36.7389,0.519308,1,Normal
5,-0.880815,55.7704,0.331134,-1,Normal
8,2.44943,34.3764,1,1,Warning
9,-0.182313,40.6128,0.102366,-1,Warning
20,-3.04636,36.6693,1,-1,Warning
0,-3.13774,40.5939,0.701493,-1,Warning
5,1.46592,22.5426,0.646481,1,Normal
12,-1.66502,44.2778,0.779368,-1,Warning
7,-0.49016,51.5407,0.159856,-1,Normal
9,-2.81295,6.69248,0.904488,-1,Warning
9,-0.655469,40.6922,0.374976,-1,Normal
6,2.76522,39.6679,1,1,Warning
7,2.48275,17.3506,0.580312,1,Normal
1,0.0237304,47.4414,0.0994703,1,Normal
14,-0.536829,14.9225,0.544006,-1,Normal
18,3.51212,12.6545,0.677681,1,Normal
5,-0.251571,30.946,0.271696,-1,Normal
1,-2.64421,12.2813,0.33549,-1,Normal
5,2.60045,45.9592,0.596491,1,Normal
0,1.56876,36.1388,0.655799,1,Normal
9,0.494788,40.2935,0.413181,1,Normal
9,-0.721696,45.8182,0,-1,Warning
7,3,52.0109,0.839589,1,Normal
3,0.0177232,26.1362,0.0451772,1,Normal
12,0.0832027,41.3258,0.183687,1,Normal
3,0.0629285,12.7546,0.432121,1,Normal
7,-0.164578,78.9378,0.655961,-1,Normal
1,0.107844,0.237966,0.202341,1,Normal
8,-0.0747528,17.251,0.105224,-1,Normal
21,-1.89291,22.1291,0.905785,-1,Warning
21,0.599669,49.123,0.270397,1,Normal
3,-0.2676,41.4594,0.349341,-1,Normal
19,-1.26159,21.3478,0.301728,-1,Normal
18,2.51811,23.6763,0.367025,1,Normal
15,0.89828,56.9626,0.231065,1,Normal
12,2.69653,22.906,0.666907,1,Normal
8,2.67041,36.2673,0.66785,1,Normal
21,0.506804,52.6685,0.637905,1,Normal
10,-2.50087,85.3558,0.690889,-1,Warning
17,0.170243,55.2759,0.639726,1,Normal
23,-0.744601,53.6703,0.126853,-1,Normal
23,-1.79876,36.3951,0.966795,-1,Warning
14,-2.01652,51.1581,0.484118,-1,Normal
21,0.549563,52.737,0.285125,1,Normal
5,-1.01141,35.048,0.652741,-1,Normal
4,2.32178,34.4913,0.649726,1,Normal
18,-0.14249,71.1982,0.329694,-1,Normal
22,-0.695865,45.0312,0.500892,-1,Normal
16,-0.173273,30.3089,0,-1,Normal
8,-1.09838,28.603,0.723624,-1,Warning
7,-3.28958,62.7651,0.661676,-1,Warning
5,0.0250604,34.1779,0,1,Normal
12,-0.334111,39.3894,0.0985821,-1,Warning
19,-2.1506,32.9617,0.661417,-1,Warning
8,0.00390936,51.3504,0.336311,1,Normal
1,1.45163,28.852,0.802074,1,Normal
4,-0.296361,54.2021,0.946481,-1,Normal
7,1.9951,49.871,0.631454,1,Normal
20,0.128922,51.1664,0.48304,1,Normal
16,-1.10653,48.8679,0.642262,-1,Normal
11,3,31.8603,0.897127,1,Normal
13,0.110908,16.6126,0,1,Normal
14,0.188043,63.1055,0.317409,1,Normal
17,-0.812104,42.0327,0.210991,-1,Normal
23,1.97985,28.957,0.210757,1,Normal
20,-0.521313,47.1479,0,-1,Normal
13,1.10136,0,0.783168,1,Normal
2,0.814499,67.5492,0.346795,1,Normal
9,-0.635159,60.3202,0.292392,-1,Normal
12,-0.834392,14.4303,0,-1,Normal
18,1.54993,17.0344,0.763206,1,Normal
3,0.66678,0,0.122467,1,Normal
3,2.62839,47.2108,0.558774,1,Normal
18,3.64123,64.8177,0.665282,1,Normal
10,-0.633304,26.1378,0.420845,-1,Normal
10,2.04276,34.3909,0.934135,1,Warning
11,2.44191,49.2865,0.450366,1,Normal
3,-4.10215,12.7548,0.856184,-1,Warning
17,0.0446945,0,0,1,Normal
15,-1.26664,67.0017,1,-1,Warning
8,-0.130264,40.4699,0.105364,-1,Normal
20,2.72378,22.8903,0.801952,1,Normal
20,-1.12098,22.1566,0.472917,-1,Normal
20,-0.220759,40.9755,0.311296,-1,Normal
10,1.17193,70.1624,0.414019,1,Normal
13,-3.03625,27.0357,1,-1,Warning
0,0.886887,19.7596,0.11453,1,Normal
9,-0.841206,14.0648,0.427055,-1,Normal
20,-2.15605,54.1102,1,-1,Warning
16,3.19968,53.6748,0.817016,1,Normal
15,-3.08954,5.12649,1,-1,Warning
22,2.64272,46.286,0.631116,1,Normal
16,0.369907,39.9968,0.174689,1,Normal
18,0.859998,81.0587,0.114161,1,Normal
19,3.10276,30.437,0.866363,1,Normal
12,0.502449,69.2604,0.265972,1,Normal
22,-3.08887,24.6254,1,-1,Warning
12,0.121059,65.6548,0.401834,1,Normal
10,-0.66972,16.5684,0.506376,-1,Normal
8,0.252703,75.9784,0.107868,1,Normal
19,-0.553294,30.6889,0,-1,Normal
5,2.09206,30.2895,0.485534,1,Normal
5,-2.07789,71.0394,0.976445,-1,Normal
20,-0.497527,10.3747,0.121453,-1,Normal
13,-0.0784791,16.1279,0,-1,Normal
12,0.386338,48.4098,0.401642,1,Normal
11,-0.518376,53.2642,0.393201,-1,Normal
3,0.304548,29.8644,0.243553,1,Normal
9,-0.0353115,55.7734,0.561875,-1,Normal
3,1.44611,18.133,0.670711,1,Normal
7,1.8791,24.1236,0.821385,1,Normal
20,-0.59135,24.7231,0.493688,-1,Normal
0,3,19.6891,0.625677,1,Normal
22,-0.676365,20.2062,0.142073,-1,Normal
8,-3.26899,19.5162,1,-1,Warning
1,-2.97118,20.4725,0.853934,-1,Warning
2,-2.649,59.1479,0.643897,-1,Warning
23,-0.437234,43.2696,0.160013,-1,Normal
5,-0.223947,42.6863,0.324592,-1,Normal
9,1.41656,52.3472,0.347539,1,Normal
22,-0.389226,85.9568,0,-1,Normal
14,-0.742933,15.5728,0.0685354,-1,Normal
15,-1.15016,21.5638,0.628681,-1,Warning
11,-2.52461,24.5422,1,-1,Warning
11,-3.06335,0,0.897373,-1,Warning
11,0.877515,41.5173,0.313154,1,Normal
15,-0.734632,39.9361,0.216011,-1,Normal
14,-0.360365,16.5604,0.383969,-1,Normal
1,1.56537,32.9522,1,1,Warning
16,-0.0715314,0,0.169172,-1,Normal
23,0.889122,57.0741,0.0171301,1,Normal
1,-0.347899,15.5399,0.238671,-1,Normal
3,-0.510997,34.3828,0.558959,-1,Normal
12,-1.98731,58.5976,0.783098,-1,Warning
4,1.16475,52.4826,1,1,Normal
18,-1.65322,72.5217,0.724456,-1,Warning
20,1.33713,19.4897,0.67286,1,Normal
4,0.276077,26.9912,0.371523,1,Warning
7,0.624812,34.0773,0.386742,1,Normal
0,0.270854,27.5144,0.0939335,1,Normal
4,-3.57698,17.1496,0.794956,-1,Warning
14,-0.0354766,49.615,0.031252,-1,Normal
8,2.12722,12.6091,0.862058,1,Normal
21,2.57832,49.4523,0.398734,1,Normal
19,-3.01685,8.78265,1,-1,Warning
3,-0.367759,21.6658,0.150527,-1,Normal
7,-0.270658,76.5466,0.0909582,-1,Normal
19,0.333391,42.7994,0.238145,1,Normal
10,-2.41217,33.7533,0.420259,-1,Normal
5,0.512401,45.1606,0.140348,1,Normal
1,-1.8444,81.7175,0.449045,-1,Normal
18,0.0680087,53.2874,0.114215,1,Normal
9,-2.71373,40.9033,0.873846,-1,Warning
19,-1.23891,28.2738,0.923986,-1,Warning
19,2.92941,36.3339,0.92014,1,Warning
12,-0.867133,48.2922,0.422276,-1,Warning
0,1.31242,12.7544,1,1,Normal
2,0.404341,13.4722,0.00221258,1,Normal
3,1.13532,20.9401,0.669421,1,Normal
21,1.68435,37.6613,1,1,Warning
22,-3.82632,15.0166,1,-1,Warning
2,1.28366,31.0623,1,1,Normal
2,-0.215591,28.201,0.493075,-1,Normal
15,1.51721,24.2572,0.920851,1,Warning
1,-3.74273,72.3225,0.615543,-1,Warning
7,-0.575995,8.69931,0.497758,-1,Normal
3,2.14772,0,0.610713,1,Normal
1,-0.615778,44.7671,0.277903,-1,Normal
6,-0.703884,22.7182,0.527412,-1,Normal
19,2.1773,20.6524,0.743626,1,Normal
14,-0.582266,48.1843,0.280541,-1,Normal
20,0.726983,36.8063,0.441789,1,Normal
20,2.33462,51.5429,0.731287,1,Normal
22,1.04084,12.2699,0.747993,1,Normal
16,-1.36811,12.4727,0.716129,-1,Warning
17,-3.17514,69.5917,0.437062,-1,Normal
2,3,48.1954,0.574455,1,Normal
10,0.775397,13.2583,0.789207,1,Normal
2,-0.532203,0,0.52022,-1,Normal
4,-1.73142,69.3384,1,-1,Normal
18,-0.549436,46.1611,0.218951,-1,Normal
12,-2.78675,16.8343,0.714703,-1,Normal
22,0.126966,71.0908,0.192407,1,Normal
17,0.918643,57.6339,0.22305,1,Normal
8,-0.486136,27.7168,0.221951,-1,Normal
10,-0.72653,60.6415,0,-1,Normal
9,0.30339,63.1037,0.0806114,1,Normal
18,0.591662,43.8821,0.124911,1,Normal
10,0.169411,34.0226,0.473843,1,Warning
17,0.695576,27.7083,0,1,Normal
18,-0.755107,7.88011,0.157412,-1,Normal
15,0.285431,40.403,0.705634,1,Normal
8,0.691746,65.2758,0.261402,1,Normal
9,-2.59283,45.4998,0.67441,-1,Warning
23,-0.357083,24.2929,0.443358,-1,Normal
3,-0.17821,22.1154,0.662691,-1,Normal
3,-2.1456,62.0218,1,-1,Warning
7,0.242751,71.0574,0.349354,1,Normal
7,-0.141885,77.131,0.778934,-1,Normal
22,3.15068,26.354,0.720975,1,Normal
17,-0.567711,81.3393,0.237326,-1,Normal
19,-2.71802,0,0.886072,-1,Warning
20,-1.8288,17.2653,0.866807,-1,Warning
15,-2.1275,0,1,-1,Warning
4,0.240159,51.6182,0.273497,1,Normal
23,-2.37687,0,1,-1,Warning
15,0.496474,40.6482,0,1,Normal
15,2.46126,22.8048,0.748241,1,Normal
9,0.394615,79.6307,0.0704132,1,Normal
16,1.02308,5.75096,1,1,Normal
6,0.421161,35.3917,0.0517191,1,Normal
15,-0.15633,47.5015,0.354539,-1,Normal
8,1.0267,27.7627,0.721123,1,Normal
22,-0.336709,20.3487,0.0017521,-1,Normal
23,-3.98886,22.4618,0.61388,-1,Warning
18,2.38245,56.5118,1,1,Warning
4,1.44058,29.6435,0.421418,1,Normal
4,0.613285,15.2882,0.208069,1,Normal
21,-2.33667,40.1779,0.934573,-1,Warning
16,-0.829173,71.541,0.454497,-1,Normal
9,-0.550329,48.1831,0.378775,-1,Normal
12,0.828827,55.364,0.121489,1,Normal
12,-0.0185468,73.1475,0.263223,-1,Normal
15,-3.82037,36.6248,0.882502,-1,Warning
5,0.685444,31.0599,0.258547,1,Normal
2,-0.410559,21.4953,0.529936,-1,Normal
11,-0.282924,41.6154,0.611756,-1,Normal
22,-0.649793,50.2061,0.568742,-1,Normal
11,0.258932,40.1544,0,1,Normal
1,0.850884,60.862,0.334217,1,Normal
11,-0.0957121,12.3275,0.352837,-1,Normal
8,0.347343,34.819,0.217209,1,Normal
17,-0.477068,49.0599,0,-1,Normal
17,0.171538,56.1129,0.145585,1,Normal
16,-1.89606,24.922,0.846691,-1,Warning
19,0.113225,0,0.0837713,1,Normal
16,-0.115636,33.7849,0,-1,Normal
2,1.93886,0,0.798093,1,Normal
10,0.685399,59.7735,0.0887846,1,Normal
15,-1.38264,43.191,0.567173,-1,Normal
5,0.832813,60.6029,0.556388,1,Normal
15,-4.29163,32.2071,0.436318,-1,Normal
9,-0.102328,54.1954,0.413015,-1,Normal
3,-1.18964,80.3188,1,-1,Warning
19,-0.62326,25.6457,0,-1,Normal
17,1.28306,42.9054,0.755783,1,Normal
16,-0.331446,53.7127,0.159043,-1,Normal
8,1.73537,42.8057,0.920582,1,Warning
13,0.360661,30.5342,0.121165,1,Normal
6,3,26.6005,0.551782,1,Normal
20,0.0322943,32.2896,0.216324,1,Normal
12,-0.0271554,35.8495,0,-1,Normal
14,-0.194809,40.5911,0.112313,-1,Normal
6,0.165631,24.295,0,1,Normal
10,-4.20559,39.0552,0.55838,-1,Normal
14,-1.04456,41.3611,0.524762,-1,Normal
1,-1.82968,20.8517,0.397916,-1,Normal
3,-0.454998,12.8285,0.181032,-1,Normal
10,0.0057996,0,0.455697,1,Normal
4,1.16764,18.3835,0.787439,1,Normal
13,-0.735819,52.6234,0.353146,-1,Normal
21,-0.777713,32.2484,0.201465,-1,Normal
0,-1.59629,49.3657,1,-1,Warning
8,-0.00467617,26.6682,0.167574,-1,Normal
4,0.667406,39.7901,0.283149,1,Normal
6,2.08628,25.0238,0.888434,1,Normal
18,2.37238,66.0516,0.76056,1,Normal
3,-0.0127118,34.3676,0.0820887,-1,Normal
21,0.0400016,10.3091,0.598073,1,Normal
6,-0.918533,48.1859,0.154932,-1,Normal
5,-0.526438,6.63984,0.0190718,-1,Normal
15,-0.724372,53.8593,0,-1,Normal
11,2.34743,38.0432,0.917882,1,Warning
13,2.57719,55.1259,0.50878,1,Normal
8,2.85205,65.6754,0.652853,1,Warning
11,-0.475574,53.0597,0,-1,Warning
17,0.0706607,69.5523,0.339019,1,Normal
15,-0.732519,9.30436,0.2294,-1,Normal
3,-1.68871,33.4185,0.785772,-1,Warning
16,-0.512792,2.66868,0.245638,-1,Normal
4,-1.88183,19.3276,0.557453,-1,Normal
1,0.645587,27.7932,0,1,Normal
18,-1.91897,54.3802,0.302457,-1,Normal
6,-0.724373,18.7388,0.462969,-1,Normal
2,-0.852105,19.9186,0.0584205,-1,Normal
13,1.6047,36.5124,0.606888,1,Normal
12,0.0211031,4.31131,0,1,Normal
20,-0.401952,25.4827,0.461076,-1,Warning
4,0.481472,25.0325,0.124794,1,Normal
19,2.99922,3.32616,0.544055,1,Normal
1,-1.4057,46.6758,1,-1,Warning
8,0.403978,36.3764,0.177766,1,Normal
8,0.673538,70.6045,0.489677,1,Normal
22,0.174964,45.7682,0.280084,1,Normal
21,2.59066,51.7596,1,1,Warning
18,-0.81957,54.8421,0.223127,-1,Normal
12,0.0518705,6.14217,0.108564,1,Normal
20,-0.573985,52.6604,0.542571,-1,Normal
6,0.943152,20.5214,0.422349,1,Normal
14,-0.685933,16.7656,0.293022,-1,Normal
12,-0.613823,18.5714,0,-1,Normal
13,-0.262376,56.4143,0.781087,-1,Normal
18,1.1245,45.6242,0.722272,1,Normal
8,0.0420021,66.9794,0.338937,1,Normal
11,-0.00821876,34.2486,0.52355,-1,Normal
21,0.100103,0,0.693975,1,Normal
9,-1.96786,22.4289,0.514505,-1,Normal
19,0.716739,15.2239,0.359236,1,Normal
10,0.679066,35.4081,0.159406,1,Normal
17,-2.3929,54.4074,0.946818,-1,Warning
0,0.84826,36.9293,0.0736824,1,Normal
14,-2.78737,31.8143,0.458198,-1,Normal
16,-0.738552,0,0.262828,-1,Normal
15,2.7215,34.5189,0.726146,1,Normal
4,-0.0187397,66.0423,0.299585,-1,Normal
14,-0.454435,13.3079,0.0455247,-1,Normal
22,2.63564,24.7612,0.893375,1,Normal
2,-1.67765,10.4922,1,-1,Warning
7,0.18687,43.8835,0.384521,1,Normal
15,-0.358433,18.3491,0.387439,-1,Normal
8,0.75748,59.0245,0.138411,1,Normal
7,0.298704,24.8203,0.408533,1,Normal
17,1.92462,62.0913,0.884309,1,Normal
11,-0.705471,0,0.115284,-1,Normal
8,2.61008,34.8472,0.995155,1,Warning
22,-3.60644,40.3873,0.871905,-1,Warning
3,-0.0770902,24.4327,0,-1,Normal
11,-0.0513087,27.2634,0.0225275,-1,Normal
4,1.66156,48.6506,1,1,Warning
6,-3.37052,0.0822135,0.5753,-1,Normal
20,-3.14161,55.6424,0.725582,-1,Warning
13,0.345301,42.9072,0.516983,1,Normal
16,-1.96627,15.9104,0.698222,-1,Warning
15,1.6998,42.5858,1,1,Warning
16,2.35752,10.2811,0.569917,1,Normal
22,1.24965,31.0635,1,1,Normal
7,-0.347976,17.9937,0,-1,Normal
13,0.890551,58.4004,0,1,Normal
9,2.67751,66.6117,0.511008,1,Normal
5,0.24794,0,0.302197,1,Normal
16,0.751211,66.9118,0.532304,1,Normal
12,-0.566942,53.4373,0.225336,-1,Normal
9,1.03965,14.0325,0.799712,1,Normal
7,1.90543,26.74,0.671461,1,Normal
6,1.297,36.8514,0.916584,1,Normal
4,0.420613,4.40314,0.033682,1,Normal
12,0.1375,0,0.296421,1,Normal
7,0.877876,20.4918,0.091773,1,Normal
11,0.0816233,40.3504,0.259936,1,Normal
22,-0.963549,48.5425,0.10687,-1,Normal
20,-1.70653,10.4803,0.634892,-1,Warning
12,-0.0291092,0,0.134831,-1,Normal
8,-0.817501,39.4657,0.0623005,-1,Normal
8,2.10231,20.8946,1,1,Warning
21,-0.41593,24.0404,0.437662,-1,Normal
11,-2.54865,39.7674,0.565732,-1,Normal
14,-2.08169,56.0089,0.996671,-1,Warning
12,0.415502,22.8105,0,1,Normal
16,0.383979,63.0798,0.256561,1,Normal
4,3,60.8257,0.729497,1,Normal
11,0.58803,18.1632,0.108855,1,Normal
14,-0.0161776,21.4476,0.17385,-1,Normal
20,-0.419394,50.8346,0.79245,-1,Warning
9,-0.90155,36.3678,0.193223,-1,Normal
8,3,58.6054,0.591913,1,Normal
15,2.5821,26.0989,0.538261,1,Normal
16,0.422102,61.1713,0,1,Normal
9,1.41086,57.4407,0.710352,1,Normal
22,-0.777557,20.6222,0.389801,-1,Normal
12,0.741394,38.0167,0,1,Normal
20,3.71993,0.2599,0.692292,1,Normal
10,-0.856368,33.7365,0,-1,Normal
11,0.0552606,81.4466,0.132714,1,Normal
4,1.48219,34.003,0.721602,1,Normal
6,-3.93614,32.0141,0.456499,-1,Normal
12,0.567524,61.9191,0.389163,1,Normal
1,1.40092,49.8227,0.771645,1,Normal
0,-1.02671,57.2372,0.429971,-1,Normal
12,0.962334,35.485,0.49701,1,Normal
7,-0.483287,32.7253,0.559862,-1,Normal
8,0.266737,54.8395,0.51568,1,Normal
20,-0.416174,0,0.139599,-1,Normal
6,-3.37934,17.841,0.363838,-1,Normal
10,0.492419,48.3753,0.429306,1,Normal
10,-0.880052,23.132,0.196253,-1,Normal
23,-0.416824,35.4829,0.028506,-1,Normal
0,-3.25695,12.8974,0.542361,-1,Normal
5,-1.12563,63.997,1,-1,Warning
8,0.0570035,60.7824,0,1,Normal
6,-1.48012,25.2474,0.676136,-1,Warning
19,-1.57882,27.0473,0.639465,-1,Warning
19,1.40745,1.79156,0.975879,1,Normal
1,-2.31972,26.0929,0.572818,-1,Normal
6,0.4134,0,0.172465,1,Normal
19,1.65996,30.2265,0.506657,1,Normal
5,-0.00196613,35.9133,0.252747,-1,Normal
9,-0.481776,53.7616,0.129025,-1,Normal
11,-0.601678,19.7692,0.799905,-1,Warning
1,-0.725787,44.4066,0.287983,-1,Normal
22,-0.360858,19.8574,0.12539,-1,Normal
5,-0.313207,1.04885,0.235657,-1,Normal
17,-0.197008,61.1021,0.350331,-1,Normal
20,-2.6019,47.9375,0.459777,-1,Normal
21,1.46057,14.7769,0.908683,1,Normal
22,-0.183526,45.3739,0,-1,Normal
13,-3.06202,21.733,0.7039,-1,Warning
2,-2.05844,11.1686,0.763709,-1,Warning
16,-0.647803,59.4604,0,-1,Normal
6,-1.60692,36.3053,0.610435,-1,Warning
15,3.86987,26.3969,0.475203,1,Normal
14,1.0298,17.522,1,1,Normal
13,0.370717,31.7996,0.428908,1,Normal
13,0.527853,48.0049,0.699461,1,Normal
12,2.49409,56.3423,0.554897,1,Normal
0,1.28875,37.5043,0.625331,1,Normal
19,-2.75638,27.6804,0.22977,-1,Normal
22,1.07709,57.7388,0.639221,1,Normal
5,-0.773847,23.9823,0.339983,-1,Normal
19,-0.595955,56.7506,0.641301,-1,Warning
7,-3.25239,54.3014,0.81717,-1,Warning
15,-1.7427,51.6627,1,-1,Warning
15,-2.39368,47.9281,0.337677,-1,Normal
17,-2.85323,27.6287,0.915029,-1,Warning
14,3.95279,69.0657,0.877935,1,Normal
18,0.529235,51.9591,0.27999,1,Normal
21,-2.34522,34.6058,0.882589,-1,Normal
14,0.379682,3.48695,0,1,Normal
16,1.69079,50.1217,0.219093,1,Normal
14,3.6935,58.3547,0.466381,1,Normal
12,0.317006,23.8844,0.303812,1,Normal
6,2.54805,34.8209,0.679216,1,Normal
5,-0.654659,55.3354,0.305711,-1,Normal
20,-0.0523253,52.0157,0.309039,-1,Normal
4,0.739425,22.4333,0.136216,1,Normal
14,0.615328,0,0.253543,1,Normal
15,-0.089078,42.8444,0.119127,-1,Normal
4,-3.49626,4.66487,0.705215,-1,Warning
13,0.0586835,18.3412,0.466954,1,Normal
0,0.00524636,34.0283,0,1,Normal
21,-1.32488,22.0904,1,-1,Warning
14,2.0068,20.7248,1,1,Warning
14,-0.850316,23.8214,0.887429,-1,Warning
17,0.167251,31.5366,0.390511,1,Normal
6,0.0748056,17.6283,0.574401,1,Normal
20,-0.870892,34.6687,0.641085,-1,Warning
4,-0.557163,25.7814,0.0979986,-1,Normal
6,2.80378,42.9354,0.728797,1,Normal
8,-3.00843,21.0669,1,-1,Warning
15,2.19913,31.399,0.744077,1,Normal
22,0.190696,68.3118,0.0466024,1,Normal
10,-1.34719,50.35,0.708033,-1,Normal
23,2.31958,34.8406,0.429156,1,Normal
8,0.648389,45.7607,0.386851,1,Normal
13,-4.08809,39.5051,1,-1,Warning
7,0.917214,38.9441,0.135341,1,Normal
10,-3.0912,46.2855,0.944897,-1,Normal
17,-0.387113,29.9282,0,-1,Normal
0,-2.5636,61.0686,0.809452,-1,Warning
17,-0.676377,69.5388,0.0821333,-1,Normal
19,0.954538,62.1044,0.190972,1,Normal
20,2.71455,50.0644,0.728217,1,Normal
6,-0.489001,50.4618,0.222382,-1,Normal
6,2.67421,48.3931,0.631424,1,Normal
2,0.453366,33.943,0.386945,1,Normal
4,0.66817,59.2541,0,1,Normal
22,-2.18099,33.8412,1,-1,Warning
18,1.00283,4.80086,0.523563,1,Normal
20,-0.235153,13.3045,0.349625,-1,Normal
22,-0.846407,15.1672,0.707285,-1,Warning
0,2.66425,41.6673,1,1,Warning
9,-0.0131844,58.9543,0.410998,-1,Normal
13,-0.843613,57.8469,0,-1,Normal
17,-0.901304,27.8832,0.337124,-1,Normal
0,1.19655,33.0652,0.597477,1,Normal
19,-0.586881,44.3119,0.129932,-1,Normal
10,0.0173646,43.6578,0.696929,1,Normal
9,-0.225392,60.7694,0.385359,-1,Normal
11,-0.421201,28.0262,0.0145016,-1,Normal
13,0.346507,0,0.429037,1,Normal
22,-1.53619,34.6804,0.925577,-1,Warning
12,0.283089,72.7765,0.267233,1,Normal
17,1.66673,17.0965,1,1,Warning
16,1.628,19.5672,0.701491,1,Normal
16,-1.03501,19.5,0.591119,-1,Warning
1,-0.00482599,47.1051,0.169995,-1,Normal
6,0.406407,76.4126,0.38956,1,Normal
15,-0.283644,51.9697,0.390889,-1,Normal
0,0.779198,23.1137,0.472513,1,Normal
17,2.79708,45.4546,0.625933,1,Normal
13,-0.635477,0,0.37516,-1,Normal
1,2.78631,49.7674,0.826378,1,Normal
13,0.276906,46.4391,0.16615,1,Warning
18,0.118321,60.1623,0.174891,1,Normal
0,-0.00251171,93.2338,0.314152,-1,Normal
9,0.396123,32.2766,0.244932,1,Normal
9,1.5019,51.077,1,1,Warning
12,-0.195952,46.7986,0.475672,-1,Normal
2,0.22565,14.5147,0.127747,1,Normal
1,-2.11622,23.8151,1,-1,Warning
1,-3.72841,15.1934,0.703127,-1,Warning
17,1.87738,53.2319,0.395594,1,Normal
19,2.23687,42.332,0.873839,1,Normal
23,2.65756,28.4847,0.475942,1,Normal
11,0.733806,48.1117,0.371278,1,Normal
22,1.68847,18.7755,0.503326,1,Normal
8,-2.38795,47.3103,0.925998,-1,Warning
19,0.821497,54.5245,0.146594,1,Warning
9,-0.0838891,21.6124,0.396638,-1,Normal
23,-0.884833,57.4154,0.240792,-1,Normal
5,0.231358,0,0.299839,1,Normal
16,-0.493424,27.5321,0.181457,-1,Normal
16,-1.92831,44.9564,0.106504,-1,Normal
1,0.484552,39.4445,0.411895,1,Normal
21,0.164277,8.80333,0.12458,1,Normal
6,-1.20857,35.3302,0.421768,-1,Normal
2,-0.664404,39.5203,0.177217,-1,Normal
13,-0.614828,27.514,0.140964,-1,Normal
17,0.148073,56.0646,0.373649,1,Normal
7,-2.21623,17.3608,1,-1,Warning
23,0.559938,25.1348,0,1,Normal
15,1.40387,48.2539,0.65521,1,Normal
11,0.496263,17.3701,0.274497,1,Normal
3,-0.480055,45.0909,0.0145833,-1,Normal
8,-0.0906581,37.8095,0.37797,-1,Normal
22,-1.14807,19.8598,0.947897,-1,Warning
1,0.357193,49.3223,0.185291,1,Normal
13,0.248608,1.60883,0.910105,1,Normal
19,-2.49107,58.7558,0.976415,-1,Warning
7,0.565099,45.0009,0.585559,1,Normal
15,-0.0934874,3.85419,0.0490563,-1,Normal
5,-0.223876,49.0357,0.0379491,-1,Warning
13,0.172366,28.2858,0.911842,1,Normal
2,0.973404,29.7043,0.163962,1,Normal
9,0.40913,44.2461,0.0985368,1,Normal
9,-3.83241,59.0809,0.635532,-1,Warning
13,-0.296637,71.7399,0.87342,-1,Normal
4,0.513563,46.4273,0.202431,1,Normal
4,2.38476,38.6566,0.734123,1,Normal
16,2.474,42.9596,1,1,Warning
10,1.46889,57.2172,0.797607,1,Normal
17,1.01494,60.077,0.843771,1,Normal
20,3.39628,39.288,1,1,Warning
6,-0.474836,45.3416,0,-1,Normal
12,2.04983,52.5159,0.834212,1,Normal
14,2.57564,48.4516,0.981554,1,Warning
18,-0.8913,54.558,0,-1,Normal
21,2.96089,28.9231,0.644586,1,Normal
12,-3.39149,57.93,0.661856,-1,Warning
9,-0.0588316,5.41744,0.0942168,-1,Normal
13,2.45335,65.044,1,1,Warning
8,-0.231377,0,0.500079,-1,Normal
15,2.10291,50.191,0.447648,1,Normal
17,-2.24212,57.891,0.668426,-1,Warning
16,-2.4816,0,1,-1,Warning
14,2.69154,1.33749,0.651807,1,Normal
21,-0.972016,22.4428,0.210913,-1,Normal
2,-0.10956,0,0.352892,-1,Normal
3,2.58167,2.29156,0.931256,1,Warning
6,-0.95271,49.9701,0,-1,Warning
12,3.18398,40.9503,0.817274,1,Normal
12,-0.975666,0,0.171422,-1,Normal
7,-0.00293062,74.99,0,-1,Normal
0,2.8456,23.5051,0.284986,1,Normal
6,0.493832,30.8949,0.0993181,1,Normal
8,0.146272,12.5547,0.275065,1,Normal
18,-0.205072,38.7051,0.135193,-1,Normal
17,-0.536379,23.3343,0.202523,-1,Normal
12,-0.179667,37.0918,0.152021,-1,Normal
21,0.0584235,29.0356,0.540299,1,Normal
12,0.905063,79.1779,0.356378,1,Normal
3,-2.33978,38.8772,0.534469,-1,Normal
7,-2.01833,15.3438,0.91656,-1,Warning
17,2.39171,34.3163,0.679928,1,Normal
15,3.42552,30.4823,0.911651,1,Warning
14,-2.83794,4.442,1,-1,Warning
19,0.851523,28.0858,0,1,Normal
18,-0.320492,31.6586,0,-1,Normal
12,-4.2113,21.177,0.716601,-1,Warning
1,-0.68937,25.2656,0.473398,-1,Normal
0,0.0656422,56.6093,0.0211057,1,Normal
16,-0.340434,42.1323,0.420881,-1,Normal
21,-4.53433,37.9612,0.877572,-1,Warning
3,1.77203,46.6027,0.777857,1,Normal
4,3,37.4512,0.554307,1,Normal
5,1.58945,42.609,0.681313,1,Normal
12,-1.44728,73.155,0.622953,-1,Warning
23,0.402387,38.731,0.146301,1,Normal
3,-0.138291,56.5829,0.795186,-1,Normal
17,-2.43825,30.2531,0.793525,-1,Warning
11,2.32259,6.91239,0.464956,1,Normal
2,0.359978,37.5128,0.718132,1,Normal
1,-2.95384,35.1236,0.337103,-1,Normal
19,-3.35074,48.4462,0.808063,-1,Warning
15,0.378678,18.083,0.136377,1,Normal
13,-0.285286,36.6915,0.469297,-1,Normal
3,-0.442978,44.3175,0,-1,Normal
16,-3.69913,0.211932,0.480621,-1,Normal
0,-0.411789,46.2307,0.0903019,-1,Normal
18,-0.471748,43.5867,0.424447,-1,Normal
12,0.174408,44.0248,0.0111974,1,Normal
7,-1.0745,8.79678,0.605546,-1,Warning
15,0.206438,17.735,0.155329,1,Normal
23,2.82976,37.9273,0.926852,1,Warning
14,0.380626,4.8785,0.294403,1,Normal
21,2.99392,27.1567,0.666739,1,Normal
9,2.84753,27.0278,0.581223,1,Normal
14,-4.00524,34.3685,0.540429,-1,Normal
4,0.676738,31.809,0.0829223,1,Normal
13,-0.270694,70.1344,0.168655,-1,Normal
6,-0.078035,70.8942,0,-1,Normal
21,-0.747761,29.6832,0.388124,-1,Normal
5,-0.805601,24.2243,0.706712,-1,Warning
5,0.629788,46.2674,0.126219,1,Normal
4,-0.332908,33.1815,0.417876,-1,Normal
8,-0.574944,22.104,0.377384,-1,Normal
16,2.59229,23.955,0.936429,1,Warning
15,-0.088921,4.74449,0,-1,Normal
2,-3.38672,10.5177,0.208706,-1,Normal
7,-0.290522,20.2736,0.0598027,-1,Normal
23,-0.233518,29.7023,0.257916,-1,Normal
1,1.08597,66.0694,0.768213,1,Normal
10,-0.438069,48.2345,0.0653043,-1,Normal
13,-1.42369,78.2574,0.859745,-1,Warning
8,-0.96578,37.4764,0.647905,-1,Warning
13,-0.328706,11.895,0.540003,-1,Normal
13,3.9705,64.352,0.745408,1,Normal
0,2.46839,25.3762,0.641764,1,Normal
16,2.82518,22.2227,0.917059,1,Warning
12,-3.85494,22.9253,0.912092,-1,Warning
7,-1.1874,0,0.913112,-1,Warning
19,-0.582088,8.22459,0.0968957,-1,Normal
11,-0.311839,29.8157,0.167442,-1,Normal
7,-2.05643,37.3622,0.727019,-1,Warning
23,3.32857,24.6591,0.906106,1,Warning
5,3,2.00037,0.657702,1,Normal
19,-2.86866,49.6548,0.668251,-1,Warning
4,0.941599,33.5102,0.362913,1,Normal
16,2.13323,45.7367,0.569937,1,Normal
19,0.394482,39.4917,0.355357,1,Normal
6,-0.169827,26.4771,0.0748816,-1,Normal
18,0.305746,0,0.118368,1,Warning
0,-1.65366,37.1359,1,-1,Warning
16,-3.38658,54.1182,0.826861,-1,Warning
5,-0.168966,62.7576,0.353619,-1,Normal
16,0.727795,44.2632,0.0903991,1,Normal
14,0.228292,69.9042,0.00730598,1,Normal
3,0.87894,59.1535,0.199946,1,Normal
0,0.152403,23.4414,0.0517718,1,Normal
20,-1.049,63.4046,0.887151,-1,Warning
0,0.77193,25.3418,0.348085,1,Normal
19,-1.05663,41.7445,1,-1,Warning
15,-2.15361,32.4316,0.349291,-1,Normal
18,0.948547,17.6013,0.132236,1,Normal
1,3,50.5644,0.690413,1,Normal
2,-2.66789,25.5828,0.69976,-1,Warning
21,-1.27705,30.011,0.671906,-1,Warning
9,2.5744,31.0957,1,1,Warning
16,-0.291621,0,0.461596,-1,Normal
12,1.42543,52.8677,0.708079,1,Normal
7,-2.71936,35.149,0.589937,-1,Normal
2,0.046479,53.9929,0.622667,1,Normal
0,0.414079,19.4738,0.228158,1,Normal
18,3.81489,7.44674,0.908186,1,Warning
22,-2.7619,43.7654,0.409344,-1,Normal
22,-1.19388,63.4007,0.664634,-1,Warning
22,3.31114,48.1333,0.113792,1,Normal
10,-0.381469,27.757,0.0368996,-1,Normal
11,0.168302,31.9032,0.219645,1,Normal
22,0.512679,13.1874,0.156956,1,Normal
8,-2.80406,17.2598,0.41358,-1,Normal
15,0.508753,18.295,0,1,Normal
17,2.74026,11.6983,0.834565,1,Normal
0,-3.2541,11.1439,0.913819,-1,Warning
4,2.27646,28.7447,0.73282,1,Normal
17,-0.05959,47.0534,0.648314,-1,Normal
9,-0.717901,21.7786,0.546502,-1,Warning
22,4.36402,48.6273,0.288984,1,Normal
21,-3.74832,20.4498,0.722259,-1,Warning
18,-0.886523,0,0.309493,-1,Normal
10,0.131768,67.9977,0.214255,1,Normal
15,0.565311,16.9019,0.366161,1,Normal
12,-2.20239,23.0316,1,-1,Warning
16,2.73023,28.8026,0.789416,1,Warning
17,-1.49912,55.8431,0.655855,-1,Warning
19,-0.230372,27.4673,0.604897,-1,Normal
8,-2.59341,11.6135,0.719425,-1,Warning
0,0.984624,12.0602,0.341583,1,Normal
12,0.130038,40.4999,0.324822,1,Normal
22,-2.6813,72.0463,0.792756,-1,Warning
14,2.52452,68.7594,0.610981,1,Normal
7,0.60341,32.9396,0.430739,1,Normal
2,0.119124,49.8015,0,1,Warning
20,0.161201,8.34357,0.326411,1,Normal
7,-0.673747,65.8971,0.276858,-1,Normal
20,-2.99158,24.0323,0.655531,-1,Warning
0,0.731513,42.4287,0,1,Warning
20,2.66338,15.9845,0.700101,1,Normal
12,-1.65678,51.0332,0.948511,-1,Warning
9,-0.571634,29.1205,0,-1,Normal
19,2.75208,41.6506,0.494815,1,Normal
1,2.59133,30.6246,0.542542,1,Normal
7,0.746884,46.4669,0.0421075,1,Normal
5,-0.120157,43.1413,0.0796924,-1,Normal
15,0.442325,53.5925,0.245355,1,Normal
3,1.20667,50.5856,0.873866,1,Normal
10,-0.467285,33.8891,0.00869007,-1,Normal
8,0.365858,44.5249,0.827361,1,Warning
9,-0.86559,29.7173,0.278813,-1,Normal
22,2.99555,47.135,1,1,Warning
3,0.217215,52.9467,0,1,Normal
15,-2.30586,17.3798,1,-1,Warning
11,-0.684519,60.6225,0.148209,-1,Normal
13,1.18833,43.0878,0.941256,1,Normal
5,-2.09135,24.8428,1,-1,Warning
20,-0.50146,0,0.019403,-1,Normal
20,1.39584,51.8138,0.795699,1,Normal
0,-2.15519,14.3865,0.195482,-1,Normal
7,3,10.7151,0.950781,1,Warning
20,2.0575,52.4989,0.588333,1,Normal
13,3.04073,38.8917,0.606198,1,Normal
20,0.188812,58.081,0,1,Normal
13,-0.104283,0.602334,0.139899,-1,Normal
3,2.2896,13.119,1,1,Warning
7,-0.911116,49.3347,0.0536258,-1,Normal
5,3,86.9419,1,1,Normal
17,0.270235,81.7995,0.349993,1,Warning
16,0.787781,51.8105,0.278552,1,Normal
21,2.0314,43.0097,0.704771,1,Normal
18,1.16072,0.944139,0.316629,1,Normal
20,-0.716358,26.9192,0.449311,-1,Normal
3,2.04409,74.4795,1,1,Warning
1,-0.295053,20.1948,0.358493,-1,Normal
1,3,30.9258,0.641382,1,Normal
3,-0.423512,36.1077,0.276088,-1,Normal
0,-0.0620772,53.3103,0.0461937,-1,Normal
6,-1.19824,34.3494,0.762964,-1,Warning
19,-0.591365,20.5964,0.565987,-1,Normal
19,1.87144,53.9274,1,1,Warning
11,-0.425158,19.3311,0.115656,-1,Normal
1,-0.718656,10.3745,0.802396,-1,Warning
6,-1.27533,0,0.526112,-1,Normal
12,-0.435988,25.1188,0.204251,-1,Normal
7,-0.759974,51.691,0.796759,-1,Warning
4,2.21796,19.6962,0.751834,1,Normal
3,-2.52216,2.1525,0.56572,-1,Normal
13,1.26732,58.7664,1,1,Normal
5,0.700221,20.544,0.141336,1,Normal
8,1.43989,26.6751,0.76186,1,Normal
1,0.56522,50.8034,0.771574,1,Normal
14,0.041375,0,0.459968,1,Normal
7,-0.510032,8.0376,0.153395,-1,Normal
2,0.75136,34.3013,0.0743226,1,Normal
21,-0.122616,41.866,0.415957,-1,Normal
9,-0.226203,6.76401,0.0252375,-1,Normal
0,2.12425,27.595,0.596034,1,Normal
11,3,56.239,0.990615,1,Warning
23,-0.601884,7.94436,0.0292703,-1,Normal
9,-0.696169,42.411,0.147589,-1,Normal
12,-1.08026,16.7023,0.309067,-1,Normal
0,1.21089,27.2728,1,1,Normal
23,2.80238,52.9587,0.77424,1,Normal
6,-2.44036,19.3331,0.467814,-1,Normal
19,0.251278,22.8645,0.476552,1,Normal
16,-1.05834,62.2332,0.987594,-1,Warning
14,-2.44354,36.8528,0.968289,-1,Warning
13,-2.94845,65.8252,1,-1,Warning
0,-0.328198,33.3867,0.282779,-1,Normal
14,2.81192,33.9655,0.511973,1,Normal
9,0.721244,65.4984,0,1,Normal
23,2.69571,24.0499,0.722576,1,Normal
17,-2.77734,56.7619,0.760888,-1,Warning
16,-1.13144,87.76,0.804529,-1,Warning
4,2.83321,0,0.756382,1,Normal
21,0.214173,59.0689,0.258336,1,Normal
1,2.19567,43.4542,0.344418,1,Normal
9,-3.68305,34.5845,0.640528,-1,Warning
9,0.771026,45.1729,0.212408,1,Normal
6,-0.707201,29.4945,0.130262,-1,Normal
21,1.14315,46.2604,0.96245,1,Normal
12,0.911203,6.69506,0.142316,1,Normal
21,0.440284,0,0.232897,1,Normal
16,1.93635,90.8319,1,1,Warning
3,-3.16644,55.2383,0.909486,-1,Warning
23,0.370663,55.4779,0,1,Normal
17,-0.047167,63.6157,0.217431,-1,Normal
1,-0.715022,10.3911,0.639178,-1,Warning
4,-0.855484,43.6669,0,-1,Normal
7,3,27.1363,0.373128,1,Normal
21,-0.282766,52.3348,0.598506,-1,Normal
1,-2.59527,4.3521,0.897491,-1,Warning
19,1.64735,42.166,0.357187,1,Normal
21,-0.120057,4.16063,0.214068,-1,Normal
6,-0.0615769,60.2483,0,-1,Normal
8,-3.01803,36.3047,1,-1,Warning
14,0.294098,15.4326,0,1,Normal
9,-0.698341,38.9925,0.13296,-1,Normal
7,-0.270789,37.1703,0.53781,-1,Normal
5,-0.509257,50.8623,0.325278,-1,Warning
9,-2.52395,22.5165,0.822958,-1,Warning
13,0.89028,22.396,0.451362,1,Normal
21,0.520074,52.4196,0.249519,1,Normal
20,-0.371585,38.573,0.0614619,-1,Warning
20,-0.796438,15.4667,0,-1,Normal
22,-0.406577,50.3264,0.321527,-1,Warning
16,2.22318,43.4036,0.716681,1,Normal
7,1.20296,48.3444,1,1,Normal
20,-2.67701,47.7047,0.625265,-1,Warning
21,2.05709,46.4237,1,1,Warning
1,1.78167,0,0.52654,1,Normal
22,-1.41203,60.4988,0.574826,-1,Normal
8,2.68182,12.5602,0.739671,1,Normal
15,0.964662,61.9028,0.386355,1,Normal
1,0.848465,42.7819,0.340494,1,Normal
12,0.212971,18.7977,0.0353487,1,Normal
16,-0.289921,9.81868,0,-1,Normal
4,0.361532,31.5305,0.10272,1,Normal
22,-1.431,33.5939,1,-1,Warning
13,-0.787645,17.7054,0.26062,-1,Normal
15,1.76388,33.1199,0.730404,1,Normal
5,-0.935447,17.461,0.332795,-1,Normal
13,1.53631,77.5418,0.752009,1,Normal
0,-0.130301,40.5487,0.357482,-1,Normal
0,-0.437445,42.2495,0.19795,-1,Normal
11,-2.1903,22.8074,1,-1,Warning
10,-4.01157,28.7383,0.814579,-1,Warning
15,2.56373,31.5082,1,1,Warning
0,-0.155292,42.7674,0.327586,-1,Normal
21,2.55191,36.5837,0.830901,1,Normal
2,1.52801,11.0672,1,1,Warning
6,-0.732498,78.0356,0,-1,Normal
13,-0.946308,0.91502,0.486627,-1,Normal
14,-1.16482,43.4872,0.968921,-1,Warning
0,0.0791783,52.8838,0.279033,1,Normal
7,3,12.3396,0.426961,1,Normal
7,-1.47404,35.4957,0.582261,-1,Normal
1,4.13951E-05,50.5997,0,1,Normal
0,-0.0180505,61.6886,0,-1,Normal
19,-0.192275,44.3299,0.147447,-1,Normal
18,0.841678,70.3361,0.269272,1,Normal
19,-0.014345,36.1852,0,-1,Normal
6,-1.23303,47.1545,0.739837,-1,Warning
7,-1.39913,59.8397,0.756031,-1,Warning
21,1.01901,43.3105,1,1,Normal
8,-1.29962,21.3506,0.378751,-1,Normal
6,-0.755691,26.1004,0.212598,-1,Normal
9,-2.99217,17.9608,0.537019,-1,Normal
7,-2.95903,7.29316,0.898902,-1,Warning
10,2.82122,40.4387,0.767214,1,Normal
16,3.27743,12.3457,0.86979,1,Normal
2,-2.33677,15.6559,0.848231,-1,Warning
5,-2.45152,34.0024,0.407941,-1,Normal
2,3,17.8324,0.94954,1,Warning
10,0.033186,48.841,0.0209176,1,Normal
23,-0.0655512,52.2369,0.205422,-1,Normal
11,-0.198162,29.1065,0.110254,-1,Normal
3,1.99351,15.6756,0.767313,1,Normal
19,0.309213,17.1087,0,1,Normal
9,0.179562,17.4701,0.319388,1,Normal
9,0.386825,22.1876,0.457708,1,Normal
9,2.96343,27.2836,0.847401,1,Normal
15,0.966433,61.9393,0,1,Normal
2,-0.0220491,43.0329,0,-1,Normal
16,-0.688931,58.3067,0,-1,Normal
9,-0.337911,27.174,0.798294,-1,Warning
10,-0.607515,24.4164,0.0463337,-1,Normal
19,0.74896,17.2711,0,1,Normal
19,0.566417,67.4066,0.375119,1,Normal
9,0.349564,21.3146,0,1,Normal
3,0.0756645,46.6078,0.158546,1,Normal
1,0.0979804,36.7234,0.231161,1,Normal
13,4.10477,31.2056,0.441808,1,Normal
6,-0.0256304,33.5131,0,-1,Normal
4,-0.584458,73.1054,0.137276,-1,Normal
5,0.450334,31.8415,0,1,Normal
7,1.83948,17.0398,0.732776,1,Normal
2,-0.328335,53.0082,0.277345,-1,Normal
9,-1.76074,0,0.730058,-1,Warning
4,1.36491,44.7715,0.933102,1,Normal
18,0.999487,65.324,0,1,Normal
5,-3.37235,16.056,0.697998,-1,Warning
5,1.09544,20.1259,0.603278,1,Normal
0,-1.36504,49.1313,1,-1,Warning
7,1.28597,29.9092,0.775567,1,Normal
2,2.26621,48.4174,0.998573,1,Warning
16,-3.62429,12.1905,0.766742,-1,Warning
20,-1.22842,67.0624,0.785379,-1,Warning
4,3,49.731,0.574297,1,Normal
9,0.857625,24.984,0.0150637,1,Normal
20,0.129285,8.82776,0,1,Normal
16,0.0989092,0.178596,0.120922,1,Normal
18,-0.553769,48.5526,0.0166919,-1,Normal
15,1.36436,86.5636,0.800598,1,Normal
23,1.94227,54.7258,0.919224,1,Warning
1,1.41614,1.63798,0.481328,1,Normal
0,-0.691799,24.0358,0.583382,-1,Warning
2,2.10637,12.0451,0.591881,1,Normal
3,-3.41708,15.8763,0.840943,-1,Warning
16,-1.51202,33.4428,0.593035,-1,Normal
12,3.46271,38.9562,0.648927,1,Normal
16,4.13223,33.0924,1,1,Warning
20,-1.26859,39.8767,0.794413,-1,Warning
21,0.539788,36.4761,0.114944,1,Normal
22,-0.371526,60.7989,0.158786,-1,Normal
13,0.187079,52.7569,0.120164,1,Normal
15,2.48775,34.918,1,1,Warning
2,-0.377837,19.9768,0.771402,-1,Warning
12,-2.32869,65.339,0.448267,-1,Normal
9,2.46034,42.5165,0.833469,1,Warning
17,-0.353066,23.1421,0.584349,-1,Normal
3,-1.94678,65.0838,0.754632,-1,Warning
7,-0.349105,49.756,0.0371807,-1,Normal
11,0.657635,26.5922,0.527753,1,Normal
8,-1.14515,21.4197,0.344307,-1,Normal
6,1.3736,18.1965,0.766766,1,Normal
12,-0.918116,68.6508,0.698177,-1,Warning
14,-0.167866,23.6677,0.120337,-1,Normal
20,2.20661,38.3209,0.891689,1,Normal
2,-1.41063,51.7576,0.768532,-1,Warning
22,0.561038,0,0.222704,1,Normal
7,0.275085,23.5437,0.291649,1,Normal
11,0.708413,4.31812,0,1,Normal
10,2.99316,48.1583,0.537037,1,Normal
12,-0.356557,17.7855,0.271714,-1,Normal
5,0.39347,75.709,0.747947,1,Normal
12,2.11915,58.7627,0.42894,1,Normal
0,0.643351,88.3519,0,1,Normal
13,0.503418,47.6214,0.432405,1,Normal
13,2.58688,62.9606,0.645732,1,Normal
18,2.59298,15.1017,0.458651,1,Normal
2,-0.432473,26.3761,0.107309,-1,Normal
17,1.78092,46.2686,0.940011,1,Warning
5,-2.5972,57.9913,0.835819,-1,Warning
2,0.251885,16.7222,0.390988,1,Normal
5,0.744238,1.77362,0.188632,1,Normal
19,2.41147,46.137,1,1,Warning
13,1.85356,16.2143,0.937626,1,Warning
0,0.0754303,57.1162,0.362587,1,Normal
15,-0.23974,52.4483,0.163633,-1,Normal
11,0.622843,27.3057,0.384161,1,Normal
13,-0.352282,45.1076,0.199598,-1,Warning
13,3.59503,44.1094,0.75018,1,Normal
18,-1.5736,22.8792,0.989751,-1,Warning
5,-2.74098,31.8385,0.469574,-1,Normal
11,0.749759,20.5485,0.434002,1,Normal
7,0.135631,34.2337,0.240646,1,Normal
5,0.535886,55.0114,0.161498,1,Normal
2,3,25.9899,0.764497,1,Normal
8,2.65974,42.3806,0.65278,1,Normal
13,0.187088,33.9662,0.362958,1,Normal
20,0.153877,35.3791,0.155832,1,Normal
7,2.0259,47.2543,1,1,Warning
1,-0.163603,36.7459,0.0986729,-1,Normal
5,0.593134,41.2358,0.0750366,1,Normal
13,-0.614581,67.4419,0.135199,-1,Normal
11,-0.0464238,44.3976,0.107486,-1,Normal
9,2.10699,45.5634,0.345579,1,Normal
20,-2.83897,9.71259,0.909801,-1,Warning
21,-1.25431,63.1326,0.945018,-1,Warning
6,0.940814,72.8393,0.641297,1,Normal
23,1.51163,24.9296,1,1,Warning
4,-0.162024,36.3653,0.246689,-1,Normal
10,1.12882,0,1,1,Normal
20,-1.11822,72.7319,0.56555,-1,Normal
6,-0.898651,10.775,0.253967,-1,Normal
7,2.25154,0,0.609799,1,Normal
8,-2.66563,58.2028,0.739633,-1,Warning
8,-0.275907,17.4845,0.233098,-1,Normal
16,0.0481447,36.6685,0.0457316,1,Normal
14,-0.450793,26.4992,0.296991,-1,Normal
22,-1.91741,28.7636,0.480078,-1,Normal
19,-1.97923,75.5584,0.614414,-1,Warning
17,0.11843,37.2849,0.431072,1,Normal
8,-2.37653,18.2841,1,-1,Warning
21,0.412011,53.9028,0.0822132,1,Normal
13,0.152009,54.7235,0.437627,1,Normal
2,1.77618,44.3375,1,1,Warning
20,1.53767,30.3664,0.790812,1,Normal
8,-0.528973,26.966,0.938734,-1,Warning
0,1.64728,46.2619,0.577812,1,Normal
4,0.904893,56.4425,0.75322,1,Normal
23,1.82773,30.6013,0.750988,1,Normal
16,-0.193443,31.1482,0.503845,-1,Normal
12,1.30879,0,1,1,Normal
7,0.499612,15.12,0.289857,1,Normal
16,-0.218366,55.3336,0.187389,-1,Normal
7,-3.09358,80.8711,0.181405,-1,Normal
5,0.370522,15.0488,0,1,Normal
22,1.15611,9.69154,1,1,Normal
23,1.98314,34.8405,0.693175,1,Normal
1,1.93496,5.09608,0.813857,1,Normal
8,1.42322,32.3456,0.545948,1,Normal
20,0.288049,29.7815,0.274495,1,Normal
9,-0.175909,7.39314,0.14832,-1,Normal
15,0.464458,45.6245,0.29415,1,Normal
6,-0.246988,24.3553,0.113329,-1,Normal
15,-0.594391,27.0398,0.128133,-1,Normal
20,0.146516,4.05679,0.126918,1,Normal
21,2.81556,46.5535,0.571847,1,Normal
17,2.27073,32.1428,0.863596,1,Normal
9,1.5533,46.6142,0.581847,1,Normal
15,-1.01378,47.9112,0.836884,-1,Warning
14,-1.20974,28.3191,1,-1,Normal
7,-2.63506,28.0755,0.475601,-1,Normal
3,0.423994,59.2348,0.194049,1,Normal
22,0.199364,10.2509,0.38384,1,Normal
1,0.502831,33.2457,0.427753,1,Normal
6,-1.75423,57.9034,0.586721,-1,Normal
10,-2.57836,34.4908,0.863073,-1,Warning
18,-2.02447,33.9558,0.395194,-1,Warning
16,0.143513,21.0151,0.497047,1,Normal
22,0.376828,45.1753,0,1,Normal
14,-0.124722,24.3235,0.407278,-1,Normal
0,0.449864,35.2022,0.170916,1,Normal
17,-0.745206,5.27513,0.163381,-1,Normal
6,-2.06641,32.4259,1,-1,Warning
18,-0.144051,12.9569,0.0636628,-1,Normal
14,-0.672424,42.1098,0,-1,Normal
6,1.44733,49.8664,1,1,Normal
21,-0.36961,8.21114,0.302453,-1,Normal
14,2.81104,24.3584,0.111082,1,Normal
2,1.83231,35.0272,0.952957,1,Warning
3,0.729527,27.9869,0,1,Normal
21,-1.1756,25.6904,0.757749,-1,Warning
19,-2.74734,64.1237,0.981224,-1,Warning
15,-1.13187,28.7012,0.678731,-1,Warning
9,-0.977825,15.5084,0.37457,-1,Normal
3,-0.575479,19.3956,0.290704,-1,Normal
7,-2.95627,0,0.61895,-1,Warning
22,0.610148,23.1817,0.00340605,1,Normal
8,-0.321959,14.3773,0,-1,Normal
22,0.211502,8.19136,0.615081,1,Normal
5,-0.0156881,68.133,0.468559,-1,Normal
6,0.839374,25.998,0.198771,1,Normal
14,-0.745213,60.5091,0.136222,-1,Normal
1,0.198949,45.7658,0.389644,1,Normal
12,2.60134,14.3699,0.458523,1,Normal
13,0.407507,0,0.132506,1,Normal
3,-2.08381,90.6972,0.989803,-1,Warning
19,-3.84379,3.9596,1,-1,Warning
9,0.173567,69.8996,0.470988,1,Normal
23,-1.69036,37.6429,0.586063,-1,Normal
16,2.89765,57.3387,0.681138,1,Normal
12,-0.456104,36.4231,0.153267,-1,Normal
3,1.16438,19.5309,0.995309,1,Normal
8,-0.109543,28.5913,0.356313,-1,Normal
0,0.394506,48.6395,0.228152,1,Normal
17,1.0826,18.8207,0.792065,1,Normal
11,0.541701,29.0276,0.412654,1,Normal
10,2.07166,33.0846,0.704614,1,Normal
10,-0.0619142,51.1325,0.215119,-1,Normal
5,-0.155273,47.3457,0.319232,-1,Normal
8,0.203036,66.9727,0.766409,1,Normal
19,0.975601,31.5174,0.539511,1,Normal
11,1.35298,42.5007,1,1,Normal
4,-2.30493,42.0696,0.508943,-1,Normal
3,3,29.5925,0.959936,1,Warning
2,0.566704,0,0.621024,1,Normal
5,-2.51656,0,1,-1,Warning
18,0.131703,51.5247,0.497687,1,Normal
18,-0.461126,38.7129,0,-1,Normal
22,2.86264,49.3613,0.597339,1,Normal
21,-0.66125,39.0518,0.662589,-1,Warning
23,2.11383,43.7734,1,1,Warning
0,0.621413,4.11594,0.634747,1,Normal
18,1.2959,15.5312,0.350836,1,Normal
4,-0.327655,35.599,0,-1,Normal
10,-0.216066,58.7487,0.413502,-1,Normal
17,-0.44906,38.4365,0.152563,-1,Normal
19,-0.996387,1.84263,0.243386,-1,Normal
20,-2.73804,19.9327,1,-1,Warning
16,0.659806,0,0.585353,1,Normal
14,-2.17667,44.6804,0.335921,-1,Normal
5,0.440246,65.7144,0.385538,1,Normal
8,-2.28056,12.2394,0.790699,-1,Warning
14,2.93105,42.0444,0.718799,1,Normal
4,0.165241,20.9902,0,1,Normal
1,-2.11795,5.97207,1,-1,Warning
5,3,22.1029,0.48965,1,Normal
4,-0.0501785,43.2228,0,-1,Normal
7,-0.693159,76.1398,0.177276,-1,Normal
18,-1.93048,20.6372,0.85565,-1,Warning
2,-0.160087,0,0.64735,-1,Normal
2,-0.117094,31.104,0.587585,-1,Normal
18,-2.65925,30.1639,0.928712,-1,Warning
22,-0.972805,0,0.663432,-1,Warning
15,-2.10217,20.7638,1,-1,Warning
17,0.519554,25.2327,0.972879,1,Normal
21,-0.752276,2.31454,0.829332,-1,Warning
12,-0.172263,38.5761,0.146088,-1,Normal
6,-0.00810696,46.7367,0.0668548,-1,Normal
17,-0.453792,49.6592,0.01447,-1,Normal
4,0.00676358,40.8968,0.171124,1,Normal
18,3.90051,49.2221,1,1,Warning
20,0.573366,45.7433,0.253528,1,Normal
10,-2.28179,42.1393,0.539105,-1,Normal
8,1.82789,17.6285,0.885258,1,Normal
2,-0.113364,0,0,-1,Normal
12,-1.40857,41.212,0.0710069,-1,Normal
23,0.495836,41.674,0.41414,1,Normal
21,-0.760684,20.8314,0,-1,Normal
18,0.677256,58.0092,0,1,Normal
18,0.403367,35.7398,0.326312,1,Normal
3,2.38355,56.5089,0.836663,1,Normal
18,0.571491,12.5454,0.318323,1,Normal
8,-2.11473,56.9565,1,-1,Warning
18,-2.25243,61.6748,0.850885,-1,Warning
16,0.388174,59.7178,0.0138145,1,Normal
16,2.11134,38.3322,0.93243,1,Warning
17,3.51987,43.1663,1,1,Normal
23,-0.261344,29.1688,0.561639,-1,Normal
14,1.17529,53.1136,0.944236,1,Normal
10,0.740219,20.9019,0.145776,1,Normal
20,-0.352984,40.2396,0.177796,-1,Normal
22,4.42185,16.8173,0.564852,1,Normal
3,3,65.1453,0.732122,1,Normal
5,0.291471,54.3745,0.348233,1,Normal
8,0.334633,15.8497,0.561916,1,Normal
11,1.86077,52.6676,1,1,Warning
23,0.109847,34.463,0.436795,1,Normal
13,3.08256,9.02835,0.638738,1,Normal
18,-2.99909,12.9347,0.783199,-1,Normal
19,-0.811132,0,0.472359,-1,Normal
22,0.687669,29.9216,0.363749,1,Normal
18,-0.690266,31.2789,0,-1,Normal
10,0.425752,14.0171,0.357736,1,Normal
13,-1.56663,21.7745,0.401406,-1,Normal
10,-0.91888,40.4815,0.213437,-1,Normal
12,1.04802,47.2776,1,1,Normal
9,2.57303,26.8553,0.446046,1,Normal
19,0.789548,0,0.359467,1,Normal
22,-0.616069,35.3165,0.0800297,-1,Normal
6,-0.418047,60.2462,0.467675,-1,Normal
11,1.65696,47.964,0.776907,1,Normal
9,-1.26183,26.0488,0.614293,-1,Warning
13,0.937653,24.6733,0.178298,1,Normal
